Seed,Dataset,Algorithm,CV index,Status,Accuracy,AUC_ROC,Precision,Recall,F1_macro,MCC,bp_source,wall_s
42,balance-scale,CBM_KE,0,OK,0.9365079365079365,0.9922244759972955,0.8666666666666666,0.8988505747126437,0.8802369946437744,0.8909706766691877,v26 main_pc0,4.6
42,balance-scale,CBM_KE,1,OK,0.9682539682539683,0.9985125084516566,0.9218390804597701,0.9218390804597701,0.9218390804597701,0.9442970822281167,v26 main_pc0,10.8
42,balance-scale,CBM_KE,2,OK,0.9682539682539683,0.987762001352265,0.9047619047619048,0.9770114942528735,0.9325396825396827,0.9472669881727528,v26 main_pc0,16.7
42,balance-scale,CBM_KE,3,OK,0.9682539682539683,1.0,0.978494623655914,0.8666666666666667,0.9055555555555556,0.9450580240667376,v26 main_pc0,8.3
42,balance-scale,CBM_KE,4,OK,0.9523809523809523,0.9983096686950642,0.96875,0.8551724137931035,0.8944252708273416,0.9178201620692914,v26 main_pc0,5.3
42,balance-scale,CBM_KE,5,OK,0.9354838709677419,0.9914663880181123,0.8333333333333334,0.9540229885057471,0.8650793650793651,0.8950545762503648,v26 main_pc0,8.4
42,balance-scale,CBM_KE,6,OK,0.967741935483871,0.9976608187134502,0.9777777777777779,0.8666666666666667,0.9051724137931035,0.9442866675107502,v26 main_pc0,12.7
42,balance-scale,CBM_KE,7,OK,0.9193548387096774,0.9774350090913558,0.6129032258064516,0.6666666666666666,0.6386064030131827,0.860481517060815,v26 main_pc0,4.1
42,balance-scale,CBM_KE,8,OK,0.9838709677419355,0.9942712172588334,0.9444444444444445,0.9880952380952381,0.9636363636363637,0.972520851765122,v26 main_pc0,5.6
42,balance-scale,CBM_KE,9,OK,0.967741935483871,0.9984820986635868,0.9777777777777779,0.9218390804597701,0.9456207568730255,0.9442766490335694,v26 main_pc0,7.2
42,balance-scale,CBM,0,OK,0.9365079365079365,0.9929006085192698,0.8654898741105638,0.8988505747126437,0.8800527965682231,0.8901982702156578,v26 main_pc0,11.5
42,balance-scale,CBM,1,OK,0.9841269841269841,0.9988505747126437,0.9888888888888889,0.9333333333333332,0.9573132454488387,0.9723450321743318,v25(p_c=0),11.7
42,balance-scale,CBM,2,OK,0.9841269841269841,0.9972954699121028,0.9888888888888889,0.9885057471264368,0.9885023292695014,0.972578600211013,v26 main_pc0,9.3
42,balance-scale,CBM,3,OK,0.9841269841269841,1.0,0.9444444444444445,0.9885057471264368,0.9638490164805954,0.9729158085985287,v25(p_c=0),12.5
42,balance-scale,CBM,4,OK,0.9523809523809523,0.9966869506423258,0.8936507936507937,0.9655172413793104,0.920612908748502,0.9211186265492375,v25(p_c=0),10.9
42,balance-scale,CBM,5,OK,0.9516129032258065,0.9985632183908045,0.8571428571428571,0.9655172413793104,0.8913381939697729,0.919584695374887,v25(p_c=0),12.1
42,balance-scale,CBM,6,OK,0.9516129032258065,0.9287759705983257,0.9659003831417624,0.8547619047619047,0.8934730895034195,0.9148943453500895,v26 main_pc0,10.7
42,balance-scale,CBM,7,OK,1.0,1.0,1.0,1.0,1.0,1.0,v25(p_c=0),11.6
42,balance-scale,CBM,8,OK,0.967741935483871,0.9988304093567252,0.978494623655914,0.9214285714285714,0.9457912457912458,0.9442155540638497,v26 main_pc0,7.7
42,balance-scale,CBM,9,OK,0.9838709677419355,1.0,0.9444444444444445,0.9880952380952381,0.9636363636363637,0.972520851765122,v25(p_c=0),15.5
42,bank,CBM_KE,0,OK,0.898,0.9295454545454545,0.7600143514414757,0.7333333333333334,0.7455876924304856,0.4926256807611407,v25(p_c=0),228.7
42,bank,CBM_KE,1,OK,0.902,0.9167803030303031,0.7789041380744437,0.7032196969696969,0.7325210707891174,0.4761462566190476,v26 main_pc0,80.0
42,bank,CBM_KE,2,OK,0.894,0.891751893939394,0.7493356585284836,0.7274621212121212,0.7376341531028474,0.47629578113903137,v25(p_c=0),51.0
42,bank,CBM_KE,3,OK,0.896,0.9083617424242425,0.7552513210183851,0.7214015151515152,0.7365194215587916,0.47544938413209137,v25(p_c=0),416.2
42,bank,CBM_KE,4,OK,0.895,0.8978647787211238,0.7536196911196911,0.7371590556511438,0.7449667363757587,0.49050262564223124,v25(p_c=0),35.0
42,bank,CBM_KE,5,OK,0.904,0.9234009345706522,0.7789070363996493,0.7422785095760585,0.7586872586872586,0.5198968401103531,v25(p_c=0),388.1
42,bank,CBM_KE,6,OK,0.902,0.9207025263494392,0.8322280395578825,0.6342387574159215,0.6781017198565253,0.42236419928293056,v25(p_c=0),42.1
42,bank,CBM_KE,7,OK,0.904,0.9214640980076909,0.782087816225647,0.7280248968117413,0.7508719481813653,0.5072397665274386,v25(p_c=0),384.0
42,bank,CBM_KE,8,OK,0.909,0.8908225914121043,0.7998168498168499,0.7308690378811384,0.758926986666808,0.5261879042994808,v25(p_c=0),51.8
42,bank,CBM_KE,9,OK,0.894,0.8925055707556482,0.7856893542757417,0.6154345189405692,0.6518243092325682,0.36319919150384733,v26 main_pc0,298.5
42,bank,CBM,0,OK,0.891,0.8911837121212121,0.7436894638563118,0.671780303030303,0.698561113277415,0.4091994621038954,v26 main_pc0,203.5
42,bank,CBM,1,OK,0.891,0.8583901515151514,0.7429950308296693,0.7653409090909091,0.7533886436601651,0.5078445525351943,v26 main_pc0,356.6
42,bank,CBM,2,OK,0.888,0.878626893939394,0.7355526497402928,0.7456439393939394,0.7404306996319678,0.4810907640638565,v25(p_c=0),301.6
42,bank,CBM,3,OK,0.896,0.8675852272727272,0.7576312576312576,0.6998106060606061,0.7233306730513434,0.45377288472299765,v26 main_pc0,232.2
42,bank,CBM,4,OK,0.904,0.8515217329986179,0.7782388933226922,0.7458419127671376,0.7605531222875158,0.523078509368,v26 main_pc0,315.0
42,bank,CBM,5,OK,0.896,0.8530636805535968,0.7562297955998744,0.7377278838650232,0.7464503042596349,0.49361104967828895,v26 main_pc0,283.8
42,bank,CBM,6,OK,0.894,0.8837992083415602,0.7516360734237829,0.7223366146729473,0.7356107391924654,0.47306622240289825,v26 main_pc0,234.5
42,bank,CBM,7,OK,0.898,0.8947056666572645,0.7640853512347159,0.7174851211463064,0.737435517252031,0.4793104822815669,v26 main_pc0,297.7
42,bank,CBM,8,OK,0.901,0.8784870109722732,0.769535791396778,0.7441354281254995,0.7558924842008191,0.513042827950251,v25(p_c=0),349.9
42,bank,CBM,9,OK,0.896,0.8729679669797572,0.7579681386562629,0.7163474647185476,0.7344228804902961,0.4724859903804354,v26 main_pc0,243.6
42,blood,CBM_KE,0,OK,0.8133333333333334,0.8001949317738791,0.753968253968254,0.6871345029239766,0.7083333333333333,0.4360101969670868,v25(p_c=0),11.9
42,blood,CBM_KE,1,OK,0.72,0.6413255360623782,0.5724431818181819,0.5497076023391813,0.5511541749786264,0.12001628012904232,v26 main_pc0,13.9
42,blood,CBM_KE,2,OK,0.7333333333333333,0.5921052631578947,0.6159250585480094,0.5964912280701754,0.6027542372881356,0.2115254241305703,v26 main_pc0,13.9
42,blood,CBM_KE,3,OK,0.7866666666666666,0.8089668615984406,0.7693661971830985,0.5745614035087719,0.5738636363636364,0.28343832993998846,v25(p_c=0),9.8
42,blood,CBM_KE,4,OK,0.8,0.7782651072124757,0.7322443181818181,0.6593567251461988,0.6793958392704474,0.38475807453134153,v25(p_c=0),9.1
42,blood,CBM_KE,5,OK,0.76,0.7236842105263158,0.65,0.5950292397660819,0.6048009367681498,0.23878346647045964,v26 main_pc0,14.7
42,blood,CBM_KE,6,OK,0.8266666666666667,0.7680311890838206,0.7855113636363636,0.695906432748538,0.7221430607010544,0.473005339332108,v25(p_c=0),9.3
42,blood,CBM_KE,7,OK,0.84,0.7378167641325537,0.823076923076923,0.7046783625730995,0.7365339578454333,0.5143028508594515,v26 main_pc0,20.7
42,blood,CBM_KE,8,OK,0.7702702702702703,0.7719298245614036,0.65625,0.6031991744066048,0.6149372513008877,0.25396748611609316,v26 main_pc0,5.8
42,blood,CBM_KE,9,OK,0.7702702702702703,0.4840041279669763,0.38513513513513514,0.5,0.4351145038167939,0.0,v25(p_c=0),10.2
42,blood,CBM,0,OK,0.8133333333333334,0.7914230019493177,0.753968253968254,0.6871345029239766,0.7083333333333333,0.4360101969670868,v25(p_c=0),9.6
42,blood,CBM,1,OK,0.8,0.6851851851851852,0.7615546218487395,0.6213450292397661,0.64,0.35630522441317786,v25(p_c=0),12.6
42,blood,CBM,2,OK,0.7466666666666667,0.5823586744639375,0.6039915966386554,0.5482456140350878,0.544,0.14166352295945625,v25(p_c=0),15.3
42,blood,CBM,3,OK,0.8,0.7115009746588694,0.7615546218487395,0.6213450292397661,0.64,0.35630522441317786,v26 main_pc0,7.8
42,blood,CBM,4,OK,0.7866666666666666,0.682748538011696,0.7037470725995316,0.6695906432748537,0.6822033898305084,0.3717719575628205,v25(p_c=0),11.7
42,blood,CBM,5,OK,0.7333333333333333,0.6798245614035088,0.6431818181818182,0.6535087719298245,0.6475563909774436,0.29651080973057514,v25(p_c=0),6.5
42,blood,CBM,6,OK,0.38666666666666666,0.23099415204678364,0.36119081779053086,0.3114035087719298,0.3229984301412873,-0.323598051384391,v25(p_c=0),4.4
42,blood,CBM,7,OK,0.8266666666666667,0.7426900584795322,0.7735732009925558,0.7149122807017544,0.7357007319056655,0.4849504740246766,v25(p_c=0),13.5
42,blood,CBM,8,OK,0.7702702702702703,0.7678018575851393,0.6515151515151515,0.5825593395252838,0.5908943089430895,0.2236871997872405,v25(p_c=0),10.0
42,blood,CBM,9,OK,0.8378378378378378,0.8720330237358102,0.7922077922077921,0.7089783281733746,0.7357142857142858,0.4942270567049815,v26 main_pc0,7.8
42,car,CBM_KE,0,OK,1.0,1.0,1.0,1.0,1.0,1.0,v25(p_c=0),42.9
42,car,CBM_KE,1,OK,1.0,1.0,1.0,1.0,1.0,1.0,v25(p_c=0),53.2
42,car,CBM_KE,2,OK,1.0,1.0,1.0,1.0,1.0,1.0,v25(p_c=0),31.1
42,car,CBM_KE,3,OK,0.9884393063583815,1.0,0.9959349593495935,0.9871794871794872,0.9913718723037102,0.974768236011377,v26 main_pc0,15.0
42,car,CBM_KE,4,OK,1.0,1.0,1.0,1.0,1.0,1.0,v25(p_c=0),47.4
42,car,CBM_KE,5,OK,1.0,1.0,1.0,1.0,1.0,1.0,v25(p_c=0),46.5
42,car,CBM_KE,6,OK,0.9884393063583815,0.9969879518072289,0.9444444444444444,0.9285714285714286,0.9270833333333334,0.9751128342067142,v25(p_c=0),51.3
42,car,CBM_KE,7,OK,0.9826589595375722,0.9979094653822274,0.9599271275407639,0.9847759895606785,0.971267217630854,0.9624006560206831,v26 main_pc0,12.9
42,car,CBM_KE,8,OK,0.9883720930232558,0.9984848484848485,0.9330357142857143,0.9868421052631579,0.9573458073458074,0.9747016633252206,v25(p_c=0),41.9
42,car,CBM_KE,9,OK,0.9941860465116279,1.0,0.9979508196721312,0.993421052631579,0.9956378600823046,0.9871913937551154,v25(p_c=0),21.4
42,car,CBM,0,OK,0.9942196531791907,1.0,0.99375,0.9979338842975207,0.9957980986396344,0.9875198273466141,v26 main_pc0,40.8
42,car,CBM,1,OK,1.0,1.0,1.0,1.0,1.0,1.0,v26 main_pc0,37.9
42,car,CBM,2,OK,1.0,1.0,1.0,1.0,1.0,1.0,v26 main_pc0,49.9
42,car,CBM,3,OK,0.9942196531791907,0.9990671641791045,0.99375,0.9979338842975207,0.9957980986396344,0.9875198273466141,v26 main_pc0,45.1
42,car,CBM,4,OK,1.0,1.0,1.0,1.0,1.0,1.0,v26 main_pc0,39.6
42,car,CBM,5,OK,1.0,1.0,1.0,1.0,1.0,1.0,v26 main_pc0,58.3
42,car,CBM,6,OK,1.0,1.0,1.0,1.0,1.0,1.0,v26 main_pc0,50.6
42,car,CBM,7,OK,0.9884393063583815,1.0,0.9667008196721312,0.9868421052631579,0.9755477699922145,0.9749549125437694,v26 main_pc0,43.8
42,car,CBM,8,OK,0.9709302325581395,0.9968841762141136,0.9182692307692308,0.9806437581557198,0.9449138727381405,0.9380613287099324,v26 main_pc0,45.2
42,car,CBM,9,OK,0.9883720930232558,0.9980392156862745,0.9444444444444444,0.9958677685950413,0.9666666666666667,0.9752012075018419,v26 main_pc0,56.7
42,credit-g,CBM_KE,0,OK,0.76,0.7447619047619047,0.7408637873754154,0.638095238095238,0.6503496503496503,0.3647582326206156,v26 main_pc0,13.3
42,credit-g,CBM_KE,1,OK,0.73,0.7704761904761905,0.6750380517503805,0.6642857142857144,0.6687523003312477,0.3391533656562534,v26 main_pc0,16.2
42,credit-g,CBM_KE,2,OK,0.79,0.770952380952381,0.7501214181641573,0.7452380952380953,0.7475658131987017,0.49533544257938605,v25(p_c=0),10.4
42,credit-g,CBM_KE,3,OK,0.72,0.7066666666666666,0.6636904761904762,0.6571428571428571,0.6600291403593979,0.3207665139358924,v26 main_pc0,34.1
42,credit-g,CBM_KE,4,OK,0.81,0.8652380952380953,0.7765093860984271,0.7595238095238095,0.7668997668997668,0.5357640124135018,v25(p_c=0),24.5
42,credit-g,CBM_KE,5,OK,0.68,0.7476190476190476,0.6400679117147707,0.6571428571428571,0.64349376114082,0.2967198802971756,v25(p_c=0),32.2
42,credit-g,CBM_KE,6,OK,0.8,0.8614285714285714,0.7650727650727651,0.7428571428571429,0.751984126984127,0.507443846646363,v26 main_pc0,15.6
42,credit-g,CBM_KE,7,OK,0.77,0.7233333333333333,0.7371669915529564,0.6738095238095239,0.6891471820516286,0.40606345250542664,v26 main_pc0,9.5
42,credit-g,CBM_KE,8,OK,0.81,0.8071428571428572,0.7851496329757199,0.7404761904761905,0.756128866640996,0.5237239633764529,v26 main_pc0,19.2
42,credit-g,CBM_KE,9,OK,0.71,0.686190476190476,0.6466666666666667,0.6309523809523809,0.6363636363636364,0.27717394687343333,v26 main_pc0,20.1
42,credit-g,CBM,0,OK,0.71,0.7509523809523809,0.6566152407667134,0.6595238095238095,0.6579785352046232,0.3161256701794067,v26 main_pc0,8.1
42,credit-g,CBM,1,OK,0.7,0.690952380952381,0.6282051282051282,0.6047619047619047,0.6101871101871101,0.23178449845503846,v25(p_c=0),16.2
42,credit-g,CBM,2,OK,0.74,0.7380952380952381,0.6930147058823529,0.7,0.6961196820944366,0.3929526239966879,v26 main_pc0,28.0
42,credit-g,CBM,3,OK,0.72,0.6780952380952381,0.6573426573426573,0.6285714285714286,0.6361746361746362,0.2844627935584563,v26 main_pc0,10.8
42,credit-g,CBM,4,OK,0.72,0.8342857142857144,0.6875,0.7142857142857142,0.6923076923076923,0.40089186286863654,v26 main_pc0,3.2
42,credit-g,CBM,5,OK,0.66,0.6838095238095239,0.6313628899835796,0.6523809523809523,0.6310763888888888,0.28296432484122186,v26 main_pc0,9.5
42,credit-g,CBM,6,OK,0.78,0.8328571428571429,0.7412280701754386,0.7095238095238094,0.7209538305428715,0.44963551562230825,v26 main_pc0,18.8
42,credit-g,CBM,7,OK,0.77,0.7071428571428572,0.7445074415308293,0.6642857142857144,0.6801557502433597,0.4008445069104218,v26 main_pc0,18.6
42,credit-g,CBM,8,OK,0.81,0.8376190476190476,0.7851496329757199,0.7404761904761905,0.756128866640996,0.5237239633764529,v26 main_pc0,6.3
42,credit-g,CBM,9,OK,0.7,0.7123809523809522,0.6063829787234043,0.5285714285714286,0.49186991869918695,0.11026356928399425,v25(p_c=0),3.5
42,diabetes,CBM_KE,0,OK,0.7532467532467533,0.7918518518518518,0.7295918367346939,0.7333333333333334,0.7313131313131314,0.4629100498862757,v26 main_pc0,10.6
42,diabetes,CBM_KE,1,OK,0.7662337662337663,0.8044444444444444,0.7438461538461538,0.7348148148148148,0.7386877828054299,0.4785757597651158,v26 main_pc0,4.7
42,diabetes,CBM_KE,2,OK,0.7402597402597403,0.8318518518518518,0.7194950911640954,0.7318518518518519,0.7234195402298851,0.4511777625672017,v26 main_pc0,11.0
42,diabetes,CBM_KE,3,OK,0.6493506493506493,0.6088888888888888,0.6173469387755102,0.6192592592592592,0.6181818181818182,0.23659846994187425,v26 main_pc0,11.4
42,diabetes,CBM_KE,4,OK,0.7272727272727273,0.8333333333333334,0.7,0.6792592592592592,0.6857142857142857,0.378691704962503,v26 main_pc0,10.5
42,diabetes,CBM_KE,5,OK,0.7532467532467533,0.7548148148148148,0.7288838612368025,0.7248148148148148,0.7266953110405381,0.4536804288397352,v26 main_pc0,24.1
42,diabetes,CBM_KE,6,OK,0.7142857142857143,0.74,0.7023809523809523,0.7203703703703703,0.703015427769986,0.4223683957499603,v26 main_pc0,10.0
42,diabetes,CBM_KE,7,OK,0.7792207792207793,0.8711111111111112,0.7614583333333333,0.778888888888889,0.7664585191793042,0.5400660110544787,v26 main_pc0,5.0
42,diabetes,CBM_KE,8,OK,0.75,0.8369230769230769,0.7252384446074835,0.7361538461538462,0.7293345829428304,0.4612631569755697,v26 main_pc0,10.8
42,diabetes,CBM_KE,9,OK,0.75,0.8169230769230769,0.7229780801209373,0.726923076923077,0.7247951210215361,0.4498838606904829,v26 main_pc0,8.8
42,diabetes,CBM,0,OK,0.7402597402597403,0.7592592592592593,0.7165948275862069,0.7233333333333334,0.7193877551020409,0.4398765500800706,v26 main_pc0,14.0
42,diabetes,CBM,1,OK,0.8181818181818182,0.8466666666666667,0.8003703703703704,0.8003703703703704,0.8003703703703704,0.6007407407407407,v26 main_pc0,5.9
42,diabetes,CBM,2,OK,0.7792207792207793,0.8555555555555555,0.7773279352226721,0.8044444444444444,0.7737251512532412,0.581140083517877,v26 main_pc0,3.3
42,diabetes,CBM,3,OK,0.8441558441558441,0.8644444444444445,0.8274894810659186,0.845925925925926,0.834051724137931,0.6731629876002658,v25(p_c=0),6.5
42,diabetes,CBM,4,OK,0.7272727272727273,0.8466666666666667,0.7,0.6792592592592592,0.6857142857142857,0.378691704962503,v26 main_pc0,4.5
42,diabetes,CBM,5,OK,0.7142857142857143,0.7696296296296297,0.6889367816091954,0.6948148148148148,0.6913265306122449,0.3837065760234115,v26 main_pc0,6.6
42,diabetes,CBM,6,OK,0.6623376623376623,0.7037037037037037,0.6439393939393939,0.6548148148148148,0.6450354609929079,0.29855619650098675,v26 main_pc0,12.5
42,diabetes,CBM,7,OK,0.7662337662337663,0.86,0.7547619047619047,0.7774074074074073,0.7570126227208976,0.53168727464995,v26 main_pc0,13.3
42,diabetes,CBM,8,OK,0.75,0.8246153846153845,0.728673835125448,0.7453846153846153,0.7333333333333334,0.47376382757987345,v26 main_pc0,16.8
42,diabetes,CBM,9,OK,0.6842105263157895,0.7215384615384616,0.6430976430976431,0.6307692307692307,0.6346153846153846,0.273589244764985,v26 main_pc0,19.0
42,kr-vs-kp,CBM_KE,0,OK,1.0,1.0,1.0,1.0,1.0,1.0,v26 main_pc0,42.7
42,kr-vs-kp,CBM_KE,1,OK,0.990625,0.9971821063754843,0.9907581453634086,0.9904700403115339,0.9906043552728163,0.9812281433787039,v26 main_pc0,27.2
42,kr-vs-kp,CBM_KE,2,OK,0.990625,0.9996477632969356,0.9904944453137224,0.9907440021916951,0.9906095020101535,0.9812384157707068,v26 main_pc0,16.0
42,kr-vs-kp,CBM_KE,3,OK,0.996875,1.0,0.9967532467532467,0.9970059880239521,0.9968698340033845,0.9937592026375474,v25(p_c=0),73.8
42,kr-vs-kp,CBM_KE,4,OK,0.996875,0.9999608625885484,0.9967532467532467,0.9970059880239521,0.9968698340033845,0.9937592026375474,v25(p_c=0),95.8
42,kr-vs-kp,CBM_KE,5,OK,0.9875,0.9990215647137098,0.9872922776148583,0.9877499902156471,0.9874823971209513,0.9750421603988364,v26 main_pc0,32.8
42,kr-vs-kp,CBM_KE,6,OK,0.9968652037617555,0.9967105263157895,0.9970238095238095,0.9967105263157895,0.9968572976700655,0.9937342864569987,v26 main_pc0,59.8
42,kr-vs-kp,CBM_KE,7,OK,0.9937304075235109,0.9933816577371573,0.9940828402366864,0.993421052631579,0.9937125512456638,0.9875036711157809,v26 main_pc0,54.5
42,kr-vs-kp,CBM_KE,8,OK,1.0,1.0,1.0,1.0,1.0,1.0,v26 main_pc0,34.5
42,kr-vs-kp,CBM_KE,9,OK,0.9968652037617555,0.9998425072840381,0.9967532467532467,0.9969879518072289,0.9968607614867591,0.9937411708437707,v26 main_pc0,30.3
42,kr-vs-kp,CBM,0,OK,0.99375,0.9998434503541936,0.9940828402366864,0.9934640522875817,0.993734335839599,0.9875466986607835,v26 main_pc0,86.1
42,kr-vs-kp,CBM,1,OK,0.99375,0.9988650150679035,0.993738014167743,0.993738014167743,0.993738014167743,0.9874760283354859,v26 main_pc0,24.8
42,kr-vs-kp,CBM,2,OK,0.99375,0.9915463191264531,0.9935483870967742,0.9940119760479043,0.9937411985604757,0.9875602543337462,v26 main_pc0,45.4
42,kr-vs-kp,CBM,3,OK,0.996875,0.9999217251770969,0.9967532467532467,0.9970059880239521,0.9968698340033845,0.9937592026375474,v26 main_pc0,64.3
42,kr-vs-kp,CBM,4,OK,1.0,1.0,1.0,1.0,1.0,1.0,v26 main_pc0,32.1
42,kr-vs-kp,CBM,5,OK,0.99375,0.9984345035419357,0.993738014167743,0.993738014167743,0.993738014167743,0.9874760283354859,v26 main_pc0,24.7
42,kr-vs-kp,CBM,6,OK,0.9968652037617555,0.9967105263157895,0.9970238095238095,0.9967105263157895,0.9968572976700655,0.9937342864569987,v26 main_pc0,27.0
42,kr-vs-kp,CBM,7,OK,0.6394984326018809,0.9861329971635676,0.7595785440613028,0.6548022376300031,0.6052192628463815,0.400915649290112,v26 main_pc0,86.0
42,kr-vs-kp,CBM,8,OK,0.9968652037617555,0.9999212102111567,0.9970238095238095,0.9967105263157895,0.9968572976700655,0.9937342864569987,v26 main_pc0,61.0
42,kr-vs-kp,CBM,9,OK,0.987460815047022,0.9998031341050476,0.9877601702932828,0.9871840302386015,0.9874330286794831,0.9749440302978384,v26 main_pc0,18.2
42,magic,CBM_KE,0,OK,0.892,0.9297011839384721,0.8878589296248702,0.8723172621477706,0.8791573237375296,0.7600173018491001,v26 main_pc0,113.2
42,magic,CBM_KE,1,OK,0.872,0.9335686284838828,0.8615042016431704,0.8556007708550082,0.8583914149795331,0.717080672648861,v26 main_pc0,592.9
42,magic,CBM_KE,2,OK,0.876,0.9303552693383201,0.876306446323414,0.8475629831562035,0.8589139101782236,0.7232985305254686,v26 main_pc0,113.8
42,magic,CBM_KE,3,OK,0.896,0.9481692193556601,0.8992760108148548,0.8701662430475989,0.8818563100090426,0.7688914120013757,v26 main_pc0,136.6
42,magic,CBM_KE,4,OK,0.886,0.9415976365128906,0.8809993094649039,0.8657325098003064,0.8724438417229481,0.7465757394471988,v26 main_pc0,50.1
42,magic,CBM_KE,5,OK,0.876,0.9332525603712045,0.8777772988299304,0.8462548123565072,0.8584629994886406,0.7233455819147739,v26 main_pc0,163.8
42,magic,CBM_KE,6,OK,0.886,0.935996207182648,0.8859981856724528,0.8604998266015215,0.870899940659271,0.7460624075864462,v25(p_c=0),504.4
42,magic,CBM_KE,7,OK,0.883,0.9382350229807855,0.8890480815930063,0.8516477245290804,0.865689991838084,0.7397509651891904,v26 main_pc0,129.4
42,magic,CBM_KE,8,OK,0.886,0.9389670329670331,0.8820155296113908,0.8641758241758242,0.871877865889842,0.7459780703055345,v25(p_c=0),54.2
42,magic,CBM_KE,9,OK,0.871,0.9257802197802197,0.870588600136451,0.8414285714285714,0.8528739197923355,0.71141980948608,v26 main_pc0,69.9
42,magic,CBM,0,OK,0.879,0.912874946773252,0.8717334494773519,0.859685512227885,0.8650997425746327,0.7313197281285387,v26 main_pc0,360.1
42,magic,CBM,1,OK,0.876,0.9255835188038579,0.8706309640534158,0.8534497517548365,0.8608461452137808,0.7238768465349215,v26 main_pc0,317.7
42,magic,CBM,2,OK,0.876,0.920464971312429,0.8845024970426502,0.8410221291577225,0.8565770967503146,0.7242205747089636,v26 main_pc0,148.7
42,magic,CBM,3,OK,0.877,0.9288583356379967,0.8793573402948403,0.8470252283811606,0.8594913587185612,0.7256626424279717,v26 main_pc0,63.4
42,magic,CBM,4,OK,0.881,0.937501920552768,0.8679012452588372,0.8729998814744577,0.8703182433897722,0.7408835829625372,v26 main_pc0,85.6
42,magic,CBM,5,OK,0.856,0.8969574054319818,0.8614427450804161,0.8177647838664788,0.8328721843605504,0.6778016694301813,v26 main_pc0,79.0
42,magic,CBM,6,OK,0.865,0.9153552034907967,0.8802261114214196,0.8227362718888143,0.8412196214911006,0.7006076153594959,v26 main_pc0,67.8
42,magic,CBM,7,OK,0.858,0.92975825179215,0.8423459133780998,0.8507017151084948,0.8461064943059402,0.692997255354114,v26 main_pc0,86.5
42,magic,CBM,8,OK,0.878,0.9250593406593406,0.8751753155680224,0.8527472527472528,0.8620533695160562,0.7275769701281192,v26 main_pc0,185.1
42,magic,CBM,9,OK,0.852,0.8941934065934065,0.847017969980455,0.8215384615384616,0.8316069250514282,0.6680707273746262,v26 main_pc0,62.5
42,mfeat-factors,CBM_KE,0,OK,0.975,0.993611111111111,0.9754511278195489,0.975,0.9748624140087555,0.9723032508694623,v25(p_c=0),25.6
42,mfeat-factors,CBM_KE,1,OK,0.99,0.9998333333333334,0.9904761904761905,0.9899999999999999,0.9899937460913071,0.9889438317391072,v26 main_pc0,55.7
42,mfeat-factors,CBM_KE,2,OK,0.995,0.9999722222222222,0.9952380952380953,0.9949999999999999,0.9949968730456537,0.9944720690522652,v25(p_c=0),48.8
42,mfeat-factors,CBM_KE,3,OK,0.955,0.9941944444444444,0.9592320722755504,0.9549999999999998,0.9557704199851257,0.9503168250880143,v26 main_pc0,13.6
42,mfeat-factors,CBM_KE,4,OK,0.98,0.9934722222222222,0.9813852813852814,0.9799999999999999,0.9801036362011972,0.9779136085456454,v26 main_pc0,20.5
42,mfeat-factors,CBM_KE,5,OK,0.965,0.9970555555555556,0.966598313966735,0.9650000000000001,0.9646784549223575,0.9613514790306154,v26 main_pc0,82.1
42,mfeat-factors,CBM_KE,6,OK,0.96,0.9976111111111111,0.9623376623376624,0.9599999999999997,0.9599254843157283,0.9558210983022559,v25(p_c=0),24.4
42,mfeat-factors,CBM_KE,7,OK,0.97,0.9992777777777778,0.9711471861471861,0.97,0.9701067631555436,0.9667740919786244,v26 main_pc0,32.9
42,mfeat-factors,CBM_KE,8,OK,0.96,0.9914722222222222,0.9608589655958077,0.96,0.9597122731782551,0.9557148546406925,v26 main_pc0,19.5
42,mfeat-factors,CBM_KE,9,OK,0.995,0.9999166666666668,0.9952380952380953,0.9949999999999999,0.9949968730456537,0.9944720690522652,v26 main_pc0,49.7
42,mfeat-factors,CBM,0,OK,0.98,0.9975833333333334,0.9807142857142856,0.9799999999999999,0.9799906191369606,0.9778592694458592,v26 main_pc0,20.5
42,mfeat-factors,CBM,1,OK,0.99,0.9995,0.9904761904761905,0.9899999999999999,0.9899937460913071,0.9889438317391072,v26 main_pc0,52.5
42,mfeat-factors,CBM,2,OK,0.985,0.9981944444444444,0.9854761904761904,0.985,0.984993746091307,0.9833879675158538,v25(p_c=0),75.4
42,mfeat-factors,CBM,3,OK,0.975,0.999486111111111,0.9763852813852812,0.975,0.9752287143750559,0.9723302649210303,v26 main_pc0,22.0
42,mfeat-factors,CBM,4,OK,0.98,0.99725,0.9813852813852814,0.9799999999999999,0.9801036362011972,0.9779136085456454,v26 main_pc0,52.4
42,mfeat-factors,CBM,5,OK,0.97,0.9960000000000001,0.9704260651629072,0.97,0.9698561601000627,0.9667472322930654,v26 main_pc0,20.9
42,mfeat-factors,CBM,6,OK,0.965,0.9986666666666666,0.9681037078863165,0.9649999999999999,0.9653027585106576,0.9614049186192517,v26 main_pc0,26.3
42,mfeat-factors,CBM,7,OK,0.97,0.9973333333333333,0.9711471861471861,0.97,0.9701067631555436,0.9667740919786244,v26 main_pc0,33.4
42,mfeat-factors,CBM,8,OK,0.965,0.9957222222222223,0.9658589655958076,0.9649999999999999,0.9647122731782553,0.9612713363537198,v26 main_pc0,15.5
42,mfeat-factors,CBM,9,OK,0.985,0.9999722222222223,0.9861471861471862,0.985,0.9851067631555436,0.983442610805842,v25(p_c=0),47.1
42,optdigits,CBM_KE,0,OK,0.9893238434163701,0.9988364376238212,0.9895946763460375,0.9894412756028,0.9894258707222701,0.9881581864211191,v25(p_c=0),86.6
42,optdigits,CBM_KE,1,OK,0.9786476868327402,0.9983380136776618,0.9790000624165778,0.9788120968565615,0.978799382764219,0.9762984489167942,v25(p_c=0),107.2
42,optdigits,CBM_KE,2,OK,0.9911032028469751,0.9978563023023452,0.9912259096015902,0.9911967418546366,0.9911178700549612,0.9901354789101003,v26 main_pc0,100.3
42,optdigits,CBM_KE,3,OK,0.9679715302491103,0.9986102451826723,0.9697688618096967,0.9681054910002279,0.967925611096715,0.964643520505879,v26 main_pc0,163.3
42,optdigits,CBM_KE,4,OK,0.9893238434163701,0.9991252654189188,0.9894390561042105,0.9893483709273184,0.9893157835183614,0.9881547934135826,v25(p_c=0),134.4
42,optdigits,CBM_KE,5,OK,0.9875444839857651,0.998887804056601,0.9877733635267703,0.987466393255867,0.9875257853932797,0.9861808389649163,v26 main_pc0,151.8
42,optdigits,CBM_KE,6,OK,0.9786476868327402,0.9994152760986011,0.9789690250944828,0.978630667578036,0.978624957701667,0.9763123560162522,v26 main_pc0,206.5
42,optdigits,CBM_KE,7,OK,0.9893238434163701,0.9972973129209197,0.9896164428791548,0.9892532467532467,0.9893114643976715,0.988165098472811,v25(p_c=0),137.8
42,optdigits,CBM_KE,8,OK,0.9893238434163701,0.9997802552403001,0.9894726039236021,0.9893483709273182,0.98933142880405,0.988154835140261,v26 main_pc0,201.7
42,optdigits,CBM_KE,9,OK,0.9768683274021353,0.998192041212706,0.9773951019757566,0.9768796992481201,0.9769003275376755,0.9743489630356434,v26 main_pc0,131.0
42,optdigits,CBM,0,OK,0.9839857651245552,0.999604782102159,0.9842590639531487,0.9840169781821324,0.9840463109057828,0.982226475532069,v26 main_pc0,159.1
42,optdigits,CBM,1,OK,0.9822064056939501,0.998951053539281,0.9824147904592552,0.9823241685719001,0.9823539289430204,0.980231703209995,v26 main_pc0,187.4
42,optdigits,CBM,2,OK,0.9911032028469751,0.9994439897978028,0.9912843549551844,0.9911967418546366,0.9911328625587095,0.9901389622792144,v26 main_pc0,29.5
42,optdigits,CBM,3,OK,0.9768683274021353,0.9991246359401045,0.9771383362823789,0.9768762816131236,0.9768674953567265,0.9743283945180529,v26 main_pc0,81.8
42,optdigits,CBM,4,OK,0.9804270462633452,0.9986067578361176,0.9806952137396785,0.9805137844611528,0.980481032063574,0.978279607115664,v26 main_pc0,92.4
42,optdigits,CBM,5,OK,0.9857651245551602,0.9984502132039651,0.9860669306495078,0.9856806789701527,0.9857537971954449,0.9842106382916873,v26 main_pc0,230.5
42,optdigits,CBM,6,OK,0.9768683274021353,0.9961186765799436,0.9773030964481793,0.9768774208247892,0.9769500963819017,0.9743283046184045,v26 main_pc0,43.5
42,optdigits,CBM,7,OK,0.9911032028469751,0.9991896214696376,0.9912821354565949,0.9910389610389612,0.9910833180285955,0.9901318570806719,v25(p_c=0),56.1
42,optdigits,CBM,8,OK,0.9893238434163701,0.9993031569011757,0.9896217933788298,0.9893170426065163,0.9893289247009756,0.9881686995553949,v26 main_pc0,113.1
42,optdigits,CBM,9,OK,0.9804270462633452,0.9979505405591228,0.9809605322082635,0.9803884711779448,0.9803606425917639,0.9783206823706986,v26 main_pc0,219.8
42,page-blocks,CBM_KE,0,OK,0.968978102189781,0.9932399704587379,0.8518034298358842,0.8988313008130081,0.8707744621590571,0.8353559402986089,v26 main_pc0,201.7
42,page-blocks,CBM_KE,1,OK,0.9708029197080292,0.99405921501372,0.6783261183261183,0.6478656215927091,0.6521170065122238,0.8441898639242582,v26 main_pc0,35.1
42,page-blocks,CBM_KE,2,OK,0.9744525547445255,0.9843036812168009,0.9026282696177063,0.8467578020531177,0.862460960092539,0.8622706406096585,v25(p_c=0),83.8
42,page-blocks,CBM_KE,3,OK,0.979890310786106,0.9976345724102347,0.8557470193740686,0.948663827686231,0.8950155462515014,0.8972371440651938,v26 main_pc0,37.2
42,page-blocks,CBM_KE,4,OK,0.9670932358318098,0.9828836061301699,0.8643145161290322,0.6985661091567406,0.7472684261920808,0.8201606920963608,v25(p_c=0),127.3
42,page-blocks,CBM_KE,5,OK,0.9634369287020109,0.9916784227329135,0.7908591065292097,0.8779402991215619,0.827367376030954,0.8179009734005482,v26 main_pc0,190.8
42,page-blocks,CBM_KE,6,OK,0.9725776965265083,0.9930099701507713,0.7674236065090936,0.6844411528729247,0.7155456716909645,0.846759259154884,v26 main_pc0,30.3
42,page-blocks,CBM_KE,7,OK,0.9597806215722121,0.9943348286025916,0.7715718415347218,0.8302701145878334,0.7899803886842969,0.7885237508158143,v26 main_pc0,29.2
42,page-blocks,CBM_KE,8,OK,0.9835466179159049,0.9930847377785422,0.9182807235760393,0.8529194382852919,0.8680232037326168,0.9126501391557394,v26 main_pc0,30.2
42,page-blocks,CBM_KE,9,OK,0.9744058500914077,0.9953669132239611,0.9093031005505651,0.8021064301552107,0.8308244583789521,0.8618121898512608,v25(p_c=0),191.6
42,page-blocks,CBM,0,OK,0.9324817518248175,0.994072137939402,0.6759223232907444,0.9349085365853659,0.7673635102016713,0.7355440844682213,v25(p_c=0),58.4
42,page-blocks,CBM,1,OK,0.9197080291970803,0.9926927668214992,0.5862222222222222,0.9495587236931431,0.6953405977738125,0.7192051005561979,v25(p_c=0),70.6
42,page-blocks,CBM,2,OK,0.9379562043795621,0.9846677841733069,0.6619447695842545,0.8992007652903784,0.7530885206747275,0.7470842416328557,v25(p_c=0),76.3
42,page-blocks,CBM,3,OK,0.9488117001828154,0.9972551757567754,0.6779847053531264,0.9473924581867555,0.772513212659198,0.7878000755404749,v25(p_c=0),76.4
42,page-blocks,CBM,4,OK,0.926873857404022,0.9187284045677335,0.6015350159359117,0.7558641403855253,0.6621409576664521,0.6826251753157996,v25(p_c=0),93.5
42,page-blocks,CBM,5,OK,0.9213893967093236,0.9818174740342396,0.6259454299088445,0.9428953485979962,0.7336753951403633,0.7200116846109043,v25(p_c=0),75.3
42,page-blocks,CBM,6,OK,0.9524680073126143,0.9895247067251013,0.7018295184182459,0.8916579234298174,0.7747974227457615,0.7796164508959005,v25(p_c=0),78.6
42,page-blocks,CBM,7,OK,0.9213893967093236,0.9912607184096516,0.6380891111411452,0.9356292044683083,0.7427449359239355,0.7133829568066801,v25(p_c=0),85.0
42,page-blocks,CBM,8,OK,0.9195612431444241,0.9913485169641387,0.6013647386335215,0.8655580192165558,0.6787407496406656,0.7066225401656487,v25(p_c=0),71.2
42,page-blocks,CBM,9,OK,0.8884826325411335,0.8936241818967083,0.45511852318019724,0.5850332594235034,0.4951096384235919,0.5700039331258246,v25(p_c=0),63.9
42,pendigits,CBM_KE,0,OK,0.961,0.9990420968542303,0.9698345814270759,0.9591311842432819,0.9586688260936211,0.9578778817704323,v25(p_c=0),264.5
42,pendigits,CBM_KE,1,OK,0.997,0.9999932621771626,0.9970641374769948,0.9969640596336202,0.9969991357045973,0.996669341331265,v25(p_c=0),442.9
42,pendigits,CBM_KE,2,OK,0.995,0.9996746185995697,0.9950808286895624,0.994951251755763,0.9949846502354902,0.9944500690611741,v25(p_c=0),463.3
42,pendigits,CBM_KE,3,OK,0.997,0.9997274124773086,0.9970625561545372,0.997014595311809,0.9970238569757048,0.9966693523894594,v26 main_pc0,240.0
42,pendigits,CBM_KE,4,OK,0.996,0.9987489096407168,0.9960053712206532,0.9959962137114957,0.9959961914860731,0.9955559012947265,v25(p_c=0),198.6
42,pendigits,CBM_KE,5,OK,0.995,0.9999182118374069,0.9949111956103197,0.9948019533369508,0.9948409258204141,0.9944467597580235,v26 main_pc0,180.9
42,pendigits,CBM_KE,6,OK,0.992,0.9989681916498349,0.9919961591806252,0.9920579723674384,0.9920127470576574,0.9911128842839363,v26 main_pc0,90.5
42,pendigits,CBM_KE,7,OK,0.996,0.999488521840725,0.9960134860843624,0.9960027472527473,0.9959880632827796,0.9955591858513541,v25(p_c=0),341.9
42,pendigits,CBM_KE,8,OK,0.991,0.9982129824073986,0.9909904398652666,0.9911055914150575,0.9910165877336634,0.9900049564647836,v26 main_pc0,234.1
42,pendigits,CBM_KE,9,OK,0.994,0.9994458915281795,0.9943915343915343,0.9940518421707744,0.9941671964854548,0.9933452327465917,v26 main_pc0,90.6
42,pendigits,CBM,0,OK,0.995,0.9992936768267355,0.9951666061925497,0.9948389001349529,0.9949775499537903,0.9944486745186741,v25(p_c=0),357.9
42,pendigits,CBM,1,OK,0.996,0.9997348807997863,0.9960542489855158,0.9960025211720817,0.9960138518087481,0.9955580399908106,v26 main_pc0,282.9
42,pendigits,CBM,2,OK,0.995,0.998662136525829,0.9950129742618697,0.9950515023823294,0.99500655835181,0.9944490686924297,v26 main_pc0,96.9
42,pendigits,CBM,3,OK,0.998,0.9998616378031473,0.998104222821204,0.99796697626419,0.9980258860846505,0.9977795461612923,v26 main_pc0,186.4
42,pendigits,CBM,4,OK,0.993,0.9996901342968177,0.9929622637938248,0.9930422089533673,0.9929878294033287,0.992224294202487,v26 main_pc0,87.4
42,pendigits,CBM,5,OK,0.996,0.9995345292887254,0.995954171142141,0.9959022705455153,0.995912931464324,0.9955581041693251,v26 main_pc0,87.8
42,pendigits,CBM,6,OK,0.995,0.9999363004973392,0.9949022108843538,0.9950320512820514,0.9949384024107543,0.9944501615334809,v26 main_pc0,286.9
42,pendigits,CBM,7,OK,0.992,0.9994640635598045,0.9921486836487459,0.9918849436417781,0.9919728693011456,0.9911192366969682,v26 main_pc0,73.6
42,pendigits,CBM,8,OK,0.991,0.9996398775805663,0.9910958497197452,0.9908635772122615,0.9909331533753745,0.9900079131161494,v26 main_pc0,203.4
42,pendigits,CBM,9,OK,0.993,0.9997029591248714,0.9934096389084921,0.9930286683381345,0.9931528910475613,0.9922372075392549,v26 main_pc0,79.1
42,phoneme,CBM_KE,0,OK,0.9094269870609981,0.9669893641542363,0.8976428718795131,0.8807912674108467,0.8885825365136073,0.778251715474855,v26 main_pc0,89.4
42,phoneme,CBM_KE,1,OK,0.88909426987061,0.9393131153478876,0.865568813337692,0.8682291152161744,0.8668799212598426,0.7337931062253588,v26 main_pc0,32.3
42,phoneme,CBM_KE,2,OK,0.8946395563770795,0.9486153643518062,0.8710050462573591,0.8776630774803253,0.8742152987677284,0.7486385176579808,v26 main_pc0,68.5
42,phoneme,CBM_KE,3,OK,0.8761552680221811,0.9300273305014983,0.8528390214436725,0.8462165365998222,0.8494081770857136,0.6990241883697551,v26 main_pc0,90.4
42,phoneme,CBM_KE,4,OK,0.9074074074074074,0.9483067134999006,0.8881635628603619,0.8881635628603619,0.8881635628603619,0.7763271257207237,v26 main_pc0,86.5
42,phoneme,CBM_KE,5,OK,0.8962962962962963,0.9402544900258466,0.8789743589743589,0.8673205646497448,0.8728214790390956,0.7462039279613493,v26 main_pc0,78.7
42,phoneme,CBM_KE,6,OK,0.8907407407407407,0.9426900391013321,0.8694176790950985,0.8652495195175294,0.8672892602605062,0.7346553744192322,v26 main_pc0,89.7
42,phoneme,CBM_KE,7,OK,0.912962962962963,0.9602027967393465,0.9018798359038271,0.8846676386771821,0.8926282390269699,0.7863591228162833,v26 main_pc0,85.1
42,phoneme,CBM_KE,8,OK,0.8777777777777778,0.9405074365704288,0.8529193284801664,0.8529193284801664,0.8529193284801664,0.7058386569603328,v26 main_pc0,44.7
42,phoneme,CBM_KE,9,OK,0.9074074074074074,0.9568332260354249,0.9024022677120149,0.8702520675481602,0.88413807308742,0.7719851594595374,v26 main_pc0,74.5
42,phoneme,CBM,0,OK,0.8835489833641405,0.9519081958576179,0.8662822958210508,0.8477806315650829,0.8561807709348693,0.7138231942764358,v25(p_c=0),246.6
42,phoneme,CBM,1,OK,0.878003696857671,0.9436102604629721,0.8494784257942152,0.8640472192037933,0.8561170212765958,0.7133768964077918,v25(p_c=0),301.6
42,phoneme,CBM,2,OK,0.8835489833641405,0.9443676117093088,0.8578799249530957,0.8643024136454938,0.8609748039011735,0.7221537798992149,v25(p_c=0),297.0
42,phoneme,CBM,3,OK,0.8539741219963032,0.9039151766604103,0.820972213850883,0.8507030195264909,0.8324256503754239,0.671016913591922,v26 main_pc0,295.5
42,phoneme,CBM,4,OK,0.8833333333333333,0.9496653191066339,0.857937691538701,0.8618695738617537,0.8598610144217105,0.7197965265439104,v26 main_pc0,360.3
42,phoneme,CBM,5,OK,0.912962962962963,0.9543375969249122,0.9050131228972539,0.8809563258002517,0.8917600296828287,0.7856011995913034,v25(p_c=0),315.3
42,phoneme,CBM,6,OK,0.8944444444444445,0.9440983497912387,0.8760874376479,0.8660116641261846,0.870802009746515,0.7420306972368746,v25(p_c=0),356.6
42,phoneme,CBM,7,OK,0.9,0.9472794751143218,0.8876262626262627,0.866227052819935,0.8758916563101176,0.7535495305743938,v26 main_pc0,173.7
42,phoneme,CBM,8,OK,0.8759259259259259,0.9451625150629757,0.8536353771025502,0.8442777200019809,0.8487198892786807,0.6978503602948319,v25(p_c=0),257.9
42,phoneme,CBM,9,OK,0.8944444444444445,0.949685534591195,0.8689189189189189,0.8830535334026643,0.875424459383436,0.7518395984011028,v25(p_c=0),288.3
42,satimage,CBM_KE,0,OK,0.8211508553654744,0.9912996417642748,0.8362016417071573,0.7836467825115724,0.7635491623211806,0.7854320332923554,v25(p_c=0),205.2
42,satimage,CBM_KE,1,OK,0.9409020217729394,0.9929087207310462,0.9331052170182605,0.9321671616893017,0.9324071476701631,0.9271559041349415,v26 main_pc0,103.1
42,satimage,CBM_KE,2,OK,0.9082426127527217,0.9911730507365236,0.8932883316071826,0.8847646193225617,0.8887132620780321,0.8866146861359212,v25(p_c=0),68.1
42,satimage,CBM_KE,3,OK,0.9284603421461898,0.9924128665295225,0.9272273909222438,0.9079203909837323,0.9155981076142056,0.9118348266167425,v26 main_pc0,92.9
42,satimage,CBM_KE,4,OK,0.8973561430793157,0.9825959855493583,0.8785670782239738,0.871366265392047,0.8737928227772557,0.8734471495879014,v25(p_c=0),256.9
42,satimage,CBM_KE,5,OK,0.9175738724727839,0.9911593746895176,0.9062856065910799,0.9010548220058293,0.9035243132713302,0.8981839034609838,v26 main_pc0,32.2
42,satimage,CBM_KE,6,OK,0.9253499222395023,0.9907905150138641,0.9188595767619407,0.9114493327452248,0.913983376305595,0.9080712838603171,v26 main_pc0,319.5
42,satimage,CBM_KE,7,OK,0.9051321928460342,0.9911464021353537,0.8992713068099424,0.9020567961143767,0.8952233332683651,0.8856841562576543,v25(p_c=0),198.1
42,satimage,CBM_KE,8,OK,0.9409020217729394,0.9917818693532872,0.9339501116790371,0.9215171091910942,0.9270148101567818,0.9270696817025877,v26 main_pc0,92.9
42,satimage,CBM_KE,9,OK,0.9331259720062208,0.9941662709878297,0.9236181069821939,0.920024045159248,0.9206147535013259,0.9176323105713655,v25(p_c=0),313.7
42,satimage,CBM,0,OK,0.9051321928460342,0.9889709714540214,0.8929873984567935,0.8900474937424593,0.8911891005719403,0.8829961106276143,v26 main_pc0,97.0
42,satimage,CBM,1,OK,0.9222395023328149,0.9883966806480644,0.9083167437351606,0.9103871058523008,0.9090280511905138,0.9042881593745834,v26 main_pc0,78.9
42,satimage,CBM,2,OK,0.9222395023328149,0.9890093801979049,0.9088410388712135,0.9068540036790974,0.9074668429750493,0.9042688780898774,v25(p_c=0),320.9
42,satimage,CBM,3,OK,0.9191290824261276,0.9837942972807644,0.9057960910503402,0.9017138355590132,0.9033570544492783,0.9002794200346805,v26 main_pc0,303.0
42,satimage,CBM,4,OK,0.9066874027993779,0.9854146840460172,0.8928238222172195,0.8923213767227857,0.8919908605000894,0.8850054743581869,v26 main_pc0,301.8
42,satimage,CBM,5,OK,0.9331259720062208,0.985392323802016,0.9266744078721221,0.9173551231857502,0.9215824886522755,0.9174037656713961,v26 main_pc0,132.7
42,satimage,CBM,6,OK,0.9004665629860031,0.9840757158439675,0.895745386220229,0.8799460564672512,0.8866610087401082,0.8771555491390768,v26 main_pc0,68.7
42,satimage,CBM,7,OK,0.9237947122861586,0.9881561367437784,0.9144802191031408,0.905962956387563,0.9097112247895742,0.90604824944119,v26 main_pc0,305.6
42,satimage,CBM,8,OK,0.9284603421461898,0.9900752895129133,0.9308906686629942,0.9039447469128498,0.9133002004261307,0.9124449248997292,v26 main_pc0,304.4
42,satimage,CBM,9,OK,0.9253499222395023,0.9920663019768846,0.9140912676530956,0.907335238641398,0.9081228758579746,0.9081383027647777,v26 main_pc0,247.0
42,segment,CBM_KE,0,OK,0.9783549783549783,0.9986007258734532,0.9791043690203354,0.9783549783549784,0.9782043993883954,0.9749180118567264,v25(p_c=0),43.7
42,segment,CBM_KE,1,OK,0.961038961038961,0.9987537714810443,0.963718118826478,0.961038961038961,0.9611075598342482,0.9550049229015667,v26 main_pc0,21.8
42,segment,CBM_KE,2,OK,0.9696969696969697,0.9964143600507237,0.9702062643239113,0.9696969696969697,0.9698898116808564,0.9646675560387828,v25(p_c=0),24.2
42,segment,CBM_KE,3,OK,0.9653679653679653,0.9981853163671345,0.9657274273345703,0.9653679653679654,0.9653620888915008,0.9596589066234533,v26 main_pc0,17.0
42,segment,CBM_KE,4,OK,0.9696969696969697,0.9991254536709082,0.9699357015533485,0.9696969696969697,0.9697566115476564,0.9646675560387828,v25(p_c=0),68.2
42,segment,CBM_KE,5,OK,0.987012987012987,0.9989724080633172,0.9871323529411765,0.987012987012987,0.9870100049204528,0.9848700179453542,v26 main_pc0,52.4
42,segment,CBM_KE,6,OK,0.9913419913419913,0.9998688180506362,0.9915966386554622,0.9913419913419913,0.9912713219616204,0.9899639247273518,v26 main_pc0,38.3
42,segment,CBM_KE,7,OK,0.9696969696969697,0.9980541344177708,0.9719887955182073,0.9696969696969697,0.968496291047133,0.9653643490410928,v26 main_pc0,44.3
42,segment,CBM_KE,8,OK,0.9696969696969697,0.998075998075998,0.9702741702741703,0.9696969696969697,0.9694460129242738,0.9648363369964279,v26 main_pc0,48.9
42,segment,CBM_KE,9,OK,0.9783549783549783,0.99442476715204,0.9794292717086834,0.9783549783549784,0.978401129208235,0.9749180118567264,v26 main_pc0,49.3
42,segment,CBM,0,OK,0.9783549783549783,0.9989724080633172,0.9791043690203354,0.9783549783549784,0.9782043993883954,0.9749180118567264,v26 main_pc0,59.3
42,segment,CBM,1,OK,0.9696969696969697,0.9986007258734532,0.9700165550091004,0.9696969696969697,0.9695468600758329,0.964751935444677,v26 main_pc0,24.6
42,segment,CBM,2,OK,0.9653679653679653,0.9957803139621323,0.9661989795918366,0.9653679653679654,0.9656108597285069,0.9596589066234533,v26 main_pc0,43.9
42,segment,CBM,3,OK,0.974025974025974,0.9991691809873628,0.9744960740894599,0.974025974025974,0.9739463528862125,0.969802992698314,v26 main_pc0,25.2
42,segment,CBM,4,OK,0.9696969696969697,0.9976605885696795,0.9699357015533485,0.9696969696969697,0.9697566115476564,0.9646675560387828,v26 main_pc0,90.9
42,segment,CBM,5,OK,0.9783549783549783,0.9985132712405439,0.9784438775510205,0.9783549783549784,0.9782159017453136,0.9748114156754025,v26 main_pc0,48.5
42,segment,CBM,6,OK,0.9913419913419913,0.9998250907341816,0.9915966386554622,0.9913419913419913,0.9912713219616204,0.9899639247273518,v25(p_c=0),87.4
42,segment,CBM,7,OK,0.9567099567099567,0.9951244042153133,0.9580767790987362,0.9567099567099567,0.9558590372138899,0.9499935683816183,v26 main_pc0,21.4
42,segment,CBM,8,OK,0.974025974025974,0.9929161747343567,0.9742095078500608,0.974025974025974,0.9738747771836007,0.9697817853159281,v26 main_pc0,31.8
42,segment,CBM,9,OK,0.974025974025974,0.9980541344177708,0.9745273109243697,0.974025974025974,0.9740856158766606,0.9697605793247528,v26 main_pc0,85.8
42,spambase,CBM_KE,0,OK,0.9392624728850325,0.9809563196659971,0.9341813944455234,0.9402694080113434,0.936911045943304,0.8744296095217047,v26 main_pc0,64.4
42,spambase,CBM_KE,1,OK,0.9565217391304348,0.9775540109705143,0.953022113022113,0.9563951761421019,0.9546270541121699,0.9094110337333596,v25(p_c=0),154.4
42,spambase,CBM_KE,2,OK,0.9652173913043478,0.9886532406582308,0.9644326924988569,0.9625933186795779,0.9634920634920635,0.9270241863648176,v26 main_pc0,139.2
42,spambase,CBM_KE,3,OK,0.941304347826087,0.9808907107071427,0.9396963901506096,0.9370581595675163,0.9383313720524928,0.8767505803766679,v25(p_c=0),37.9
42,spambase,CBM_KE,4,OK,0.9521739130434783,0.9814847818768689,0.9498999980197628,0.9498999980197628,0.9498999980197628,0.8997999960395255,v26 main_pc0,110.5
42,spambase,CBM_KE,5,OK,0.9456521739130435,0.9636824491574091,0.9420289855072463,0.9445236539337413,0.9432309021350117,0.8865491295631752,v26 main_pc0,22.8
42,spambase,CBM_KE,6,OK,0.9326086956521739,0.9687914612170538,0.9278902754885802,0.9318303332739262,0.9297367344827077,0.8597115801683858,v26 main_pc0,56.3
42,spambase,CBM_KE,7,OK,0.9304347826086956,0.982356086259134,0.9258968058968059,0.9290679023346997,0.9274032865794717,0.8549588273529697,v26 main_pc0,37.4
42,spambase,CBM_KE,8,OK,0.9478260869565217,0.9790892560676735,0.9462301587301587,0.9445015416238438,0.9453454523851957,0.8907300230139501,v25(p_c=0),181.5
42,spambase,CBM_KE,9,OK,0.9652173913043478,0.9929045774369515,0.9628623188405797,0.9645821804095185,0.9637016432897358,0.9274429045852091,v26 main_pc0,24.9
42,spambase,CBM,0,OK,0.9457700650759219,0.9810547875064005,0.9416448729458605,0.945645752097365,0.9435206829464315,0.8872816048220615,v26 main_pc0,129.3
42,spambase,CBM,1,OK,0.9565217391304348,0.9889799798015801,0.953022113022113,0.9563951761421019,0.9546270541121699,0.9094110337333596,v26 main_pc0,36.9
42,spambase,CBM,2,OK,0.9565217391304348,0.9842175092576091,0.9552873814588759,0.9534842274104438,0.9543650793650793,0.9087698199887634,v25(p_c=0),25.6
42,spambase,CBM,3,OK,0.9478260869565217,0.9859205132774906,0.9446252786490699,0.9463157686290817,0.9454502332200174,0.8909394434913729,v26 main_pc0,19.5
42,spambase,CBM,4,OK,0.95,0.9826135170993484,0.9497839308578745,0.9451969345927642,0.9473608271017111,0.8949691106334554,v25(p_c=0),136.0
42,spambase,CBM,5,OK,0.9478260869565217,0.9851680231291708,0.9434095316448258,0.9482564011168538,0.9456521739130435,0.8916527594888479,v25(p_c=0),148.8
42,spambase,CBM,6,OK,0.9326086956521739,0.9552070338026497,0.9305323133317396,0.9279490682983822,0.9291952790232325,0.8584774950169982,v26 main_pc0,35.9
42,spambase,CBM,7,OK,0.9260869565217391,0.9798807897186083,0.9201035442495962,0.9274243054317908,0.9232791774585982,0.8474962315203937,v26 main_pc0,63.7
42,spambase,CBM,8,OK,0.941304347826087,0.977765040714681,0.9416040100250627,0.935311091785912,0.9382061883367911,0.8768925219000259,v25(p_c=0),146.1
42,spambase,CBM,9,OK,0.9434782608695652,0.9877658312910111,0.9390644555694618,0.9437504941102064,0.9412285012285013,0.8828025126950589,v25(p_c=0),19.9
42,tic-tac-toe,CBM_KE,0,OK,1.0,1.0,1.0,1.0,1.0,1.0,v26 main_pc0,15.5
42,tic-tac-toe,CBM_KE,1,OK,0.96875,0.9990512333965844,0.9594594594594594,0.9758064516129032,0.9664765452217436,0.9351230401725497,v26 main_pc0,17.8
42,tic-tac-toe,CBM_KE,2,OK,0.96875,0.985088985088985,0.9772727272727273,0.9545454545454546,0.964562569213732,0.9315409787235999,v25(p_c=0),28.6
42,tic-tac-toe,CBM_KE,3,OK,0.9895833333333334,1.0,0.9852941176470589,0.9920634920634921,0.9885373134328358,0.977334166408364,v26 main_pc0,16.3
42,tic-tac-toe,CBM_KE,4,OK,0.9583333333333334,0.987012987012987,0.9607940446650125,0.9466089466089466,0.953125,0.9072921092823789,v26 main_pc0,11.6
42,tic-tac-toe,CBM_KE,5,OK,0.9791666666666666,0.9985569985569986,0.9846153846153847,0.9696969696969697,0.9765625,0.9541957401338105,v26 main_pc0,26.1
42,tic-tac-toe,CBM_KE,6,OK,0.9895833333333334,1.0,0.9921875,0.9848484848484849,0.9883706844336766,0.9770084209183943,v26 main_pc0,29.3
42,tic-tac-toe,CBM_KE,7,OK,0.9895833333333334,0.9841269841269842,0.9921875,0.9848484848484849,0.9883706844336766,0.9770084209183943,v26 main_pc0,9.1
42,tic-tac-toe,CBM_KE,8,OK,0.9789473684210527,0.9970674486803519,0.9767839687194526,0.9767839687194526,0.9767839687194526,0.9535679374389052,v26 main_pc0,12.8
42,tic-tac-toe,CBM_KE,9,OK,0.9789473684210527,1.0,0.9714285714285714,0.9838709677419355,0.9770973963355833,0.95521850710367,v26 main_pc0,13.9
42,tic-tac-toe,CBM,0,OK,1.0,1.0,1.0,1.0,1.0,1.0,v26 main_pc0,9.1
42,tic-tac-toe,CBM,1,OK,0.96875,0.9990512333965844,0.963231850117096,0.9691650853889944,0.9660657476139979,0.9323780574747331,v25(p_c=0),25.2
42,tic-tac-toe,CBM,2,OK,0.96875,1.0,0.9772727272727273,0.9545454545454546,0.964562569213732,0.9315409787235999,v26 main_pc0,24.8
42,tic-tac-toe,CBM,3,OK,0.9895833333333334,0.9995189995189996,0.9852941176470589,0.9920634920634921,0.9885373134328358,0.977334166408364,v26 main_pc0,9.4
42,tic-tac-toe,CBM,4,OK,0.96875,0.998075998075998,0.9772727272727273,0.9545454545454546,0.964562569213732,0.9315409787235999,v26 main_pc0,7.4
42,tic-tac-toe,CBM,5,OK,0.9895833333333334,1.0,0.9852941176470589,0.9920634920634921,0.9885373134328358,0.977334166408364,v26 main_pc0,24.6
42,tic-tac-toe,CBM,6,OK,0.9895833333333334,1.0,0.9921875,0.9848484848484849,0.9883706844336766,0.9770084209183943,v26 main_pc0,8.2
42,tic-tac-toe,CBM,7,OK,1.0,1.0,1.0,1.0,1.0,1.0,v26 main_pc0,8.9
42,tic-tac-toe,CBM,8,OK,0.968421052631579,0.9941348973607038,0.9685019841269842,0.9616324535679375,0.964923076923077,0.930109069806303,v25(p_c=0),22.0
42,tic-tac-toe,CBM,9,OK,0.968421052631579,0.9990224828934506,0.9623915139826422,0.9687194525904204,0.965416818347288,0.9310894636207624,v26 main_pc0,7.9
42,vehicle,CBM_KE,0,OK,0.7764705882352941,0.9499846854534354,0.7697368421052632,0.7786796536796536,0.7733225108225108,0.7024381713131777,v26 main_pc0,23.5
42,vehicle,CBM_KE,1,OK,0.8588235294117647,0.9700471750471751,0.8670545141133377,0.862012987012987,0.8590650267253253,0.8158286613065162,v26 main_pc0,26.6
42,vehicle,CBM_KE,2,OK,0.8235294117647058,0.9577302038239538,0.8385057471264368,0.8241341991341992,0.8234344125246998,0.7704811526310693,v25(p_c=0),41.5
42,vehicle,CBM_KE,3,OK,0.7764705882352941,0.9415402132589632,0.771354852876592,0.7797619047619048,0.7733225108225108,0.7036972904477955,v26 main_pc0,32.9
42,vehicle,CBM_KE,4,OK,0.8941176470588236,0.980570211038961,0.8948122529644269,0.8955627705627706,0.894499815430048,0.8592538451088357,v26 main_pc0,18.7
42,vehicle,CBM_KE,5,OK,0.8235294117647058,0.9575999000999001,0.8276704545454545,0.8252164502164502,0.8218947048734282,0.7672402589822599,v26 main_pc0,8.5
42,vehicle,CBM_KE,6,OK,0.8452380952380952,0.9709014788201855,0.8488858695652173,0.8451839826839826,0.8421611829220526,0.7967039861309758,v26 main_pc0,21.4
42,vehicle,CBM_KE,7,OK,0.7976190476190477,0.9384682673216509,0.80625,0.8001537935748462,0.8026281849187469,0.730063153674342,v25(p_c=0),29.5
42,vehicle,CBM_KE,8,OK,0.8214285714285714,0.9560569179457787,0.8252164502164501,0.8252164502164502,0.8249260901699925,0.7620037807183365,v26 main_pc0,27.6
42,vehicle,CBM_KE,9,OK,0.8095238095238095,0.9550693313636143,0.8168771043771044,0.8148809523809524,0.8074180284936099,0.7523968019888607,v26 main_pc0,16.2
42,vehicle,CBM,0,OK,0.788235294117647,0.9103336940836941,0.7850996376811594,0.7916666666666666,0.7828505371957024,0.7215675537434602,v26 main_pc0,5.8
42,vehicle,CBM,1,OK,0.8352941176470589,0.9720643939393939,0.8433982683982684,0.836038961038961,0.8328789387151756,0.7846291232993363,v25(p_c=0),15.5
42,vehicle,CBM,2,OK,0.8117647058823529,0.8964004398379399,0.8061868686868687,0.8132575757575757,0.8069875776397516,0.7507404663930678,v26 main_pc0,6.0
42,vehicle,CBM,3,OK,0.8,0.9455028305028306,0.8005434782608696,0.8008116883116883,0.8005081300813008,0.7332841283495438,v26 main_pc0,25.9
42,vehicle,CBM,4,OK,0.8941176470588236,0.976663961038961,0.8953804347826088,0.8944805194805195,0.8932738758825716,0.8597868945913505,v26 main_pc0,27.4
42,vehicle,CBM,5,OK,0.8,0.9320410145410146,0.8048878205128205,0.8029761904761905,0.7976697864350623,0.7378502873799796,v26 main_pc0,28.2
42,vehicle,CBM,6,OK,0.8928571428571429,0.969372867136224,0.8973023992205578,0.8933982683982684,0.8923075426926518,0.8588766514813192,v25(p_c=0),20.6
42,vehicle,CBM,7,OK,0.8095238095238095,0.9222164324971747,0.8070802005012531,0.812058555479608,0.808927730062783,0.7461191083028414,v26 main_pc0,17.8
42,vehicle,CBM,8,OK,0.7976190476190477,0.9511842697326568,0.8022399749373434,0.8014069264069263,0.80084835630965,0.7306969131580818,v25(p_c=0),14.2
42,vehicle,CBM,9,OK,0.8333333333333334,0.9635856166656138,0.8291380625476735,0.8359848484848484,0.8313901923374414,0.7785134599257348,v25(p_c=0),18.3
42,wdbc,CBM_KE,0,OK,0.9649122807017544,0.9973544973544973,0.9623015873015872,0.9623015873015872,0.9623015873015872,0.9246031746031746,v25(p_c=0),9.2
42,wdbc,CBM_KE,1,OK,0.9473684210526315,0.9933862433862434,0.9402597402597402,0.9484126984126984,0.9439895185063871,0.8886350389948482,v25(p_c=0),10.3
42,wdbc,CBM_KE,2,OK,1.0,1.0,1.0,1.0,1.0,1.0,v26 main_pc0,9.7
42,wdbc,CBM_KE,3,OK,0.9824561403508771,1.0,0.9772727272727273,0.9861111111111112,0.981329839502129,0.9633432944855655,v25(p_c=0),13.3
42,wdbc,CBM_KE,4,OK,0.9298245614035088,0.9708994708994709,0.9246031746031746,0.9246031746031746,0.9246031746031746,0.8492063492063492,v25(p_c=0),20.4
42,wdbc,CBM_KE,5,OK,0.9473684210526315,0.9603174603174602,0.9615384615384616,0.9285714285714286,0.9415384615384615,0.8894991799933214,v26 main_pc0,17.2
42,wdbc,CBM_KE,6,OK,0.9473684210526315,0.9920634920634921,0.9402597402597402,0.9484126984126984,0.9439895185063871,0.8886350389948482,v26 main_pc0,7.6
42,wdbc,CBM_KE,7,OK,0.9122807017543859,0.9831168831168831,0.9053708439897699,0.9116883116883117,0.9082125603864735,0.8170347321131809,v25(p_c=0),5.5
42,wdbc,CBM_KE,8,OK,0.9824561403508771,1.0,0.9782608695652174,0.9857142857142858,0.9816425120772947,0.9639463400956773,v25(p_c=0),17.5
42,wdbc,CBM_KE,9,OK,0.9464285714285714,0.9918367346938776,0.9398395721925134,0.9476190476190476,0.9433771486349849,0.8874245216579992,v26 main_pc0,6.7
42,wdbc,CBM,0,OK,0.9649122807017544,0.9973544973544973,0.9623015873015872,0.9623015873015872,0.9623015873015872,0.9246031746031746,v26 main_pc0,13.7
42,wdbc,CBM,1,OK,0.9298245614035088,0.9894179894179893,0.9246031746031746,0.9246031746031746,0.9246031746031746,0.8492063492063492,v26 main_pc0,7.3
42,wdbc,CBM,2,OK,1.0,1.0,1.0,1.0,1.0,1.0,v26 main_pc0,14.7
42,wdbc,CBM,3,OK,0.9824561403508771,0.986111111111111,0.9772727272727273,0.9861111111111112,0.981329839502129,0.9633432944855655,v26 main_pc0,5.3
42,wdbc,CBM,4,OK,0.9298245614035088,0.9603174603174602,0.9246031746031746,0.9246031746031746,0.9246031746031746,0.8492063492063492,v26 main_pc0,9.7
42,wdbc,CBM,5,OK,0.9473684210526315,0.9550264550264549,0.9402597402597402,0.9484126984126984,0.9439895185063871,0.8886350389948482,v26 main_pc0,3.5
42,wdbc,CBM,6,OK,0.9649122807017544,0.9603174603174602,0.9623015873015872,0.9623015873015872,0.9623015873015872,0.9246031746031746,v26 main_pc0,6.4
42,wdbc,CBM,7,OK,0.9649122807017544,0.9675324675324676,0.972972972972973,0.9545454545454546,0.9623015873015872,0.9273353546322172,v26 main_pc0,9.0
42,wdbc,CBM,8,OK,0.9298245614035088,0.9909090909090909,0.9230769230769231,0.9428571428571428,0.928030303030303,0.8657081202406209,v25(p_c=0),6.4
42,wdbc,CBM,9,OK,0.9464285714285714,0.9972789115646258,0.9398395721925134,0.9476190476190476,0.9433771486349849,0.8874245216579992,v26 main_pc0,3.1
42,wine-quality,CBM_KE,0,PARTIAL,0.5795918367346938,nan,0.3454559022144202,0.3179249179954256,0.3220970062402287,0.351870711397677,v25(p_c=0),97.4
42,wine-quality,CBM_KE,1,PARTIAL,0.6387755102040816,nan,0.4547781639330935,0.40325851178993805,0.41284853327510107,0.4635185740155936,v25(p_c=0),221.4
42,wine-quality,CBM_KE,2,PARTIAL,0.6530612244897959,nan,0.4646513941032137,0.40222594436590375,0.42120969085007776,0.4713006910963037,v26 main_pc0,46.8
42,wine-quality,CBM_KE,3,OK,0.5918367346938775,0.757170815860709,0.307912989300067,0.285999776085983,0.2899992189856969,0.3787043462169924,v25(p_c=0),133.5
42,wine-quality,CBM_KE,4,OK,0.6265306122448979,0.7346759889379667,0.40235973531712876,0.30358449022242123,0.32012396390783787,0.42581054543140506,v25(p_c=0),165.2
42,wine-quality,CBM_KE,5,OK,0.6408163265306123,0.773636496747593,0.42000825662661956,0.28924790962462193,0.29324974136811915,0.44256231173489574,v26 main_pc0,35.4
42,wine-quality,CBM_KE,6,OK,0.6020408163265306,0.8079797022152685,0.25325809529296867,0.2666829745596869,0.2591415554324687,0.3853709988283148,v25(p_c=0),39.8
42,wine-quality,CBM_KE,7,OK,0.6346938775510204,0.7699627030131443,0.4539546846147831,0.35668684659417943,0.385742288553833,0.4425651466337753,v26 main_pc0,56.8
42,wine-quality,CBM_KE,8,PARTIAL,0.6503067484662577,nan,0.5456953000788843,0.4050629685248943,0.440910187728006,0.46153821529642824,v26 main_pc0,45.7
42,wine-quality,CBM_KE,9,PARTIAL,0.6319018404907976,nan,0.47308645176158787,0.4480531035577369,0.45903187675302237,0.4459818308560222,v25(p_c=0),298.6
42,wine-quality,CBM,0,PARTIAL,0.3551020408163265,nan,0.2438787657469449,0.2788603195533091,0.23165130631711348,0.13161937133920096,v25(p_c=0),56.8
42,wine-quality,CBM,1,PARTIAL,0.32040816326530613,nan,0.20718462517126637,0.24062797597245625,0.21029551710306102,0.08717909847813932,v25(p_c=0),50.0
42,wine-quality,CBM,2,PARTIAL,0.3224489795918367,nan,0.22065615854840462,0.2904029305905574,0.20869012391240097,0.12578805570792553,v25(p_c=0),42.0
42,wine-quality,CBM,3,OK,0.33877551020408164,0.6544155605458365,0.1786474619724117,0.19172264517092105,0.17827308428505675,0.08674130979099824,v25(p_c=0),46.7
42,wine-quality,CBM,4,OK,0.336734693877551,0.5354555538968451,0.19502395770291409,0.21917139374035924,0.17616102173635712,0.1040968848718294,v25(p_c=0),44.7
42,wine-quality,CBM,5,OK,0.35918367346938773,0.6520672230303812,0.22329988905416304,0.25118777274297016,0.2119703842264818,0.1490366968788202,v25(p_c=0),38.9
42,wine-quality,CBM,6,OK,0.3448979591836735,0.558634056044781,0.18981248894010608,0.20379341649486696,0.17211145844476405,0.11385772508630998,v25(p_c=0),48.9
42,wine-quality,CBM,7,OK,0.336734693877551,0.5726666514558475,0.17631231333494418,0.19743111441338676,0.17252571559731922,0.1003789224437886,v25(p_c=0),42.3
42,wine-quality,CBM,8,PARTIAL,0.3456032719836401,nan,0.2077107786461093,0.23094034625057994,0.2073251884039717,0.11680016807646174,v25(p_c=0),46.8
42,wine-quality,CBM,9,PARTIAL,0.3803680981595092,nan,0.2424831363120283,0.3173459514565477,0.23800121359470416,0.16825512117818786,v25(p_c=0),45.1
43,balance-scale,CBM_KE,0,OK,0.9682539682539683,0.9956727518593644,0.9047619047619048,0.9770114942528737,0.9327485380116959,0.9468641529479986,v25(p_c=0),20.3
43,balance-scale,CBM_KE,1,OK,0.9365079365079365,0.9925625422582827,0.8436781609195402,0.8436781609195402,0.8436781609195402,0.8885941644562334,v26 main_pc0,20.6
43,balance-scale,CBM_KE,2,OK,0.9841269841269841,0.9970250169033129,0.9444444444444445,0.9885057471264368,0.9638490164805954,0.9729158085985287,v25(p_c=0),21.5
43,balance-scale,CBM_KE,3,OK,0.9523809523809523,0.9948613928329952,0.8777777777777778,0.9103448275862069,0.8915364296720228,0.9185671135571714,v26 main_pc0,7.5
43,balance-scale,CBM_KE,4,OK,1.0,1.0,1.0,1.0,1.0,1.0,v26 main_pc0,22.9
43,balance-scale,CBM_KE,5,OK,0.967741935483871,0.9928596307906653,0.9055555555555556,0.9051724137931035,0.9051689959361681,0.9426574450972877,v26 main_pc0,26.2
43,balance-scale,CBM_KE,6,OK,1.0,1.0,1.0,1.0,1.0,1.0,v26 main_pc0,25.1
43,balance-scale,CBM_KE,7,OK,0.967741935483871,0.9898366837248016,0.9777777777777779,0.9218390804597701,0.9456207568730255,0.9442766490335694,v26 main_pc0,9.1
43,balance-scale,CBM_KE,8,OK,0.9354838709677419,0.9976608187134502,0.9572557471264368,0.7333333333333334,0.7555363819384526,0.8885358672050417,v26 main_pc0,11.3
43,balance-scale,CBM_KE,9,OK,0.9838709677419355,0.9988304093567252,0.9888888888888889,0.9333333333333332,0.9573132454488387,0.9719410039857248,v26 main_pc0,16.0
43,balance-scale,CBM,0,OK,0.9841269841269841,0.9989858012170386,0.9888888888888889,0.9885057471264368,0.9885023292695014,0.972578600211013,v25(p_c=0),3.2
43,balance-scale,CBM,1,OK,0.9523809523809523,0.943002028397566,0.876984126984127,0.9103448275862069,0.8915470494417863,0.9177707830099481,v25(p_c=0),5.3
43,balance-scale,CBM,2,OK,1.0,1.0,1.0,1.0,1.0,1.0,v26 main_pc0,4.0
43,balance-scale,CBM,3,OK,0.9365079365079365,0.9866125760649087,0.8456486042692939,0.8988505747126437,0.8654898741105638,0.8926169696243248,v26 main_pc0,5.1
43,balance-scale,CBM,4,OK,1.0,1.0,1.0,1.0,1.0,1.0,v25(p_c=0),3.5
43,balance-scale,CBM,5,OK,1.0,1.0,1.0,1.0,1.0,1.0,v25(p_c=0),5.0
43,balance-scale,CBM,6,OK,1.0,1.0,1.0,1.0,1.0,1.0,v26 main_pc0,4.7
43,balance-scale,CBM,7,OK,0.967741935483871,0.9946213573148558,0.9047619047619048,0.9766009852216749,0.932535885167464,0.9461167392853528,v26 main_pc0,3.6
43,balance-scale,CBM,8,OK,0.9838709677419355,0.9984820986635868,0.9444444444444445,0.9885057471264368,0.9638490164805954,0.9725376779825632,v25(p_c=0),9.3
43,balance-scale,CBM,9,OK,0.9516129032258065,0.9875084786155567,0.9111111111111111,0.9099343185550083,0.9103235747303544,0.915602570895976,v26 main_pc0,23.4
43,bank,CBM_KE,0,OK,0.889,0.9157859848484848,0.7361560621687946,0.6886363636363636,0.70837898121803,0.4221261461610946,v25(p_c=0),215.9
43,bank,CBM_KE,1,OK,0.901,0.8912121212121212,0.8124530569325522,0.6378787878787879,0.6800661842883411,0.41511756772693775,v26 main_pc0,208.3
43,bank,CBM_KE,2,OK,0.894,0.9139583333333333,0.7932487143013459,0.6015151515151516,0.6357838892783023,0.3450749927996783,v26 main_pc0,40.1
43,bank,CBM_KE,3,OK,0.9,0.9194602272727272,0.7652906166898823,0.7380681818181818,0.7505761690494956,0.5026221434389235,v25(p_c=0),75.6
43,bank,CBM_KE,4,OK,0.895,0.901635028535432,0.7576255980861244,0.6943982173581925,0.7194905949203754,0.44757996833540603,v26 main_pc0,374.8
43,bank,CBM_KE,5,OK,0.906,0.9214076852922648,0.8041701762941289,0.6935285213287075,0.7317075955292209,0.4852446988911679,v26 main_pc0,205.5
43,bank,CBM_KE,6,OK,0.903,0.9235419663592174,0.7752838630703642,0.7452730845532582,0.7589888464013557,0.5196911475982828,v26 main_pc0,80.6
43,bank,CBM_KE,7,OK,0.904,0.9255728241145553,0.7830256902704176,0.7244614936206621,0.7488252346914213,0.5040966937845034,v26 main_pc0,420.1
43,bank,CBM_KE,8,OK,0.884,0.9059129927885745,0.7283905615902408,0.5883658176552995,0.614751049471279,0.2841261601449235,v26 main_pc0,168.5
43,bank,CBM_KE,9,OK,0.894,0.9111405710847225,0.7530095958127363,0.7045195987175509,0.7249211094502575,0.45495239754203115,v26 main_pc0,409.9
43,bank,CBM,0,OK,0.898,0.8946590909090909,0.7583222860509649,0.765719696969697,0.7619403263751447,0.5239897692512011,v26 main_pc0,400.7
43,bank,CBM,1,OK,0.885,0.8726420454545455,0.7253466246712342,0.6971590909090909,0.7097945597835824,0.4215643991591921,v26 main_pc0,199.4
43,bank,CBM,2,OK,0.891,0.894876893939394,0.7415819722700263,0.7113636363636364,0.7249357131861782,0.45193647402656906,v25(p_c=0),236.5
43,bank,CBM,3,OK,0.891,0.8765056818181819,0.7424795569752958,0.6861742424242424,0.7088045223459135,0.42493975019167884,v26 main_pc0,113.9
43,bank,CBM,4,OK,0.888,0.8559689353980389,0.736557960301033,0.7331772581539879,0.7348484848484849,0.4697230527768242,v26 main_pc0,421.2
43,bank,CBM,5,OK,0.885,0.8408597297830932,0.7324472914354887,0.7599779990409838,0.7449652820129558,0.49165508930507285,v26 main_pc0,106.0
43,bank,CBM,6,OK,0.911,0.8947714814919283,0.7973471840659341,0.7605139198375314,0.777151799687011,0.5566438016314147,v26 main_pc0,321.6
43,bank,CBM,7,OK,0.897,0.880931561974069,0.7671195652173913,0.6848456642127135,0.7151540795190252,0.4444137417174224,v26 main_pc0,391.2
43,bank,CBM,8,OK,0.893,0.9077934166361097,0.748498205648307,0.7395848024144642,0.7439156022410975,0.4880016127047063,v26 main_pc0,302.2
43,bank,CBM,9,OK,0.891,0.7875403115862315,0.7436899038461539,0.7135033236491505,0.7270735524256651,0.4561955914337435,v26 main_pc0,110.2
43,blood,CBM_KE,0,OK,0.76,0.672514619883041,0.6652542372881356,0.652046783625731,0.657707910750507,0.31702602580977074,v26 main_pc0,12.3
43,blood,CBM_KE,1,OK,0.7733333333333333,0.75,0.6827731092436975,0.5847953216374269,0.592,0.24898437368631707,v26 main_pc0,8.5
43,blood,CBM_KE,2,OK,0.7066666666666667,0.6652046783625731,0.4601449275362319,0.48391812865497075,0.45436507936507936,-0.05063374952772652,v26 main_pc0,16.3
43,blood,CBM_KE,3,OK,0.8266666666666667,0.7660818713450293,0.8055555555555556,0.6769005847953217,0.7064137308039746,0.46498583404330573,v26 main_pc0,5.1
43,blood,CBM_KE,4,OK,0.8133333333333334,0.7280701754385964,0.7854477611940298,0.6491228070175439,0.674317617866005,0.41263432434118835,v26 main_pc0,4.7
43,blood,CBM_KE,5,OK,0.84,0.8567251461988303,0.7915690866510539,0.7426900584795322,0.7616525423728814,0.5320184909950707,v25(p_c=0),4.9
43,blood,CBM_KE,6,OK,0.7466666666666667,0.7037037037037037,0.6257102272727273,0.5862573099415205,0.5939013964092335,0.20826354492980872,v25(p_c=0),11.8
43,blood,CBM_KE,7,OK,0.8,0.7909356725146199,0.7270471464019852,0.6783625730994152,0.6950393060449986,0.4024759036123166,v25(p_c=0),6.3
43,blood,CBM_KE,8,OK,0.7297297297297297,0.6589267285861713,0.5939470365699874,0.5768833849329206,0.5819209039548022,0.16997607097374035,v26 main_pc0,17.8
43,blood,CBM_KE,9,OK,0.8108108108108109,0.8637770897832818,0.7487179487179487,0.6501547987616099,0.6733921815889029,0.3865032653841051,v25(p_c=0),9.0
43,blood,CBM,0,OK,0.7866666666666666,0.6959064327485381,0.7037470725995316,0.6695906432748537,0.6822033898305084,0.3717719575628205,v26 main_pc0,3.5
43,blood,CBM,1,OK,0.76,0.47514619883040937,0.38,0.5,0.4318181818181818,0.0,v26 main_pc0,3.5
43,blood,CBM,2,OK,0.64,0.7080896686159844,0.5317460317460317,0.5350877192982456,0.5322245322245323,0.06675015657623451,v26 main_pc0,3.6
43,blood,CBM,3,OK,0.7866666666666666,0.7573099415204679,0.7318840579710144,0.5935672514619883,0.6031746031746031,0.29459636088859065,v26 main_pc0,4.0
43,blood,CBM,4,OK,0.7866666666666666,0.7719298245614037,0.7076923076923076,0.631578947368421,0.648711943793911,0.33062326126679026,v26 main_pc0,3.1
43,blood,CBM,5,OK,0.84,0.7865497076023392,0.7915690866510539,0.7426900584795322,0.7616525423728814,0.5320184909950707,v26 main_pc0,3.3
43,blood,CBM,6,OK,0.7333333333333333,0.6812865497076024,0.5755597014925373,0.5394736842105263,0.5347394540942928,0.10922673291384397,v26 main_pc0,5.2
43,blood,CBM,7,OK,0.7866666666666666,0.7139376218323588,0.7037470725995316,0.6695906432748537,0.6822033898305084,0.3717719575628205,v25(p_c=0),4.1
43,blood,CBM,8,OK,0.7297297297297297,0.6186790505675954,0.6181630546955624,0.6181630546955624,0.6181630546955624,0.23632610939112486,v26 main_pc0,8.5
43,blood,CBM,9,OK,0.8108108108108109,0.8513931888544891,0.767590618336887,0.6295149638802889,0.6518817204301075,0.37232775490745307,v26 main_pc0,4.4
43,car,CBM_KE,0,OK,0.9884393063583815,0.9984252665065738,0.9375,0.9285714285714286,0.9226190476190477,0.9750000104198729,v25(p_c=0),12.1
43,car,CBM_KE,1,OK,1.0,1.0,1.0,1.0,1.0,1.0,v26 main_pc0,45.1
43,car,CBM_KE,2,OK,1.0,1.0,1.0,1.0,1.0,1.0,v26 main_pc0,41.1
43,car,CBM_KE,3,OK,0.9884393063583815,0.9970979100049656,0.9959349593495935,0.9871794871794872,0.9913718723037102,0.974768236011377,v26 main_pc0,23.6
43,car,CBM_KE,4,OK,1.0,1.0,1.0,1.0,1.0,1.0,v26 main_pc0,52.6
43,car,CBM_KE,5,OK,0.9942196531791907,1.0,0.9979508196721312,0.993421052631579,0.9956378600823046,0.9874289994629426,v26 main_pc0,43.5
43,car,CBM_KE,6,OK,1.0,1.0,1.0,1.0,1.0,1.0,v26 main_pc0,24.5
43,car,CBM_KE,7,OK,0.9942196531791907,0.9999115340622518,0.9979508196721312,0.993421052631579,0.9956378600823046,0.9874289994629426,v26 main_pc0,10.8
43,car,CBM_KE,8,OK,1.0,1.0,1.0,1.0,1.0,1.0,v26 main_pc0,44.9
43,car,CBM_KE,9,OK,0.9883720930232558,0.9999509033778475,0.9913718723037102,0.9577067669172932,0.9731614768164476,0.9742450124860977,v26 main_pc0,43.5
43,car,CBM,0,OK,0.9942196531791907,0.9999124292713166,0.99375,0.9979338842975207,0.9957980986396344,0.9875198273466141,v26 main_pc0,21.9
43,car,CBM,1,OK,0.9942196531791907,1.0,0.9642857142857143,0.9935897435897436,0.9775224775224776,0.9874607602464589,v26 main_pc0,41.1
43,car,CBM,2,OK,0.9942196531791907,0.999251497005988,0.9642857142857143,0.9642857142857143,0.9615384615384617,0.9874287384885251,v26 main_pc0,52.6
43,car,CBM,3,OK,0.9826589595375722,0.9982211486464448,0.955826277547589,0.9162087912087912,0.934119378563823,0.9618514694725888,v25(p_c=0),6.6
43,car,CBM,4,OK,0.9826589595375722,0.9993012724472055,0.9817073170731707,0.9601534828807556,0.9691922265498215,0.9631374299632629,v26 main_pc0,37.5
43,car,CBM,5,OK,0.9884393063583815,1.0,0.9667008196721312,0.9868421052631579,0.9755477699922145,0.9749549125437694,v26 main_pc0,52.7
43,car,CBM,6,OK,1.0,1.0,1.0,1.0,1.0,1.0,v26 main_pc0,55.2
43,car,CBM,7,OK,0.9884393063583815,0.9999115340622518,0.9913549369290997,0.9913549369290997,0.9913549369290997,0.9748290411756148,v26 main_pc0,44.3
43,car,CBM,8,OK,0.9883720930232558,0.9997397584653047,0.9578754578754578,0.9958677685950413,0.9754391441891442,0.9750431521270315,v26 main_pc0,12.8
43,car,CBM,9,OK,1.0,1.0,1.0,1.0,1.0,1.0,v25(p_c=0),11.5
43,credit-g,CBM_KE,0,OK,0.78,0.8114285714285715,0.7390852390852392,0.719047619047619,0.7271825396825397,0.45769444991632735,v25(p_c=0),12.6
43,credit-g,CBM_KE,1,OK,0.76,0.7761904761904762,0.7156177156177156,0.6761904761904762,0.6881496881496881,0.3898193837652919,v26 main_pc0,21.2
43,credit-g,CBM_KE,2,OK,0.77,0.781904761904762,0.7549019607843137,0.6547619047619048,0.6702508960573477,0.3972360153788916,v25(p_c=0),10.4
43,credit-g,CBM_KE,3,OK,0.77,0.6833333333333332,0.7549019607843137,0.6547619047619048,0.6702508960573477,0.3972360153788916,v26 main_pc0,22.9
43,credit-g,CBM_KE,4,OK,0.7,0.7295238095238095,0.6470588235294117,0.6523809523809524,0.6493688639551192,0.2993924754260479,v25(p_c=0),16.8
43,credit-g,CBM_KE,5,OK,0.75,0.8266666666666667,0.7995391705069124,0.5928571428571429,0.585475045597745,0.3335527037640105,v26 main_pc0,13.4
43,credit-g,CBM_KE,6,OK,0.72,0.7495238095238096,0.6636904761904762,0.6571428571428571,0.6600291403593979,0.3207665139358924,v25(p_c=0),25.8
43,credit-g,CBM_KE,7,OK,0.74,0.7533333333333333,0.6875,0.6428571428571428,0.6533333333333333,0.3273268353539886,v26 main_pc0,18.0
43,credit-g,CBM_KE,8,OK,0.82,0.8200000000000001,0.7960526315789473,0.7571428571428571,0.7716894977168949,0.5518254055364692,v26 main_pc0,17.9
43,credit-g,CBM_KE,9,OK,0.68,0.7204761904761905,0.6091476091476091,0.6000000000000001,0.6031746031746031,0.20894746626614946,v26 main_pc0,11.7
43,credit-g,CBM,0,OK,0.76,0.8000000000000002,0.7156177156177156,0.6761904761904762,0.6881496881496881,0.3898193837652919,v25(p_c=0),9.2
43,credit-g,CBM,1,OK,0.72,0.6114285714285714,0.6558265582655827,0.6095238095238095,0.6162280701754386,0.26127930102654884,v25(p_c=0),27.0
43,credit-g,CBM,2,OK,0.78,0.8161904761904761,0.7390852390852392,0.719047619047619,0.7271825396825397,0.45769444991632735,v25(p_c=0),24.0
43,credit-g,CBM,3,OK,0.72,0.6614285714285715,0.6589912280701754,0.638095238095238,0.6448503297818367,0.2963506807510668,v26 main_pc0,10.7
43,credit-g,CBM,4,OK,0.67,0.6961904761904762,0.6153324287652646,0.6214285714285714,0.6176572818908586,0.2366825051781695,v26 main_pc0,10.8
43,credit-g,CBM,5,OK,0.79,0.8157142857142858,0.8138815207780725,0.669047619047619,0.6889349725966524,0.46069913718425354,v26 main_pc0,5.2
43,credit-g,CBM,6,OK,0.71,0.7828571428571428,0.652986886838271,0.65,0.6514004087029691,0.3029721639077798,v26 main_pc0,12.6
43,credit-g,CBM,7,OK,0.74,0.7876190476190476,0.6904761904761905,0.6904761904761905,0.6904761904761905,0.38095238095238093,v25(p_c=0),4.3
43,credit-g,CBM,8,OK,0.77,0.7942857142857144,0.7267414679756896,0.730952380952381,0.7287415968864253,0.4576744777224246,v26 main_pc0,7.9
43,credit-g,CBM,9,OK,0.65,0.7195238095238095,0.6051051051051051,0.6166666666666667,0.6072270227808326,0.22147019900891643,v26 main_pc0,14.2
43,diabetes,CBM_KE,0,OK,0.6883116883116883,0.788148148148148,0.655,0.6492592592592592,0.6515837104072397,0.30420509650684807,v26 main_pc0,10.3
43,diabetes,CBM_KE,1,OK,0.7792207792207793,0.8229629629629629,0.7579185520361991,0.7533333333333333,0.7554642256678498,0.5112313234371975,v26 main_pc0,9.9
43,diabetes,CBM_KE,2,OK,0.6623376623376623,0.731111111111111,0.6384992987377279,0.6462962962962963,0.6404454022988506,0.2846888437924036,v26 main_pc0,11.9
43,diabetes,CBM_KE,3,OK,0.8181818181818182,0.8637037037037036,0.8411764705882353,0.7577777777777778,0.7772727272727272,0.5931195913752998,v25(p_c=0),14.5
43,diabetes,CBM_KE,4,OK,0.7402597402597403,0.7881481481481482,0.7172619047619048,0.6892592592592592,0.6973270440251573,0.40555555555555556,v26 main_pc0,9.2
43,diabetes,CBM_KE,5,OK,0.7792207792207793,0.8192592592592594,0.7636363636363637,0.7362962962962962,0.745578231292517,0.49918452017784487,v26 main_pc0,28.0
43,diabetes,CBM_KE,6,OK,0.7142857142857143,0.7859259259259259,0.6846153846153846,0.6777777777777778,0.6806184012066365,0.36232865092627065,v26 main_pc0,12.5
43,diabetes,CBM_KE,7,OK,0.7792207792207793,0.8496296296296296,0.7914959016393442,0.7107407407407407,0.7257490048187722,0.49570177419236866,v26 main_pc0,5.4
43,diabetes,CBM_KE,8,OK,0.7236842105263158,0.8207692307692307,0.7014336917562725,0.7161538461538461,0.7052631578947368,0.41732801112835244,v26 main_pc0,10.9
43,diabetes,CBM_KE,9,OK,0.8026315789473685,0.8099999999999999,0.7868217054263565,0.813076923076923,0.7922361946418808,0.5993238089932998,v26 main_pc0,5.2
43,diabetes,CBM,0,OK,0.7272727272727273,0.7896296296296297,0.7015306122448979,0.7048148148148148,0.703030303030303,0.4063321549001754,v25(p_c=0),7.2
43,diabetes,CBM,1,OK,0.7142857142857143,0.7844444444444445,0.6839774557165862,0.6692592592592592,0.6742307692307692,0.3529299526817895,v25(p_c=0),14.8
43,diabetes,CBM,2,OK,0.7012987012987013,0.6562962962962963,0.6863885088919288,0.7018518518518518,0.687819495857571,0.3879322914310754,v25(p_c=0),2.9
43,diabetes,CBM,3,OK,0.8311688311688312,0.8955555555555554,0.8272727272727273,0.7933333333333333,0.8054421768707483,0.6196773353931867,v26 main_pc0,2.9
43,diabetes,CBM,4,OK,0.7272727272727273,0.754074074074074,0.7079861111111111,0.7218518518518519,0.711507582515611,0.4296142637737487,v26 main_pc0,10.7
43,diabetes,CBM,5,OK,0.7402597402597403,0.7814814814814813,0.7234848484848485,0.7403703703703703,0.7269503546099291,0.46354777877784786,v26 main_pc0,9.9
43,diabetes,CBM,6,OK,0.7532467532467533,0.8177777777777777,0.7390560875512996,0.758888888888889,0.7421117574475586,0.4975498563492141,v26 main_pc0,3.7
43,diabetes,CBM,7,OK,0.8051948051948052,0.8066666666666666,0.7857142857142857,0.7903703703703704,0.7878787878787878,0.5760658398584765,v26 main_pc0,5.2
43,diabetes,CBM,8,OK,0.6842105263157895,0.7684615384615384,0.6492307692307693,0.6492307692307693,0.6492307692307693,0.29846153846153844,v26 main_pc0,13.5
43,diabetes,CBM,9,OK,0.6973684210526315,0.8553846153846154,0.7111498257839721,0.7330769230769231,0.693064091308165,0.4436852564688467,v26 main_pc0,9.8
43,kr-vs-kp,CBM_KE,0,OK,0.99375,0.9999608625885484,0.993738014167743,0.993738014167743,0.993738014167743,0.9874760283354859,v26 main_pc0,44.9
43,kr-vs-kp,CBM_KE,1,OK,0.99375,0.9998825877656452,0.9935483870967742,0.9940119760479043,0.9937411985604757,0.9875602543337462,v25(p_c=0),35.2
43,kr-vs-kp,CBM_KE,2,OK,0.99375,0.9999608625885484,0.9940828402366864,0.9934640522875817,0.993734335839599,0.9875466986607835,v26 main_pc0,20.2
43,kr-vs-kp,CBM_KE,3,OK,1.0,1.0,1.0,1.0,1.0,1.0,v26 main_pc0,37.2
43,kr-vs-kp,CBM_KE,4,OK,1.0,1.0,1.0,1.0,1.0,1.0,v26 main_pc0,24.4
43,kr-vs-kp,CBM_KE,5,OK,0.99375,1.0,0.9940828402366864,0.9934640522875817,0.993734335839599,0.9875466986607835,v26 main_pc0,58.6
43,kr-vs-kp,CBM_KE,6,OK,0.9937304075235109,0.9998818153167349,0.9935064935064934,0.9940119760479043,0.9937199779510197,0.9875183401833406,v25(p_c=0),31.4
43,kr-vs-kp,CBM_KE,7,OK,0.9905956112852664,0.9976757012291207,0.9907363607694734,0.990427040655531,0.9905718930101965,0.9811633526671037,v26 main_pc0,47.4
43,kr-vs-kp,CBM_KE,8,OK,0.9968652037617555,0.9941301607311692,0.9967320261437909,0.9970059880239521,0.9968591542362034,0.9937379764037085,v25(p_c=0),36.0
43,kr-vs-kp,CBM_KE,9,OK,0.9843260188087775,0.9970863847547051,0.9848323471400394,0.9839160563823923,0.9842864883503275,0.9687479701854903,v26 main_pc0,111.2
43,kr-vs-kp,CBM,0,OK,0.99375,0.999804312942742,0.993738014167743,0.993738014167743,0.993738014167743,0.9874760283354859,v25(p_c=0),18.6
43,kr-vs-kp,CBM,1,OK,0.996875,0.9996477632969356,0.9970238095238095,0.9967320261437909,0.996868118424272,0.9937557928313525,v26 main_pc0,10.6
43,kr-vs-kp,CBM,2,OK,0.99375,0.9934640522875816,0.9940828402366864,0.9934640522875817,0.993734335839599,0.9875466986607835,v26 main_pc0,55.5
43,kr-vs-kp,CBM,3,OK,0.996875,1.0,0.9970238095238095,0.9967320261437909,0.996868118424272,0.9937557928313525,v26 main_pc0,52.1
43,kr-vs-kp,CBM,4,OK,1.0,1.0,1.0,1.0,1.0,1.0,v25(p_c=0),19.3
43,kr-vs-kp,CBM,5,OK,0.996875,0.9992172517709679,0.9970238095238095,0.9967320261437909,0.996868118424272,0.9937557928313525,v25(p_c=0),15.7
43,kr-vs-kp,CBM,6,OK,1.0,1.0,1.0,1.0,1.0,1.0,v26 main_pc0,83.4
43,kr-vs-kp,CBM,7,OK,0.9968652037617555,0.9985029940119761,0.9970238095238095,0.9967105263157895,0.9968572976700655,0.9937342864569987,v25(p_c=0),11.3
43,kr-vs-kp,CBM,8,OK,0.9968652037617555,0.9999212102111565,0.9967320261437909,0.9970059880239521,0.9968591542362034,0.9937379764037085,v26 main_pc0,10.0
43,kr-vs-kp,CBM,9,OK,0.9843260188087775,0.9952752185211434,0.9848323471400394,0.9839160563823923,0.9842864883503275,0.9687479701854903,v26 main_pc0,11.6
43,magic,CBM_KE,0,OK,0.867,0.9304562355409813,0.8550765740215542,0.8517486907317415,0.8533586923564597,0.7068174305196329,v25(p_c=0),148.5
43,magic,CBM_KE,1,OK,0.876,0.9269882659713168,0.8809659381250639,0.8436384707571148,0.8575367647058824,0.7236423215590602,v26 main_pc0,59.1
43,magic,CBM_KE,2,OK,0.902,0.946808370537184,0.9012105620499651,0.881329593194,0.8898599198000396,0.7822875696613089,v26 main_pc0,66.9
43,magic,CBM_KE,3,OK,0.891,0.9404606692742286,0.8901311866428145,0.8676223337240286,0.8770349863666771,0.7574191370493778,v26 main_pc0,682.3
43,magic,CBM_KE,4,OK,0.87,0.9237968560002459,0.869875333374682,0.8403241454088912,0.8518518518518519,0.7095844043905345,v26 main_pc0,76.6
43,magic,CBM_KE,5,OK,0.874,0.932352644217051,0.8912867394792371,0.8329404431099346,0.8519395913532721,0.7218730648119758,v26 main_pc0,77.3
43,magic,CBM_KE,6,OK,0.888,0.9347977822554094,0.8964770733662055,0.8561538900521952,0.8711096994554385,0.7515500036481502,v26 main_pc0,55.2
43,magic,CBM_KE,7,OK,0.896,0.9500524585270347,0.8970161905966214,0.8721284992471433,0.8824061510628675,0.7687419311668605,v26 main_pc0,79.6
43,magic,CBM_KE,8,OK,0.883,0.9367252747252748,0.8841510653567746,0.8552747252747253,0.866772792954672,0.7388617305250587,v26 main_pc0,54.8
43,magic,CBM_KE,9,OK,0.89,0.9335428571428571,0.889891900007507,0.8652747252747253,0.8754297673028053,0.7547652791751427,v26 main_pc0,62.7
43,magic,CBM,0,OK,0.855,0.9190558343100715,0.840989010989011,0.8405414422363575,0.8407641563410457,0.6815303062636231,v26 main_pc0,82.5
43,magic,CBM,1,OK,0.869,0.9145430840346095,0.8705025919716328,0.8375914731846935,0.8501101290082669,0.7073288226629845,v26 main_pc0,60.2
43,magic,CBM,2,OK,0.877,0.9127564212309973,0.8661549914917754,0.8627232779775152,0.8643843545852973,0.7288701908069117,v26 main_pc0,73.4
43,magic,CBM,3,OK,0.877,0.9147581859446267,0.8826076779026217,0.8444088867817682,0.8585685063109492,0.72601235367065,v26 main_pc0,398.8
43,magic,CBM,4,OK,0.861,0.9124447429532175,0.8509045680687471,0.8405853405853405,0.8452527668025993,0.6914129065287864,v26 main_pc0,285.9
43,magic,CBM,5,OK,0.867,0.9224491766864649,0.8610648456584499,0.842591495133868,0.8504123782069954,0.7034138051372254,v26 main_pc0,330.4
43,magic,CBM,6,OK,0.863,0.911544826799064,0.8482358836132421,0.8538997098319132,0.8508884111996953,0.7021127492469746,v25(p_c=0),45.4
43,magic,CBM,7,OK,0.783,0.9076466534093653,0.7741356030284033,0.7994613672579773,0.7754810860921396,0.5730375991048957,v26 main_pc0,59.5
43,magic,CBM,8,OK,0.852,0.9111252747252748,0.836063307761421,0.841978021978022,0.83881577514365,0.6780155315260616,v26 main_pc0,31.9
43,magic,CBM,9,OK,0.864,0.9142241758241759,0.8606132788868723,0.8353846153846154,0.8455044053964402,0.6955404972884289,v26 main_pc0,57.8
43,mfeat-factors,CBM_KE,0,OK,0.975,0.9947222222222223,0.9778656126482212,0.975,0.9754408382315359,0.9724653689616051,v25(p_c=0),18.4
43,mfeat-factors,CBM_KE,1,OK,0.99,0.9998333333333334,0.9904761904761905,0.99,0.9899937460913071,0.9889438317391072,v26 main_pc0,16.8
43,mfeat-factors,CBM_KE,2,OK,0.985,0.9999444444444444,0.9861471861471862,0.985,0.9849718103890119,0.9834699358669274,v26 main_pc0,19.5
43,mfeat-factors,CBM_KE,3,OK,0.975,0.9974999999999999,0.9759523809523809,0.975,0.9749776175899412,0.9723302649210303,v26 main_pc0,75.7
43,mfeat-factors,CBM_KE,4,OK,0.98,0.9994444444444446,0.9811471861471862,0.9799999999999999,0.9801067631555437,0.9778864378634362,v25(p_c=0),27.4
43,mfeat-factors,CBM_KE,5,OK,0.96,0.9966666666666667,0.961075415812258,0.96,0.9600884481372287,0.9556617460938126,v25(p_c=0),34.1
43,mfeat-factors,CBM_KE,6,OK,0.975,0.99975,0.9763852813852815,0.975,0.9752287143750559,0.9723302649210303,v26 main_pc0,72.9
43,mfeat-factors,CBM_KE,7,OK,0.975,0.9968888888888889,0.9763852813852815,0.975,0.9749686834346655,0.9723842997797743,v26 main_pc0,40.8
43,mfeat-factors,CBM_KE,8,OK,0.955,0.9986666666666666,0.9576975454213306,0.9550000000000001,0.9540594983649587,0.9505017861712359,v26 main_pc0,22.8
43,mfeat-factors,CBM_KE,9,OK,0.98,0.9968055555555557,0.9813852813852814,0.9800000000000001,0.9799686834346655,0.9779407814928016,v26 main_pc0,49.8
43,mfeat-factors,CBM,0,OK,0.975,0.9938333333333332,0.9763852813852815,0.975,0.975103636201197,0.9723572812243633,v25(p_c=0),16.7
43,mfeat-factors,CBM,1,OK,0.985,0.9997222222222224,0.9857142857142858,0.985,0.9849906191369605,0.9834152880222562,v26 main_pc0,67.7
43,mfeat-factors,CBM,2,OK,0.98,0.9996666666666666,0.9807142857142856,0.9800000000000001,0.979855666370429,0.9778864378634362,v26 main_pc0,57.8
43,mfeat-factors,CBM,3,OK,0.975,0.9981944444444444,0.9759523809523809,0.975,0.9745716917668137,0.9724113205875764,v26 main_pc0,65.2
43,mfeat-factors,CBM,4,OK,0.99,1.0,0.9904761904761905,0.99,0.9899937460913073,0.9889438317391072,v25(p_c=0),31.4
43,mfeat-factors,CBM,5,OK,0.98,0.9983611111111111,0.9804761904761904,0.9800000000000001,0.9798587933247754,0.9778592694458592,v26 main_pc0,32.6
43,mfeat-factors,CBM,6,OK,0.98,0.9998333333333334,0.9807142857142856,0.9799999999999999,0.9799906191369606,0.9778592694458592,v25(p_c=0),21.8
43,mfeat-factors,CBM,7,OK,0.98,0.9953888888888889,0.9813852813852815,0.9800000000000001,0.9799686834346655,0.9779407814928016,v25(p_c=0),13.6
43,mfeat-factors,CBM,8,OK,0.955,0.992388888888889,0.9569552669552669,0.9549999999999998,0.9546408374264599,0.9502904108895494,v26 main_pc0,15.2
43,mfeat-factors,CBM,9,OK,0.98,0.9991388888888888,0.9807142857142856,0.9799999999999999,0.979855666370429,0.9778864378634362,v26 main_pc0,26.3
43,optdigits,CBM_KE,0,OK,0.9928825622775801,0.9998116828188663,0.9930710945979794,0.9928560036454774,0.9929010790629409,0.9921053467825536,v26 main_pc0,41.8
43,optdigits,CBM_KE,1,OK,0.9804270462633452,0.9978193389767908,0.980720551378446,0.9806660459927248,0.9805259435497993,0.9782895502162672,v25(p_c=0),31.3
43,optdigits,CBM_KE,2,OK,0.9893238434163701,0.9988862380203349,0.9895006324588902,0.9893159033948509,0.9893462420916077,0.9881511921370587,v26 main_pc0,32.2
43,optdigits,CBM_KE,3,OK,0.9857651245551602,0.9983198097923556,0.9860190364865993,0.9858071314650262,0.9858527693581385,0.984196898702275,v25(p_c=0),34.9
43,optdigits,CBM_KE,4,OK,0.9911032028469751,0.9993299002306903,0.9914912280701754,0.9909415584415585,0.9910613813268678,0.9901490675153852,v26 main_pc0,185.9
43,optdigits,CBM_KE,5,OK,0.9893238434163701,0.9976617134169319,0.9895644283121598,0.9894110275689224,0.9893329802621837,0.988172425130057,v26 main_pc0,261.4
43,optdigits,CBM_KE,6,OK,0.9822064056939501,0.9977076085718757,0.9829913767469523,0.9820118478013216,0.9821138168867403,0.9803112410960075,v26 main_pc0,197.2
43,optdigits,CBM_KE,7,OK,0.9857651245551602,0.9998177539640201,0.9862530266343825,0.9857769423558898,0.9858161816818273,0.9842281186434746,v26 main_pc0,226.2
43,optdigits,CBM_KE,8,OK,0.9804270462633452,0.9998001494052448,0.9811289365247863,0.9803850535429482,0.980486092376885,0.9783139501318792,v25(p_c=0),47.6
43,optdigits,CBM_KE,9,OK,0.9893238434163701,0.9985996608673945,0.9894951597449368,0.9892845750740488,0.9893128140183919,0.9881547103629374,v26 main_pc0,174.0
43,optdigits,CBM,0,OK,0.9893238434163701,0.9985224394887796,0.9895309943473528,0.9892845750740488,0.9893286536472459,0.9881544187530895,v25(p_c=0),45.7
43,optdigits,CBM,1,OK,0.9804270462633452,0.9995741253029923,0.9806821710274599,0.9805049064667939,0.9804090736182266,0.9782925344885328,v26 main_pc0,85.8
43,optdigits,CBM,2,OK,0.9768683274021353,0.9993359279902119,0.9769901805439251,0.9768449532923217,0.9768235078601414,0.9743179304431862,v26 main_pc0,66.9
43,optdigits,CBM,3,OK,0.9893238434163701,0.9982746233515147,0.9896164428791548,0.9893159033948506,0.9893759644524287,0.9881581035402397,v25(p_c=0),36.3
43,optdigits,CBM,4,OK,0.9857651245551602,0.9984645144661902,0.9860981956807728,0.9856470722260197,0.985735890960607,0.9842140456633,v26 main_pc0,20.7
43,optdigits,CBM,5,OK,0.9911032028469751,0.9992582146002311,0.9911967418546366,0.9911967418546366,0.9911028917666085,0.9901355482677109,v25(p_c=0),35.4
43,optdigits,CBM,6,OK,0.9768683274021353,0.997837257966373,0.9777841649875547,0.9767498291182501,0.9769205289623819,0.9743760301403744,v26 main_pc0,25.1
43,optdigits,CBM,7,OK,0.9839857651245552,0.9996093180746646,0.9844765515483624,0.9839912280701755,0.9840119265789408,0.9822543721985849,v26 main_pc0,58.8
43,optdigits,CBM,8,OK,0.9857651245551602,0.9979909470029,0.9862183235867447,0.9857746639325586,0.9857862812345038,0.9842318580139224,v25(p_c=0),30.5
43,optdigits,CBM,9,OK,0.9857651245551602,0.999513918769399,0.9858654080341921,0.9857758031442243,0.9857744164140856,0.9841936029568805,v25(p_c=0),31.6
43,page-blocks,CBM_KE,0,OK,0.9708029197080292,0.9969754378121267,0.8017126789366052,0.9005081300813007,0.8405822469016577,0.8503385633787459,v25(p_c=0),293.1
43,page-blocks,CBM_KE,1,OK,0.968978102189781,0.994215841567477,0.6936310843627916,0.7123001913225946,0.7020228252345329,0.837728803443409,v26 main_pc0,200.8
43,page-blocks,CBM_KE,2,OK,0.968978102189781,0.9806099089909986,0.8444362654888969,0.8400779691003724,0.8164616432636735,0.8355964476293238,v26 main_pc0,229.9
43,page-blocks,CBM_KE,3,OK,0.9762340036563071,0.9874523951496723,0.7346826902804132,0.6917072970026127,0.7110809442862569,0.8704523940305187,v25(p_c=0),51.5
43,page-blocks,CBM_KE,4,OK,0.9670932358318098,0.9959189590757722,0.8356770015698587,0.8771420930280401,0.8513262195021504,0.8283652256857218,v26 main_pc0,288.6
43,page-blocks,CBM_KE,5,OK,0.9670932358318098,0.994415018945738,0.8080343226662243,0.8141084984262174,0.8072538489079841,0.8296723093724317,v26 main_pc0,184.8
43,page-blocks,CBM_KE,6,OK,0.9634369287020109,0.9871607071871381,0.7826482932194355,0.6993807731078607,0.7354129530600118,0.7967884059325377,v26 main_pc0,178.6
43,page-blocks,CBM_KE,7,OK,0.9670932358318098,0.9953331329061917,0.8246747967479674,0.8270443744985496,0.8249892435918028,0.8253953478021586,v26 main_pc0,227.5
43,page-blocks,CBM_KE,8,OK,0.9542961608775137,0.9952273829571918,0.6445009009009008,0.5262934220251294,0.5611930363543267,0.7396359039291176,v26 main_pc0,242.9
43,page-blocks,CBM_KE,9,OK,0.9670932358318098,0.9812947801879541,0.6614594383944229,0.6573540280857355,0.6591327909355243,0.8206822547879588,v26 main_pc0,135.1
43,page-blocks,CBM,0,OK,0.9762773722627737,0.9838557320278595,0.8312883435582823,0.9238313008130081,0.8667229929835687,0.8784463328750222,v26 main_pc0,116.0
43,page-blocks,CBM,1,OK,0.9708029197080292,0.9851883501246135,0.83897458369851,0.8952261926803677,0.8617884282899763,0.8511609382999744,v26 main_pc0,86.8
43,page-blocks,CBM,2,OK,0.9744525547445255,0.9925141847077725,0.836717135264591,0.9068423542965294,0.8541697431730642,0.8698912960038784,v26 main_pc0,106.6
43,page-blocks,CBM,3,OK,0.9744058500914077,0.9610205411137474,0.8598218276568792,0.9256269415128886,0.889893924783028,0.8729807715095166,v26 main_pc0,92.4
43,page-blocks,CBM,4,OK,0.9579524680073126,0.99176807512056,0.7981225914910126,0.9437758439795101,0.8531074722379071,0.8126112768699927,v26 main_pc0,63.3
43,page-blocks,CBM,5,OK,0.9634369287020109,0.9872210963325507,0.783826967463331,0.8795531691662039,0.826818484337935,0.8196620960108826,v26 main_pc0,77.3
43,page-blocks,CBM,6,OK,0.9634369287020109,0.9169338938058702,0.7642224475997296,0.7284618074842107,0.7387243212966358,0.8048320416934563,v26 main_pc0,83.5
43,page-blocks,CBM,7,OK,0.9652650822669104,0.9888649876281811,0.8028395423877971,0.8985496512991421,0.8397142712428852,0.8236186019621895,v26 main_pc0,87.2
43,page-blocks,CBM,8,OK,0.9762340036563071,0.9881842896792824,0.9147326927814733,0.923318551367332,0.9180755846154136,0.8726878806438811,v26 main_pc0,85.3
43,page-blocks,CBM,9,OK,0.9378427787934186,0.9766669169147052,0.7073363988257605,0.8882113821138212,0.7770075757575758,0.7371364980368315,v26 main_pc0,65.3
43,pendigits,CBM_KE,0,OK,0.987,0.9991230399326421,0.9875170557079768,0.9871864333891442,0.9872982455632204,0.9855644579834346,v26 main_pc0,206.3
43,pendigits,CBM_KE,1,OK,0.996,0.9999170811819311,0.996016251753737,0.9960625752207255,0.9960290630955854,0.9955569731116076,v25(p_c=0),60.1
43,pendigits,CBM_KE,2,OK,0.996,0.9998861850480634,0.995975662367415,0.9958111774281063,0.9958605762623367,0.9955613593751054,v26 main_pc0,356.0
43,pendigits,CBM_KE,3,OK,0.994,0.9978195854521859,0.9940186426259169,0.9940886017581623,0.9940202333089765,0.9933398901062961,v26 main_pc0,179.7
43,pendigits,CBM_KE,4,OK,0.996,0.9994284354905218,0.9959548355424644,0.995923974289411,0.9959186095671942,0.9955592302690386,v25(p_c=0),98.6
43,pendigits,CBM_KE,5,OK,0.997,0.9995050972906159,0.9969962830493022,0.9969360484291384,0.9969560713860673,0.9966682966082158,v26 main_pc0,446.6
43,pendigits,CBM_KE,6,OK,0.994,0.9995682526518271,0.9940657803231872,0.9939903846153847,0.9939929168248864,0.9933398457118476,v26 main_pc0,394.3
43,pendigits,CBM_KE,7,OK,0.991,0.9970179587385047,0.991081417940283,0.9908852809561571,0.990927731349165,0.9900101468760881,v26 main_pc0,101.0
43,pendigits,CBM_KE,8,OK,0.997,0.9999463335088781,0.9971608265947889,0.9970165857605178,0.9970651977818108,0.9966715603710168,v26 main_pc0,57.4
43,pendigits,CBM_KE,9,OK,0.999,0.9999663659004743,0.9989583333333334,0.9990384615384615,0.9989933480031363,0.9988898076061209,v26 main_pc0,217.4
43,pendigits,CBM,0,OK,0.987,0.998979024750599,0.9875854243662063,0.987064479018682,0.9872691313894724,0.9855641539545432,v26 main_pc0,61.7
43,pendigits,CBM,1,OK,0.995,0.9995256812293499,0.995017642243717,0.995101036759187,0.9950390527465656,0.9944479080690456,v25(p_c=0),55.4
43,pendigits,CBM,2,OK,0.996,0.9996237591670661,0.995975662367415,0.9958111774281063,0.9958605762623367,0.9955613593751054,v26 main_pc0,53.2
43,pendigits,CBM,3,OK,0.994,0.9990938079851738,0.9939478497456579,0.9939883511315959,0.993943987330194,0.9933376600671138,v26 main_pc0,85.6
43,pendigits,CBM,4,OK,0.994,0.9988838720197244,0.9938712761284656,0.993890950553601,0.9938608010132421,0.9933366746425781,v26 main_pc0,358.6
43,pendigits,CBM,5,OK,0.998,0.9999942701919584,0.9979486640016832,0.9979164405860012,0.9979271511230273,0.997778501366338,v25(p_c=0),355.1
43,pendigits,CBM,6,OK,0.993,0.9987491888419179,0.9930772729624537,0.993118131868132,0.9930835775157506,0.992224181842996,v26 main_pc0,43.0
43,pendigits,CBM,7,OK,0.992,0.9980465515382855,0.9919868750307756,0.9919177901136665,0.991893189746744,0.9911227380869979,v26 main_pc0,86.6
43,pendigits,CBM,8,OK,0.995,0.9998441264928667,0.9950204240420151,0.995093508837441,0.9950176817247604,0.9944523717837364,v26 main_pc0,42.9
43,pendigits,CBM,9,OK,0.999,0.9998603944352755,0.9989583333333334,0.9990384615384615,0.9989933480031363,0.9988898076061209,v26 main_pc0,44.3
43,phoneme,CBM_KE,0,OK,0.88909426987061,0.9555632388290691,0.8692389326864767,0.860886100958214,0.8648851148851149,0.7300772527320516,v25(p_c=0),388.9
43,phoneme,CBM_KE,1,OK,0.8946395563770795,0.9444663966544832,0.8717873546369588,0.8758273239158352,0.8737642305377823,0.7476037628555807,v25(p_c=0),295.3
43,phoneme,CBM_KE,2,OK,0.9075785582255084,0.962428792518687,0.8946205999178194,0.8794823668872864,0.8865314272291016,0.7739549322261472,v25(p_c=0),314.4
43,phoneme,CBM_KE,3,OK,0.8946395563770795,0.9511673087688103,0.8778005115089513,0.8648128025288946,0.8708976500584031,0.7424997330650845,v25(p_c=0),405.6
43,phoneme,CBM_KE,4,OK,0.8759259259259259,0.9397905759162304,0.8551435841512177,0.8399330638213268,0.8469381279746167,0.6949102004058096,v25(p_c=0),307.6
43,phoneme,CBM_KE,5,OK,0.8981481481481481,0.9547186692292399,0.8765166146684495,0.8779077473656306,0.8772072716448024,0.7544230794324545,v25(p_c=0),328.4
43,phoneme,CBM_KE,6,OK,0.9055555555555556,0.9493670886075949,0.8898772536134425,0.8794320365829412,0.8844017981942502,0.769238377503131,v25(p_c=0),413.7
43,phoneme,CBM_KE,7,OK,0.8740740740740741,0.9395089137782492,0.8449500768049155,0.8571807276824177,0.8506126832761062,0.7020242715099972,v25(p_c=0),327.4
43,phoneme,CBM_KE,8,OK,0.8814814814814815,0.9445187276118787,0.8716049382716049,0.8353885009656812,0.8504439943916497,0.7060652185127322,v26 main_pc0,91.2
43,phoneme,CBM_KE,9,OK,0.8851851851851852,0.9560408722494594,0.8656088799605033,0.8545040360520972,0.8597402597402597,0.7200272871564942,v25(p_c=0),346.9
43,phoneme,CBM,0,OK,0.8927911275415896,0.9522868714807863,0.8660624528776074,0.8836971912147256,0.873983935742972,0.7495522262746227,v25(p_c=0),70.4
43,phoneme,CBM,1,OK,0.8817005545286506,0.9358556422667852,0.8522948239143184,0.8758437880733643,0.8623146910988102,0.7277577100617931,v25(p_c=0),82.1
43,phoneme,CBM,2,OK,0.8853974121996303,0.947199446804307,0.8657242316182714,0.8545967927821134,0.8598445595854922,0.7202350715552299,v26 main_pc0,30.8
43,phoneme,CBM,3,OK,0.8817005545286506,0.9381441601633245,0.8537537537537538,0.8685007738154038,0.8604771115409413,0.7221039592700267,v25(p_c=0),81.4
43,phoneme,CBM,4,OK,0.8833333333333333,0.9503611902710585,0.8572439830108542,0.8637252303002187,0.8603671825939196,0.7209400807112623,v26 main_pc0,76.9
43,phoneme,CBM,5,OK,0.9,0.947677115779707,0.8751920122887865,0.8884949300815164,0.8813688955427902,0.763571069596735,v25(p_c=0),81.5
43,phoneme,CBM,6,OK,0.8944444444444445,0.9434521837099874,0.872059624622394,0.8734342898800451,0.8727420815227952,0.7454926470835237,v26 main_pc0,139.1
43,phoneme,CBM,7,OK,0.8666666666666667,0.9327490224666976,0.8355978260869565,0.8519451255881768,0.8429090909090909,0.6873485841966739,v25(p_c=0),89.2
43,phoneme,CBM,8,OK,0.8851851851851852,0.9278627907360637,0.8667158722257505,0.8526717179220522,0.8591952089361417,0.7192504894600746,v26 main_pc0,40.6
43,phoneme,CBM,9,OK,0.8888888888888888,0.944122550718896,0.8609048886398656,0.8827811617887387,0.8703917050691243,0.7433642245058693,v25(p_c=0),94.2
43,satimage,CBM_KE,0,OK,0.9222395023328149,0.992041954933497,0.9065785177854856,0.9046503614936287,0.904493962132229,0.9042988569608031,v26 main_pc0,420.3
43,satimage,CBM_KE,1,OK,0.9253499222395023,0.9933278191563216,0.9164936203526808,0.9079213990314798,0.9114018061284339,0.9079624012428791,v26 main_pc0,361.7
43,satimage,CBM_KE,2,OK,0.9253499222395023,0.9949634147684767,0.9118841928052456,0.9081311623430247,0.909661768315185,0.9078814839138375,v26 main_pc0,244.2
43,satimage,CBM_KE,3,OK,0.9393468118195957,0.9944116431329818,0.9304485616566991,0.931049973951105,0.9304230507402714,0.925236498766873,v25(p_c=0),72.0
43,satimage,CBM_KE,4,OK,0.9237947122861586,0.9920037941912279,0.9080939764607684,0.9031186684587116,0.9053550192246805,0.9059394375287838,v26 main_pc0,87.3
43,satimage,CBM_KE,5,OK,0.9206842923794712,0.9918191277433018,0.9087338669226077,0.9008153157841687,0.9042216131410505,0.9020481014481198,v26 main_pc0,201.5
43,satimage,CBM_KE,6,OK,0.9284603421461898,0.9940999242151793,0.9186260449845495,0.9190742103791264,0.9183507136510575,0.9117979864417178,v25(p_c=0),74.3
43,satimage,CBM_KE,7,OK,0.9237947122861586,0.9913626187377834,0.9097101352236939,0.9108537170736839,0.909407723141619,0.9064745223599343,v26 main_pc0,45.9
43,satimage,CBM_KE,8,OK,0.9191290824261276,0.9903286868270295,0.9051795059348838,0.9048406342192589,0.9046850914065999,0.9002948128725609,v25(p_c=0),172.9
43,satimage,CBM_KE,9,OK,0.9160186625194401,0.9877522135489826,0.9172469223365102,0.8957756499221756,0.9032546810737738,0.8970189384468907,v25(p_c=0),152.1
43,satimage,CBM,0,OK,0.9066874027993779,0.9826147324913096,0.8886361636581004,0.8884514602754049,0.888481294226385,0.8848801556556746,v26 main_pc0,153.1
43,satimage,CBM,1,OK,0.9129082426127527,0.9822023849758844,0.9068722645187393,0.8890765921281439,0.8957365631292173,0.8926862764690922,v26 main_pc0,251.1
43,satimage,CBM,2,OK,0.9237947122861586,0.9911628882921083,0.9076992347546976,0.9116042629143236,0.9094459857022176,0.9060924794593666,v26 main_pc0,45.8
43,satimage,CBM,3,OK,0.9362363919129082,0.993519600003975,0.9284726814897378,0.9220083646848063,0.9246058118551034,0.9213879927922788,v26 main_pc0,48.3
43,satimage,CBM,4,OK,0.9144634525660964,0.9925816826117081,0.9069201628361475,0.8897573422100887,0.8974339887771788,0.8944109464487341,v25(p_c=0),91.6
43,satimage,CBM,5,OK,0.9129082426127527,0.9855731610287592,0.8972238071169544,0.8959124234848389,0.8961849157960381,0.8926005737012171,v26 main_pc0,63.6
43,satimage,CBM,6,OK,0.9129082426127527,0.9855900239288681,0.9007455875310998,0.8936581377963247,0.8964933530234775,0.8924644280981319,v26 main_pc0,227.9
43,satimage,CBM,7,OK,0.911353032659409,0.9812667419388849,0.9004308488016689,0.8906157752615913,0.8938390574576928,0.8908544783265877,v26 main_pc0,71.3
43,satimage,CBM,8,OK,0.9129082426127527,0.9837970038181713,0.8979939799295873,0.8880052756626907,0.8920920236021231,0.8925630496593884,v26 main_pc0,43.1
43,satimage,CBM,9,OK,0.9129082426127527,0.9886772540491631,0.9222860304463919,0.8906374861537992,0.9008252374139314,0.8933517425021846,v26 main_pc0,56.6
43,segment,CBM_KE,0,OK,0.961038961038961,0.9960426778608598,0.9626022126022126,0.961038961038961,0.9600602296254471,0.9551094400921768,v26 main_pc0,47.6
43,segment,CBM_KE,1,OK,0.974025974025974,0.9964580873671782,0.9761526232114467,0.974025974025974,0.9737305443342006,0.9701425001453319,v25(p_c=0),23.5
43,segment,CBM_KE,2,OK,0.9783549783549783,0.9966329966329966,0.9797979797979798,0.9783549783549784,0.9785163077088542,0.9749393352895842,v26 main_pc0,76.8
43,segment,CBM_KE,3,OK,0.9653679653679653,0.9970046788228607,0.9669011544011544,0.9653679653679654,0.9657936266631919,0.9597218660400619,v26 main_pc0,87.3
43,segment,CBM_KE,4,OK,0.9783549783549783,0.9994534085443175,0.9796626984126985,0.9783549783549784,0.9785903408186017,0.9748966898229371,v26 main_pc0,15.2
43,segment,CBM_KE,5,OK,0.9653679653679653,0.9944029034938126,0.9656066972243442,0.9653679653679654,0.9653620011828968,0.9596379229045877,v26 main_pc0,13.1
43,segment,CBM_KE,6,OK,0.9653679653679653,0.997922952468407,0.9654568645640074,0.9653679653679654,0.9652288887583006,0.9596589066234533,v26 main_pc0,25.9
43,segment,CBM_KE,7,OK,0.9783549783549783,0.9991691809873628,0.9788178027809363,0.9783549783549784,0.9783390628978864,0.9748327321144485,v26 main_pc0,88.0
43,segment,CBM_KE,8,OK,0.9956709956709957,0.9993222265949538,0.9957983193277311,0.9956709956709957,0.9956700016401508,0.9949712488986399,v25(p_c=0),28.7
43,segment,CBM_KE,9,OK,0.9696969696969697,0.9973763610127246,0.9695203594634335,0.9696969696969697,0.9694203495509466,0.9647097429741031,v26 main_pc0,92.5
43,segment,CBM,0,OK,0.9696969696969697,0.9977043158861341,0.9707482993197278,0.9696969696969697,0.9689920159082878,0.9650474378275279,v25(p_c=0),20.9
43,segment,CBM,1,OK,0.9783549783549783,0.9957365866456775,0.9796918767507002,0.9783549783549784,0.9781756415278845,0.9750246430147587,v26 main_pc0,12.5
43,segment,CBM,2,OK,0.9696969696969697,0.9984914075823168,0.9708606805380998,0.9696969696969697,0.9698636508419117,0.9647941334517149,v25(p_c=0),15.0
43,segment,CBM,3,OK,0.9696969696969697,0.9965674056583147,0.9698242933537051,0.9696969696969697,0.9696959756661249,0.9646675560387828,v26 main_pc0,10.0
43,segment,CBM,4,OK,0.9826839826839827,0.9943373125191306,0.9831932773109244,0.9826839826839827,0.9826769312776775,0.979883678912969,v26 main_pc0,14.9
43,segment,CBM,5,OK,0.9567099567099567,0.9954086317722682,0.9590194698569082,0.9567099567099567,0.9569404112923624,0.9498064942582288,v26 main_pc0,46.5
43,segment,CBM,6,OK,0.9653679653679653,0.9963924963924964,0.9652210884353742,0.9653679653679654,0.9647346117934354,0.9597848378498498,v26 main_pc0,7.1
43,segment,CBM,7,OK,0.9783549783549783,0.9993003629367266,0.979224417039543,0.9783549783549784,0.9783327170759756,0.9748966898229371,v25(p_c=0),61.3
43,segment,CBM,8,OK,0.9956709956709957,0.9992347719620447,0.9957983193277311,0.9956709956709957,0.9956700016401508,0.9949712488986399,v26 main_pc0,79.5
43,segment,CBM,9,OK,0.974025974025974,0.9994096812278629,0.9741453399541635,0.974025974025974,0.9740229919334398,0.9697181715154257,v26 main_pc0,16.2
43,spambase,CBM_KE,0,OK,0.9349240780911063,0.978317381543188,0.9334478103783699,0.9299992122572768,0.9316429418742586,0.8634401357762806,v26 main_pc0,95.9
43,spambase,CBM_KE,1,OK,0.941304347826087,0.978791659240777,0.935595460199005,0.9438503732747183,0.9391268973832407,0.8794070902741257,v26 main_pc0,66.9
43,spambase,CBM_KE,2,OK,0.9565217391304348,0.9831877858967504,0.9552873814588759,0.9534842274104438,0.9543650793650793,0.9087698199887634,v26 main_pc0,119.8
43,spambase,CBM_KE,3,OK,0.9543478260869566,0.9855838729479792,0.9504552232948749,0.9546030614467613,0.952402304004415,0.9050487800213524,v26 main_pc0,151.2
43,spambase,CBM_KE,4,OK,0.9282608695652174,0.9791481019426127,0.9245197248794371,0.9253351551515872,0.924922474294108,0.8498544888308927,v26 main_pc0,21.7
43,spambase,CBM_KE,5,OK,0.9717391304347827,0.9871284579892671,0.969977863862756,0.9708806114972574,0.9704240050249516,0.9408580422696493,v26 main_pc0,146.9
43,spambase,CBM_KE,6,OK,0.9543478260869566,0.9854254539693855,0.9543854033290653,0.9497514802273312,0.951938146484171,0.9041250084826545,v25(p_c=0),56.2
43,spambase,CBM_KE,7,OK,0.9478260869565217,0.9774649002950554,0.9429118100704816,0.9492267173607398,0.9457493857493857,0.8921161774528381,v26 main_pc0,87.2
43,spambase,CBM_KE,8,OK,0.9630434782608696,0.983338603842201,0.963616218482362,0.9589888528737449,0.9611716046256437,0.9225934669070291,v26 main_pc0,142.6
43,spambase,CBM_KE,9,OK,0.9304347826086956,0.9758676575223337,0.9255710262828536,0.9301130524152107,0.9276658476658477,0.855672023929711,v26 main_pc0,62.5
43,spambase,CBM,0,OK,0.93058568329718,0.9774114774114775,0.9297348484848484,0.9245047067627713,0.9269384682435913,0.854223544142409,v26 main_pc0,79.0
43,spambase,CBM,1,OK,0.9434782608695652,0.9807124893562248,0.9394594594594594,0.9427315392384008,0.9410151703458207,0.8821849305431647,v26 main_pc0,26.6
43,spambase,CBM,2,OK,0.9543478260869566,0.9828313431949147,0.9534425053789146,0.9507217964712172,0.9520355115963832,0.9041602084161722,v25(p_c=0),27.3
43,spambase,CBM,3,OK,0.9434782608695652,0.9820788530465949,0.9394594594594594,0.9427315392384008,0.9410151703458207,0.8821849305431647,v26 main_pc0,19.1
43,spambase,CBM,4,OK,0.9282608695652174,0.9712865601299037,0.9233772859273213,0.9272757876393591,0.9252036205783662,0.8506441401977924,v25(p_c=0),18.8
43,spambase,CBM,5,OK,0.9608695652173913,0.9869898413829977,0.9590090892888968,0.9590090892888968,0.9590090892888968,0.9180181785777937,v26 main_pc0,108.6
43,spambase,CBM,6,OK,0.9304347826086956,0.9797025683676905,0.9304747135002316,0.9232460048713835,0.9265337086502565,0.8536901140042011,v26 main_pc0,74.3
43,spambase,CBM,7,OK,0.95,0.9851482207568467,0.9445351368159205,0.9529594645438524,0.9481451348079458,0.8974550630378492,v26 main_pc0,24.3
43,spambase,CBM,8,OK,0.9586956521739131,0.9798007747648035,0.9572169745935564,0.9563404221677603,0.9567735458056985,0.9135569762380223,v25(p_c=0),17.9
43,spambase,CBM,9,OK,0.9260869565217391,0.9783184441457823,0.9200449577552128,0.9284133133053996,0.9235372340425532,0.8484170014542078,v26 main_pc0,28.8
43,tic-tac-toe,CBM_KE,0,OK,0.9895833333333334,1.0,0.9920634920634921,0.9852941176470589,0.9885373134328358,0.977334166408364,v26 main_pc0,28.8
43,tic-tac-toe,CBM_KE,1,OK,0.9583333333333334,0.997628083491461,0.95,0.9611005692599621,0.9550351288056206,0.9110329437884953,v26 main_pc0,29.7
43,tic-tac-toe,CBM_KE,2,OK,0.96875,0.9836459836459837,0.9772727272727273,0.9545454545454546,0.964562569213732,0.9315409787235999,v25(p_c=0),10.1
43,tic-tac-toe,CBM_KE,3,OK,0.9895833333333334,1.0,0.9921875,0.9848484848484849,0.9883706844336766,0.9770084209183943,v26 main_pc0,21.3
43,tic-tac-toe,CBM_KE,4,OK,0.9479166666666666,0.9884559884559885,0.9530303030303031,0.9314574314574314,0.94093761535622,0.8842246115503377,v26 main_pc0,24.9
43,tic-tac-toe,CBM_KE,5,OK,0.9895833333333334,0.9990379990379991,0.9921875,0.9848484848484849,0.9883706844336766,0.9770084209183943,v26 main_pc0,7.1
43,tic-tac-toe,CBM_KE,6,OK,0.9895833333333334,1.0,0.9852941176470589,0.9920634920634921,0.9885373134328358,0.977334166408364,v26 main_pc0,6.9
43,tic-tac-toe,CBM_KE,7,OK,1.0,1.0,1.0,1.0,1.0,1.0,v26 main_pc0,8.8
43,tic-tac-toe,CBM_KE,8,OK,0.9789473684210527,0.9970674486803519,0.984375,0.9696969696969697,0.9764384920634921,0.9539590550898287,v26 main_pc0,7.1
43,tic-tac-toe,CBM_KE,9,OK,0.9789473684210527,0.9990224828934506,0.9767839687194526,0.9767839687194526,0.9767839687194526,0.9535679374389052,v26 main_pc0,15.6
43,tic-tac-toe,CBM,0,OK,1.0,1.0,1.0,1.0,1.0,1.0,v26 main_pc0,11.7
43,tic-tac-toe,CBM,1,OK,0.9791666666666666,0.9981024667931688,0.9772296015180266,0.9772296015180266,0.9772296015180266,0.9544592030360531,v25(p_c=0),4.3
43,tic-tac-toe,CBM,2,OK,0.9791666666666666,0.9990379990379991,0.976911976911977,0.976911976911977,0.976911976911977,0.9538239538239538,v25(p_c=0),9.3
43,tic-tac-toe,CBM,3,OK,1.0,1.0,1.0,1.0,1.0,1.0,v25(p_c=0),7.6
43,tic-tac-toe,CBM,4,OK,0.9583333333333334,0.9826839826839826,0.9607940446650125,0.9466089466089466,0.953125,0.9072921092823789,v26 main_pc0,7.4
43,tic-tac-toe,CBM,5,OK,0.9895833333333334,0.9846079846079846,0.9921875,0.9848484848484849,0.9883706844336766,0.9770084209183943,v25(p_c=0),5.4
43,tic-tac-toe,CBM,6,OK,0.9791666666666666,0.9990379990379991,0.9846153846153847,0.9696969696969697,0.9765625,0.9541957401338105,v25(p_c=0),7.7
43,tic-tac-toe,CBM,7,OK,0.9895833333333334,0.9848484848484849,0.9921875,0.9848484848484849,0.9883706844336766,0.9770084209183943,v25(p_c=0),7.1
43,tic-tac-toe,CBM,8,OK,0.9894736842105263,1.0,0.9920634920634921,0.9848484848484849,0.9883076923076923,0.9768853332428297,v25(p_c=0),6.0
43,tic-tac-toe,CBM,9,OK,0.9894736842105263,0.9990224828934506,0.9852941176470589,0.9919354838709677,0.9884722727824293,0.9772070335081308,v26 main_pc0,3.7
43,vehicle,CBM_KE,0,OK,0.8,0.9566516122766122,0.8006977671451356,0.8008116883116883,0.8000494071146245,0.7336418559987655,v26 main_pc0,17.7
43,vehicle,CBM_KE,1,OK,0.7411764705882353,0.9217954267954267,0.7341257155035927,0.7456709956709957,0.7370648321867834,0.6572293686335384,v26 main_pc0,34.1
43,vehicle,CBM_KE,2,OK,0.8,0.9453377525252524,0.8006977671451356,0.8008116883116883,0.8000494071146245,0.7336418559987655,v25(p_c=0),24.2
43,vehicle,CBM_KE,3,OK,0.8705882352941177,0.9860703359140859,0.879416906622789,0.8727813852813853,0.870571715518524,0.8313622709648353,v26 main_pc0,31.9
43,vehicle,CBM_KE,4,OK,0.8705882352941177,0.9644660894660895,0.8722826086956521,0.8717532467532467,0.8718157181571815,0.8274843564246741,v26 main_pc0,37.6
43,vehicle,CBM_KE,5,OK,0.8235294117647058,0.9539247557997558,0.8311087061087061,0.8241341991341992,0.8187074829931973,0.7700272388425737,v26 main_pc0,30.6
43,vehicle,CBM_KE,6,OK,0.8928571428571429,0.9805303110827663,0.8904761904761904,0.8928571428571428,0.8914053426248548,0.8572778827977315,v26 main_pc0,31.6
43,vehicle,CBM_KE,7,OK,0.8452380952380952,0.9601011508815293,0.8508823529411764,0.8466905901116427,0.8458308209148075,0.795336643466747,v26 main_pc0,33.4
43,vehicle,CBM_KE,8,OK,0.8214285714285714,0.9629527112246006,0.8297101449275363,0.8257575757575757,0.8271476821533543,0.7622920363672769,v26 main_pc0,25.4
43,vehicle,CBM_KE,9,OK,0.8214285714285714,0.9381281609815236,0.8453674948240165,0.8235930735930737,0.8173200442967885,0.7709267666689248,v25(p_c=0),13.6
43,vehicle,CBM,0,OK,0.8117647058823529,0.9518106893106894,0.8125494071146244,0.8127164502164503,0.8124507267799952,0.7489841663620656,v26 main_pc0,13.1
43,vehicle,CBM,1,OK,0.7529411764705882,0.9050769022644022,0.7467132505175984,0.7564935064935066,0.7510452961672474,0.6709141388641916,v26 main_pc0,11.6
43,vehicle,CBM,2,OK,0.8470588235294118,0.9440996503496504,0.8500051419169066,0.8468073593073593,0.8451056618819777,0.7981893225692255,v26 main_pc0,9.6
43,vehicle,CBM,3,OK,0.8588235294117647,0.9647466075591076,0.8855311355311355,0.8630952380952381,0.8555954883371386,0.8245816386701976,v25(p_c=0),24.4
43,vehicle,CBM,4,OK,0.8352941176470589,0.9614786255411256,0.844047619047619,0.8354978354978355,0.8327777777777778,0.7852863576403241,v26 main_pc0,13.4
43,vehicle,CBM,5,OK,0.8588235294117647,0.9670921439671439,0.8552489177489178,0.8609307359307359,0.8571428571428572,0.8124076809453471,v26 main_pc0,12.6
43,vehicle,CBM,6,OK,0.8809523809523809,0.9682533002458478,0.8812770562770562,0.8814935064935066,0.8808848553601816,0.8415879017013232,v26 main_pc0,13.6
43,vehicle,CBM,7,OK,0.8095238095238095,0.9577931831600277,0.8199074074074074,0.8115174299384825,0.8105868271981229,0.7493449726813,v26 main_pc0,15.4
43,vehicle,CBM,8,OK,0.8214285714285714,0.9209196141799828,0.830316742081448,0.8268398268398268,0.8240589198036007,0.7656601626975906,v26 main_pc0,16.7
43,vehicle,CBM,9,OK,0.8214285714285714,0.9358864595039711,0.819927536231884,0.8257575757575757,0.8221587686278555,0.7622920363672769,v26 main_pc0,10.1
43,wdbc,CBM_KE,0,OK,0.9824561403508771,1.0,0.9864864864864865,0.9761904761904762,0.9809555629802873,0.962621902223779,v26 main_pc0,15.0
43,wdbc,CBM_KE,1,OK,0.9824561403508771,0.9880952380952381,0.9864864864864865,0.9761904761904762,0.9809555629802873,0.962621902223779,v25(p_c=0),5.6
43,wdbc,CBM_KE,2,OK,0.9298245614035088,0.9794973544973544,0.920076726342711,0.9345238095238095,0.9259740259740259,0.8544784126535336,v26 main_pc0,12.7
43,wdbc,CBM_KE,3,OK,0.9824561403508771,1.0,0.9772727272727273,0.9861111111111112,0.981329839502129,0.9633432944855655,v26 main_pc0,5.8
43,wdbc,CBM_KE,4,OK,1.0,1.0,1.0,1.0,1.0,1.0,v26 main_pc0,7.4
43,wdbc,CBM_KE,5,OK,1.0,1.0,1.0,1.0,1.0,1.0,v26 main_pc0,8.0
43,wdbc,CBM_KE,6,OK,0.9649122807017544,1.0,0.9565217391304348,0.9722222222222222,0.9629870129870131,0.9286112429750731,v26 main_pc0,10.9
43,wdbc,CBM_KE,7,OK,0.9473684210526315,0.9753246753246754,0.9484126984126984,0.9402597402597402,0.9439895185063871,0.8886350389948482,v26 main_pc0,14.8
43,wdbc,CBM_KE,8,OK,0.9473684210526315,0.9805194805194806,0.9605263157894737,0.9318181818181819,0.942866688940862,0.8918825850158447,v26 main_pc0,10.3
43,wdbc,CBM_KE,9,OK,0.9642857142857143,0.963265306122449,0.9565217391304348,0.9714285714285714,0.9625668449197862,0.9278305692406299,v26 main_pc0,4.7
43,wdbc,CBM,0,OK,0.9824561403508771,0.9986772486772486,0.9864864864864865,0.9761904761904762,0.9809555629802873,0.962621902223779,v25(p_c=0),12.0
43,wdbc,CBM,1,OK,0.9649122807017544,0.9841269841269842,0.9736842105263157,0.9523809523809523,0.9614864864864865,0.9258200997725514,v25(p_c=0),4.8
43,wdbc,CBM,2,OK,0.9298245614035088,0.992063492063492,0.9199999999999999,0.9444444444444444,0.9271099744245523,0.8640987597877147,v26 main_pc0,4.4
43,wdbc,CBM,3,OK,0.9824561403508771,1.0,0.9772727272727273,0.9861111111111112,0.981329839502129,0.9633432944855655,v25(p_c=0),2.5
43,wdbc,CBM,4,OK,1.0,1.0,1.0,1.0,1.0,1.0,v26 main_pc0,3.8
43,wdbc,CBM,5,OK,1.0,1.0,1.0,1.0,1.0,1.0,v26 main_pc0,3.0
43,wdbc,CBM,6,OK,0.9824561403508771,1.0,0.9772727272727273,0.9861111111111112,0.981329839502129,0.9633432944855655,v26 main_pc0,3.7
43,wdbc,CBM,7,OK,0.9649122807017544,0.9584415584415584,0.972972972972973,0.9545454545454546,0.9623015873015872,0.9273353546322172,v25(p_c=0),3.4
43,wdbc,CBM,8,OK,0.9122807017543859,0.9675324675324675,0.9210526315789473,0.8948051948051948,0.9047778149014367,0.8154355063002009,v26 main_pc0,2.9
43,wdbc,CBM,9,OK,0.9642857142857143,0.963265306122449,0.9565217391304348,0.9714285714285714,0.9625668449197862,0.9278305692406299,v26 main_pc0,2.2
43,wine-quality,CBM_KE,0,PARTIAL,0.6285714285714286,nan,0.4018670364722996,0.3631629211806488,0.3730757900007334,0.43224802141441104,v25(p_c=0),266.6
43,wine-quality,CBM_KE,1,PARTIAL,0.6571428571428571,nan,0.5144530490443632,0.4603274892356279,0.4792151074493059,0.48731394255961713,v25(p_c=0),312.8
43,wine-quality,CBM_KE,2,PARTIAL,0.6306122448979592,nan,0.40282226015542705,0.36584839264859553,0.3722851677548918,0.4376729195470391,v25(p_c=0),219.9
43,wine-quality,CBM_KE,3,OK,0.6265306122448979,0.753208958416156,0.38535635064673174,0.3678832661591283,0.37276226531511814,0.4392998460991198,v25(p_c=0),282.2
43,wine-quality,CBM_KE,4,OK,0.6244897959183674,0.7050784375848187,0.3790853265457725,0.34286771657461307,0.35416402380688095,0.4379659078630801,v25(p_c=0),276.0
43,wine-quality,CBM_KE,5,OK,0.6469387755102041,0.8249353450134463,0.49211233075165767,0.3794052241070775,0.4152426852543349,0.4589244427871128,v25(p_c=0),382.9
43,wine-quality,CBM_KE,6,OK,0.6469387755102041,0.8007478093763619,0.3364275612310072,0.34603051058530515,0.3404791104348366,0.46628845677388764,v25(p_c=0),295.2
43,wine-quality,CBM_KE,7,OK,0.6428571428571429,0.7659430749361459,0.4022339784284304,0.36050773360402694,0.37603695789966946,0.45956463214362925,v25(p_c=0),343.2
43,wine-quality,CBM_KE,8,PARTIAL,0.6462167689161554,nan,0.44876545215775715,0.4097553903254951,0.4250892322773055,0.4620209352831709,v25(p_c=0),250.4
43,wine-quality,CBM_KE,9,PARTIAL,0.5991820040899796,nan,0.4501946676214886,0.3942510316704515,0.41362153504654753,0.3941171942797283,v26 main_pc0,268.6
43,wine-quality,CBM,0,PARTIAL,0.42857142857142855,nan,0.1652239370248849,0.21803652968036533,0.1852078579776281,0.13344025723259492,v25(p_c=0),33.3
43,wine-quality,CBM,1,PARTIAL,0.4326530612244898,nan,0.24085794655414908,0.1617199391171994,0.10375867518724662,-0.002052726334841515,v25(p_c=0),35.6
43,wine-quality,CBM,2,PARTIAL,0.4387755102040816,nan,0.07480862908837857,0.16287878787878787,0.10252742012398665,-0.0012573212518997303,v25(p_c=0),35.0
43,wine-quality,CBM,3,OK,0.42653061224489797,0.5060454857683914,0.06298975286317059,0.1357142857142857,0.0860436393577604,-0.03832882945407975,v25(p_c=0),35.1
43,wine-quality,CBM,4,OK,0.44081632653061226,0.49108170816877555,0.06415206415206416,0.14025974025974025,0.0880374974526187,5.334582164361339e-05,v25(p_c=0),34.2
43,wine-quality,CBM,5,OK,0.4204081632653061,0.5737638662753863,0.0638363805392005,0.13376623376623378,0.08642752255087058,-0.010348740263726145,v25(p_c=0),36.8
43,wine-quality,CBM,6,OK,0.4306122448979592,0.5412334619778331,0.06413373860182371,0.137012987012987,0.08737060041407867,-0.0009057596476068397,v25(p_c=0),33.0
43,wine-quality,CBM,7,OK,0.4306122448979592,0.4964155996304368,0.06372697070371489,0.137012987012987,0.08699237270665841,-0.013788737983544885,v25(p_c=0),30.3
43,wine-quality,CBM,8,PARTIAL,0.4458077709611452,nan,0.07506887052341597,0.16515151515151516,0.10321969696969696,0.004010803612171869,v25(p_c=0),34.8
43,wine-quality,CBM,9,PARTIAL,0.41922290388548056,nan,0.16747041158805864,0.2166159988279247,0.1824394330034199,0.14252366137565248,v25(p_c=0),37.8
44,balance-scale,CBM_KE,0,OK,0.9523809523809523,0.9901284651791751,0.8944444444444445,0.8551724137931034,0.871939736346516,0.9160160785863015,v26 main_pc0,17.1
44,balance-scale,CBM_KE,1,OK,0.9841269841269841,0.9996619337390129,0.9444444444444445,0.9885057471264368,0.9638490164805954,0.9729158085985287,v25(p_c=0),22.9
44,balance-scale,CBM_KE,2,OK,0.9365079365079365,0.9787356321839079,0.8988505747126436,0.8988505747126436,0.8988505747126436,0.8885941644562334,v26 main_pc0,22.7
44,balance-scale,CBM_KE,3,OK,0.8888888888888888,0.9055442866801893,0.5924059139784946,0.6436781609195402,0.6169398907103826,0.8029475539049211,v26 main_pc0,11.8
44,balance-scale,CBM_KE,4,OK,0.9841269841269841,0.9942528735632185,0.9444444444444445,0.9885057471264368,0.9638490164805954,0.9729158085985287,v26 main_pc0,8.0
44,balance-scale,CBM_KE,5,OK,0.9838709677419355,1.0,0.9333333333333332,0.9885057471264368,0.9571150097465887,0.9719488478899142,v26 main_pc0,11.4
44,balance-scale,CBM_KE,6,OK,0.9516129032258065,0.9862142294084218,0.876984126984127,0.9103448275862069,0.8915470494417863,0.916603228970579,v26 main_pc0,8.0
44,balance-scale,CBM_KE,7,OK,0.9193548387096774,0.9041045973468308,0.6138888888888889,0.6666666666666666,0.6387947269303201,0.8614167945618462,v26 main_pc0,15.5
44,balance-scale,CBM_KE,8,OK,1.0,1.0,1.0,1.0,1.0,1.0,v26 main_pc0,21.2
44,balance-scale,CBM_KE,9,OK,0.9838709677419355,1.0,0.9444444444444445,0.9885057471264368,0.9638490164805954,0.9725376779825632,v25(p_c=0),19.7
44,balance-scale,CBM,0,OK,0.9841269841269841,0.9931034482758619,0.9888888888888889,0.9333333333333332,0.9573132454488387,0.9723450321743318,v26 main_pc0,4.6
44,balance-scale,CBM,1,OK,0.9523809523809523,0.9993238674780257,0.8932676518883417,0.9655172413793104,0.9210454296661194,0.9199419788985388,v26 main_pc0,4.2
44,balance-scale,CBM,2,OK,0.9523809523809523,0.9966193373901285,0.8932676518883417,0.9655172413793104,0.9210454296661194,0.9199419788985388,v26 main_pc0,4.3
44,balance-scale,CBM,3,OK,0.9206349206349206,0.9440500338066261,0.8730709876543209,0.8321839080459771,0.8486859224564144,0.8620285377547223,v25(p_c=0),3.3
44,balance-scale,CBM,4,OK,0.9682539682539683,0.9973630831643002,0.9222222222222222,0.9218390804597701,0.9218356626028349,0.9447148203959634,v25(p_c=0),2.4
44,balance-scale,CBM,5,OK,1.0,1.0,1.0,1.0,1.0,1.0,v26 main_pc0,9.3
44,balance-scale,CBM,6,OK,0.9032258064516129,0.9512420218596156,0.8086080586080587,0.8754515599343184,0.8295870795870797,0.8394941432174503,v26 main_pc0,5.5
44,balance-scale,CBM,7,OK,0.967741935483871,0.9988304093567252,0.9218390804597701,0.9218390804597701,0.9216374269005847,0.9439380127620784,v25(p_c=0),2.7
44,balance-scale,CBM,8,OK,1.0,1.0,1.0,1.0,1.0,1.0,v25(p_c=0),2.7
44,balance-scale,CBM,9,OK,0.9838709677419355,1.0,0.9444444444444445,0.9885057471264368,0.9638490164805954,0.9725376779825632,v25(p_c=0),2.4
44,bank,CBM_KE,0,OK,0.895,0.9157291666666667,0.7514126684154608,0.7532196969696969,0.7523111726532663,0.50462912999749,v26 main_pc0,400.8
44,bank,CBM_KE,1,OK,0.911,0.9135132575757575,0.8415047100992452,0.6795454545454546,0.726959525584506,0.4952398142483404,v26 main_pc0,280.9
44,bank,CBM_KE,2,OK,0.904,0.9244602272727273,0.7738505405726506,0.7619318181818182,0.767691726921625,0.5356497736479243,v26 main_pc0,412.3
44,bank,CBM_KE,3,OK,0.897,0.922689393939394,0.7609800318208167,0.7003787878787879,0.7248336312076064,0.4573613994941976,v26 main_pc0,369.7
44,bank,CBM_KE,4,OK,0.909,0.9312893126110626,0.7929058037468886,0.7522494570276139,0.7703591733939652,0.5436371214528658,v26 main_pc0,271.4
44,bank,CBM_KE,5,OK,0.914,0.9278293327315977,0.8018322034070066,0.7800374204345659,0.7903339054454672,0.5814613027405326,v26 main_pc0,81.7
44,bank,CBM_KE,6,OK,0.896,0.9144595191756222,0.7553912014168869,0.7697985125847366,0.7622857142857142,0.524992061919054,v26 main_pc0,363.8
44,bank,CBM_KE,7,OK,0.887,0.9078498293515358,0.732859513515874,0.7005378012203951,0.714841610917781,0.4321903970877847,v26 main_pc0,226.4
44,bank,CBM_KE,8,OK,0.899,0.8679660395453135,0.792682480415843,0.6503492887296797,0.6901450795959001,0.4195454814637402,v26 main_pc0,38.6
44,bank,CBM_KE,9,OK,0.887,0.8833149992008199,0.7377736291090125,0.6221429310166511,0.6533306336072942,0.3408364298477549,v25(p_c=0),126.2
44,bank,CBM,0,OK,0.907,0.8662500000000001,0.781012036354704,0.7708333333333333,0.7757820505093123,0.551751489396204,v26 main_pc0,583.2
44,bank,CBM,1,OK,0.902,0.8659753787878788,0.775946275946276,0.7140151515151515,0.7392923649906891,0.48603162060377947,v26 main_pc0,311.8
44,bank,CBM,2,OK,0.891,0.8940246212121212,0.74214107591475,0.7473484848484848,0.7447013825942556,0.48946186060650476,v25(p_c=0),393.3
44,bank,CBM,3,OK,0.898,0.7957575757575757,0.7676630434782609,0.6865530303030303,0.7166666666666667,0.4469154365693865,v26 main_pc0,191.8
44,bank,CBM,4,OK,0.906,0.8698276591543734,0.7790501979146099,0.7790501979146099,0.7790501979146099,0.5581003958292199,v26 main_pc0,464.7
44,bank,CBM,5,OK,0.911,0.9048317490762418,0.7954866301278858,0.7676407262196898,0.7805498090290193,0.562438463391814,v26 main_pc0,370.1
44,bank,CBM,6,OK,0.895,0.8918286181705357,0.7533741613356217,0.7442858620333023,0.7487022264982732,0.49757703089607097,v26 main_pc0,86.7
44,bank,CBM,7,OK,0.895,0.8417905395876231,0.7603260869565217,0.6801446045938755,0.7096230907718218,0.43311125591586025,v25(p_c=0),352.3
44,bank,CBM,8,OK,0.889,0.8267471488073412,0.7383333333333333,0.7016754576481539,0.7176714764255683,0.4384791172806751,v25(p_c=0),252.6
44,bank,CBM,9,OK,0.87,0.8007972997113548,0.6990573319110926,0.715811543922,0.7068665385898928,0.4145304337619949,v26 main_pc0,319.7
44,blood,CBM_KE,0,OK,0.8133333333333334,0.77046783625731,0.8224637681159421,0.6301169590643274,0.6527777777777778,0.4096730643606964,v26 main_pc0,9.4
44,blood,CBM_KE,1,OK,0.7733333333333333,0.6247563352826511,0.6928571428571428,0.5657894736842105,0.563505648750428,0.2252817784447915,v26 main_pc0,9.9
44,blood,CBM_KE,2,OK,0.8266666666666667,0.7743664717348928,0.8055555555555556,0.6769005847953217,0.7064137308039746,0.46498583404330573,v26 main_pc0,16.0
44,blood,CBM_KE,3,OK,0.7733333333333333,0.719785575048733,0.6871196754563895,0.6798245614035088,0.6832298136645962,0.36687171364885646,v26 main_pc0,22.2
44,blood,CBM_KE,4,OK,0.7733333333333333,0.8192007797270956,0.6970899470899471,0.7178362573099415,0.7054747054747055,0.41440722207745595,v25(p_c=0),20.9
44,blood,CBM_KE,5,OK,0.7733333333333333,0.7485380116959065,0.6805210918114144,0.6418128654970761,0.6543778801843317,0.32000133319995666,v26 main_pc0,22.4
44,blood,CBM_KE,6,OK,0.7866666666666666,0.7792397660818714,0.704978813559322,0.6885964912280702,0.6957403651115619,0.3932342050909656,v26 main_pc0,8.7
44,blood,CBM_KE,7,OK,0.7866666666666666,0.7714424951267056,0.7076923076923076,0.631578947368421,0.648711943793911,0.33062326126679026,v26 main_pc0,9.5
44,blood,CBM_KE,8,OK,0.7702702702702703,0.7693498452012383,0.38513513513513514,0.5,0.4351145038167939,0.0,v26 main_pc0,6.9
44,blood,CBM_KE,9,OK,0.7837837837837838,0.782249742002064,0.6995215311004784,0.7151702786377709,0.7063492063492063,0.4143964451639257,v26 main_pc0,13.8
44,blood,CBM,0,OK,0.5466666666666666,0.6106237816764133,0.5501422475106685,0.5687134502923976,0.5155775075987842,0.11739585736938803,v26 main_pc0,5.1
44,blood,CBM,1,OK,0.76,0.6208576998050682,0.65,0.5950292397660819,0.6048009367681498,0.23878346647045964,v26 main_pc0,2.7
44,blood,CBM,2,OK,0.49333333333333335,0.5657894736842106,0.5248917748917749,0.5336257309941521,0.4722222222222222,0.05786204719772057,v26 main_pc0,4.8
44,blood,CBM,3,OK,0.48,0.6232943469785575,0.518531976744186,0.5248538011695907,0.4612267452569534,0.042922724297485025,v26 main_pc0,5.1
44,blood,CBM,4,OK,0.76,0.8260233918128654,0.6839622641509434,0.7090643274853801,0.6931818181818181,0.39222415548971395,v25(p_c=0),2.9
44,blood,CBM,5,OK,0.49333333333333335,0.5614035087719299,0.5395894428152492,0.5526315789473684,0.4776392961876833,0.09129413749005177,v26 main_pc0,4.0
44,blood,CBM,6,OK,0.8,0.7889863547758283,0.7269736842105263,0.7353801169590644,0.7309256158813682,0.4622773727367733,v26 main_pc0,3.6
44,blood,CBM,7,OK,0.6533333333333333,0.6496101364522416,0.5934650455927052,0.6198830409356726,0.592391304347826,0.21170615377777538,v26 main_pc0,4.3
44,blood,CBM,8,OK,0.6216216216216216,0.6836945304437565,0.5934959349593496,0.630546955624355,0.5771428571428572,0.22095800209266733,v26 main_pc0,4.0
44,blood,CBM,9,OK,0.7972972972972973,0.8173374613003096,0.7152777777777778,0.7239422084623324,0.7193426042983565,0.43913451692354477,v25(p_c=0),5.0
44,car,CBM_KE,0,OK,0.9884393063583815,0.9986856483633959,0.9625,0.9958677685950413,0.9780854430379747,0.9753736442183806,v25(p_c=0),16.1
44,car,CBM_KE,1,OK,1.0,1.0,1.0,1.0,1.0,1.0,v25(p_c=0),15.0
44,car,CBM_KE,2,OK,1.0,1.0,1.0,1.0,1.0,1.0,v25(p_c=0),15.7
44,car,CBM_KE,3,OK,1.0,1.0,1.0,1.0,1.0,1.0,v25(p_c=0),15.7
44,car,CBM_KE,4,OK,0.9884393063583815,0.9975521532339714,0.9875,0.9958677685950413,0.9915064102564103,0.9754760122914541,v25(p_c=0),15.2
44,car,CBM_KE,5,OK,0.9826589595375722,0.9954984090389348,0.938034188034188,0.9265053128689493,0.9227992356882398,0.9628336136595003,v25(p_c=0),15.0
44,car,CBM_KE,6,OK,0.9942196531791907,1.0,0.9979508196721312,0.993421052631579,0.9956378600823046,0.9874289994629426,v26 main_pc0,54.7
44,car,CBM_KE,7,OK,0.9942196531791907,1.0,0.96875,0.9642857142857143,0.9641025641025642,0.9874863612893167,v25(p_c=0),16.6
44,car,CBM_KE,8,OK,0.9767441860465116,1.0,0.9334349593495935,0.9736842105263158,0.9483476450689565,0.9492078018293254,v26 main_pc0,35.9
44,car,CBM_KE,9,OK,1.0,1.0,1.0,1.0,1.0,1.0,v25(p_c=0),16.1
44,car,CBM,0,OK,0.976878612716763,0.9974774490547896,0.9319444444444445,0.9873913964823056,0.9561182538001165,0.9512422404927459,v26 main_pc0,10.7
44,car,CBM,1,OK,1.0,1.0,1.0,1.0,1.0,1.0,v26 main_pc0,11.9
44,car,CBM,2,OK,0.9826589595375722,0.993852974634309,0.9017857142857143,0.9514652014652014,0.9219924812030075,0.9625388973267098,v26 main_pc0,12.7
44,car,CBM,3,OK,0.9942196531791907,0.9997129735935706,0.9642857142857143,0.9935897435897436,0.9775224775224776,0.9874607602464589,v26 main_pc0,8.0
44,car,CBM,4,OK,1.0,1.0,1.0,1.0,1.0,1.0,v26 main_pc0,9.5
44,car,CBM,5,OK,1.0,1.0,1.0,1.0,1.0,1.0,v26 main_pc0,8.8
44,car,CBM,6,OK,0.9942196531791907,1.0,0.9979508196721312,0.993421052631579,0.9956378600823046,0.9874289994629426,v26 main_pc0,7.2
44,car,CBM,7,OK,1.0,1.0,1.0,1.0,1.0,1.0,v26 main_pc0,13.2
44,car,CBM,8,OK,1.0,1.0,1.0,1.0,1.0,1.0,v26 main_pc0,13.5
44,car,CBM,9,OK,0.9825581395348837,0.9995724048710068,0.9600877192982457,0.9892888212266203,0.9736423527698915,0.9619615610576019,v26 main_pc0,12.4
44,credit-g,CBM_KE,0,OK,0.77,0.8395238095238095,0.7286843591191418,0.6928571428571428,0.7047875754075215,0.42001624785636316,v26 main_pc0,39.3
44,credit-g,CBM_KE,1,OK,0.76,0.7961904761904761,0.7777777777777778,0.6190476190476191,0.625,0.363696483726654,v25(p_c=0),14.4
44,credit-g,CBM_KE,2,OK,0.79,0.7861904761904762,0.7799433026222538,0.6880952380952381,0.707968293700459,0.45893791370903364,v25(p_c=0),7.1
44,credit-g,CBM_KE,3,OK,0.79,0.7847619047619048,0.7533333333333334,0.7261904761904762,0.7366771159874608,0.4787549991450212,v26 main_pc0,12.6
44,credit-g,CBM_KE,4,OK,0.74,0.7919047619047619,0.7222222222222222,0.5952380952380952,0.59375,0.29095718698132317,v26 main_pc0,26.2
44,credit-g,CBM_KE,5,OK,0.71,0.7728571428571428,0.6496702181633689,0.6404761904761904,0.6442154336891179,0.29000070396694133,v26 main_pc0,19.6
44,credit-g,CBM_KE,6,OK,0.75,0.8219047619047619,0.7004517221908526,0.6690476190476191,0.6791169297907842,0.36816239009631835,v26 main_pc0,24.4
44,credit-g,CBM_KE,7,OK,0.63,0.6733333333333333,0.5631136044880785,0.5642857142857143,0.5636277862955537,0.12739392678871614,v26 main_pc0,23.9
44,credit-g,CBM_KE,8,OK,0.76,0.7233333333333334,0.7156177156177156,0.6761904761904762,0.6881496881496881,0.3898193837652919,v26 main_pc0,17.4
44,credit-g,CBM_KE,9,OK,0.67,0.6847619047619049,0.5933333333333334,0.5833333333333334,0.5862068965517242,0.17638342073763938,v26 main_pc0,17.2
44,credit-g,CBM,0,OK,0.8,0.7933333333333333,0.7708333333333333,0.8095238095238095,0.7802197802197802,0.5790660241435861,v25(p_c=0),5.8
44,credit-g,CBM,1,OK,0.77,0.8133333333333335,0.7286843591191418,0.6928571428571428,0.7047875754075215,0.42001624785636316,v25(p_c=0),4.0
44,credit-g,CBM,2,OK,0.73,0.7633333333333332,0.7014652014652014,0.5785714285714286,0.5699952221691352,0.25162995597942267,v26 main_pc0,12.5
44,credit-g,CBM,3,OK,0.77,0.7899999999999999,0.7371669915529564,0.6738095238095239,0.6891471820516286,0.40606345250542664,v25(p_c=0),10.4
44,credit-g,CBM,4,OK,0.68,0.7238095238095238,0.6190476190476191,0.6190476190476191,0.6190476190476191,0.23809523809523808,v26 main_pc0,8.2
44,credit-g,CBM,5,OK,0.73,0.7700000000000001,0.6772705196697426,0.6738095238095239,0.6754417598269022,0.3510629835756814,v26 main_pc0,9.0
44,credit-g,CBM,6,OK,0.74,0.7995238095238095,0.6934523809523809,0.6238095238095238,0.6329757199322417,0.30952380952380953,v26 main_pc0,14.7
44,credit-g,CBM,7,OK,0.66,0.6714285714285715,0.5952380952380952,0.5952380952380952,0.5952380952380952,0.19047619047619047,v26 main_pc0,8.3
44,credit-g,CBM,8,OK,0.77,0.680952380952381,0.7549019607843137,0.6547619047619048,0.6702508960573477,0.3972360153788916,v26 main_pc0,10.0
44,credit-g,CBM,9,OK,0.73,0.7038095238095238,0.6717902350813743,0.6357142857142857,0.6446900908014213,0.30538100167992077,v26 main_pc0,24.8
44,diabetes,CBM_KE,0,OK,0.7532467532467533,0.8607407407407408,0.7288838612368025,0.7248148148148148,0.7266953110405381,0.4536804288397352,v26 main_pc0,20.5
44,diabetes,CBM_KE,1,OK,0.7792207792207793,0.8407407407407408,0.7787193973634652,0.7192592592592593,0.7331294597349644,0.4944160539751941,v26 main_pc0,10.3
44,diabetes,CBM_KE,2,OK,0.7142857142857143,0.7674074074074073,0.6862962962962963,0.6862962962962963,0.6862962962962963,0.3725925925925926,v26 main_pc0,20.5
44,diabetes,CBM_KE,3,OK,0.7272727272727273,0.8118518518518519,0.7015306122448979,0.7048148148148148,0.703030303030303,0.4063321549001754,v26 main_pc0,14.5
44,diabetes,CBM_KE,4,OK,0.7012987012987013,0.7755555555555556,0.6769503546099291,0.6848148148148148,0.6796889130041599,0.36167967605963075,v26 main_pc0,21.3
44,diabetes,CBM_KE,5,OK,0.7792207792207793,0.8377777777777777,0.7598270440251573,0.7448148148148148,0.7508090614886731,0.5044185153893525,v26 main_pc0,20.1
44,diabetes,CBM_KE,6,OK,0.7792207792207793,0.8340740740740741,0.7576530612244898,0.7618518518518518,0.7595959595959596,0.519487944872376,v26 main_pc0,17.5
44,diabetes,CBM_KE,7,OK,0.7272727272727273,0.7859259259259259,0.7042553191489361,0.7133333333333334,0.7075420510037982,0.417489966754203,v26 main_pc0,20.1
44,diabetes,CBM_KE,8,OK,0.75,0.7823076923076924,0.7229780801209373,0.726923076923077,0.7247951210215361,0.4498838606904829,v26 main_pc0,27.6
44,diabetes,CBM_KE,9,OK,0.7763157894736842,0.8753846153846154,0.7559139784946236,0.7746153846153847,0.7614035087719297,0.5301996440313944,v26 main_pc0,23.0
44,diabetes,CBM,0,OK,0.7402597402597403,0.8088888888888888,0.7172619047619048,0.6892592592592592,0.6973270440251573,0.40555555555555556,v26 main_pc0,11.0
44,diabetes,CBM,1,OK,0.8181818181818182,0.8437037037037036,0.8003703703703704,0.8003703703703704,0.8003703703703704,0.6007407407407407,v26 main_pc0,4.2
44,diabetes,CBM,2,OK,0.7142857142857143,0.7748148148148148,0.6862962962962963,0.6862962962962963,0.6862962962962963,0.3725925925925926,v26 main_pc0,7.9
44,diabetes,CBM,3,OK,0.7532467532467533,0.792222222222222,0.7318181818181818,0.7077777777777778,0.7156462585034014,0.43893811257017395,v25(p_c=0),3.7
44,diabetes,CBM,4,OK,0.6883116883116883,0.7437037037037038,0.6529790660225443,0.6407407407407407,0.6446153846153846,0.29346473089514225,v26 main_pc0,3.6
44,diabetes,CBM,5,OK,0.7662337662337663,0.8437037037037036,0.75,0.768888888888889,0.7542553191489361,0.5185449728701349,v26 main_pc0,5.8
44,diabetes,CBM,6,OK,0.7662337662337663,0.7822222222222223,0.7442528735632183,0.7518518518518519,0.7474489795918368,0.49604652413672967,v26 main_pc0,5.1
44,diabetes,CBM,7,OK,0.7142857142857143,0.8311111111111111,0.6862962962962963,0.6862962962962963,0.6862962962962963,0.3725925925925926,v25(p_c=0),2.6
44,diabetes,CBM,8,OK,0.7105263157894737,0.8361538461538462,0.6903409090909092,0.7061538461538461,0.6933235509904623,0.39617930531268536,v26 main_pc0,4.3
44,diabetes,CBM,9,OK,0.6578947368421053,0.8061538461538462,0.6666666666666667,0.6846153846153846,0.6518675123326286,0.35082320772281167,v25(p_c=0),7.7
44,kr-vs-kp,CBM_KE,0,OK,0.99375,0.9995303510625808,0.9940828402366864,0.9934640522875817,0.993734335839599,0.9875466986607835,v26 main_pc0,21.7
44,kr-vs-kp,CBM_KE,1,OK,0.9875,0.9994912136511291,0.9872922776148583,0.9877499902156471,0.9874823971209513,0.9750421603988364,v26 main_pc0,47.4
44,kr-vs-kp,CBM_KE,2,OK,0.990625,0.9991781143595163,0.9904944453137224,0.9907440021916951,0.9906095020101535,0.9812384157707068,v26 main_pc0,54.1
44,kr-vs-kp,CBM_KE,3,OK,0.99375,0.9999217251770969,0.993738014167743,0.993738014167743,0.993738014167743,0.9874760283354859,v26 main_pc0,71.9
44,kr-vs-kp,CBM_KE,4,OK,0.996875,0.996712457438065,0.9970238095238095,0.9967320261437909,0.996868118424272,0.9937557928313525,v25(p_c=0),50.6
44,kr-vs-kp,CBM_KE,5,OK,0.99375,0.9998434503541935,0.993738014167743,0.993738014167743,0.993738014167743,0.9874760283354859,v26 main_pc0,16.3
44,kr-vs-kp,CBM_KE,6,OK,0.9968652037617555,1.0,0.9967320261437909,0.9970059880239521,0.9968591542362034,0.9937379764037085,v26 main_pc0,100.9
44,kr-vs-kp,CBM_KE,7,OK,0.9968652037617555,0.9997242357390482,0.9970238095238095,0.9967105263157895,0.9968572976700655,0.9937342864569987,v26 main_pc0,95.6
44,kr-vs-kp,CBM_KE,8,OK,0.987460815047022,0.9995272612669398,0.9874330286794831,0.9874330286794831,0.9874330286794831,0.9748660573589663,v25(p_c=0),34.9
44,kr-vs-kp,CBM_KE,9,OK,0.9968652037617555,0.9999212536420191,0.9970059880239521,0.9967320261437909,0.9968591542362034,0.9937379764037085,v25(p_c=0),58.4
44,kr-vs-kp,CBM,0,OK,0.99375,0.999804312942742,0.9940828402366864,0.9934640522875817,0.993734335839599,0.9875466986607835,v26 main_pc0,21.3
44,kr-vs-kp,CBM,1,OK,1.0,1.0,1.0,1.0,1.0,1.0,v26 main_pc0,12.2
44,kr-vs-kp,CBM,2,OK,0.990625,0.9969864193182263,0.9907581453634086,0.9904700403115339,0.9906043552728163,0.9812281433787039,v26 main_pc0,43.2
44,kr-vs-kp,CBM,3,OK,1.0,1.0,1.0,1.0,1.0,1.0,v26 main_pc0,21.2
44,kr-vs-kp,CBM,4,OK,0.996875,0.9990607021251615,0.9970238095238095,0.9967320261437909,0.996868118424272,0.9937557928313525,v26 main_pc0,32.3
44,kr-vs-kp,CBM,5,OK,0.99375,0.9999217251770969,0.9935483870967742,0.9940119760479043,0.9937411985604757,0.9875602543337462,v26 main_pc0,18.2
44,kr-vs-kp,CBM,6,OK,0.9937304075235109,0.9999212102111567,0.9937165143397415,0.9937165143397415,0.9937165143397415,0.9874330286794831,v25(p_c=0),62.3
44,kr-vs-kp,CBM,7,OK,0.9905956112852664,0.9986999684840845,0.9911764705882353,0.9901315789473684,0.9905655727200134,0.981307493237889,v26 main_pc0,70.1
44,kr-vs-kp,CBM,8,OK,0.9905956112852664,0.9997242357390481,0.9904520040948106,0.9907225023636936,0.9905774627086102,0.9811744691719083,v26 main_pc0,12.4
44,kr-vs-kp,CBM,9,OK,0.9905956112852664,0.9999212536420191,0.9907225023636936,0.9904520040948106,0.9905774627086102,0.9811744691719083,v26 main_pc0,83.2
44,magic,CBM_KE,0,OK,0.884,0.9397275668462108,0.8889843640629299,0.8537263113534299,0.8671650268418256,0.7418733160699067,v26 main_pc0,428.1
44,magic,CBM_KE,1,OK,0.878,0.9321551016466271,0.8740817981693894,0.8543364984042949,0.8626812719766244,0.728150628593078,v25(p_c=0),57.5
44,magic,CBM_KE,2,OK,0.867,0.9250084504321793,0.8605332079160442,0.8432455805337161,0.8506354730644098,0.7035664297074601,v25(p_c=0),64.5
44,magic,CBM_KE,3,OK,0.875,0.931487846742084,0.8769579238329239,0.8448303109320059,0.8572066653643915,0.7210728620149021,v26 main_pc0,221.5
44,magic,CBM_KE,4,OK,0.899,0.943300892453435,0.9032287140173438,0.8731315765214069,0.8851739046897933,0.7757766837434368,v26 main_pc0,124.1
44,magic,CBM_KE,5,OK,0.88,0.9358162239518173,0.8825667773036194,0.8506446472548168,0.8630287091825553,0.7325161914361747,v26 main_pc0,94.4
44,magic,CBM_KE,6,OK,0.888,0.9330155092866956,0.8905650692256142,0.860732487851132,0.8725674027416213,0.7507050261973882,v26 main_pc0,51.3
44,magic,CBM_KE,7,OK,0.865,0.934947036641952,0.851978021978022,0.8515160294821311,0.851745938662353,0.7034938997622896,v26 main_pc0,65.3
44,magic,CBM_KE,8,OK,0.896,0.9521934065934066,0.9,0.8692307692307693,0.8814814814814815,0.7686151382644182,v26 main_pc0,59.4
44,magic,CBM_KE,9,OK,0.881,0.9210681318681317,0.8771289537712896,0.8576923076923078,0.8659570273999606,0.7345641585921223,v25(p_c=0),72.1
44,magic,CBM,0,OK,0.863,0.9129495739665231,0.854472569216159,0.8408180018349509,0.8468204053109714,0.6951564794937976,v26 main_pc0,381.6
44,magic,CBM,1,OK,0.877,0.920763480085514,0.877137137327084,0.8489874845807048,0.8601622799687582,0.7255787783493862,v26 main_pc0,145.2
44,magic,CBM,2,OK,0.863,0.913827540946185,0.8535859465737514,0.8421261726346472,0.8472616920059892,0.6956177300750073,v26 main_pc0,76.0
44,magic,CBM,3,OK,0.856,0.9070013476793137,0.843983153635798,0.8373873458619221,0.8404707884288145,0.6813385743560854,v25(p_c=0),264.0
44,magic,CBM,4,OK,0.882,0.9338364084126796,0.8726609811718189,0.8665753581007818,0.869454585684257,0.739211289478856,v26 main_pc0,138.9
44,magic,CBM,5,OK,0.867,0.9219882440221423,0.8666465898009522,0.836704726535235,0.8483118707936482,0.7027137105649955,v26 main_pc0,227.9
44,magic,CBM,6,OK,0.873,0.9143499312990838,0.8812500000000001,0.8374027102840662,0.8529818635185491,0.7173138317244419,v26 main_pc0,122.4
44,magic,CBM,7,OK,0.88,0.9164043740314927,0.8776361659331993,0.8552232450537536,0.8645225095850324,0.7325166054430404,v26 main_pc0,393.8
44,magic,CBM,8,OK,0.884,0.9372527472527472,0.889752306945119,0.8527472527472527,0.8667279411764706,0.7415768484163856,v26 main_pc0,96.2
44,magic,CBM,9,OK,0.869,0.9069802197802197,0.8719358182588002,0.8359340659340659,0.8493697099734501,0.7069537798023079,v26 main_pc0,144.6
44,mfeat-factors,CBM_KE,0,OK,0.985,0.9936388888888888,0.9857142857142858,0.985,0.9851156973108195,0.9833879675158538,v26 main_pc0,21.7
44,mfeat-factors,CBM_KE,1,OK,0.97,0.9969722222222221,0.9728467908902692,0.9700000000000001,0.9704067528435383,0.9669084239961102,v26 main_pc0,16.2
44,mfeat-factors,CBM_KE,2,OK,0.99,0.9986944444444446,0.9904761904761905,0.99,0.9899937460913071,0.9889438317391072,v26 main_pc0,42.0
44,mfeat-factors,CBM_KE,3,OK,0.98,0.9966805555555556,0.9802380952380952,0.9800000000000001,0.9799968730456534,0.9778049394033445,v26 main_pc0,58.1
44,mfeat-factors,CBM_KE,4,OK,0.97,0.999861111111111,0.9718614718614719,0.97,0.9698274767594409,0.9669084239961102,v26 main_pc0,48.9
44,mfeat-factors,CBM_KE,5,OK,0.98,0.9974999999999999,0.9813852813852815,0.9799999999999999,0.9799686834346655,0.9779407814928016,v26 main_pc0,76.5
44,mfeat-factors,CBM_KE,6,OK,0.98,0.9984999999999999,0.9807142857142856,0.9800000000000001,0.9799906191369608,0.9778592694458592,v26 main_pc0,59.6
44,mfeat-factors,CBM_KE,7,OK,0.955,0.9943333333333333,0.9575108225108224,0.9549999999999998,0.9551848429704656,0.9502375890996255,v26 main_pc0,28.9
44,mfeat-factors,CBM_KE,8,OK,0.975,0.9984999999999999,0.9748319327731092,0.975,0.9741694133157548,0.9723842997797743,v25(p_c=0),53.2
44,mfeat-factors,CBM_KE,9,OK,0.965,0.9923333333333332,0.9654511278195489,0.9649999999999999,0.9648624140087554,0.9611912137166685,v25(p_c=0),32.3
44,mfeat-factors,CBM,0,OK,0.98,0.9998888888888888,0.980952380952381,0.9799999999999999,0.9801125703564729,0.9778592694458592,v26 main_pc0,44.7
44,mfeat-factors,CBM,1,OK,0.99,0.9951666666666666,0.9904761904761905,0.9899999999999999,0.9899937460913071,0.9889438317391072,v25(p_c=0),18.1
44,mfeat-factors,CBM,2,OK,0.99,0.9997222222222222,0.9904761904761905,0.99,0.9899937460913071,0.9889438317391072,v26 main_pc0,50.5
44,mfeat-factors,CBM,3,OK,0.97,0.9961944444444445,0.9704761904761904,0.97,0.9698587933247753,0.9667472322930654,v26 main_pc0,11.7
44,mfeat-factors,CBM,4,OK,0.97,0.9952222222222222,0.9718614718614719,0.97,0.9700875076998312,0.9668546844699331,v25(p_c=0),19.3
44,mfeat-factors,CBM,5,OK,0.98,0.9993611111111111,0.9811471861471862,0.9799999999999999,0.9801067631555437,0.9778864378634362,v26 main_pc0,22.5
44,mfeat-factors,CBM,6,OK,0.97,0.9964722222222221,0.9708297258297257,0.97,0.9698306037137872,0.9668009539030812,v26 main_pc0,11.5
44,mfeat-factors,CBM,7,OK,0.94,0.9947222222222221,0.9422442469810891,0.9399999999999998,0.9403072879196115,0.9335148677640733,v26 main_pc0,9.2
44,mfeat-factors,CBM,8,OK,0.975,0.9986111111111111,0.9763852813852815,0.975,0.9742489353464963,0.972519426348954,v26 main_pc0,73.1
44,mfeat-factors,CBM,9,OK,0.965,0.9973055555555556,0.965689223057644,0.9649999999999999,0.9649843652282677,0.9611912137166685,v26 main_pc0,36.6
44,optdigits,CBM_KE,0,OK,0.9893238434163701,0.9982503723074322,0.9899152542372882,0.9892207792207792,0.9893858326284773,0.9881785488694399,v26 main_pc0,193.8
44,optdigits,CBM_KE,1,OK,0.9893238434163701,0.9998819362092053,0.9896541470567126,0.9892196400091138,0.9892634903041516,0.9881751953283957,v25(p_c=0),134.6
44,optdigits,CBM_KE,2,OK,0.9911032028469751,0.9999579242548053,0.9913459313098645,0.9910702893597632,0.9911469636064855,0.9901282695674424,v26 main_pc0,233.9
44,optdigits,CBM_KE,3,OK,0.9857651245551602,0.9998873916210453,0.9862485716206224,0.9858071314650262,0.9857549913508862,0.984245709046395,v26 main_pc0,41.5
44,optdigits,CBM_KE,4,OK,0.9768683274021353,0.997832517016023,0.9777191920479164,0.9766837548416495,0.9767567366020444,0.9743892056578862,v26 main_pc0,54.5
44,optdigits,CBM_KE,5,OK,0.994661921708185,0.9997776679841897,0.9947357618183389,0.9947055137844611,0.9946579629428802,0.9940827153617016,v25(p_c=0),125.2
44,optdigits,CBM_KE,6,OK,0.9768683274021353,0.9956023411933028,0.9780342269815956,0.9768774208247892,0.9770590504882539,0.9743934423386784,v26 main_pc0,51.9
44,optdigits,CBM_KE,7,OK,0.9839857651245552,0.9982646357855713,0.9841736787108838,0.9839587605377078,0.9839552377516373,0.982230243907411,v26 main_pc0,188.0
44,optdigits,CBM_KE,8,OK,0.9804270462633452,0.9981921613758041,0.9809959220084108,0.9804511278195489,0.9804365383382245,0.9783137219517057,v26 main_pc0,72.5
44,optdigits,CBM_KE,9,OK,0.9839857651245552,0.9959433954840999,0.9842601442400728,0.984021417179312,0.9839873975131239,0.982240798108516,v26 main_pc0,203.2
44,optdigits,CBM,0,OK,0.9893238434163701,0.9988566642571378,0.989681264089505,0.9893159033948509,0.9893753940809719,0.9881648486490578,v26 main_pc0,41.8
44,optdigits,CBM,1,OK,0.9804270462633452,0.9982666621144615,0.9817669817207099,0.9803178989794235,0.9806122990112092,0.9783540418375544,v26 main_pc0,38.3
44,optdigits,CBM,2,OK,0.9875444839857651,0.9993708209493718,0.9877484659925677,0.987625313283208,0.9876249007761129,0.9861742884041141,v26 main_pc0,176.1
44,optdigits,CBM,3,OK,0.9875444839857651,0.9999576449551657,0.9879007864488809,0.9875939849624059,0.9875278868315501,0.986209032287328,v26 main_pc0,45.1
44,optdigits,CBM,4,OK,0.9857651245551602,0.9983491657078529,0.9860139939960508,0.9857421964000912,0.9857690282415886,0.9842073419179185,v26 main_pc0,61.7
44,optdigits,CBM,5,OK,0.9928825622775801,0.999846478134392,0.9929489083209593,0.9928873319662793,0.9928870545941889,0.9920985604568496,v26 main_pc0,128.4
44,optdigits,CBM,6,OK,0.9750889679715302,0.9926690373700687,0.9755454696224944,0.975123034859877,0.9751038108612885,0.9723721347839206,v25(p_c=0),25.5
44,optdigits,CBM,7,OK,0.9857651245551602,0.9993368268655246,0.9859638319937776,0.9857444748234222,0.9857259194958534,0.9842109156481231,v26 main_pc0,38.0
44,optdigits,CBM,8,OK,0.9875444839857651,0.9995752873750925,0.9877473857056435,0.9875301891091365,0.9875447097660885,0.9861811302238565,v26 main_pc0,37.8
44,optdigits,CBM,9,OK,0.9857651245551602,0.9986890790255879,0.9861400246272127,0.9858071314650262,0.9858209923570366,0.9842179517821932,v26 main_pc0,44.4
44,page-blocks,CBM_KE,0,OK,0.9671532846715328,0.9966393176314607,0.8943145161290322,0.8492378048780488,0.8601712103685788,0.8215879213253264,v26 main_pc0,52.6
44,page-blocks,CBM_KE,1,OK,0.9744525547445255,0.9929645025901734,0.8520432988420794,0.8848320269908865,0.8645602756549724,0.8665169802181563,v26 main_pc0,186.0
44,page-blocks,CBM_KE,2,OK,0.9708029197080292,0.9917705386286519,0.8638153428377462,0.7628052418276451,0.7783607973832006,0.8485937716210304,v25(p_c=0),173.0
44,page-blocks,CBM_KE,3,OK,0.9762340036563071,0.9914244107372088,0.8520633737846852,0.8815898290440043,0.8661405511615967,0.878228685503829,v26 main_pc0,85.5
44,page-blocks,CBM_KE,4,OK,0.9634369287020109,0.9942419770017503,0.8773998405577352,0.7017918492460244,0.7504091721290885,0.8027630784777299,v26 main_pc0,238.9
44,page-blocks,CBM_KE,5,OK,0.9707495429616088,0.9901505874016825,0.8819071534350653,0.6977679030632189,0.7693023890371089,0.8365416307039247,v25(p_c=0),102.3
44,page-blocks,CBM_KE,6,OK,0.9725776965265083,0.9936407690906698,0.9333414793092212,0.7514986936575532,0.8070139622580174,0.8503183981130985,v26 main_pc0,38.7
44,page-blocks,CBM_KE,7,OK,0.9817184643510055,0.9951293580510547,0.9482157200229488,0.8844411528729246,0.9080837715149611,0.9002802403115543,v25(p_c=0),192.0
44,page-blocks,CBM_KE,8,OK,0.9780621572212066,0.9873542090603294,0.9247137073452862,0.877919438285292,0.8953245436105476,0.8806539833911189,v26 main_pc0,181.0
44,page-blocks,CBM_KE,9,OK,0.9725776965265083,0.9948980644988901,0.8619060790460384,0.8789726533628972,0.8602010679675655,0.8518826659484712,v25(p_c=0),252.7
44,page-blocks,CBM,0,OK,0.9470802919708029,0.9835640291995389,0.7111327942563359,0.8622967479674795,0.7511686601227052,0.7533446151409607,v25(p_c=0),27.3
44,page-blocks,CBM,1,OK,0.9507299270072993,0.9660355706739583,0.7087494286029539,0.8957960459997121,0.775414085207198,0.776244773342549,v25(p_c=0),41.7
44,page-blocks,CBM,2,OK,0.9470802919708029,0.9795552102075277,0.6742634197953347,0.9225472649097904,0.7522441011410834,0.7772327705297484,v25(p_c=0),40.3
44,page-blocks,CBM,3,OK,0.9506398537477148,0.9922245309460518,0.6964432427129701,0.9776954884897858,0.7905081306541161,0.7957684474836243,v25(p_c=0),37.5
44,page-blocks,CBM,4,OK,0.9616087751371115,0.9707888516017169,0.7712427763623936,0.8751054331502397,0.798495006236514,0.8106895374388411,v25(p_c=0),36.1
44,page-blocks,CBM,5,OK,0.8976234003656307,0.6015334421494345,0.17952468007312614,0.2,0.18921001926782272,0.0,v25(p_c=0),34.8
44,page-blocks,CBM,6,OK,0.9689213893967094,0.9864871707054459,0.7918371725903107,0.9696475961241745,0.8542690058479533,0.857831625678775,v25(p_c=0),33.5
44,page-blocks,CBM,7,OK,0.9670932358318098,0.9543968034112902,0.788129218900675,0.8811824970684441,0.8178143378815065,0.8314989111403033,v25(p_c=0),38.4
44,page-blocks,CBM,8,OK,0.9305301645338209,0.9558448931564882,0.6340228916114046,0.883610495195861,0.6893655971242179,0.7144755918077503,v25(p_c=0),33.8
44,page-blocks,CBM,9,OK,0.8994515539305301,0.6157156878379175,0.179890310786106,0.2,0.18941289701636188,0.0,v25(p_c=0),37.8
44,pendigits,CBM_KE,0,OK,0.991,0.9978317117079214,0.9909784638145258,0.9908540158067266,0.9908536603974616,0.9900112357227862,v26 main_pc0,150.4
44,pendigits,CBM_KE,1,OK,0.992,0.9973041079844489,0.9921260353530341,0.9920390756370342,0.9920489313230835,0.9911171321162107,v26 main_pc0,332.8
44,pendigits,CBM_KE,2,OK,0.99,0.9996408842081059,0.9898595903900462,0.9900529115711564,0.9898981289674129,0.9889005452154869,v26 main_pc0,52.7
44,pendigits,CBM_KE,3,OK,0.999,0.999683958499601,0.999056603773585,0.9990476190476191,0.9990475974511893,0.9988897890605382,v26 main_pc0,372.9
44,pendigits,CBM_KE,4,OK,0.998,0.9999978537087912,0.9980272108843538,0.9979858299595141,0.9979965182711178,0.9977796102080928,v26 main_pc0,343.1
44,pendigits,CBM_KE,5,OK,0.992,0.99996088210873,0.9921752593419129,0.9922194492388549,0.9921221752461303,0.9911273509655039,v26 main_pc0,342.2
44,pendigits,CBM_KE,6,OK,0.998,0.9999943177098528,0.9980256759385334,0.9979967948717949,0.9980012796388215,0.9977795879957613,v26 main_pc0,56.7
44,pendigits,CBM_KE,7,OK,0.993,0.9993953473177608,0.993113908031604,0.9930101755041075,0.9930133546220887,0.9922318143096807,v26 main_pc0,474.9
44,pendigits,CBM_KE,8,OK,0.998,1.0,0.9980256759385334,0.9979166666666668,0.997960811216837,0.9977795683239363,v26 main_pc0,89.8
44,pendigits,CBM_KE,9,OK,0.991,0.9996449639577399,0.9910828747445027,0.991103961827646,0.991055778597351,0.9900071012758404,v25(p_c=0),47.4
44,pendigits,CBM,0,OK,0.989,0.9983376385384517,0.9888064998103434,0.9888583386002676,0.9887651671982258,0.9877898616345029,v26 main_pc0,69.4
44,pendigits,CBM,1,OK,0.994,0.9991013587007209,0.9939078723275643,0.9938897300924407,0.9938942431172506,0.99333318515965,v26 main_pc0,81.0
44,pendigits,CBM,2,OK,0.994,0.999824235093806,0.9940590092312229,0.9939605660077795,0.9939938393157155,0.9933354374864648,v25(p_c=0),46.0
44,pendigits,CBM,3,OK,0.997,0.9996139644007096,0.9970157874470542,0.9969533208020049,0.9969692956870236,0.9966693486947862,v25(p_c=0),303.6
44,pendigits,CBM,4,OK,0.994,0.9996724599064766,0.994111058902164,0.9939574898785425,0.9939890478072526,0.9933420832625137,v26 main_pc0,82.5
44,pendigits,CBM,5,OK,0.997,0.9999760431955952,0.9970748299319728,0.9970271415465473,0.9970364043482324,0.9966694116114349,v26 main_pc0,74.3
44,pendigits,CBM,6,OK,0.995,0.9999989268543956,0.9950233211504642,0.9951829723674385,0.9950736948871988,0.9944501986342823,v26 main_pc0,41.0
44,pendigits,CBM,7,OK,0.991,0.9998099796486724,0.991113695415342,0.9909268421707742,0.9909835623687305,0.9900068571705043,v26 main_pc0,45.2
44,pendigits,CBM,8,OK,0.998,0.9999989268543956,0.9981132075471699,0.9979874595469255,0.9980362539601462,0.9977806771989167,v26 main_pc0,76.5
44,pendigits,CBM,9,OK,0.992,0.9990675474810382,0.9923256253842153,0.9919961109156714,0.9921277992385544,0.9911169746541647,v25(p_c=0),48.2
44,phoneme,CBM_KE,0,OK,0.88909426987061,0.9434126905726233,0.8682266421527662,0.8627218545227041,0.8653960987261147,0.7309277680491266,v25(p_c=0),36.7
44,phoneme,CBM_KE,1,OK,0.8650646950092421,0.9239849846883335,0.8462148200926256,0.8200055978135599,0.8313108403063425,0.665704680697544,v26 main_pc0,235.9
44,phoneme,CBM_KE,2,OK,0.9057301293900185,0.9558266653495342,0.8818693515141905,0.8965310020086272,0.888627859383136,0.7782622606610362,v25(p_c=0),38.6
44,phoneme,CBM_KE,3,OK,0.8687615526802218,0.931064572425829,0.8497917328532599,0.8262949059896605,0.8366052552099064,0.6756782091715401,v26 main_pc0,305.7
44,phoneme,CBM_KE,4,OK,0.8777777777777778,0.9455563655643184,0.8516447368421052,0.8542315594141427,0.8529193284801664,0.7058715562801913,v25(p_c=0),41.1
44,phoneme,CBM_KE,5,OK,0.8962962962962963,0.9424746504075817,0.8738486842105263,0.8765988468420703,0.8752042787104442,0.7504424917796421,v26 main_pc0,337.6
44,phoneme,CBM_KE,6,OK,0.9055555555555556,0.9528133077076015,0.8864396068583593,0.8849990058983366,0.8857142857142857,0.7714372676510055,v25(p_c=0),49.4
44,phoneme,CBM_KE,7,OK,0.9037037037037037,0.9594737888528067,0.8795122887864824,0.8929683875671018,0.8857626401523164,0.7723634693234119,v25(p_c=0),55.9
44,phoneme,CBM_KE,8,OK,0.8851851851851852,0.9443866686475512,0.8567026194144838,0.8783241717426831,0.8660714285714286,0.7347087124797966,v25(p_c=0),48.1
44,phoneme,CBM_KE,9,OK,0.9018518518518519,0.9532346192574985,0.8856823114487249,0.8754766503243698,0.8803306586831354,0.7610905396656237,v25(p_c=0),58.3
44,phoneme,CBM,0,OK,0.9075785582255084,0.948812934242155,0.8975269940787183,0.8758108597583062,0.8856294818021919,0.7730328878433522,v25(p_c=0),52.6
44,phoneme,CBM,1,OK,0.878003696857671,0.9439230794560243,0.8538183386411891,0.8511969442523626,0.8524886803053839,0.7050104094301961,v25(p_c=0),34.2
44,phoneme,CBM,2,OK,0.9094269870609981,0.9558760578221213,0.8876626506024097,0.8973130494912576,0.8922507875215933,0.7849163774178936,v25(p_c=0),45.8
44,phoneme,CBM,3,OK,0.8724584103512015,0.9418485956073628,0.8442088353413655,0.8527775033751523,0.8482715171222437,0.6969336656279299,v25(p_c=0),37.3
44,phoneme,CBM,4,OK,0.8759259259259259,0.9471966333090331,0.8484564937918015,0.8547783153290476,0.8515016068855972,0.7032063931248694,v25(p_c=0),45.3
44,phoneme,CBM,5,OK,0.8907407407407407,0.9399396911657498,0.8751200349192492,0.8559712373252037,0.8646737260598647,0.7308404558470442,v25(p_c=0),281.9
44,phoneme,CBM,6,OK,0.8907407407407407,0.94678242428259,0.8646915284712077,0.87638345814832,0.87015792154865,0.7409827491740671,v26 main_pc0,139.2
44,phoneme,CBM,7,OK,0.9055555555555556,0.9544535754523162,0.8854305947605606,0.8868546623368017,0.8861376518888168,0.7722839441303161,v25(p_c=0),328.1
44,phoneme,CBM,8,OK,0.8888888888888888,0.9359183875600455,0.8702054852823508,0.8589610260981528,0.8642647674905739,0.7290798059584896,v25(p_c=0),298.9
44,phoneme,CBM,9,OK,0.9018518518518519,0.9627428646890838,0.889628676726236,0.8699796959342346,0.8789212057112639,0.7593541975716761,v25(p_c=0),326.3
44,satimage,CBM_KE,0,OK,0.9129082426127527,0.99224232815668,0.9018348524540475,0.893217783957783,0.8968055462388231,0.8925222621583535,v25(p_c=0),161.1
44,satimage,CBM_KE,1,OK,0.9300155520995335,0.9931124268284379,0.9255313193858085,0.9115202238937771,0.915747230003429,0.9139119699977111,v26 main_pc0,351.7
44,satimage,CBM_KE,2,OK,0.9051321928460342,0.9906413148789829,0.894953503913492,0.8845588251849001,0.8894252309945233,0.8827330360193413,v25(p_c=0),54.0
44,satimage,CBM_KE,3,OK,0.9300155520995335,0.9917522070339823,0.9214770423669688,0.9139087090519439,0.9170346930244947,0.9136042265703135,v26 main_pc0,154.9
44,satimage,CBM_KE,4,OK,0.9097978227060654,0.9910129420051642,0.8924981255540244,0.8882036207809924,0.8878040413479195,0.8891595716651336,v26 main_pc0,81.7
44,satimage,CBM_KE,5,OK,0.911353032659409,0.9905320796565434,0.9012677320958892,0.8965466497274471,0.8987402098347879,0.8905963214086585,v26 main_pc0,357.9
44,satimage,CBM_KE,6,OK,0.926905132192846,0.9927318610427648,0.9155997169067124,0.9117286276410081,0.9134728556718037,0.9097996032697365,v25(p_c=0),44.1
44,satimage,CBM_KE,7,OK,0.926905132192846,0.9917215793299037,0.9141362154490892,0.9107719410142773,0.9116755228008424,0.9099687210489882,v26 main_pc0,218.3
44,satimage,CBM_KE,8,OK,0.9206842923794712,0.9922313198234352,0.9141095440875885,0.9071729615163749,0.9103218409999995,0.9021079298977889,v25(p_c=0),39.4
44,satimage,CBM_KE,9,OK,0.9035769828926905,0.9895642702560621,0.885732247583663,0.8889419923814579,0.8870985565166801,0.8812318808865804,v25(p_c=0),59.6
44,satimage,CBM,0,OK,0.9160186625194401,0.9883650158393246,0.9110924016584394,0.8931065842166651,0.9005748973553999,0.8963384625578323,v26 main_pc0,33.7
44,satimage,CBM,1,OK,0.9160186625194401,0.9815209524253167,0.9046847579911469,0.8952087018932189,0.8984187377128489,0.8964785495338072,v25(p_c=0),38.8
44,satimage,CBM,2,OK,0.9144634525660964,0.9857513793819441,0.9084112666210634,0.891702016284511,0.898559471971586,0.8946324234060953,v26 main_pc0,186.6
44,satimage,CBM,3,OK,0.926905132192846,0.9897273672266325,0.9185389528254992,0.9019977434657734,0.9083705358059756,0.9098793840413947,v26 main_pc0,312.1
44,satimage,CBM,4,OK,0.9082426127527217,0.9819098481007753,0.8888759663469773,0.9001811534554048,0.8937376572591096,0.8873605809949726,v26 main_pc0,39.7
44,satimage,CBM,5,OK,0.9206842923794712,0.9875586379823534,0.9114834322167223,0.9069473725530388,0.9084387194163166,0.9022322897777233,v26 main_pc0,246.3
44,satimage,CBM,6,OK,0.9222395023328149,0.989273250222953,0.9246020704051721,0.8916065208595501,0.9017409678193481,0.9047040478707856,v26 main_pc0,354.5
44,satimage,CBM,7,OK,0.911353032659409,0.9870533741750426,0.8939975671833005,0.8923858510540367,0.8916308120416826,0.8908896354873415,v25(p_c=0),31.3
44,satimage,CBM,8,OK,0.9206842923794712,0.9822679444986849,0.9155094507245044,0.9054341627104675,0.9096811937970184,0.9021491427673256,v26 main_pc0,95.5
44,satimage,CBM,9,OK,0.9160186625194401,0.9880128537579518,0.9005005966425328,0.9057250460493317,0.9018770440176914,0.8970269181513992,v26 main_pc0,76.4
44,segment,CBM_KE,0,OK,0.9783549783549783,0.9994096812278631,0.981203007518797,0.9783549783549784,0.9782300359534254,0.9752807006135219,v26 main_pc0,25.7
44,segment,CBM_KE,1,OK,0.9826839826839827,0.9989724080633172,0.983178726035869,0.9826839826839827,0.9826760249554367,0.979883678912969,v26 main_pc0,26.7
44,segment,CBM_KE,2,OK,0.9913419913419913,0.998884953430408,0.9915966386554622,0.9913419913419913,0.9912713219616204,0.9899639247273518,v26 main_pc0,96.3
44,segment,CBM_KE,3,OK,0.974025974025974,0.9964143600507238,0.9740180162974281,0.974025974025974,0.9739583799285292,0.9697181715154257,v26 main_pc0,69.8
44,segment,CBM_KE,4,OK,0.9523809523809523,0.9953430407975862,0.9528264091560378,0.9523809523809524,0.9522952738657304,0.9445477064301288,v26 main_pc0,107.6
44,segment,CBM_KE,5,OK,0.9783549783549783,0.9992129083038174,0.9788178027809363,0.9783549783549784,0.9783390628978864,0.9748327321144485,v26 main_pc0,43.9
44,segment,CBM_KE,6,OK,0.987012987012987,0.9995845904936813,0.9876350540216087,0.987012987012987,0.9870727165722776,0.9849346257114895,v26 main_pc0,93.3
44,segment,CBM_KE,7,OK,0.9653679653679653,0.9949932222659494,0.9681913512433836,0.9653679653679654,0.9653322820147432,0.9600998829388695,v26 main_pc0,56.0
44,segment,CBM_KE,8,OK,0.935064935064935,0.9956709956709956,0.9392928724026869,0.9350649350649352,0.9350687053253086,0.9249504933145186,v26 main_pc0,38.8
44,segment,CBM_KE,9,OK,0.974025974025974,0.999344090253181,0.97438330170778,0.974025974025974,0.973948253239298,0.9697817853159281,v26 main_pc0,29.6
44,segment,CBM,0,OK,0.9783549783549783,0.9989505444050899,0.981203007518797,0.9783549783549784,0.9782300359534254,0.9752807006135219,v26 main_pc0,24.5
44,segment,CBM,1,OK,0.987012987012987,0.998294634658271,0.9872676343264579,0.987012987012987,0.9870766049870527,0.9848700179453542,v26 main_pc0,47.6
44,segment,CBM,2,OK,0.9826839826839827,0.999475272202545,0.9833060496926044,0.9826839826839827,0.982675030924592,0.9799051072055881,v26 main_pc0,41.5
44,segment,CBM,3,OK,0.974025974025974,0.9980104071013162,0.9744079449961803,0.974025974025974,0.9741542040049502,0.9697181715154257,v26 main_pc0,41.1
44,segment,CBM,4,OK,0.961038961038961,0.9969390878481788,0.9629877238251624,0.961038961038961,0.9610811980418449,0.9548586564617301,v25(p_c=0),72.9
44,segment,CBM,5,OK,0.9653679653679653,0.9991473173291354,0.9660199563696447,0.9653679653679654,0.9649963219118494,0.9598268259434828,v26 main_pc0,13.0
44,segment,CBM,6,OK,0.9826839826839827,1.0,0.9838935574229691,0.9826839826839827,0.9827967336038393,0.9799694005191966,v26 main_pc0,42.0
44,segment,CBM,7,OK,0.9653679653679653,0.9933315842406752,0.9672240517828754,0.9653679653679654,0.9651689393212194,0.9599738276789632,v26 main_pc0,15.5
44,segment,CBM,8,OK,0.974025974025974,0.9969828151646334,0.9740180162974281,0.974025974025974,0.9739583799285292,0.9697181715154257,v25(p_c=0),68.6
44,segment,CBM,9,OK,0.9826839826839827,0.9996939087848178,0.9829386299974535,0.9826839826839827,0.9826133133036118,0.9798622520260523,v26 main_pc0,29.8
44,spambase,CBM_KE,0,OK,0.9544468546637744,0.9786127850643981,0.9519597436804654,0.952814210878727,0.9523818892796537,0.9047735510803169,v26 main_pc0,150.0
44,spambase,CBM_KE,1,OK,0.9543478260869566,0.9882175884670983,0.9517946082694284,0.9526624289589893,0.9522233927326142,0.9044566208941467,v25(p_c=0),23.2
44,spambase,CBM_KE,2,OK,0.941304347826087,0.9797817778569873,0.9369162546110981,0.9409394245430602,0.9388029622913905,0.8778464601095723,v26 main_pc0,108.2
44,spambase,CBM_KE,3,OK,0.9478260869565217,0.9890294857323907,0.946142070418895,0.9443751361413097,0.9452380952380952,0.8905154536127091,v26 main_pc0,147.1
44,spambase,CBM_KE,4,OK,0.9521739130434783,0.9827719360779421,0.9525814536340852,0.9469890492881047,0.9495975774962149,0.8995531194661675,v26 main_pc0,111.7
44,spambase,CBM_KE,5,OK,0.9347826086956522,0.9788114616131013,0.9304176904176904,0.9336224479692667,0.9319405811682547,0.8640341950830347,v26 main_pc0,103.2
44,spambase,CBM_KE,6,OK,0.95,0.9847719756826868,0.9488604669694796,0.9461672508366502,0.9474674650817532,0.8950236657363374,v26 main_pc0,125.7
44,spambase,CBM_KE,7,OK,0.9521739130434783,0.9872670745955365,0.9498999980197628,0.9498999980197628,0.9498999980197628,0.8997999960395255,v26 main_pc0,21.5
44,spambase,CBM_KE,8,OK,0.9326086956521739,0.9711637283579729,0.9314747160168493,0.9271681555854218,0.9291952790232325,0.8586320716643682,v26 main_pc0,149.0
44,spambase,CBM_KE,9,OK,0.9347826086956522,0.976836113526761,0.9351740213809179,0.9280180251403274,0.9312694238584748,0.8631623838509995,v26 main_pc0,233.8
44,spambase,CBM,0,OK,0.9587852494577006,0.9781795265666232,0.9572809786898184,0.956398440269408,0.9568345678282253,0.9136789927297256,v26 main_pc0,40.9
44,spambase,CBM,1,OK,0.9543478260869566,0.9881185766054773,0.9504552232948749,0.9546030614467613,0.952402304004415,0.9050487800213524,v25(p_c=0),17.8
44,spambase,CBM,2,OK,0.9456521739130435,0.985960118022139,0.9427029804727647,0.9435533376898553,0.9431230865864455,0.8862559102063954,v26 main_pc0,128.0
44,spambase,CBM,3,OK,0.9456521739130435,0.9824749004930791,0.9434523809523809,0.9425830214459692,0.9430126016481747,0.8860349758995155,v26 main_pc0,31.0
44,spambase,CBM,4,OK,0.9478260869565217,0.9809699201964396,0.9479699248120301,0.9424345036535378,0.9450155390867798,0.8903872221363538,v25(p_c=0),102.3
44,spambase,CBM,5,OK,0.941304347826087,0.982276876769837,0.935595460199005,0.9438503732747183,0.9391268973832407,0.8794070902741257,v25(p_c=0),16.5
44,spambase,CBM,6,OK,0.9478260869565217,0.9847521733103626,0.947016430097223,0.9434048198974236,0.9451281337601145,0.8904139254940895,v25(p_c=0),110.0
44,spambase,CBM,7,OK,0.9478260869565217,0.9793263232935306,0.9434095316448258,0.9482564011168538,0.9456521739130435,0.8916527594888479,v26 main_pc0,173.3
44,spambase,CBM,8,OK,0.9326086956521739,0.9704522096608427,0.9298897007861542,0.929065538777769,0.9294726273671925,0.8589548441747683,v26 main_pc0,30.7
44,spambase,CBM,9,OK,0.9478260869565217,0.9766187050359713,0.9462301587301587,0.9445015416238438,0.9453454523851957,0.8907300230139501,v26 main_pc0,148.5
44,tic-tac-toe,CBM_KE,0,OK,1.0,1.0,1.0,1.0,1.0,1.0,v26 main_pc0,30.3
44,tic-tac-toe,CBM_KE,1,OK,0.9791666666666666,1.0,0.9722222222222222,0.9838709677419355,0.9775175644028102,0.9560222249632359,v26 main_pc0,33.7
44,tic-tac-toe,CBM_KE,2,OK,0.9895833333333334,0.9995189995189996,0.9921875,0.9848484848484849,0.9883706844336766,0.9770084209183943,v26 main_pc0,9.7
44,tic-tac-toe,CBM_KE,3,OK,0.9791666666666666,0.9980759980759981,0.976911976911977,0.976911976911977,0.976911976911977,0.9538239538239538,v26 main_pc0,26.0
44,tic-tac-toe,CBM_KE,4,OK,0.9479166666666666,0.9470899470899471,0.9632352941176471,0.9242424242424243,0.9399324239769742,0.886620694933573,v26 main_pc0,15.0
44,tic-tac-toe,CBM_KE,5,OK,1.0,1.0,1.0,1.0,1.0,1.0,v26 main_pc0,16.8
44,tic-tac-toe,CBM_KE,6,OK,0.9791666666666666,0.9995189995189996,0.976911976911977,0.976911976911977,0.976911976911977,0.9538239538239538,v25(p_c=0),9.3
44,tic-tac-toe,CBM_KE,7,OK,0.96875,1.0,0.9772727272727273,0.9545454545454546,0.964562569213732,0.9315409787235999,v26 main_pc0,26.9
44,tic-tac-toe,CBM_KE,8,OK,0.9894736842105263,1.0,0.9920634920634921,0.9848484848484849,0.9883076923076923,0.9768853332428297,v26 main_pc0,30.2
44,tic-tac-toe,CBM_KE,9,OK,1.0,1.0,1.0,1.0,1.0,1.0,v26 main_pc0,34.1
44,tic-tac-toe,CBM,0,OK,0.9791666666666666,0.9947817836812143,0.9722222222222222,0.9838709677419355,0.9775175644028102,0.9560222249632359,v26 main_pc0,22.5
44,tic-tac-toe,CBM,1,OK,0.9895833333333334,1.0,0.9857142857142858,0.9919354838709677,0.9886885825379993,0.9776299753299275,v26 main_pc0,10.6
44,tic-tac-toe,CBM,2,OK,0.96875,0.9966329966329966,0.9625237191650854,0.968975468975469,0.9656119402985075,0.9314768448173557,v26 main_pc0,5.2
44,tic-tac-toe,CBM,3,OK,1.0,1.0,1.0,1.0,1.0,1.0,v26 main_pc0,11.0
44,tic-tac-toe,CBM,4,OK,0.9583333333333334,0.9701779701779701,0.9701492537313433,0.9393939393939394,0.9523573200992556,0.9090230639541237,v26 main_pc0,8.1
44,tic-tac-toe,CBM,5,OK,1.0,1.0,1.0,1.0,1.0,1.0,v26 main_pc0,6.4
44,tic-tac-toe,CBM,6,OK,0.96875,0.9773929773929774,0.9625237191650854,0.968975468975469,0.9656119402985075,0.9314768448173557,v26 main_pc0,9.9
44,tic-tac-toe,CBM,7,OK,0.9583333333333334,0.9509379509379509,0.9607940446650125,0.9466089466089466,0.953125,0.9072921092823789,v26 main_pc0,10.5
44,tic-tac-toe,CBM,8,OK,0.9894736842105263,1.0,0.9920634920634921,0.9848484848484849,0.9883076923076923,0.9768853332428297,v26 main_pc0,4.9
44,tic-tac-toe,CBM,9,OK,0.9894736842105263,0.9926686217008798,0.9920634920634921,0.9848484848484849,0.9883076923076923,0.9768853332428297,v26 main_pc0,13.6
44,vehicle,CBM_KE,0,OK,0.788235294117647,0.9565352182539683,0.8101736972704714,0.7932900432900433,0.7862190135445949,0.7303559743085751,v26 main_pc0,35.8
44,vehicle,CBM_KE,1,OK,0.7647058823529411,0.9554924936174936,0.7904174629718108,0.7699675324675326,0.74019520851819,0.7057030918904236,v26 main_pc0,28.9
44,vehicle,CBM_KE,2,OK,0.8470588235294118,0.960588023088023,0.8489130434782608,0.8484848484848484,0.848509485094851,0.7960842803996308,v26 main_pc0,15.6
44,vehicle,CBM_KE,3,OK,0.8117647058823529,0.9534406565656566,0.820413282369804,0.8122294372294373,0.8038030095759234,0.7565272133415984,v25(p_c=0),25.6
44,vehicle,CBM_KE,4,OK,0.8588235294117647,0.9647084686147186,0.8653323578595318,0.8593073593073594,0.8576201201201201,0.8146662499025639,v25(p_c=0),17.0
44,vehicle,CBM_KE,5,OK,0.8117647058823529,0.9324399038461538,0.8077329192546583,0.8127705627705628,0.801521327647008,0.7535933431972546,v26 main_pc0,20.0
44,vehicle,CBM_KE,6,OK,0.8571428571428571,0.9591836734693877,0.8581235697940504,0.8571428571428571,0.8568181818181818,0.8100645527766844,v25(p_c=0),8.9
44,vehicle,CBM_KE,7,OK,0.7976190476190477,0.9513856871697037,0.8021739130434783,0.8012360446570972,0.8007128530384344,0.7307983352251229,v26 main_pc0,11.6
44,vehicle,CBM_KE,8,OK,0.6904761904761905,0.9214526591173697,0.6909090909090909,0.6952922077922077,0.6915220693057385,0.5881470385351522,v26 main_pc0,16.9
44,vehicle,CBM_KE,9,OK,0.8809523809523809,0.9695899498606873,0.8863636363636364,0.8830627705627705,0.884445980376213,0.8413389406593934,v25(p_c=0),12.7
44,vehicle,CBM,0,OK,0.788235294117647,0.9371899801587302,0.7905844155844156,0.7905844155844156,0.7905844155844156,0.7175036927621861,v26 main_pc0,10.1
44,vehicle,CBM,1,OK,0.788235294117647,0.9554739010989011,0.7833333333333332,0.7916666666666666,0.7830749354005168,0.7208155538097253,v26 main_pc0,10.7
44,vehicle,CBM,2,OK,0.8705882352941177,0.9696180555555556,0.8722943722943723,0.8722943722943723,0.872093023255814,0.8275480059084195,v26 main_pc0,9.8
44,vehicle,CBM,3,OK,0.8470588235294118,0.9571778048340549,0.8482593795093796,0.8484848484848484,0.8468085908435856,0.796968327624168,v26 main_pc0,17.2
44,vehicle,CBM,4,OK,0.8470588235294118,0.9640433351370852,0.8573626373626374,0.8474025974025974,0.8429711246200609,0.8012182384246775,v26 main_pc0,19.3
44,vehicle,CBM,5,OK,0.7647058823529411,0.928317775974026,0.7609900406939387,0.7651515151515151,0.75127023462748,0.6942441004420372,v26 main_pc0,15.7
44,vehicle,CBM,6,OK,0.8452380952380952,0.9633408919123205,0.8571428571428571,0.8452380952380952,0.8408163265306122,0.8010271869430217,v25(p_c=0),22.7
44,vehicle,CBM,7,OK,0.8214285714285714,0.9546155542699322,0.83125,0.8245044429254955,0.8265765765765765,0.7626451107142971,v26 main_pc0,10.3
44,vehicle,CBM,8,OK,0.6904761904761905,0.8966331169870196,0.6903752436647173,0.696969696969697,0.6868122363711362,0.5917266164020366,v25(p_c=0),7.8
44,vehicle,CBM,9,OK,0.8928571428571429,0.9791540597992211,0.8956521739130435,0.895021645021645,0.8951219512195122,0.8572239644884312,v26 main_pc0,6.7
44,wdbc,CBM_KE,0,OK,0.9649122807017544,1.0,0.9736842105263157,0.9523809523809523,0.9614864864864865,0.9258200997725514,v26 main_pc0,9.6
44,wdbc,CBM_KE,1,OK,0.9824561403508771,1.0,0.9772727272727273,0.9861111111111112,0.981329839502129,0.9633432944855655,v26 main_pc0,13.5
44,wdbc,CBM_KE,2,OK,0.9473684210526315,0.9907407407407408,0.9479729729729729,0.9384920634920635,0.942866688940862,0.8864143349643965,v26 main_pc0,9.4
44,wdbc,CBM_KE,3,OK,0.9298245614035088,0.9563492063492064,0.95,0.9047619047619048,0.9210526315789473,0.8535639569308375,v25(p_c=0),8.3
44,wdbc,CBM_KE,4,OK,1.0,1.0,1.0,1.0,1.0,1.0,v26 main_pc0,17.2
44,wdbc,CBM_KE,5,OK,0.9298245614035088,0.9722222222222222,0.9199999999999999,0.9444444444444444,0.9271099744245523,0.8640987597877147,v26 main_pc0,6.0
44,wdbc,CBM_KE,6,OK,0.9649122807017544,0.9986772486772486,0.9623015873015872,0.9623015873015872,0.9623015873015872,0.9246031746031746,v26 main_pc0,12.0
44,wdbc,CBM_KE,7,OK,0.9473684210526315,0.996103896103896,0.9418158567774936,0.9487012987012987,0.9449275362318841,0.8904905361044291,v26 main_pc0,8.7
44,wdbc,CBM_KE,8,OK,0.9649122807017544,0.9844155844155844,0.972972972972973,0.9545454545454546,0.9623015873015872,0.9273353546322172,v26 main_pc0,9.8
44,wdbc,CBM_KE,9,OK,0.9642857142857143,0.9959183673469387,0.9565217391304348,0.9714285714285714,0.9625668449197862,0.9278305692406299,v26 main_pc0,8.4
44,wdbc,CBM,0,OK,0.9824561403508771,1.0,0.9864864864864865,0.9761904761904762,0.9809555629802873,0.962621902223779,v26 main_pc0,6.1
44,wdbc,CBM,1,OK,1.0,1.0,1.0,1.0,1.0,1.0,v26 main_pc0,9.0
44,wdbc,CBM,2,OK,0.9824561403508771,1.0,0.9864864864864865,0.9761904761904762,0.9809555629802873,0.962621902223779,v26 main_pc0,2.5
44,wdbc,CBM,3,OK,0.9298245614035088,0.9801587301587301,0.95,0.9047619047619048,0.9210526315789473,0.8535639569308375,v26 main_pc0,10.6
44,wdbc,CBM,4,OK,0.9824561403508771,1.0,0.9864864864864865,0.9761904761904762,0.9809555629802873,0.962621902223779,v26 main_pc0,8.4
44,wdbc,CBM,5,OK,0.9473684210526315,0.9841269841269841,0.9402597402597402,0.9484126984126984,0.9439895185063871,0.8886350389948482,v25(p_c=0),2.6
44,wdbc,CBM,6,OK,1.0,1.0,1.0,1.0,1.0,1.0,v26 main_pc0,11.7
44,wdbc,CBM,7,OK,0.9649122807017544,0.9987012987012986,0.9629870129870131,0.9629870129870131,0.9629870129870131,0.925974025974026,v26 main_pc0,3.6
44,wdbc,CBM,8,OK,0.9473684210526315,0.974025974025974,0.9418158567774936,0.9487012987012987,0.9449275362318841,0.8904905361044291,v26 main_pc0,11.3
44,wdbc,CBM,9,OK,0.9642857142857143,1.0,0.9565217391304348,0.9714285714285714,0.9625668449197862,0.9278305692406299,v26 main_pc0,10.6
44,wine-quality,CBM_KE,0,PARTIAL,0.6469387755102041,nan,0.4639739048829958,0.4193180800755338,0.43618105462288553,0.4674554632943207,v26 main_pc0,42.1
44,wine-quality,CBM_KE,1,PARTIAL,0.6571428571428571,nan,0.5491086256498326,0.44438000743399614,0.4791894564564601,0.47734246151125637,v26 main_pc0,32.9
44,wine-quality,CBM_KE,2,PARTIAL,0.6469387755102041,nan,0.5518532737547303,0.45347508212619775,0.48424439220757165,0.4681709231709577,v26 main_pc0,45.1
44,wine-quality,CBM_KE,3,OK,0.6081632653061224,0.8046410350985561,0.2982692950965285,0.29094267801164353,0.28983662500874324,0.40284753241612725,v26 main_pc0,37.8
44,wine-quality,CBM_KE,4,OK,0.6693877551020408,0.7544047460504489,0.4554560577255445,0.3811476837338907,0.40794244495532944,0.4956118981657521,v26 main_pc0,52.6
44,wine-quality,CBM_KE,5,OK,0.6612244897959184,0.7964412220979433,0.43910487586765196,0.3688002972048096,0.38934734463609033,0.4892303185888373,v26 main_pc0,58.3
44,wine-quality,CBM_KE,6,OK,0.6142857142857143,0.835715327911364,0.33410565822807253,0.32317648105319335,0.32620226684946496,0.4147788770533568,v26 main_pc0,291.2
44,wine-quality,CBM_KE,7,OK,0.5938775510204082,0.8524526796782891,0.3397117877695567,0.31562889165628893,0.32353379857496434,0.3777077292448062,v26 main_pc0,266.3
44,wine-quality,CBM_KE,8,PARTIAL,0.6482617586912065,nan,0.5122774687073042,0.444330543549923,0.46807881884081187,0.4670984301332733,v26 main_pc0,45.6
44,wine-quality,CBM_KE,9,PARTIAL,0.621676891615542,nan,0.3725458985081444,0.3499040058115401,0.354590300032289,0.4195553114440451,v26 main_pc0,291.0
44,wine-quality,CBM,0,PARTIAL,0.45102040816326533,nan,0.32264396739013634,0.37166928484414385,0.3092561266741085,0.29414631094560195,v26 main_pc0,103.2
44,wine-quality,CBM,1,PARTIAL,0.37142857142857144,nan,0.3034227210697799,0.5028113189374269,0.31113906345360337,0.21552446009363488,v26 main_pc0,40.0
44,wine-quality,CBM,2,PARTIAL,0.40816326530612246,nan,0.23803955967642992,0.26720076745431715,0.23291641558043094,0.20349033337221442,v26 main_pc0,29.9
44,wine-quality,CBM,3,OK,0.3653061224489796,0.7678699806696624,0.2583414256419717,0.412066477583719,0.262645735571539,0.1983251424870894,v26 main_pc0,37.0
44,wine-quality,CBM,4,OK,0.39183673469387753,0.5674731377856005,0.160164402508316,0.17792767577250337,0.15791357307036752,0.0843369375002841,v26 main_pc0,53.4
44,wine-quality,CBM,5,OK,0.3795918367346939,0.7043532953563777,0.2384455546778716,0.32021829902571236,0.2368656855254609,0.202965806071053,v26 main_pc0,120.8
44,wine-quality,CBM,6,OK,0.42857142857142855,0.6336209152991321,0.21234545740554697,0.2342310087173101,0.21345153327480998,0.1518665376768388,v26 main_pc0,47.3
44,wine-quality,CBM,7,OK,0.3877551020408163,0.6560330645394455,0.19528477513073147,0.20918653264543677,0.19896593681496258,0.10840577871660455,v26 main_pc0,51.6
44,wine-quality,CBM,8,PARTIAL,0.4376278118609407,nan,0.14243161555337722,0.19015151515151515,0.16286501566394548,0.08364035641694963,v26 main_pc0,28.7
44,wine-quality,CBM,9,PARTIAL,0.38650306748466257,nan,0.2914262881100402,0.37204081508070225,0.2732638371775537,0.23354681594561855,v26 main_pc0,33.4
