Seed,Dataset,Algorithm,CV index,Status,Accuracy,AUC_ROC,Precision,Recall,F1_macro,MCC,bp_source,wall_s
42,balance-scale,CBM_KE,0,OK,0.8888888888888888,0.9421230561189994,0.5939393939393939,0.6436781609195402,0.6174594496081648,0.8037582028280991,v26 main_pc0,4.8
42,balance-scale,CBM_KE,1,OK,0.9841269841269841,0.996450304259635,0.9444444444444445,0.9885057471264368,0.9638490164805954,0.9729158085985287,v26 main_pc0,14.4
42,balance-scale,CBM_KE,2,OK,0.9682539682539683,0.9881000676132522,0.9047619047619048,0.9770114942528735,0.9325396825396827,0.9472669881727528,v26 main_pc0,24.2
42,balance-scale,CBM_KE,3,OK,0.9206349206349206,0.9885057471264368,0.6151515151515151,0.6666666666666666,0.6395115728084564,0.8632958474820323,v26 main_pc0,6.2
42,balance-scale,CBM_KE,4,OK,0.9206349206349206,0.9822177146720756,0.6139112903225806,0.6666666666666666,0.6391621129326047,0.8624251504904709,v26 main_pc0,5.8
42,balance-scale,CBM_KE,5,OK,0.9193548387096774,0.937042842215256,0.6131944444444445,0.6551724137931035,0.633324071501343,0.8552326011749419,v26 main_pc0,6.2
42,balance-scale,CBM_KE,6,OK,0.9032258064516129,0.9918404137764659,0.6020833333333333,0.6547619047619048,0.6272847182965894,0.8302342861614174,v26 main_pc0,17.8
42,balance-scale,CBM_KE,7,OK,0.9354838709677419,1.0,0.9572557471264368,0.7333333333333334,0.7555363819384526,0.8885358672050417,v26 main_pc0,5.3
42,balance-scale,CBM_KE,8,OK,0.9838709677419355,1.0,0.9444444444444445,0.9880952380952381,0.9636363636363637,0.972520851765122,v26 main_pc0,5.4
42,balance-scale,CBM_KE,9,OK,0.9193548387096774,0.9969641973271738,0.6176470588235294,0.6666666666666666,0.6402116402116401,0.8630715425344782,v26 main_pc0,8.7
42,balance-scale,CBM,0,OK,0.9523809523809523,0.9866125760649087,0.8951612903225806,0.8551724137931034,0.8719298245614034,0.9168454278540442,v26 main_pc0,15.6
42,balance-scale,CBM,1,OK,0.9841269841269841,0.9933739012846518,0.9444444444444445,0.9885057471264368,0.9638490164805954,0.9729158085985287,v25(p_c=0),15.3
42,balance-scale,CBM,2,OK,0.9365079365079365,0.9971602434077079,0.9595959595959597,0.8436781609195402,0.8832565284178188,0.8913391236957271,v26 main_pc0,15.1
42,balance-scale,CBM,3,OK,0.9523809523809523,0.9950642325895874,0.9673835125448029,0.7999999999999999,0.8403820285176217,0.9172293025456485,v25(p_c=0),13.1
42,balance-scale,CBM,4,OK,0.9841269841269841,0.9970250169033129,0.9444444444444445,0.9885057471264368,0.9638490164805954,0.9729158085985287,v25(p_c=0),13.1
42,balance-scale,CBM,5,OK,0.9516129032258065,0.9921630094043888,0.8571428571428571,0.9655172413793104,0.8913381939697729,0.919584695374887,v25(p_c=0),17.7
42,balance-scale,CBM,6,OK,0.9354838709677419,0.9402190167162945,0.882183908045977,0.8432676518883415,0.8598507763662028,0.8862293193420129,v26 main_pc0,15.4
42,balance-scale,CBM,7,OK,1.0,1.0,1.0,1.0,1.0,1.0,v25(p_c=0),16.4
42,balance-scale,CBM,8,OK,0.9354838709677419,0.993922906565695,0.9568452380952381,0.7880952380952381,0.8288446526151444,0.8875430409455829,v26 main_pc0,11.3
42,balance-scale,CBM,9,OK,0.9516129032258065,0.9949714973708782,0.876984126984127,0.9099343185550083,0.8913381939697729,0.916603228970579,v25(p_c=0),21.4
42,bank,CBM_KE,0,OK,0.894,0.9183049242424243,0.7547416430279771,0.6734848484848485,0.70291146761735,0.42044650239234943,v25(p_c=0),247.3
42,bank,CBM_KE,1,OK,0.905,0.8979071969696969,0.7856473316148448,0.7193181818181817,0.7462057763565302,0.5005902652308892,v26 main_pc0,84.2
42,bank,CBM_KE,2,OK,0.904,0.8969981060606059,0.784209454989568,0.7115530303030303,0.7402344384193266,0.49040950824312446,v25(p_c=0),62.2
42,bank,CBM_KE,3,OK,0.904,0.8979829545454545,0.782051282051282,0.71875,0.7446129289704708,0.49678453256404004,v25(p_c=0),398.9
42,bank,CBM_KE,4,OK,0.901,0.8785058152107484,0.7710707891174287,0.7334452185522616,0.7501709688571709,0.5031110398655636,v25(p_c=0),70.9
42,bank,CBM_KE,5,OK,0.896,0.9192169915098863,0.7560435394239307,0.7412912870561024,0.7483327041650938,0.49711598312667493,v25(p_c=0),379.1
42,bank,CBM_KE,6,OK,0.905,0.8790135296495829,0.7799161268892211,0.7535375473631757,0.7657554141320992,0.5328010821268762,v25(p_c=0),55.3
42,bank,CBM_KE,7,OK,0.893,0.9165467896463863,0.7523653566229986,0.6825703513571959,0.7092193763163258,0.42929911171137963,v25(p_c=0),424.0
42,bank,CBM_KE,8,OK,0.879,0.5133980199136885,0.4395,0.5,0.46780202235231505,0.0,v25(p_c=0),32.8
42,bank,CBM_KE,9,OK,0.876,0.7790784042723229,0.6887166326227763,0.6016322078996607,0.6252372489996252,0.2769815014822605,v26 main_pc0,327.1
42,bank,CBM,0,OK,0.89,0.8249147727272729,0.7388750600462903,0.7071969696969698,0.7213186189564142,0.44494578805860385,v26 main_pc0,419.8
42,bank,CBM,1,OK,0.124,0.6797916666666668,0.5602409638554217,0.5022727272727273,0.11205176859825816,0.023401818860045453,v26 main_pc0,406.5
42,bank,CBM,2,OK,0.889,0.8466098484848484,0.7377142857142858,0.7462121212121212,0.7418454561311705,0.48385178940720486,v25(p_c=0),379.4
42,bank,CBM,3,OK,0.121,0.6803030303030303,0.56006006006006,0.5005681818181819,0.10837367967791901,0.011683327287213026,v26 main_pc0,386.9
42,bank,CBM,4,OK,0.861,0.7925140326629623,0.6912339517123185,0.7391993155257195,0.7105125593813716,0.42775240667874714,v26 main_pc0,574.6
42,bank,CBM,5,OK,0.887,0.8129166314087195,0.7347363381941376,0.739735236322267,0.7371940229083087,0.474445240298162,v26 main_pc0,436.1
42,bank,CBM,6,OK,0.903,0.8784870109722731,0.7765295427747937,0.7381462781710998,0.7552180199913695,0.5132425602623891,v26 main_pc0,382.4
42,bank,CBM,7,OK,0.903,0.8112289510055566,0.7825458532695375,0.7132024558335449,0.7408627400692992,0.4908746064022861,v26 main_pc0,514.2
42,bank,CBM,8,OK,0.895,0.8673737060333399,0.7546945281453339,0.7193420396957474,0.7350298154545752,0.47271647867508687,v25(p_c=0),416.5
42,bank,CBM,9,OK,0.885,0.8522362940606814,0.7324472914354887,0.7599779990409838,0.7449652820129558,0.49165508930507285,v26 main_pc0,489.8
42,blood,CBM_KE,0,OK,0.8133333333333334,0.7826510721247564,0.753968253968254,0.6871345029239766,0.7083333333333333,0.4360101969670868,v25(p_c=0),16.4
42,blood,CBM_KE,1,OK,0.76,0.6549707602339182,0.38,0.5,0.4318181818181818,0.0,v26 main_pc0,15.0
42,blood,CBM_KE,2,OK,0.72,0.6086744639376218,0.6110547667342798,0.6067251461988304,0.6086956521739131,0.21773687070216685,v26 main_pc0,24.9
42,blood,CBM_KE,3,OK,0.7733333333333333,0.834307992202729,0.7222222222222222,0.5467836257309941,0.5293466223698782,0.2039250967738327,v25(p_c=0),12.7
42,blood,CBM_KE,4,OK,0.8266666666666667,0.8016569200779726,0.7855113636363636,0.695906432748538,0.7221430607010544,0.473005339332108,v25(p_c=0),12.2
42,blood,CBM_KE,5,OK,0.7866666666666666,0.7100389863547758,0.7076923076923076,0.631578947368421,0.648711943793911,0.33062326126679026,v26 main_pc0,17.9
42,blood,CBM_KE,6,OK,0.8,0.7816764132553606,0.7615546218487395,0.6213450292397661,0.64,0.35630522441317786,v25(p_c=0),15.6
42,blood,CBM_KE,7,OK,0.8,0.7456140350877193,0.7615546218487395,0.6213450292397661,0.64,0.35630522441317786,v26 main_pc0,22.8
42,blood,CBM_KE,8,OK,0.7702702702702703,0.7564499484004128,0.38513513513513514,0.5,0.4351145038167939,0.0,v26 main_pc0,7.9
42,blood,CBM_KE,9,OK,0.8243243243243243,0.8740970072239422,0.8284313725490196,0.6382868937048504,0.6653913043478261,0.426228831990631,v25(p_c=0),7.7
42,blood,CBM,0,OK,0.76,0.7534113060428851,0.6839622641509434,0.7090643274853801,0.6931818181818181,0.39222415548971395,v25(p_c=0),13.3
42,blood,CBM,1,OK,0.7333333333333333,0.709551656920078,0.6431818181818182,0.6535087719298245,0.6475563909774436,0.29651080973057514,v25(p_c=0),16.5
42,blood,CBM,2,OK,0.72,0.5950292397660818,0.6000000000000001,0.587719298245614,0.592074592074592,0.18731716231633877,v25(p_c=0),17.1
42,blood,CBM,3,OK,0.7866666666666666,0.7748538011695906,0.728414442700157,0.7836257309941521,0.7427101200686106,0.5090548625853756,v26 main_pc0,10.9
42,blood,CBM,4,OK,0.8,0.7587719298245614,0.7270471464019852,0.6783625730994152,0.6950393060449986,0.4024759036123166,v25(p_c=0),18.3
42,blood,CBM,5,OK,0.68,0.706140350877193,0.6219604863221885,0.6564327485380117,0.6237458193979933,0.27625071285636543,v25(p_c=0),6.5
42,blood,CBM,6,OK,0.76,0.20370370370370372,0.38,0.5,0.4318181818181818,0.0,v25(p_c=0),5.3
42,blood,CBM,7,OK,0.8,0.7933723196881094,0.7251521298174441,0.7163742690058479,0.7204968944099379,0.4414391351222013,v25(p_c=0),18.5
42,blood,CBM,8,OK,0.7567567567567568,0.7378740970072241,0.6320346320346321,0.5944272445820433,0.6035714285714285,0.2233174108074361,v25(p_c=0),19.5
42,blood,CBM,9,OK,0.8648648648648649,0.868937048503612,0.8272383354350568,0.7678018575851393,0.7909604519774012,0.5920643009085318,v26 main_pc0,6.8
42,car,CBM_KE,0,OK,0.9075144508670521,0.9993302717183314,0.47080291970802923,0.4807692307692308,0.4744961240310077,0.7902078803378895,v25(p_c=0),66.1
42,car,CBM_KE,1,OK,0.8323699421965318,0.9981343283582089,0.45166666666666666,0.39743589743589747,0.4087311034400667,0.6036270287404705,v25(p_c=0),81.1
42,car,CBM_KE,2,OK,0.8901734104046243,0.9984939759036144,0.4660714285714286,0.46153846153846156,0.4609674329501916,0.7484164793722441,v25(p_c=0),59.9
42,car,CBM_KE,3,OK,0.8959537572254336,0.9910452505432152,0.9676258992805755,0.8846153846153846,0.9076923076923077,0.7741253465871316,v26 main_pc0,20.0
42,car,CBM_KE,4,OK,0.884393063583815,1.0,0.4645390070921986,0.4605263157894737,0.4594874591057797,0.7355331155372637,v25(p_c=0),81.9
42,car,CBM_KE,5,OK,0.9190751445086706,1.0,0.4740740740740741,0.5,0.486328125,0.8191467485696411,v25(p_c=0),63.1
42,car,CBM_KE,6,OK,0.9017341040462428,0.9989129424536124,0.4638314785373609,0.4847759895606786,0.47346303501945525,0.7759021952249271,v25(p_c=0),74.4
42,car,CBM_KE,7,OK,0.9075144508670521,0.9857328404959119,0.9629629629629629,0.8118436587336109,0.8661931818181818,0.7939620431738017,v26 main_pc0,19.3
42,car,CBM_KE,8,OK,0.9593023255813954,0.9829549935799758,0.7130670987418986,0.743421052631579,0.727366255144033,0.9107608650259489,v25(p_c=0),96.5
42,car,CBM_KE,9,OK,0.9069767441860465,0.9807237689746326,0.5948541666666667,0.6977490213136146,0.6203568788934642,0.7954197899502842,v25(p_c=0),28.7
42,car,CBM,0,OK,0.9248554913294798,1.0,0.8289473684210527,0.9731404958677686,0.8558078602620087,0.8647892348622882,v26 main_pc0,55.8
42,car,CBM,1,OK,0.9595375722543352,0.998780755299367,0.8486001703214818,0.9258241758241759,0.8755737575182019,0.9137971425789395,v26 main_pc0,41.2
42,car,CBM,2,OK,0.9479768786127167,0.9656496092552393,0.7986111111111112,0.8923879151151879,0.8359278711484593,0.8898974746647694,v26 main_pc0,70.7
42,car,CBM,3,OK,0.9710982658959537,0.9999124292713166,0.8935897435897436,0.9853252807798263,0.9268880629174747,0.9403626828068237,v26 main_pc0,46.5
42,car,CBM,4,OK,0.8728323699421965,1.0,0.8060897435897436,0.9545454545454546,0.8217532467532467,0.794393941672929,v26 main_pc0,56.4
42,car,CBM,5,OK,0.9364161849710982,1.0,0.8472222222222222,0.9772727272727273,0.8780952380952382,0.8827970373563778,v26 main_pc0,52.4
42,car,CBM,6,OK,0.953757225433526,0.9400543594734233,0.8728632478632479,0.9116619026906109,0.8653641456582633,0.905445567393852,v26 main_pc0,51.0
42,car,CBM,7,OK,0.953757225433526,0.9992578062554139,0.8803418803418803,0.9744454110482819,0.9098398818987055,0.9052849389696416,v26 main_pc0,63.2
42,car,CBM,8,OK,0.8837209302325582,0.9990915653037424,0.8108974358974359,0.9586776859504132,0.8302913302913303,0.805872987331096,v26 main_pc0,53.7
42,car,CBM,9,OK,0.9767441860465116,0.9991725894489378,0.8998397435897436,0.9917355371900827,0.9401706137000255,0.951478981707255,v26 main_pc0,53.8
42,credit-g,CBM_KE,0,OK,0.68,0.5233333333333333,0.4739583333333333,0.49523809523809526,0.4330262225372077,-0.0222717701593687,v26 main_pc0,8.0
42,credit-g,CBM_KE,1,OK,0.71,0.7090476190476191,0.8535353535353536,0.5166666666666667,0.44645924794808167,0.15352206215727943,v26 main_pc0,15.2
42,credit-g,CBM_KE,2,OK,0.71,0.7766666666666667,0.6439864483342744,0.6214285714285714,0.6277756385573097,0.2644546745762287,v25(p_c=0),10.7
42,credit-g,CBM_KE,3,OK,0.71,0.6857142857142857,0.6466666666666667,0.6309523809523809,0.6363636363636364,0.27717394687343333,v26 main_pc0,42.5
42,credit-g,CBM_KE,4,OK,0.68,0.6804761904761905,0.3469387755102041,0.4857142857142857,0.40476190476190477,-0.09352195295828244,v25(p_c=0),26.2
42,credit-g,CBM_KE,5,OK,0.69,0.5866666666666667,0.3484848484848485,0.4928571428571429,0.40828402366863903,-0.0657951694959769,v25(p_c=0),26.3
42,credit-g,CBM_KE,6,OK,0.76,0.8023809523809524,0.7408637873754154,0.638095238095238,0.6503496503496503,0.3647582326206156,v26 main_pc0,14.3
42,credit-g,CBM_KE,7,OK,0.7,0.6759523809523811,0.35,0.5,0.4117647058823529,0.0,v26 main_pc0,11.0
42,credit-g,CBM_KE,8,OK,0.7,0.6580952380952382,0.35,0.5,0.4117647058823529,0.0,v26 main_pc0,20.2
42,credit-g,CBM_KE,9,OK,0.68,0.6980952380952381,0.6091476091476091,0.6000000000000001,0.6031746031746031,0.20894746626614946,v26 main_pc0,25.6
42,credit-g,CBM,0,OK,0.6,0.6704761904761904,0.6000000000000001,0.6190476190476191,0.5833333333333333,0.2182178902359924,v26 main_pc0,11.2
42,credit-g,CBM,1,OK,0.72,0.7604761904761904,0.6573426573426573,0.6285714285714286,0.6361746361746362,0.2844627935584563,v25(p_c=0),25.6
42,credit-g,CBM,2,OK,0.73,0.8023809523809524,0.6831750339213025,0.6928571428571428,0.6871741397288842,0.3759075082241516,v26 main_pc0,33.5
42,credit-g,CBM,3,OK,0.66,0.6338095238095238,0.55420054200542,0.5380952380952381,0.5339912280701754,0.0908797568787996,v26 main_pc0,14.6
42,credit-g,CBM,4,OK,0.54,0.6852380952380952,0.5933786078098472,0.6047619047619048,0.537037037037037,0.1978132535314504,v26 main_pc0,6.5
42,credit-g,CBM,5,OK,0.63,0.7238095238095239,0.6260504201680672,0.6499999999999999,0.6129302228266555,0.27500954910846337,v26 main_pc0,11.3
42,credit-g,CBM,6,OK,0.8,0.798095238095238,0.7619047619047619,0.7619047619047619,0.7619047619047619,0.5238095238095238,v26 main_pc0,24.2
42,credit-g,CBM,7,OK,0.76,0.7261904761904762,0.71875,0.6666666666666667,0.6799999999999999,0.3818813079129867,v26 main_pc0,22.5
42,credit-g,CBM,8,OK,0.6,0.729047619047619,0.6692708333333333,0.6857142857142857,0.5985547972701726,0.3546040716334876,v26 main_pc0,6.1
42,credit-g,CBM,9,OK,0.65,0.7261904761904763,0.5735667174023338,0.569047619047619,0.5706048337627285,0.14254271889900505,v25(p_c=0),9.5
42,diabetes,CBM_KE,0,OK,0.6623376623376623,0.6577777777777778,0.6147058823529412,0.5866666666666667,0.5863636363636364,0.1994108971003163,v26 main_pc0,10.9
42,diabetes,CBM_KE,1,OK,0.6883116883116883,0.8414814814814815,0.7,0.5725925925925925,0.5470588235294118,0.2409856304306837,v26 main_pc0,5.2
42,diabetes,CBM_KE,2,OK,0.7272727272727273,0.8155555555555556,0.7015306122448979,0.7048148148148148,0.703030303030303,0.4063321549001754,v26 main_pc0,14.6
42,diabetes,CBM_KE,3,OK,0.6493506493506493,0.6133333333333333,0.3246753246753247,0.5,0.3937007874015748,0.0,v26 main_pc0,10.1
42,diabetes,CBM_KE,4,OK,0.6883116883116883,0.8125925925925926,0.678921568627451,0.5811111111111111,0.5649717514124294,0.2409359021243241,v26 main_pc0,6.0
42,diabetes,CBM_KE,5,OK,0.7402597402597403,0.7585185185185185,0.7172619047619048,0.6892592592592592,0.6973270440251573,0.40555555555555556,v26 main_pc0,29.8
42,diabetes,CBM_KE,6,OK,0.7272727272727273,0.7444444444444445,0.7079861111111111,0.7218518518518519,0.711507582515611,0.4296142637737487,v26 main_pc0,18.2
42,diabetes,CBM_KE,7,OK,0.6753246753246753,0.794074074074074,0.6530797101449275,0.5625925925925925,0.5378151260504201,0.19577186653136464,v26 main_pc0,11.1
42,diabetes,CBM_KE,8,OK,0.7631578947368421,0.8292307692307692,0.7369230769230769,0.7369230769230769,0.7369230769230769,0.47384615384615386,v26 main_pc0,10.0
42,diabetes,CBM_KE,9,OK,0.7236842105263158,0.8369230769230769,0.7014336917562725,0.7161538461538461,0.7052631578947368,0.41732801112835244,v26 main_pc0,8.3
42,diabetes,CBM,0,OK,0.7272727272727273,0.8007407407407408,0.7021929824561404,0.6707407407407407,0.6784649035593557,0.3716050570007949,v26 main_pc0,17.8
42,diabetes,CBM,1,OK,0.7272727272727273,0.8259259259259258,0.7062146892655368,0.6622222222222223,0.6703363914373088,0.3658010669613767,v26 main_pc0,4.6
42,diabetes,CBM,2,OK,0.6493506493506493,0.7318518518518519,0.5884615384615385,0.5511111111111111,0.5364548494983278,0.13448222962707782,v26 main_pc0,4.1
42,diabetes,CBM,3,OK,0.8441558441558441,0.8488888888888888,0.8288888888888889,0.8288888888888889,0.8288888888888889,0.6577777777777778,v25(p_c=0),8.8
42,diabetes,CBM,4,OK,0.7662337662337663,0.8244444444444444,0.75,0.768888888888889,0.7542553191489361,0.5185449728701349,v26 main_pc0,8.8
42,diabetes,CBM,5,OK,0.7272727272727273,0.7681481481481481,0.7365384615384616,0.6366666666666666,0.6394648829431439,0.35959378791588203,v26 main_pc0,7.4
42,diabetes,CBM,6,OK,0.6493506493506493,0.722962962962963,0.6554054054054055,0.6703703703703703,0.6433350488934637,0.32543187598314016,v26 main_pc0,10.8
42,diabetes,CBM,7,OK,0.7272727272727273,0.8207407407407408,0.7015306122448979,0.7048148148148148,0.703030303030303,0.4063321549001754,v26 main_pc0,13.0
42,diabetes,CBM,8,OK,0.75,0.7838461538461539,0.7252384446074835,0.7361538461538462,0.7293345829428304,0.4612631569755697,v26 main_pc0,17.1
42,diabetes,CBM,9,OK,0.6973684210526315,0.7530769230769231,0.6933471933471933,0.7146153846153847,0.68824683431425,0.4074078166383803,v26 main_pc0,16.3
42,kr-vs-kp,CBM_KE,0,OK,1.0,1.0,1.0,1.0,1.0,1.0,v26 main_pc0,56.1
42,kr-vs-kp,CBM_KE,1,OK,0.99375,0.9942468005166138,0.9940828402366864,0.9934640522875817,0.993734335839599,0.9875466986607835,v26 main_pc0,33.5
42,kr-vs-kp,CBM_KE,2,OK,0.9875,0.9996477632969355,0.987476028335486,0.987476028335486,0.987476028335486,0.9749520566709717,v26 main_pc0,30.3
42,kr-vs-kp,CBM_KE,3,OK,0.99375,1.0,0.9935483870967742,0.9940119760479043,0.9937411985604757,0.9875602543337462,v25(p_c=0),97.9
42,kr-vs-kp,CBM_KE,4,OK,0.996875,0.9999217251770969,0.9967532467532467,0.9970059880239521,0.9968698340033845,0.9937592026375474,v25(p_c=0),133.3
42,kr-vs-kp,CBM_KE,5,OK,0.98125,0.9956948847403233,0.9810361681329424,0.9814880043833901,0.981223595681427,0.9625240664639265,v26 main_pc0,31.5
42,kr-vs-kp,CBM_KE,6,OK,0.9968652037617555,0.9999606051055784,0.9970238095238095,0.9967105263157895,0.9968572976700655,0.9937342864569987,v26 main_pc0,74.6
42,kr-vs-kp,CBM_KE,7,OK,0.9905956112852664,0.9934210526315789,0.9911764705882353,0.9901315789473684,0.9905655727200134,0.981307493237889,v26 main_pc0,67.2
42,kr-vs-kp,CBM_KE,8,OK,0.896551724137931,0.9987393633785062,0.9088918354226937,0.9009021430822566,0.896290823112162,0.8097545630863595,v26 main_pc0,38.8
42,kr-vs-kp,CBM_KE,9,OK,0.9811912225705329,0.9918891251279628,0.9819384129490722,0.9806480825261832,0.9811376537369915,0.9625856306421439,v26 main_pc0,51.4
42,kr-vs-kp,CBM,0,OK,0.55,0.7849986301905991,0.7575757575757576,0.5688622754491018,0.4610526315789474,0.2663625556807329,v26 main_pc0,117.3
42,kr-vs-kp,CBM,1,OK,0.946875,0.9952252358029039,0.9483257706149273,0.9485538726468632,0.9468744811961054,0.8968796142553689,v26 main_pc0,38.4
42,kr-vs-kp,CBM,2,OK,0.79375,0.9976126179014521,0.8493150684931507,0.8023952095808383,0.7881559942224362,0.650019086940472,v26 main_pc0,48.4
42,kr-vs-kp,CBM,3,OK,0.99375,0.9971821063754843,0.9935483870967742,0.9940119760479043,0.9937411985604757,0.9875602543337462,v26 main_pc0,89.5
42,kr-vs-kp,CBM,4,OK,0.996875,1.0,0.9970238095238095,0.9967320261437909,0.996868118424272,0.9937557928313525,v26 main_pc0,30.9
42,kr-vs-kp,CBM,5,OK,0.990625,0.9993738014167742,0.9904944453137224,0.9907440021916951,0.9906095020101535,0.9812384157707068,v26 main_pc0,25.3
42,kr-vs-kp,CBM,6,OK,0.9968652037617555,0.9966908288685786,0.9970238095238095,0.9967105263157895,0.9968572976700655,0.9937342864569987,v26 main_pc0,23.7
42,kr-vs-kp,CBM,7,OK,0.5799373040752351,0.9720296249606052,0.7389304197814837,0.5982114717932556,0.5171907472666486,0.3063704175204904,v26 main_pc0,99.6
42,kr-vs-kp,CBM,8,OK,0.9968652037617555,1.0,0.9970238095238095,0.9967105263157895,0.9968572976700655,0.9937342864569987,v26 main_pc0,83.4
42,kr-vs-kp,CBM,9,OK,0.9968652037617555,0.9997637609260572,0.9967532467532467,0.9969879518072289,0.9968607614867591,0.9937411708437707,v26 main_pc0,21.6
42,magic,CBM_KE,0,OK,0.808,0.9007238837747312,0.8361021254820258,0.7421937760920811,0.7613827867507792,0.5706201641129283,v26 main_pc0,170.1
42,magic,CBM_KE,1,OK,0.877,0.9316985588172029,0.8699504833336367,0.8568365093788823,0.8626727894505907,0.7266686703465488,v26 main_pc0,461.5
42,magic,CBM_KE,2,OK,0.883,0.9257503325299936,0.895658179197694,0.8470691267301437,0.8640911356056831,0.7411362593687678,v26 main_pc0,146.5
42,magic,CBM_KE,3,OK,0.899,0.9481165413368804,0.902431185722928,0.8737856619212552,0.8853542949572917,0.775688100032997,v26 main_pc0,136.5
42,magic,CBM_KE,4,OK,0.855,0.914295058362855,0.8624151583710407,0.8150321116422812,0.8309769184411175,0.6757881698662701,v26 main_pc0,86.6
42,magic,CBM_KE,5,OK,0.879,0.9335774081536794,0.8817567567567568,0.8492201458303154,0.8617760520727309,0.7302524228410414,v26 main_pc0,191.2
42,magic,CBM_KE,6,OK,0.88,0.9314615077326941,0.8825667773036194,0.8506446472548168,0.8630287091825553,0.7325161914361747,v25(p_c=0),526.9
42,magic,CBM_KE,7,OK,0.853,0.916380229939552,0.8817868380531566,0.8004095715960122,0.8224155114614479,0.6773253884523889,v26 main_pc0,193.4
42,magic,CBM_KE,8,OK,0.881,0.9367120879120879,0.8803514565396863,0.8543956043956044,0.864922387127898,0.7342884564614388,v25(p_c=0),65.4
42,magic,CBM_KE,9,OK,0.842,0.9157758241758241,0.8287100497799582,0.8204395604395605,0.8242249209012145,0.6490969230047415,v26 main_pc0,70.6
42,magic,CBM,0,OK,0.868,0.9173394088648325,0.8551354483557874,0.8551354483557874,0.8551354483557874,0.7102708967115747,v26 main_pc0,328.5
42,magic,CBM,1,OK,0.859,0.9169092050447982,0.8462138400453771,0.8429690209351226,0.8445381625733897,0.6891752222898098,v26 main_pc0,339.5
42,magic,CBM,2,OK,0.849,0.9048239895697524,0.843352994555354,0.8189127256923867,0.8285989954311983,0.6618145944848637,v26 main_pc0,141.3
42,magic,CBM,3,OK,0.882,0.9242621784994666,0.8834357577745142,0.8541477355036677,0.8657406564599225,0.7370017783614284,v26 main_pc0,72.2
42,magic,CBM,4,OK,0.623,0.7784362530125242,0.6889519899038377,0.6866601697110172,0.6229694605263026,0.375605167710375,v26 main_pc0,69.2
42,magic,CBM,5,OK,0.853,0.895442912392065,0.8679015456989247,0.8076045109943415,0.8261488662422491,0.6728095571817634,v26 main_pc0,85.4
42,magic,CBM,6,OK,0.868,0.9029583097379709,0.8689265536723164,0.8368210571600402,0.8490883564807404,0.7050169695044791,v26 main_pc0,87.6
42,magic,CBM,7,OK,0.879,0.923147160435296,0.8795090988443803,0.8511824020298597,0.8624360640343068,0.7301422242942999,v26 main_pc0,75.9
42,magic,CBM,8,OK,0.87,0.9210681318681319,0.876984126984127,0.8340659340659341,0.8493801413509443,0.709753631928666,v26 main_pc0,167.2
42,magic,CBM,9,OK,0.845,0.8868,0.8384377175163714,0.8141758241758241,0.8237817349199799,0.6521623995076403,v26 main_pc0,89.0
42,mfeat-factors,CBM_KE,0,OK,0.99,0.9985277777777778,0.9904761904761905,0.99,0.9899937460913071,0.9889438317391072,v25(p_c=0),31.0
42,mfeat-factors,CBM_KE,1,OK,0.97,0.9987777777777778,0.972670807453416,0.9700000000000001,0.9697708140762742,0.9670159299364021,v26 main_pc0,54.4
42,mfeat-factors,CBM_KE,2,OK,0.985,0.9998333333333335,0.9854761904761904,0.985,0.9849937460913072,0.9833879675158538,v25(p_c=0),50.2
42,mfeat-factors,CBM_KE,3,OK,0.96,0.988111111111111,0.9613602187286399,0.96,0.9599624295259727,0.9557148546406925,v26 main_pc0,25.0
42,mfeat-factors,CBM_KE,4,OK,0.97,0.9972777777777779,0.9701336675020885,0.97,0.9694611763931406,0.9668009539030812,v26 main_pc0,36.9
42,mfeat-factors,CBM_KE,5,OK,0.97,0.9985833333333334,0.9716017316017315,0.97,0.970209905627107,0.9668009539030812,v26 main_pc0,83.6
42,mfeat-factors,CBM_KE,6,OK,0.975,0.999638888888889,0.9761471861471861,0.975,0.9751067631555437,0.9723302649210303,v25(p_c=0),35.8
42,mfeat-factors,CBM_KE,7,OK,0.955,0.9988611111111112,0.9563059163059163,0.9550000000000001,0.9544293660981722,0.9502639988935219,v26 main_pc0,35.8
42,mfeat-factors,CBM_KE,8,OK,0.96,0.9886944444444445,0.9625324675324676,0.96,0.9600655719975361,0.9558210983022559,v26 main_pc0,22.2
42,mfeat-factors,CBM_KE,9,OK,0.895,0.99275,0.9381077694235589,0.8949999999999999,0.8660471754205984,0.8918970175902635,v26 main_pc0,34.7
42,mfeat-factors,CBM,0,OK,0.985,0.9991388888888888,0.9857142857142858,0.985,0.9849906191369605,0.9834152880222562,v26 main_pc0,27.4
42,mfeat-factors,CBM,1,OK,0.98,0.9984722222222222,0.9807142857142856,0.9800000000000001,0.979855666370429,0.9778864378634362,v26 main_pc0,66.8
42,mfeat-factors,CBM,2,OK,0.985,0.9998888888888888,0.9857142857142858,0.985,0.9849906191369605,0.9834152880222562,v25(p_c=0),64.4
42,mfeat-factors,CBM,3,OK,0.965,0.9962777777777779,0.9670095693779904,0.9649999999999999,0.9653296703296702,0.9612713363537198,v26 main_pc0,22.9
42,mfeat-factors,CBM,4,OK,0.985,0.9988611111111112,0.9857142857142858,0.985,0.9849906191369605,0.9834152880222562,v26 main_pc0,85.8
42,mfeat-factors,CBM,5,OK,0.965,0.9948055555555555,0.9655916305916306,0.9650000000000001,0.9647086524942751,0.9612446265817991,v26 main_pc0,29.3
42,mfeat-factors,CBM,6,OK,0.965,0.9989166666666666,0.966598313966735,0.9650000000000001,0.9646992716312356,0.9613514790306154,v26 main_pc0,35.5
42,mfeat-factors,CBM,7,OK,0.965,0.9962222222222223,0.96657666894509,0.9649999999999999,0.9650785735445556,0.9612713363537198,v26 main_pc0,37.6
42,mfeat-factors,CBM,8,OK,0.965,0.9956666666666667,0.9658589655958076,0.9649999999999999,0.9647122731782553,0.9612713363537198,v26 main_pc0,22.1
42,mfeat-factors,CBM,9,OK,0.99,0.9999444444444444,0.9902380952380951,0.99,0.9899968730456535,0.9889163591692915,v25(p_c=0),59.1
42,optdigits,CBM_KE,0,OK,0.9893238434163701,0.9997552276454659,0.9898557835266131,0.9892207792207792,0.9893385882644351,0.9881821084872805,v25(p_c=0),121.4
42,optdigits,CBM_KE,1,OK,0.9804270462633452,0.9972867840907664,0.980694074528013,0.9806962940266027,0.9806019884055868,0.9782723415632938,v25(p_c=0),97.9
42,optdigits,CBM_KE,2,OK,0.9857651245551602,0.9977043409425222,0.9861086963064108,0.9858697881066302,0.9857412441348572,0.9842387833230589,v26 main_pc0,96.9
42,optdigits,CBM_KE,3,OK,0.9875444839857651,0.9993269006067814,0.9880052992984029,0.9875928457507405,0.9875736159447401,0.98621250201381,v26 main_pc0,189.6
42,optdigits,CBM_KE,4,OK,0.9839857651245552,0.9997173230445636,0.9847354904982024,0.9839900888585099,0.9840113424911625,0.9822857247591105,v25(p_c=0),132.8
42,optdigits,CBM_KE,5,OK,0.9804270462633452,0.9985663179424866,0.9810229186976382,0.9805115060378219,0.9805210164432335,0.9783104315417341,v26 main_pc0,275.3
42,optdigits,CBM_KE,6,OK,0.9822064056939501,0.9977782847601995,0.9826312526973883,0.982234563681932,0.9822299267933111,0.9802738523440431,v26 main_pc0,244.7
42,optdigits,CBM_KE,7,OK,0.9893238434163701,0.9991031653562285,0.9896195738802401,0.9892532467532467,0.9892964645312157,0.9881686165769781,v25(p_c=0),116.8
42,optdigits,CBM_KE,8,OK,0.9644128113879004,0.9984285626993559,0.9699591515988081,0.9647556390977444,0.964617417508952,0.9611430479978116,v26 main_pc0,211.5
42,optdigits,CBM_KE,9,OK,0.9768683274021353,0.9976376528147881,0.9774285908704071,0.9768472317156528,0.9768997835426904,0.9743488730135207,v26 main_pc0,127.4
42,optdigits,CBM,0,OK,0.9733096085409253,0.9994545319978396,0.9744124309317511,0.9734582537849326,0.9736388271599807,0.9704145996391603,v26 main_pc0,164.3
42,optdigits,CBM,1,OK,0.9661921708185054,0.99814024899554,0.967061276929698,0.9663108987201545,0.966471713188862,0.9624870733978399,v26 main_pc0,185.1
42,optdigits,CBM,2,OK,0.9323843416370107,0.997339574397716,0.9554312905376735,0.9319087491455912,0.936617632424111,0.9272641434918087,v26 main_pc0,31.6
42,optdigits,CBM,3,OK,0.9145907473309609,0.9962249016605643,0.9403101603320676,0.9145027341079972,0.9187837623137334,0.9079791929339093,v26 main_pc0,101.3
42,optdigits,CBM,4,OK,0.9911032028469751,0.9997740818267573,0.9912236901030006,0.9911340852130326,0.9911177129621471,0.9901285122821628,v26 main_pc0,113.1
42,optdigits,CBM,5,OK,0.9875444839857651,0.9987990094571734,0.9881295399515737,0.9875603782182729,0.9876340098560183,0.9862087904556912,v26 main_pc0,211.0
42,optdigits,CBM,6,OK,0.9786476868327402,0.9966433371961723,0.9790517095590671,0.9786619958988381,0.9785931414593755,0.9763333817888616,v26 main_pc0,80.6
42,optdigits,CBM,7,OK,0.9395017793594306,0.9971658861696959,0.9508014004097299,0.9390584415584415,0.9378463306726662,0.9343300988706494,v25(p_c=0),58.3
42,optdigits,CBM,8,OK,0.9893238434163701,0.9994496287239055,0.9895590778124846,0.9892857142857142,0.9893296441731516,0.9881581868614073,v26 main_pc0,110.4
42,optdigits,CBM,9,OK,0.9786476868327402,0.9988936550569081,0.9792414811136549,0.9786654135338345,0.9787338176810529,0.9763226611376739,v26 main_pc0,216.2
42,page-blocks,CBM_KE,0,OK,0.968978102189781,0.9908546066686306,0.843674282966479,0.8770155826558266,0.8563434267620748,0.834123762752199,v26 main_pc0,270.1
42,page-blocks,CBM_KE,1,OK,0.968978102189781,0.9961238118544665,0.6751672623072217,0.6637176243082556,0.6660915200483274,0.8365288576587339,v26 main_pc0,37.7
42,page-blocks,CBM_KE,2,OK,0.9708029197080292,0.9805031642960946,0.9455734406438632,0.8621047542636138,0.8973041200285783,0.8422790657320975,v25(p_c=0),118.0
42,page-blocks,CBM_KE,3,OK,0.9762340036563071,0.9979784965544394,0.815253837072019,0.9535024378201568,0.8720903665814153,0.8835965670680205,v26 main_pc0,40.0
42,page-blocks,CBM_KE,4,OK,0.9542961608775137,0.95945803920452,0.39031007751937985,0.3878787878787879,0.3887847567030785,0.7306777354746938,v25(p_c=0),149.3
42,page-blocks,CBM_KE,5,OK,0.9670932358318098,0.9910954160688936,0.8288849455516122,0.8965294492789401,0.8585690211074037,0.8344632860679783,v26 main_pc0,276.6
42,page-blocks,CBM_KE,6,OK,0.9725776965265083,0.9916155746083571,0.8404069966544612,0.840387582546442,0.8341410621898427,0.8533490925533381,v26 main_pc0,26.8
42,page-blocks,CBM_KE,7,OK,0.9579524680073126,0.993400030023842,0.8059920608955483,0.8201691044868233,0.7960175857193355,0.7752826891253771,v26 main_pc0,32.9
42,page-blocks,CBM_KE,8,OK,0.9305301645338209,0.9327299859145558,0.7856603773584906,0.43939393939393945,0.5325636007827789,0.5408226040648255,v26 main_pc0,36.0
42,page-blocks,CBM_KE,9,OK,0.9579524680073126,0.9920622527667764,0.5696477881093266,0.46958610495195857,0.49539539539539545,0.752532680430948,v25(p_c=0),238.5
42,page-blocks,CBM,0,OK,0.8978102189781022,0.6816997410444678,0.17956204379562044,0.2,0.18923076923076923,0.0,v25(p_c=0),25.0
42,page-blocks,CBM,1,OK,0.8959854014598541,0.6106591298359656,0.17919708029197082,0.2,0.18902791145332049,0.0,v25(p_c=0),25.4
42,page-blocks,CBM,2,OK,0.8941605839416058,0.5887495885861551,0.17915904936014626,0.19959266802443992,0.18882466281310212,-0.00753881884530769,v25(p_c=0),26.5
42,page-blocks,CBM,3,OK,0.8976234003656307,0.6515631937586969,0.17952468007312614,0.2,0.18921001926782272,0.0,v25(p_c=0),24.9
42,page-blocks,CBM,4,OK,0.8976234003656307,0.6208909798030816,0.17952468007312614,0.2,0.18921001926782272,0.0,v25(p_c=0),24.8
42,page-blocks,CBM,5,OK,0.8976234003656307,0.6820150581586617,0.17952468007312614,0.2,0.18921001926782272,0.0,v25(p_c=0),23.1
42,page-blocks,CBM,6,OK,0.8976234003656307,0.6599961464435581,0.17952468007312614,0.2,0.18921001926782272,0.0,v25(p_c=0),24.8
42,page-blocks,CBM,7,OK,0.8976234003656307,0.6544617121881007,0.17952468007312614,0.2,0.18921001926782272,0.0,v25(p_c=0),26.5
42,page-blocks,CBM,8,OK,0.8994515539305301,0.6082536263340984,0.179890310786106,0.2,0.18941289701636188,0.0,v25(p_c=0),23.9
42,page-blocks,CBM,9,OK,0.8994515539305301,0.5699431960353775,0.179890310786106,0.2,0.18941289701636188,0.0,v25(p_c=0),25.4
42,pendigits,CBM_KE,0,OK,0.993,0.9997934049524135,0.9930467623083039,0.9929158232118759,0.9929605431048808,0.9922249735587593,v25(p_c=0),244.7
42,pendigits,CBM_KE,1,OK,0.954,0.9942516839459152,0.9646380897719912,0.9519833386002675,0.9499688774157858,0.9505748293826879,v25(p_c=0),331.1
42,pendigits,CBM_KE,2,OK,0.994,0.998390291497936,0.993979168544174,0.9939203239207115,0.9939087529160844,0.9933410384166422,v25(p_c=0),459.6
42,pendigits,CBM_KE,3,OK,0.998,1.0,0.9981132075471699,0.9979949874686718,0.9980400496189971,0.9977806648526943,v26 main_pc0,239.1
42,pendigits,CBM_KE,4,OK,0.994,0.9996812341174574,0.9939824527972613,0.9940037474149058,0.9939830629273223,0.9933344298172667,v25(p_c=0),266.6
42,pendigits,CBM_KE,5,OK,0.997,0.9993444498243573,0.9969730443595861,0.9968855127509496,0.9969243722216861,0.9966671742158393,v26 main_pc0,206.3
42,pendigits,CBM_KE,6,OK,0.977,0.9987079384205602,0.9798444377751101,0.9766826923076926,0.9772360379354688,0.9746820017413952,v26 main_pc0,125.2
42,pendigits,CBM_KE,7,OK,0.99,0.998960852572367,0.9901833850833963,0.9898801089261615,0.9899923246622013,0.9888953846657549,v25(p_c=0),391.4
42,pendigits,CBM_KE,8,OK,0.992,0.9977968942602345,0.9918887253097779,0.9919052438789281,0.9918613546901074,0.9911172998780409,v26 main_pc0,181.1
42,pendigits,CBM_KE,9,OK,0.971,0.9996935487662792,0.9762407935788205,0.9702588832986125,0.9715280392709564,0.9682049245043777,v26 main_pc0,146.7
42,pendigits,CBM,0,OK,0.996,0.9991051459002642,0.9961209140337715,0.9958004385964913,0.9959345033108832,0.9955600511260554,v25(p_c=0),410.4
42,pendigits,CBM,1,OK,0.996,0.9995168041060787,0.9961209140337715,0.9960025211720817,0.9960429388380593,0.9955591168320554,v26 main_pc0,400.2
42,pendigits,CBM,2,OK,0.995,0.9986451985203395,0.9950981116649844,0.9950423448731719,0.9950312456131011,0.9944523409341164,v26 main_pc0,70.0
42,pendigits,CBM,3,OK,0.974,0.9991792851225411,0.9769976386267276,0.9748389788320688,0.9745215870434908,0.9714627199333077,v26 main_pc0,191.5
42,pendigits,CBM,4,OK,0.948,0.9988405989668074,0.9607840300058497,0.9468362946831557,0.9468205317001518,0.9438784399107337,v26 main_pc0,126.1
42,pendigits,CBM,5,OK,0.989,0.999490632232337,0.9891615581086011,0.9888939438206938,0.9888748299793682,0.9878098521846587,v26 main_pc0,99.6
42,pendigits,CBM,6,OK,0.996,0.9999487292765055,0.9959333578792343,0.9959935897435898,0.9959484257250585,0.9955581091123938,v26 main_pc0,466.1
42,pendigits,CBM,7,OK,0.946,0.9989353482048262,0.9611589378878088,0.9439684547908233,0.9429174862610973,0.9422477932357429,v26 main_pc0,76.0
42,pendigits,CBM,8,OK,0.988,0.9978918837486039,0.9879750171237417,0.9879097985347987,0.987783126372007,0.9866999169134747,v26 main_pc0,183.4
42,pendigits,CBM,9,OK,0.992,0.9985961409104819,0.9923082010582011,0.9921194299228281,0.9921403074643674,0.991127094788545,v26 main_pc0,79.4
42,phoneme,CBM_KE,0,OK,0.8964879852125693,0.9631202871349073,0.8783521999865238,0.869793210181435,0.8738927738927739,0.7480964499641071,v26 main_pc0,83.7
42,phoneme,CBM_KE,1,OK,0.8909426987060998,0.9375679146498074,0.8699966699966699,0.8658665086107544,0.8678876678876679,0.7358515878879032,v26 main_pc0,50.2
42,phoneme,CBM_KE,2,OK,0.8983364140480592,0.9556784879317726,0.8732915807832566,0.8876238927854062,0.879892789530833,0.7607804826287906,v26 main_pc0,75.7
42,phoneme,CBM_KE,3,OK,0.8835489833641405,0.9264875366327505,0.8601232772581551,0.8587951529520235,0.8594544442382631,0.7189172034258847,v26 main_pc0,96.9
42,phoneme,CBM_KE,4,OK,0.912962962962963,0.9554642454768374,0.897780817753458,0.8902346079925774,0.8938781312850447,0.7879792928319564,v26 main_pc0,110.2
42,phoneme,CBM_KE,5,OK,0.9092592592592592,0.9347537941546822,0.8972062107285662,0.8801941811915965,0.8880592279217345,0.7772142305752359,v26 main_pc0,97.1
42,phoneme,CBM_KE,6,OK,0.8944444444444445,0.947378885280668,0.872059624622394,0.8734342898800451,0.8727420815227952,0.7454926470835237,v26 main_pc0,114.8
42,phoneme,CBM_KE,7,OK,0.9185185185185185,0.95842998210617,0.9052835051546392,0.8960169660017232,0.9004608294930876,0.801246888497881,v26 main_pc0,94.3
42,phoneme,CBM_KE,8,OK,0.8888888888888888,0.9359514023011274,0.8691290469676243,0.8607933442281979,0.8647836538461539,0.7298747928438595,v26 main_pc0,40.3
42,phoneme,CBM_KE,9,OK,0.8944444444444445,0.9486620776176563,0.876526044492675,0.8665626702322587,0.8712990102818627,0.7430219169882546,v26 main_pc0,108.1
42,phoneme,CBM,0,OK,0.8927911275415896,0.9385228357864929,0.8773524638281709,0.8598323948763542,0.8678576241493161,0.7369766367308629,v25(p_c=0),280.7
42,phoneme,CBM,1,OK,0.8872458410351202,0.9447956798050644,0.8599215352618642,0.8760989825150647,0.8672424682497858,0.7358427092721572,v25(p_c=0),204.1
42,phoneme,CBM,2,OK,0.8872458410351202,0.9417004181896013,0.8581529890722092,0.8852777503375153,0.8693965909585604,0.7429357385572386,v25(p_c=0),286.4
42,phoneme,CBM,3,OK,0.8410351201478743,0.9041456748658171,0.8069783096484666,0.8378692087325892,0.8183996877439501,0.644107191635042,v26 main_pc0,359.5
42,phoneme,CBM,4,OK,0.8648148148148148,0.9412651600503679,0.8352752599632227,0.841357942872291,0.8382032433231132,0.6766058617452803,v26 main_pc0,312.5
42,phoneme,CBM,5,OK,0.8925925925925926,0.9330141162436213,0.8702697329180198,0.8702697329180198,0.8702697329180198,0.7405394658360395,v25(p_c=0),402.2
42,phoneme,CBM,6,OK,0.8814814814814815,0.9456557757306647,0.8535906298003072,0.8661276426535887,0.8594001724951588,0.7196090709633509,v25(p_c=0),394.2
42,phoneme,CBM,7,OK,0.8962962962962963,0.9406852674133475,0.8858928571428571,0.8580422824574193,0.8702346418579103,0.7434136381731059,v26 main_pc0,164.9
42,phoneme,CBM,8,OK,0.8944444444444445,0.9457732877729907,0.8678631995477671,0.8867181696627544,0.8762618039726473,0.7543457647932997,v25(p_c=0),257.4
42,phoneme,CBM,9,OK,0.8833333333333333,0.9407880618696248,0.8600139174232885,0.8586886544842272,0.8593465111567737,0.7187013500367313,v25(p_c=0),263.4
42,satimage,CBM_KE,0,OK,0.9097978227060654,0.988938950355207,0.9077313549655487,0.8911056948006603,0.897768804342205,0.8893084033159954,v25(p_c=0),148.1
42,satimage,CBM_KE,1,OK,0.9284603421461898,0.989288389785711,0.9218900966183575,0.912673697612822,0.9167453159941267,0.911765571862957,v26 main_pc0,102.1
42,satimage,CBM_KE,2,OK,0.9206842923794712,0.9879682151803912,0.9126327908555681,0.8946076279918613,0.9018915298722313,0.9022898773207211,v25(p_c=0),85.1
42,satimage,CBM_KE,3,OK,0.9300155520995335,0.9911615326788933,0.9255024633214463,0.9098744136809648,0.9155291297071307,0.9138627778994439,v26 main_pc0,100.7
42,satimage,CBM_KE,4,OK,0.9020217729393468,0.9700504290717671,0.8897375765933445,0.8769145950778007,0.8821113819521004,0.8790802920628865,v25(p_c=0),315.1
42,satimage,CBM_KE,5,OK,0.9191290824261276,0.9830640484665459,0.9103691166096582,0.8947345319420102,0.9011769297500796,0.9001897224882088,v26 main_pc0,57.6
42,satimage,CBM_KE,6,OK,0.9144634525660964,0.9894124243897405,0.905357485724449,0.897582910953894,0.901037253986487,0.8944470146726019,v26 main_pc0,391.1
42,satimage,CBM_KE,7,OK,0.9020217729393468,0.9914589057000618,0.919975460633426,0.8656079724534571,0.8836511059138324,0.8810560825560174,v25(p_c=0),222.3
42,satimage,CBM_KE,8,OK,0.9284603421461898,0.9920497212739261,0.9247095620713134,0.901269128934829,0.9102945431300942,0.9119227028980316,v26 main_pc0,130.9
42,satimage,CBM_KE,9,OK,0.926905132192846,0.9815794538361403,0.9183413210971859,0.9112962974091308,0.9130939439589011,0.9100362169132931,v25(p_c=0),334.9
42,satimage,CBM,0,OK,0.9051321928460342,0.9795068227323583,0.8904816658696847,0.8942060336935888,0.8915794135407594,0.8833264828061683,v26 main_pc0,106.3
42,satimage,CBM,1,OK,0.926905132192846,0.9860297137326907,0.9142898717714166,0.9136839359898009,0.9138976656821981,0.9098484527245855,v26 main_pc0,88.5
42,satimage,CBM,2,OK,0.47900466562986005,0.930377045541448,0.5143994977514055,0.579012961225592,0.4439480920298735,0.4529461441275296,v25(p_c=0),329.9
42,satimage,CBM,3,OK,0.9237947122861586,0.9828528259764447,0.91338192972047,0.8970939209858925,0.9029385714240844,0.9061902950361382,v26 main_pc0,342.1
42,satimage,CBM,4,OK,0.9020217729393468,0.9761490707999262,0.8870583715538672,0.8850312501544292,0.8855263546323086,0.879203587520742,v26 main_pc0,260.2
42,satimage,CBM,5,OK,0.9175738724727839,0.9816588787081882,0.9045835395396185,0.9063166420582446,0.9051804476066984,0.8984045201306284,v26 main_pc0,164.2
42,satimage,CBM,6,OK,0.9020217729393468,0.9774882618089739,0.8908987958192407,0.88555519403029,0.8878252294962036,0.8792296595950528,v26 main_pc0,67.1
42,satimage,CBM,7,OK,0.9237947122861586,0.984280766769411,0.9121894931785134,0.9006142957965659,0.9054174622833946,0.9059600832282344,v26 main_pc0,297.1
42,satimage,CBM,8,OK,0.8724727838258165,0.9836804182064088,0.8791055823932079,0.8204477409117011,0.8249383664640648,0.8449070057513137,v26 main_pc0,407.9
42,satimage,CBM,9,OK,0.9144634525660964,0.9871853090058282,0.9001670726579878,0.9009543997308528,0.8990358294669586,0.8947310159059079,v26 main_pc0,319.6
42,segment,CBM_KE,0,OK,0.987012987012987,0.9961738598102234,0.9876350540216087,0.987012987012987,0.9870040352535963,0.9849561644592252,v25(p_c=0),45.5
42,segment,CBM_KE,1,OK,0.9696969696969697,0.9955179500634045,0.9712672947967066,0.9696969696969697,0.9698573050200008,0.9648574408457913,v26 main_pc0,28.4
42,segment,CBM_KE,2,OK,0.8787878787878788,0.9740915650006559,0.8835591944287596,0.8787878787878788,0.874070122219155,0.8617759895088627,v25(p_c=0),31.1
42,segment,CBM_KE,3,OK,0.8354978354978355,0.9582841401023219,0.8431739069896965,0.8354978354978355,0.8304625437586728,0.8121393943711037,v26 main_pc0,19.3
42,segment,CBM_KE,4,OK,0.974025974025974,0.9948183130001311,0.9740100585688821,0.974025974025974,0.9738907858310843,0.969739374724636,v25(p_c=0),66.3
42,segment,CBM_KE,5,OK,0.9826839826839827,0.9994315448860904,0.9829306722689076,0.9826839826839827,0.9826800065606036,0.9798408265446843,v26 main_pc0,40.4
42,segment,CBM_KE,6,OK,0.9913419913419913,0.9998688180506362,0.9915966386554622,0.9913419913419913,0.9912713219616204,0.9899639247273518,v26 main_pc0,58.0
42,segment,CBM_KE,7,OK,0.961038961038961,0.9957365866456777,0.9611905759371197,0.961038961038961,0.960617201426025,0.9547124572068462,v26 main_pc0,55.1
42,segment,CBM_KE,8,OK,0.9523809523809523,0.998075998075998,0.9548308834023119,0.9523809523809524,0.9518331395380576,0.9450852152912292,v26 main_pc0,56.1
42,segment,CBM_KE,9,OK,0.9653679653679653,0.994698062879881,0.9683433181885194,0.9653679653679654,0.9655372387495506,0.960057859001575,v26 main_pc0,48.3
42,segment,CBM,0,OK,0.9696969696969697,0.9996720451265906,0.9707282913165266,0.9696969696969697,0.9695265623512588,0.9648785460800274,v26 main_pc0,76.0
42,segment,CBM,1,OK,0.9523809523809523,0.996217587126678,0.9560251892320204,0.9523809523809524,0.9527289149490643,0.9450024618901433,v26 main_pc0,22.9
42,segment,CBM,2,OK,0.961038961038961,0.994140539595085,0.9614379476130628,0.961038961038961,0.9610071301247771,0.9546289449203668,v26 main_pc0,50.6
42,segment,CBM,3,OK,0.9696969696969697,0.9990598626962264,0.9699357015533485,0.9696969696969697,0.9696910055119011,0.9646886488146118,v26 main_pc0,35.8
42,segment,CBM,4,OK,0.9696969696969697,0.9967423149241331,0.9695537305831424,0.9696969696969697,0.9695627755329248,0.9646675560387828,v26 main_pc0,106.9
42,segment,CBM,5,OK,0.922077922077922,0.9877344877344878,0.927244446165563,0.9220779220779222,0.9215380205585211,0.9102858240507987,v26 main_pc0,49.4
42,segment,CBM,6,OK,0.987012987012987,0.9997813634177269,0.9873949579831933,0.987012987012987,0.9870069296375267,0.984913088376702,v25(p_c=0),117.2
42,segment,CBM,7,OK,0.8744588744588745,0.9884559884559884,0.9331797235023042,0.8744588744588745,0.8821855890735718,0.8643172801378703,v26 main_pc0,26.2
42,segment,CBM,8,OK,0.9653679653679653,0.9947527220254493,0.9653361344537814,0.9653679653679654,0.9652288010496967,0.9596379229045877,v26 main_pc0,33.0
42,segment,CBM,9,OK,0.9523809523809523,0.995539813721632,0.9528993048832436,0.9523809523809524,0.952280533338479,0.9445683628920609,v26 main_pc0,80.5
42,spambase,CBM_KE,0,OK,0.9327548806941431,0.9677222419157904,0.9324975024975024,0.9262968214581118,0.9291490047346371,0.8587719385337578,v26 main_pc0,81.6
42,spambase,CBM_KE,1,OK,0.9521739130434783,0.9845838531456068,0.9498999980197628,0.9498999980197628,0.9498999980197628,0.8997999960395255,v25(p_c=0),167.6
42,spambase,CBM_KE,2,OK,0.9608695652173913,0.9832075882690746,0.9598600369788663,0.9580387730450108,0.9589285714285714,0.9178970031767905,v26 main_pc0,174.6
42,spambase,CBM_KE,3,OK,0.9065217391304348,0.9716628052040635,0.9122916666666667,0.8918889482960058,0.899817158717376,0.8039217564942683,v25(p_c=0),49.0
42,spambase,CBM_KE,4,OK,0.8152173913043478,0.9559991286956177,0.8241964896284477,0.8379670884571973,0.8142614875232173,0.6620203733655646,v26 main_pc0,166.0
42,spambase,CBM_KE,5,OK,0.9521739130434783,0.9717915206241707,0.9498999980197628,0.9498999980197628,0.9498999980197628,0.8997999960395255,v26 main_pc0,37.2
42,spambase,CBM_KE,6,OK,0.9304347826086956,0.9656824887621538,0.9264761002939378,0.9280975860908136,0.9272669776266899,0.8545721480630142,v26 main_pc0,68.4
42,spambase,CBM_KE,7,OK,0.8760869565217392,0.9492069149884156,0.9066433566433566,0.8454523851957465,0.8615620990607131,0.7496023411821822,v26 main_pc0,89.7
42,spambase,CBM_KE,8,OK,0.9326086956521739,0.9712230215827338,0.9323809523809523,0.9262194639892483,0.9290515495718714,0.8585783080487654,v25(p_c=0),191.3
42,spambase,CBM_KE,9,OK,0.95,0.9820736817139695,0.9473575190862283,0.9481974859672702,0.9477724299642107,0.8955546111388242,v26 main_pc0,27.8
42,spambase,CBM,0,OK,0.41431670281995664,0.9477529638819961,0.7013274336283186,0.5161290322580645,0.3183162460567823,0.11396870923941349,v26 main_pc0,117.1
42,spambase,CBM,1,OK,0.95,0.9776530228321354,0.9454005006257822,0.9510188320560804,0.9479635449712029,0.8964017259899353,v26 main_pc0,50.8
42,spambase,CBM,2,OK,0.8,0.954276322303412,0.812329628853009,0.8244519693459277,0.7992562234365513,0.6366662019188437,v25(p_c=0),34.2
42,spambase,CBM,3,OK,0.8065217391304348,0.9168696409829897,0.8095111985472155,0.8240064159686331,0.8048161868119819,0.633351763693571,v26 main_pc0,18.7
42,spambase,CBM,4,OK,0.9456521739130435,0.9796827659953662,0.9451824583866837,0.9406423889581972,0.9427835077192511,0.8858132127842563,v25(p_c=0),143.0
42,spambase,CBM,5,OK,0.4,0.8429968910275452,0.6980306345733042,0.5053763440860215,0.29433735743346895,0.06525889459803222,v25(p_c=0),175.7
42,spambase,CBM,6,OK,0.9195652173913044,0.9611477454999109,0.9160714285714286,0.9152557476385671,0.9156586504392985,0.8313267760453172,v26 main_pc0,34.5
42,spambase,CBM,7,OK,0.9304347826086956,0.9676825283668984,0.9258968058968059,0.9290679023346997,0.9274032865794717,0.8549588273529697,v26 main_pc0,76.3
42,spambase,CBM,8,OK,0.9391304347826087,0.9782986797375287,0.9379233405052195,0.9344612222310065,0.9361111111111111,0.872377692881662,v25(p_c=0),188.1
42,spambase,CBM,9,OK,0.8065217391304348,0.9634160803225551,0.8248429666340114,0.8342359079769152,0.806191091607137,0.6590119388989355,v25(p_c=0),30.3
42,tic-tac-toe,CBM_KE,0,OK,0.6666666666666666,0.6302182163187857,0.625,0.6024667931688805,0.6047349459598559,0.2263479546725356,v26 main_pc0,13.1
42,tic-tac-toe,CBM_KE,1,OK,0.96875,0.997628083491461,0.963231850117096,0.9691650853889944,0.9660657476139979,0.9323780574747331,v26 main_pc0,20.4
42,tic-tac-toe,CBM_KE,2,OK,0.9270833333333334,0.9937469937469937,0.95,0.8939393939393939,0.9143621766280107,0.8420753583206845,v25(p_c=0),66.0
42,tic-tac-toe,CBM_KE,3,OK,0.9895833333333334,1.0,0.9852941176470589,0.9920634920634921,0.9885373134328358,0.977334166408364,v26 main_pc0,21.7
42,tic-tac-toe,CBM_KE,4,OK,0.9583333333333334,0.9841269841269842,0.9607940446650125,0.9466089466089466,0.953125,0.9072921092823789,v26 main_pc0,17.4
42,tic-tac-toe,CBM_KE,5,OK,0.9479166666666666,0.9571909571909571,0.9530303030303031,0.9314574314574314,0.94093761535622,0.8842246115503377,v26 main_pc0,50.4
42,tic-tac-toe,CBM_KE,6,OK,0.71875,0.8855218855218855,0.85,0.5909090909090909,0.5656108597285068,0.35675303400633784,v26 main_pc0,30.3
42,tic-tac-toe,CBM_KE,7,OK,0.7395833333333334,0.6758056758056757,0.725,0.6645021645021645,0.6742228858422696,0.38477519157548096,v26 main_pc0,7.2
42,tic-tac-toe,CBM_KE,8,OK,0.9578947368421052,0.9956011730205279,0.9488095238095238,0.9606549364613881,0.9541947926711668,0.9093873161062717,v26 main_pc0,15.0
42,tic-tac-toe,CBM_KE,9,OK,0.968421052631579,0.9960899315738025,0.9685019841269842,0.9616324535679375,0.964923076923077,0.930109069806303,v26 main_pc0,21.1
42,tic-tac-toe,CBM,0,OK,0.9895833333333334,0.9990512333965844,0.9920634920634921,0.9852941176470589,0.9885373134328358,0.977334166408364,v26 main_pc0,12.9
42,tic-tac-toe,CBM,1,OK,0.6979166666666666,0.6266603415559773,0.8406593406593407,0.5735294117647058,0.5334338863750628,0.3165342378374502,v25(p_c=0),19.0
42,tic-tac-toe,CBM,2,OK,0.9791666666666666,0.9990379990379991,0.976911976911977,0.976911976911977,0.976911976911977,0.9538239538239538,v26 main_pc0,27.3
42,tic-tac-toe,CBM,3,OK,1.0,1.0,1.0,1.0,1.0,1.0,v26 main_pc0,13.2
42,tic-tac-toe,CBM,4,OK,0.9479166666666666,0.9783549783549783,0.9453125,0.9386724386724387,0.9418534221683827,0.8839599998785472,v26 main_pc0,13.2
42,tic-tac-toe,CBM,5,OK,0.9895833333333334,0.974025974025974,0.9921875,0.9848484848484849,0.9883706844336766,0.9770084209183943,v26 main_pc0,29.9
42,tic-tac-toe,CBM,6,OK,0.4270833333333333,0.9086099086099086,0.6875,0.5634920634920635,0.3854033290653009,0.2182178902359924,v26 main_pc0,12.3
42,tic-tac-toe,CBM,7,OK,0.9895833333333334,1.0,0.9921875,0.9848484848484849,0.9883706844336766,0.9770084209183943,v26 main_pc0,8.5
42,tic-tac-toe,CBM,8,OK,0.9578947368421052,0.9816715542521994,0.9488095238095238,0.9606549364613881,0.9541947926711668,0.9093873161062717,v25(p_c=0),24.0
42,tic-tac-toe,CBM,9,OK,0.968421052631579,0.987781036168133,0.9623915139826422,0.9687194525904204,0.965416818347288,0.9310894636207624,v26 main_pc0,13.0
42,vehicle,CBM_KE,0,OK,0.7411764705882353,0.9318198641636142,0.7897727272727273,0.7489177489177489,0.7009905414517161,0.6966924444364556,v26 main_pc0,18.1
42,vehicle,CBM_KE,1,OK,0.6588235294117647,0.8933399933399934,0.7035024154589372,0.6699134199134199,0.6076093270860713,0.6077617600402587,v26 main_pc0,24.4
42,vehicle,CBM_KE,2,OK,0.7294117647058823,0.9011938582251082,0.7052845528455285,0.7369588744588744,0.6748800661703888,0.6902853867856186,v25(p_c=0),29.8
42,vehicle,CBM_KE,3,OK,0.7294117647058823,0.9177068244255745,0.7229623824451411,0.7348484848484849,0.7163305322128852,0.6499467174260364,v26 main_pc0,34.2
42,vehicle,CBM_KE,4,OK,0.7764705882352941,0.9259954455266954,0.7809076231115212,0.7813852813852814,0.7687301587301587,0.7118820877340951,v26 main_pc0,20.4
42,vehicle,CBM_KE,5,OK,0.6823529411764706,0.9037854333166833,0.7452473237356958,0.6817640692640692,0.6397201375859913,0.621940687674581,v26 main_pc0,17.9
42,vehicle,CBM_KE,6,OK,0.8214285714285714,0.9598658431022702,0.8573863636363637,0.8213744588744589,0.8099768992419631,0.7798616010478051,v26 main_pc0,32.4
42,vehicle,CBM_KE,7,OK,0.7380952380952381,0.9239564950818893,0.7414141414141414,0.7433356117566644,0.7402389277389279,0.652396860730263,v25(p_c=0),27.8
42,vehicle,CBM_KE,8,OK,0.8333333333333334,0.9523879106184874,0.8370082815734989,0.8365800865800865,0.8363143631436315,0.7779879527697785,v26 main_pc0,44.2
42,vehicle,CBM_KE,9,OK,0.6547619047619048,0.9218487762437575,0.6927083333333334,0.6628246753246754,0.6565738853220919,0.5576304970294333,v26 main_pc0,15.7
42,vehicle,CBM,0,OK,0.6470588235294118,0.8970291167166167,0.6772542498152254,0.650974025974026,0.6169920422377884,0.5672387982284337,v26 main_pc0,7.9
42,vehicle,CBM,1,OK,0.8235294117647058,0.9560210275835276,0.8210211794307904,0.8262987012987013,0.8223860843259596,0.7655644996191204,v25(p_c=0),29.5
42,vehicle,CBM,2,OK,0.6470588235294118,0.9119812305749806,0.49111111111111116,0.6477272727272727,0.5552257720269459,0.5637982323074395,v26 main_pc0,7.8
42,vehicle,CBM,3,OK,0.7411764705882353,0.9077418241480741,0.7322727272727273,0.7429653679653679,0.7345012185437718,0.6569726372203167,v26 main_pc0,21.7
42,vehicle,CBM,4,OK,0.8,0.966213474025974,0.8132183908045977,0.8046536796536796,0.7914833759590794,0.7452065629181112,v26 main_pc0,38.6
42,vehicle,CBM,5,OK,0.7764705882352941,0.938332258019758,0.797748447204969,0.7769480519480519,0.7812264896475423,0.7056412009886514,v26 main_pc0,31.3
42,vehicle,CBM,6,OK,0.8928571428571429,0.9685040807979677,0.8952365036923859,0.8933982683982684,0.8910183348244967,0.8592292006852642,v25(p_c=0),28.1
42,vehicle,CBM,7,OK,0.7142857142857143,0.9041496299803358,0.7106979405034325,0.7184438368648894,0.714102564102564,0.6190386514585241,v26 main_pc0,21.2
42,vehicle,CBM,8,OK,0.7619047619047619,0.9195873323771508,0.7728320802005013,0.7678571428571428,0.7677226935312831,0.6846008421820661,v25(p_c=0),13.8
42,vehicle,CBM,9,OK,0.8333333333333334,0.9508822365497194,0.8342599334304139,0.8359848484848484,0.8344638242894056,0.7780932988254328,v25(p_c=0),24.4
42,wdbc,CBM_KE,0,OK,0.9473684210526315,0.996031746031746,0.9479729729729729,0.9384920634920635,0.942866688940862,0.8864143349643965,v25(p_c=0),8.3
42,wdbc,CBM_KE,1,OK,0.9824561403508771,0.9986772486772486,0.9864864864864865,0.9761904761904762,0.9809555629802873,0.962621902223779,v25(p_c=0),8.8
42,wdbc,CBM_KE,2,OK,0.9824561403508771,1.0,0.9864864864864865,0.9761904761904762,0.9809555629802873,0.962621902223779,v26 main_pc0,15.7
42,wdbc,CBM_KE,3,OK,1.0,1.0,1.0,1.0,1.0,1.0,v25(p_c=0),19.6
42,wdbc,CBM_KE,4,OK,0.9298245614035088,0.9365079365079365,0.9342105263157894,0.9146825396825397,0.922972972972973,0.8486684247915055,v25(p_c=0),26.4
42,wdbc,CBM_KE,5,OK,0.9298245614035088,0.9841269841269842,0.95,0.9047619047619048,0.9210526315789473,0.8535639569308375,v26 main_pc0,21.4
42,wdbc,CBM_KE,6,OK,0.9473684210526315,0.9933862433862435,0.9615384615384616,0.9285714285714286,0.9415384615384615,0.8894991799933214,v26 main_pc0,11.6
42,wdbc,CBM_KE,7,OK,0.8947368421052632,0.9818181818181819,0.9268292682926829,0.8636363636363636,0.881578947368421,0.7879356395430304,v25(p_c=0),9.1
42,wdbc,CBM_KE,8,OK,1.0,1.0,1.0,1.0,1.0,1.0,v25(p_c=0),24.6
42,wdbc,CBM_KE,9,OK,0.9464285714285714,0.9714285714285714,0.9398395721925134,0.9476190476190476,0.9433771486349849,0.8874245216579992,v26 main_pc0,7.5
42,wdbc,CBM,0,OK,0.9824561403508771,0.9986772486772486,0.9772727272727273,0.9861111111111112,0.981329839502129,0.9633432944855655,v26 main_pc0,14.2
42,wdbc,CBM,1,OK,0.9473684210526315,0.9656084656084656,0.9402597402597402,0.9484126984126984,0.9439895185063871,0.8886350389948482,v26 main_pc0,8.6
42,wdbc,CBM,2,OK,0.9824561403508771,1.0,0.9864864864864865,0.9761904761904762,0.9809555629802873,0.962621902223779,v26 main_pc0,12.9
42,wdbc,CBM,3,OK,1.0,1.0,1.0,1.0,1.0,1.0,v26 main_pc0,4.2
42,wdbc,CBM,4,OK,0.8596491228070176,0.91005291005291,0.8492063492063492,0.8492063492063492,0.8492063492063492,0.6984126984126984,v26 main_pc0,10.5
42,wdbc,CBM,5,OK,0.8947368421052632,0.8981481481481481,0.8947368421052632,0.876984126984127,0.8844594594594595,0.7715167498104596,v26 main_pc0,6.2
42,wdbc,CBM,6,OK,0.9649122807017544,0.9880952380952381,0.9736842105263157,0.9523809523809523,0.9614864864864865,0.9258200997725514,v26 main_pc0,10.4
42,wdbc,CBM,7,OK,0.9122807017543859,0.9389610389610389,0.9210526315789473,0.8948051948051948,0.9047778149014367,0.8154355063002009,v26 main_pc0,9.8
42,wdbc,CBM,8,OK,0.8947368421052632,0.9883116883116883,0.8928571428571428,0.9142857142857144,0.893125,0.8068583569395964,v25(p_c=0),6.5
42,wdbc,CBM,9,OK,0.9464285714285714,0.945578231292517,0.9398395721925134,0.9476190476190476,0.9433771486349849,0.8874245216579992,v26 main_pc0,4.6
42,wine-quality,CBM_KE,0,PARTIAL,0.5530612244897959,nan,0.3764899859675979,0.25546256277521384,0.25981658779176264,0.303896036386537,v25(p_c=0),138.0
42,wine-quality,CBM_KE,1,PARTIAL,0.5265306122448979,nan,0.3594990158440292,0.2896129913152476,0.2798091122190348,0.25497239782225856,v25(p_c=0),136.4
42,wine-quality,CBM_KE,2,PARTIAL,0.636734693877551,nan,0.4721355918383987,0.40757311109745187,0.43003166080403715,0.4471203345275431,v26 main_pc0,56.5
42,wine-quality,CBM_KE,3,OK,0.5102040816326531,0.5721275039533321,0.4414778646988799,0.22343135791411653,0.22382276096997242,0.20973208131836887,v25(p_c=0),153.2
42,wine-quality,CBM_KE,4,OK,0.5346938775510204,0.7049552543426285,0.3132922475921061,0.20578133552271485,0.19756904706348588,0.26675444354438455,v25(p_c=0),171.4
42,wine-quality,CBM_KE,5,OK,0.5959183673469388,0.6748864090037037,0.398163176973435,0.31274448758332724,0.3376761906025089,0.376793206687791,v26 main_pc0,52.0
42,wine-quality,CBM_KE,6,OK,0.5775510204081633,0.7601735802034221,0.24104578540276872,0.2598247642768191,0.2500810907252776,0.352939738208361,v25(p_c=0),50.3
42,wine-quality,CBM_KE,7,OK,0.5959183673469388,0.7237228122559792,0.36202749645041626,0.2947714453153615,0.30867283841154247,0.37638376821723357,v26 main_pc0,44.9
42,wine-quality,CBM_KE,8,PARTIAL,0.6257668711656442,nan,0.5805231381502568,0.41658349205186435,0.4612747587992801,0.424028466567357,v26 main_pc0,50.3
42,wine-quality,CBM_KE,9,PARTIAL,0.5991820040899796,nan,0.3572228529584606,0.27599547913810607,0.28606841716167525,0.3749903595921354,v25(p_c=0),322.2
42,wine-quality,CBM,0,PARTIAL,0.44693877551020406,nan,0.07448979591836734,0.16666666666666666,0.10296191819464035,0.0,v25(p_c=0),24.0
42,wine-quality,CBM,1,PARTIAL,0.44693877551020406,nan,0.07448979591836734,0.16666666666666666,0.10296191819464035,0.0,v25(p_c=0),26.6
42,wine-quality,CBM,2,PARTIAL,0.4489795918367347,nan,0.07482993197278912,0.16666666666666666,0.10328638497652581,0.0,v25(p_c=0),24.0
42,wine-quality,CBM,3,OK,0.4489795918367347,0.5932199038890283,0.0641399416909621,0.14285714285714285,0.08853118712273642,0.0,v25(p_c=0),24.4
42,wine-quality,CBM,4,OK,0.4489795918367347,0.5428818256831631,0.0641399416909621,0.14285714285714285,0.08853118712273642,0.0,v25(p_c=0),23.7
42,wine-quality,CBM,5,OK,0.44693877551020406,0.5625562536294206,0.11410572186434255,0.15097402597402598,0.11027568922305764,0.047043962505842404,v25(p_c=0),25.1
42,wine-quality,CBM,6,OK,0.4489795918367347,0.577299553050952,0.0641399416909621,0.14285714285714285,0.08853118712273642,0.0,v25(p_c=0),26.4
42,wine-quality,CBM,7,OK,0.4489795918367347,0.48996908217821433,0.0641399416909621,0.14285714285714285,0.08853118712273642,0.0,v25(p_c=0),26.9
42,wine-quality,CBM,8,PARTIAL,0.4498977505112474,nan,0.07498295841854123,0.16666666666666666,0.10343206393982135,0.0,v25(p_c=0),24.8
42,wine-quality,CBM,9,PARTIAL,0.4498977505112474,nan,0.07498295841854123,0.16666666666666666,0.10343206393982135,0.0,v25(p_c=0),23.8
43,balance-scale,CBM_KE,0,OK,0.9047619047619048,0.9918864097363084,0.604040404040404,0.6551724137931035,0.6282121377802078,0.8335270251550657,v25(p_c=0),19.6
43,balance-scale,CBM_KE,1,OK,0.9206349206349206,0.9926977687626776,0.6151515151515151,0.6666666666666666,0.6395115728084564,0.8632958474820323,v26 main_pc0,19.9
43,balance-scale,CBM_KE,2,OK,0.9365079365079365,0.9955375253549695,0.9595959595959597,0.7885057471264368,0.8297895275823968,0.8908952272617542,v25(p_c=0),25.5
43,balance-scale,CBM_KE,3,OK,0.9523809523809523,0.9933739012846518,0.8777777777777778,0.9103448275862069,0.8915364296720228,0.9185671135571714,v26 main_pc0,12.6
43,balance-scale,CBM_KE,4,OK,0.9206349206349206,1.0,0.6151515151515151,0.6666666666666666,0.6395115728084564,0.8632958474820323,v26 main_pc0,23.2
43,balance-scale,CBM_KE,5,OK,0.9838709677419355,0.9949930337861371,0.9333333333333332,0.9885057471264368,0.9571150097465887,0.9719488478899142,v26 main_pc0,28.9
43,balance-scale,CBM_KE,6,OK,0.9193548387096774,0.9929824561403509,0.6131944444444445,0.6666666666666666,0.6387789711701526,0.8604423411743327,v26 main_pc0,25.0
43,balance-scale,CBM_KE,7,OK,0.8870967741935484,0.9719463427454246,0.5931731104144897,0.6432676518883416,0.6168647425014148,0.8007912197943962,v26 main_pc0,12.4
43,balance-scale,CBM_KE,8,OK,0.9032258064516129,0.9390237610745777,0.6021505376344086,0.6551724137931035,0.6274952919020715,0.8302891831288566,v26 main_pc0,19.5
43,balance-scale,CBM_KE,9,OK,0.9193548387096774,0.9908925919815212,0.6147683733890631,0.6666666666666666,0.6393133371062064,0.8613019518202981,v26 main_pc0,21.8
43,balance-scale,CBM,0,OK,0.9206349206349206,0.9988505747126437,0.8333333333333334,0.9425287356321839,0.8583495776478233,0.8762471587761335,v25(p_c=0),3.8
43,balance-scale,CBM,1,OK,0.9523809523809523,0.9645030425963489,0.876984126984127,0.9103448275862069,0.8915470494417863,0.9177707830099481,v25(p_c=0),9.3
43,balance-scale,CBM,2,OK,0.9841269841269841,1.0,0.9444444444444445,0.9885057471264368,0.9638490164805954,0.9729158085985287,v26 main_pc0,8.1
43,balance-scale,CBM,3,OK,0.9206349206349206,0.9626774847870182,0.8099343185550083,0.8321839080459771,0.8194467359621624,0.8626257574213675,v26 main_pc0,6.5
43,balance-scale,CBM,4,OK,0.9523809523809523,0.9929006085192698,0.8777777777777778,0.9103448275862069,0.8915364296720228,0.9185671135571714,v25(p_c=0),3.9
43,balance-scale,CBM,5,OK,0.9354838709677419,0.9917711598746082,0.8222222222222223,0.882183908045977,0.8428351309707242,0.8900758108587625,v25(p_c=0),6.1
43,balance-scale,CBM,6,OK,0.9516129032258065,0.991812865497076,0.8936507936507937,0.8547619047619047,0.8713344094700027,0.9147680037512704,v26 main_pc0,6.4
43,balance-scale,CBM,7,OK,0.9516129032258065,0.9224331573909881,0.876984126984127,0.9099343185550083,0.8913381939697729,0.916603228970579,v26 main_pc0,5.1
43,balance-scale,CBM,8,OK,0.967741935483871,0.9927551452853044,0.9047619047619048,0.9766009852216749,0.9325358851674642,0.9461167392853528,v25(p_c=0),15.8
43,balance-scale,CBM,9,OK,0.8709677419354839,0.951386857333265,0.7441687344913152,0.7412972085385879,0.7419753086419753,0.7751400259824024,v26 main_pc0,25.3
43,bank,CBM_KE,0,OK,0.899,0.9182575757575757,0.7605714285714286,0.7698863636363636,0.7651026222454794,0.5303759999271284,v25(p_c=0),159.8
43,bank,CBM_KE,1,OK,0.88,0.8612878787878786,0.44,0.5,0.46808510638297873,0.0,v26 main_pc0,222.5
43,bank,CBM_KE,2,OK,0.889,0.8960890151515152,0.7553472875708944,0.5950757575757576,0.625100057754856,0.3116237270216607,v26 main_pc0,47.9
43,bank,CBM_KE,3,OK,0.902,0.8919318181818182,0.8023647411962809,0.6564393939393939,0.6978255775231564,0.43497934140088945,v25(p_c=0),70.0
43,bank,CBM_KE,4,OK,0.893,0.8912550888970374,0.7487751204118918,0.7253311896501471,0.7361666243382591,0.4735263195970005,v26 main_pc0,302.4
43,bank,CBM_KE,5,OK,0.889,0.8980998317020656,0.7722871757398612,0.584083152342538,0.6118541830579596,0.3026203170882891,v26 main_pc0,376.0
43,bank,CBM_KE,6,OK,0.911,0.8919602478398632,0.8074661084529505,0.7320066943088972,0.762234885218223,0.5341692444691661,v26 main_pc0,115.4
43,bank,CBM_KE,7,OK,0.899,0.8819187844940249,0.7750570109572279,0.6859833206404724,0.718191177988778,0.4523539157043654,v26 main_pc0,244.2
43,bank,CBM_KE,8,OK,0.881,0.8023956599817599,0.9403807615230462,0.5082644628099173,0.4845606420901715,0.12065671014593922,v26 main_pc0,181.1
43,bank,CBM_KE,9,OK,0.887,0.8718585169097114,0.7333416764002447,0.6577769629274438,0.6847089417102168,0.38374961121454704,v26 main_pc0,254.9
43,bank,CBM,0,OK,0.892,0.8646022727272727,0.7449160035366932,0.7623106060606061,0.7531428571428571,0.5069282604931452,v26 main_pc0,393.7
43,bank,CBM,1,OK,0.891,0.6773011363636363,0.7416326170993073,0.7077651515151515,0.7227584768503328,0.4481197933706573,v26 main_pc0,289.6
43,bank,CBM,2,OK,0.891,0.890847537878788,0.7422659848402422,0.6897727272727273,0.7112422147987041,0.4288378559248051,v25(p_c=0),334.9
43,bank,CBM,3,OK,0.895,0.8519412878787879,0.751473705607341,0.7460227272727273,0.7487022264982732,0.4974665692924378,v26 main_pc0,146.8
43,bank,CBM,4,OK,0.884,0.8609426564747694,0.7264062883812331,0.7166483325341533,0.7213574695414888,0.44294715194045786,v26 main_pc0,603.2
43,bank,CBM,5,OK,0.907,0.8556633665228143,0.7791441177484402,0.8045628484660443,0.7909994943536154,0.5831532478997465,v26 main_pc0,113.0
43,bank,CBM,6,OK,0.89,0.8764185447399844,0.7418711836278198,0.752131930537143,0.7468331123876859,0.49389654167400693,v26 main_pc0,480.9
43,bank,CBM,7,OK,0.899,0.8389793059355579,0.7739130434782608,0.6895467238315517,0.7206850682662286,0.4557162275189845,v26 main_pc0,569.4
43,bank,CBM,8,OK,0.899,0.8815332976052802,0.7718600540652942,0.6966735302137101,0.7255248318499898,0.4624615727046369,v26 main_pc0,520.2
43,bank,CBM,9,OK,0.894,0.6880188794554293,0.7533876302592737,0.7009561955264717,0.7226611966384444,0.45130838312786486,v26 main_pc0,120.3
43,blood,CBM_KE,0,OK,0.7866666666666666,0.6686159844054581,0.7037470725995316,0.6695906432748537,0.6822033898305084,0.3717719575628205,v26 main_pc0,13.4
43,blood,CBM_KE,1,OK,0.76,0.3776803118908382,0.38,0.5,0.4318181818181818,0.0,v26 main_pc0,7.1
43,blood,CBM_KE,2,OK,0.7333333333333333,0.6574074074074074,0.3767123287671233,0.4824561403508772,0.4230769230769231,-0.09301487194157254,v26 main_pc0,21.5
43,blood,CBM_KE,3,OK,0.84,0.7475633528265108,0.823076923076923,0.7046783625730995,0.7365339578454333,0.5143028508594515,v26 main_pc0,9.4
43,blood,CBM_KE,4,OK,0.76,0.7076023391812866,0.38,0.5,0.4318181818181818,0.0,v26 main_pc0,5.5
43,blood,CBM_KE,5,OK,0.7733333333333333,0.7465886939571151,0.7222222222222222,0.5467836257309941,0.5293466223698782,0.2039250967738327,v25(p_c=0),5.2
43,blood,CBM_KE,6,OK,0.7733333333333333,0.6920077972709552,0.6827731092436975,0.5847953216374269,0.592,0.24898437368631707,v25(p_c=0),15.4
43,blood,CBM_KE,7,OK,0.8,0.7197855750487329,0.7424242424242424,0.6403508771929824,0.6612466124661247,0.36891438072857313,v25(p_c=0),11.8
43,blood,CBM_KE,8,OK,0.7432432432432432,0.674406604747162,0.6115591397849462,0.5856553147574819,0.592581860330339,0.1955058386069684,v26 main_pc0,16.1
43,blood,CBM_KE,9,OK,0.8918918918918919,0.8555211558307534,0.8576271186440678,0.826625386996904,0.8405172413793103,0.6835498402536756,v25(p_c=0),13.1
43,blood,CBM,0,OK,0.76,0.7563352826510722,0.38,0.5,0.4318181818181818,0.0,v26 main_pc0,8.9
43,blood,CBM,1,OK,0.7466666666666667,0.6427875243664717,0.6039915966386554,0.5482456140350878,0.544,0.14166352295945625,v26 main_pc0,5.4
43,blood,CBM,2,OK,0.68,0.689571150097466,0.5460805084745763,0.5423976608187134,0.5436105476673428,0.08840148796618608,v26 main_pc0,7.2
43,blood,CBM,3,OK,0.76,0.7309941520467836,0.38,0.5,0.4318181818181818,0.0,v26 main_pc0,7.1
43,blood,CBM,4,OK,0.8266666666666667,0.6920077972709552,0.8055555555555556,0.6769005847953217,0.7064137308039746,0.46498583404330573,v26 main_pc0,4.8
43,blood,CBM,5,OK,0.76,0.6978557504873295,0.38,0.5,0.4318181818181818,0.0,v26 main_pc0,3.8
43,blood,CBM,6,OK,0.72,0.5194931773879143,0.5252100840336134,0.5116959064327485,0.496,0.034342672232595454,v26 main_pc0,8.5
43,blood,CBM,7,OK,0.7733333333333333,0.7675438596491228,0.6917293233082706,0.6988304093567251,0.6950490313322172,0.3904951720012495,v25(p_c=0),7.1
43,blood,CBM,8,OK,0.7702702702702703,0.37719298245614036,0.38513513513513514,0.5,0.4351145038167939,0.0,v26 main_pc0,3.6
43,blood,CBM,9,OK,0.7702702702702703,0.7905056759545923,0.6428571428571428,0.5412796697626419,0.5283089613798275,0.1535850992821558,v26 main_pc0,5.5
43,car,CBM_KE,0,OK,0.9710982658959537,0.9646472974876409,0.9314516129032258,0.9093406593406593,0.9095578231292517,0.9367079659567318,v25(p_c=0),23.2
43,car,CBM_KE,1,OK,0.8554913294797688,0.9564146083232946,0.9571917808219178,0.6932234432234432,0.7514959748590124,0.6742555325489743,v26 main_pc0,59.1
43,car,CBM_KE,2,OK,0.7861271676300579,0.9208693150658088,0.44145569620253167,0.34615384615384615,0.3557347670250896,0.47497141735647247,v26 main_pc0,55.0
43,car,CBM_KE,3,OK,0.8092485549132948,0.9790012589950469,0.9464285714285714,0.6066849816849818,0.6760308972073678,0.5581580600543714,v26 main_pc0,41.4
43,car,CBM_KE,4,OK,0.8670520231213873,0.9826746777516363,0.9499039692701665,0.7075203504629342,0.7839061128985083,0.6983761723350492,v26 main_pc0,108.3
43,car,CBM_KE,5,OK,0.8265895953757225,0.9771395408436396,0.9503311258278145,0.6278195488721805,0.7153751885369533,0.6038479013617735,v26 main_pc0,52.8
43,car,CBM_KE,6,OK,0.976878612716763,0.9962186467425125,0.958241382934006,0.8907910271546635,0.9088183421516756,0.9495988480695357,v26 main_pc0,32.8
43,car,CBM_KE,7,OK,0.953757225433526,0.9858137884215881,0.6221153846153846,0.7479338842975207,0.6675523991914033,0.902639541044777,v26 main_pc0,13.4
43,car,CBM_KE,8,OK,0.813953488372093,0.9656852003028231,0.9477124183006536,0.7543859649122807,0.7758534247585342,0.579573148919396,v26 main_pc0,59.5
43,car,CBM_KE,9,OK,0.8837209302325582,0.9530932077861884,0.9645390070921986,0.8101503759398496,0.8616631569711328,0.7411345954821975,v26 main_pc0,57.4
43,car,CBM,0,OK,0.3872832369942196,0.9272835968993054,0.7654867256637168,0.6941089213816487,0.5551392572944297,0.39696861387710586,v26 main_pc0,28.9
43,car,CBM,1,OK,1.0,1.0,1.0,1.0,1.0,1.0,v26 main_pc0,51.7
43,car,CBM,2,OK,0.9826589595375722,1.0,0.9166666666666666,0.993801652892562,0.9468619246861925,0.9638951342857505,v26 main_pc0,73.9
43,car,CBM,3,OK,0.6878612716763006,0.9779960744412438,0.7653017241379311,0.8488292011019284,0.7157921229321546,0.6242802988036028,v25(p_c=0),11.5
43,car,CBM,4,OK,0.9826589595375722,0.9988012098658032,0.9850961538461538,0.9892888212266203,0.9871477070647195,0.9625566986081417,v26 main_pc0,54.7
43,car,CBM,5,OK,1.0,1.0,1.0,1.0,1.0,1.0,v26 main_pc0,73.6
43,car,CBM,6,OK,0.9942196531791907,1.0,0.96875,0.9979338842975207,0.9822959889349931,0.9876221214194032,v26 main_pc0,58.7
43,car,CBM,7,OK,0.9942196531791907,0.9999115340622518,0.9935897435897436,0.9979338842975207,0.9957159023549065,0.9875788336733873,v26 main_pc0,59.2
43,car,CBM,8,OK,0.8604651162790697,0.9964057151364177,0.7994514106583073,0.8962592431491953,0.7747700216450217,0.7483338426282362,v26 main_pc0,21.0
43,car,CBM,9,OK,0.7151162790697675,0.9931087150538025,0.78125,0.8897346672466289,0.7385423885423885,0.6411120339158187,v25(p_c=0),17.9
43,credit-g,CBM_KE,0,OK,0.7,0.44047619047619047,0.35,0.5,0.4117647058823529,0.0,v25(p_c=0),14.7
43,credit-g,CBM_KE,1,OK,0.69,0.6471428571428571,0.6027639971651311,0.569047619047619,0.5689055764149632,0.16847087971597438,v26 main_pc0,33.7
43,credit-g,CBM_KE,2,OK,0.7,0.7733333333333333,0.35,0.5,0.4117647058823529,0.0,v25(p_c=0),13.7
43,credit-g,CBM_KE,3,OK,0.78,0.7547619047619047,0.782392026578073,0.6619047619047619,0.6794871794871795,0.4276475830724458,v26 main_pc0,37.4
43,credit-g,CBM_KE,4,OK,0.7,0.5985714285714285,0.35,0.5,0.4117647058823529,0.0,v25(p_c=0),17.2
43,credit-g,CBM_KE,5,OK,0.7,0.47571428571428576,0.35,0.5,0.4117647058823529,0.0,v26 main_pc0,13.5
43,credit-g,CBM_KE,6,OK,0.69,0.7204761904761905,0.6287032540067994,0.6261904761904762,0.627359057579036,0.25488134423987824,v25(p_c=0),39.0
43,credit-g,CBM_KE,7,OK,0.71,0.8104761904761905,0.8535353535353536,0.5166666666666667,0.44645924794808167,0.15352206215727943,v26 main_pc0,22.4
43,credit-g,CBM_KE,8,OK,0.79,0.8314285714285715,0.7569169960474309,0.7166666666666667,0.7304582210242587,0.471870105616408,v26 main_pc0,23.6
43,credit-g,CBM_KE,9,OK,0.7,0.44571428571428573,0.35,0.5,0.4117647058823529,0.0,v26 main_pc0,8.7
43,credit-g,CBM,0,OK,0.76,0.7876190476190476,0.7132936507936507,0.7047619047619047,0.7085964060223409,0.41796848785585977,v25(p_c=0),10.3
43,credit-g,CBM,1,OK,0.74,0.700952380952381,0.6875,0.6428571428571428,0.6533333333333333,0.3273268353539886,v25(p_c=0),35.5
43,credit-g,CBM,2,OK,0.79,0.7371428571428571,0.7511415525114156,0.7357142857142858,0.7423629002576371,0.4866113507241897,v25(p_c=0),22.5
43,credit-g,CBM,3,OK,0.72,0.7,0.6573426573426573,0.6285714285714286,0.6361746361746362,0.2844627935584563,v26 main_pc0,18.4
43,credit-g,CBM,4,OK,0.66,0.6595238095238095,0.6188455008488964,0.6333333333333333,0.6212121212121212,0.2517623226763914,v26 main_pc0,15.0
43,credit-g,CBM,5,OK,0.68,0.741904761904762,0.4739583333333333,0.49523809523809526,0.4330262225372077,-0.0222717701593687,v26 main_pc0,7.8
43,credit-g,CBM,6,OK,0.7,0.7342857142857141,0.6428571428571428,0.6428571428571428,0.6428571428571428,0.2857142857142857,v26 main_pc0,14.4
43,credit-g,CBM,7,OK,0.76,0.7838095238095237,0.7132936507936507,0.7047619047619047,0.7085964060223409,0.41796848785585977,v25(p_c=0),7.3
43,credit-g,CBM,8,OK,0.76,0.7733333333333333,0.7132936507936507,0.7047619047619047,0.7085964060223409,0.41796848785585977,v26 main_pc0,16.9
43,credit-g,CBM,9,OK,0.7,0.6995238095238095,0.6428571428571428,0.6428571428571428,0.6428571428571428,0.2857142857142857,v26 main_pc0,18.0
43,diabetes,CBM_KE,0,OK,0.6493506493506493,0.4133333333333333,0.3246753246753247,0.5,0.3937007874015748,0.0,v26 main_pc0,9.7
43,diabetes,CBM_KE,1,OK,0.7532467532467533,0.8274074074074075,0.7295918367346939,0.7333333333333334,0.7313131313131314,0.4629100498862757,v26 main_pc0,7.9
43,diabetes,CBM_KE,2,OK,0.7402597402597403,0.7651851851851852,0.7172619047619048,0.6892592592592592,0.6973270440251573,0.40555555555555556,v26 main_pc0,9.2
43,diabetes,CBM_KE,3,OK,0.8181818181818182,0.9044444444444444,0.8079710144927537,0.7833333333333333,0.7926923076923077,0.5907908398283784,v25(p_c=0),16.4
43,diabetes,CBM_KE,4,OK,0.6883116883116883,0.7807407407407407,0.6529790660225443,0.6407407407407407,0.6446153846153846,0.29346473089514225,v26 main_pc0,12.7
43,diabetes,CBM_KE,5,OK,0.6493506493506493,0.8229629629629629,0.3246753246753247,0.5,0.3937007874015748,0.0,v26 main_pc0,24.2
43,diabetes,CBM_KE,6,OK,0.6363636363636364,0.788148148148148,0.5957692307692308,0.5922222222222222,0.5935143288084465,0.1879579876680029,v26 main_pc0,13.4
43,diabetes,CBM_KE,7,OK,0.7012987012987013,0.6177777777777776,0.8424657534246576,0.5740740740740741,0.5355363231051665,0.31854565504499777,v26 main_pc0,6.9
43,diabetes,CBM_KE,8,OK,0.7894736842105263,0.8184615384615385,0.8156682027649769,0.7107692307692308,0.7285714285714285,0.5158803903041083,v26 main_pc0,12.5
43,diabetes,CBM_KE,9,OK,0.7105263157894737,0.8361538461538461,0.7194444444444444,0.7430769230769231,0.7054263565891472,0.461917223501702,v26 main_pc0,7.4
43,diabetes,CBM,0,OK,0.7532467532467533,0.8022222222222222,0.729559748427673,0.7162962962962962,0.7214924804873406,0.44565871858907996,v25(p_c=0),12.9
43,diabetes,CBM,1,OK,0.7792207792207793,0.825925925925926,0.7787193973634652,0.7192592592592593,0.7331294597349644,0.4944160539751941,v25(p_c=0),15.3
43,diabetes,CBM,2,OK,0.6753246753246753,0.7629629629629628,0.6663279132791329,0.6818518518518519,0.6642246642246642,0.3478335179045545,v25(p_c=0),5.0
43,diabetes,CBM,3,OK,0.7922077922077922,0.8888888888888888,0.7719109195402298,0.7803703703703704,0.7755102040816326,0.5522164981933888,v26 main_pc0,2.8
43,diabetes,CBM,4,OK,0.7142857142857143,0.7681481481481481,0.6889367816091954,0.6948148148148148,0.6913265306122449,0.3837065760234115,v26 main_pc0,8.8
43,diabetes,CBM,5,OK,0.7272727272727273,0.7651851851851852,0.7,0.6792592592592592,0.6857142857142857,0.378691704962503,v26 main_pc0,6.3
43,diabetes,CBM,6,OK,0.7402597402597403,0.7992592592592592,0.7148148148148148,0.7148148148148148,0.7148148148148148,0.42962962962962964,v26 main_pc0,4.6
43,diabetes,CBM,7,OK,0.7272727272727273,0.78,0.7222222222222222,0.6451851851851852,0.6509820850420893,0.35924016749576715,v26 main_pc0,8.4
43,diabetes,CBM,8,OK,0.6973684210526315,0.7538461538461538,0.6860627177700348,0.7053846153846154,0.6851017834624392,0.3909701764923501,v26 main_pc0,11.7
43,diabetes,CBM,9,OK,0.7894736842105263,0.8884615384615384,0.7894736842105263,0.8215384615384616,0.7840909090909092,0.610170215847752,v26 main_pc0,10.8
43,kr-vs-kp,CBM_KE,0,OK,0.99375,0.9999217251770969,0.993738014167743,0.993738014167743,0.993738014167743,0.9874760283354859,v26 main_pc0,62.5
43,kr-vs-kp,CBM_KE,1,OK,0.990625,0.9934640522875817,0.9904944453137224,0.9907440021916951,0.9906095020101535,0.9812384157707068,v25(p_c=0),44.4
43,kr-vs-kp,CBM_KE,2,OK,0.928125,0.9916245939493562,0.9333094441790094,0.9259324488278345,0.9275298102580766,0.8592102249377467,v26 main_pc0,30.9
43,kr-vs-kp,CBM_KE,3,OK,0.753125,0.9492583460529922,0.839430894308943,0.7418300653594772,0.7303495429382086,0.5730081861745344,v26 main_pc0,44.2
43,kr-vs-kp,CBM_KE,4,OK,0.81875,0.8930765919142107,0.8625592417061612,0.8263473053892216,0.8152572065615544,0.68795416002744,v26 main_pc0,43.5
43,kr-vs-kp,CBM_KE,5,OK,0.778125,0.8487730421509921,0.8508403361344538,0.7679738562091503,0.7612818492251117,0.6132406959348476,v26 main_pc0,63.0
43,kr-vs-kp,CBM_KE,6,OK,0.9937304075235109,0.994169555625591,0.9935064935064934,0.9940119760479043,0.9937199779510197,0.9875183401833406,v25(p_c=0),38.4
43,kr-vs-kp,CBM_KE,7,OK,0.7084639498432602,0.9690159155373463,0.8211538461538461,0.694078947368421,0.6707215556566811,0.4993163342205352,v26 main_pc0,67.3
43,kr-vs-kp,CBM_KE,8,OK,0.9968652037617555,0.9995272612669398,0.9967320261437909,0.9970059880239521,0.9968591542362034,0.9937379764037085,v25(p_c=0),39.6
43,kr-vs-kp,CBM_KE,9,OK,0.9811912225705329,0.9864556264272778,0.9819384129490722,0.9806480825261832,0.9811376537369915,0.9625856306421439,v26 main_pc0,156.4
43,kr-vs-kp,CBM,0,OK,0.98125,0.9931900904074205,0.9811320754716981,0.9820359281437125,0.9812382739212007,0.9631675795202219,v25(p_c=0),23.4
43,kr-vs-kp,CBM,1,OK,0.984375,0.9994129388282259,0.9841307066916822,0.9847559782395993,0.9843565150226341,0.9688864831715941,v26 main_pc0,13.4
43,kr-vs-kp,CBM,2,OK,0.99375,0.9934640522875817,0.9940828402366864,0.9934640522875817,0.993734335839599,0.9875466986607835,v26 main_pc0,75.0
43,kr-vs-kp,CBM,3,OK,1.0,1.0,1.0,1.0,1.0,1.0,v26 main_pc0,58.4
43,kr-vs-kp,CBM,4,OK,1.0,1.0,1.0,1.0,1.0,1.0,v25(p_c=0),16.0
43,kr-vs-kp,CBM,5,OK,0.996875,0.9984736409533874,0.9970238095238095,0.9967320261437909,0.996868118424272,0.9937557928313525,v25(p_c=0),25.5
43,kr-vs-kp,CBM,6,OK,0.9968652037617555,1.0,0.9967320261437909,0.9970059880239521,0.9968591542362034,0.9937379764037085,v26 main_pc0,102.9
43,kr-vs-kp,CBM,7,OK,0.9968652037617555,0.9970847778127955,0.9970238095238095,0.9967105263157895,0.9968572976700655,0.9937342864569987,v25(p_c=0),15.4
43,kr-vs-kp,CBM,8,OK,0.9843260188087775,0.9995666561613615,0.9840479937057436,0.9847344784115979,0.9843038074337955,0.96878222889385,v26 main_pc0,14.3
43,kr-vs-kp,CBM,9,OK,0.9686520376175548,0.9924797228128199,0.9684500393391031,0.9688558154185369,0.9686147186147187,0.9373057669238589,v26 main_pc0,12.1
43,magic,CBM_KE,0,OK,0.501,0.8016079965232507,0.6373411173514631,0.5979020979020979,0.48997895524386464,0.2319136349327177,v25(p_c=0),190.4
43,magic,CBM_KE,1,OK,0.879,0.9269838761364185,0.8906537753222836,0.8426792918318342,0.8594446787033132,0.7317621446313621,v26 main_pc0,67.1
43,magic,CBM_KE,2,OK,0.894,0.9495388478439326,0.8913454766409346,0.8732040087972291,0.8810458983279094,0.7643342219397459,v26 main_pc0,58.9
43,magic,CBM_KE,3,OK,0.869,0.9308886342784648,0.8939816403568978,0.822547508988187,0.8438987653703114,0.7129594565869706,v26 main_pc0,708.6
43,magic,CBM_KE,4,OK,0.865,0.9198240554172756,0.8592923065495535,0.8397424922848651,0.8479344428486948,0.6987613718170834,v26 main_pc0,75.9
43,magic,CBM_KE,5,OK,0.871,0.9235685845855337,0.8857583331626068,0.8306291950359748,0.8488241684450335,0.7142631648684454,v26 main_pc0,96.4
43,magic,CBM_KE,6,OK,0.883,0.9360620547061225,0.8795710267229254,0.8601508347271059,0.86840788158059,0.7394668947626695,v26 main_pc0,61.7
43,magic,CBM_KE,7,OK,0.883,0.9465537601130821,0.8735739750445632,0.8679998595252832,0.8706494833165472,0.7415528850694357,v26 main_pc0,67.1
43,magic,CBM_KE,8,OK,0.883,0.9367164835164835,0.882710225262413,0.8565934065934067,0.8671925991089418,0.7388421833232152,v26 main_pc0,52.7
43,magic,CBM_KE,9,OK,0.877,0.930556043956044,0.865984619549059,0.8625274725274725,0.8642010883785941,0.7285038891016271,v26 main_pc0,79.1
43,magic,CBM,0,OK,0.868,0.9184763761034948,0.8619515867554073,0.8440159965583695,0.8516480552408696,0.7057397135588859,v26 main_pc0,83.2
43,magic,CBM,1,OK,0.862,0.913230523400015,0.8631730475622701,0.8289281340128798,0.8417133497584408,0.6912534494913666,v26 main_pc0,61.0
43,magic,CBM,2,OK,0.861,0.9275984530221819,0.8487397571944044,0.8445098529844293,0.8465361893058909,0.6932367055511987,v26 main_pc0,70.1
43,magic,CBM,3,OK,0.877,0.9202762084118016,0.8732196245195075,0.8529119969797936,0.8614513812621442,0.7258475955770003,v26 main_pc0,365.5
43,magic,CBM,4,OK,0.861,0.9011101892457825,0.855750350631136,0.8340444865868595,0.8429518720927737,0.6894532420104299,v26 main_pc0,279.0
43,magic,CBM,5,OK,0.835,0.9008116804726974,0.8218278164924506,0.8113973283464808,0.8160451035108628,0.6331392334813272,v26 main_pc0,338.1
43,magic,CBM,6,OK,0.518,0.8381160584550416,0.6781043107967305,0.6208104513189259,0.5053366174055829,0.2933725424725311,v25(p_c=0),53.8
43,magic,CBM,7,OK,0.876,0.8969793546064733,0.871188992707068,0.8527956663549884,0.8606390821959684,0.7237509738182795,v26 main_pc0,74.1
43,magic,CBM,8,OK,0.865,0.9201670329670328,0.8648275033056858,0.8335164835164834,0.8455333390543207,0.6976417017140262,v26 main_pc0,35.0
43,magic,CBM,9,OK,0.866,0.908887912087912,0.8549913941480206,0.8481318681318681,0.8513430160061415,0.703089801420805,v26 main_pc0,75.7
43,mfeat-factors,CBM_KE,0,OK,0.96,0.9954166666666667,0.9629089026915114,0.96,0.9601736129450551,0.9558476647544005,v25(p_c=0),27.1
43,mfeat-factors,CBM_KE,1,OK,0.985,0.9996944444444444,0.9857142857142858,0.985,0.9849906191369605,0.9834152880222562,v26 main_pc0,18.8
43,mfeat-factors,CBM_KE,2,OK,0.98,0.9997777777777778,0.9811471861471862,0.9800000000000001,0.9799718103890118,0.9779136085456454,v26 main_pc0,22.9
43,mfeat-factors,CBM_KE,3,OK,0.94,0.9936388888888888,0.9415889361083869,0.9399999999999998,0.9397921245147861,0.9335667542031408,v26 main_pc0,58.0
43,mfeat-factors,CBM_KE,4,OK,0.99,0.9998888888888888,0.9904761904761905,0.99,0.9899937460913073,0.9889438317391072,v25(p_c=0),31.8
43,mfeat-factors,CBM_KE,5,OK,0.875,0.9922777777777778,0.8254511278195487,0.875,0.8413941279088905,0.8709404651463875,v25(p_c=0),32.3
43,mfeat-factors,CBM_KE,6,OK,0.97,0.9897222222222222,0.9720562770562771,0.9700000000000001,0.9699467477323702,0.9669084239961102,v26 main_pc0,72.7
43,mfeat-factors,CBM_KE,7,OK,0.98,0.9955277777777777,0.9813852813852815,0.9800000000000001,0.9799686834346655,0.9779407814928016,v26 main_pc0,52.1
43,mfeat-factors,CBM_KE,8,OK,0.9,0.9721388888888889,0.904995368856925,0.9,0.899926812961413,0.889457334942302,v26 main_pc0,25.6
43,mfeat-factors,CBM_KE,9,OK,0.97,0.9995555555555555,0.9708840282524493,0.9700000000000001,0.9699785580273386,0.9667740919786244,v26 main_pc0,89.4
43,mfeat-factors,CBM,0,OK,0.965,0.9926944444444444,0.9668398268398268,0.9649999999999999,0.9653417314392925,0.9612446265817991,v25(p_c=0),15.1
43,mfeat-factors,CBM,1,OK,0.965,0.9980833333333333,0.9679089026915113,0.9649999999999999,0.9647676871219278,0.9614850947144572,v26 main_pc0,83.2
43,mfeat-factors,CBM,2,OK,0.985,0.9953611111111111,0.9861471861471862,0.985,0.9849718103890119,0.9834699358669274,v26 main_pc0,63.0
43,mfeat-factors,CBM,3,OK,0.9,0.9909861111111111,0.9127097858282067,0.9,0.8980332810820617,0.8905230137374941,v26 main_pc0,65.4
43,mfeat-factors,CBM,4,OK,0.995,1.0,0.9952380952380953,0.9949999999999999,0.9949968730456537,0.9944720690522652,v25(p_c=0),52.6
43,mfeat-factors,CBM,5,OK,0.98,0.9991111111111112,0.9807142857142856,0.9799999999999999,0.979855666370429,0.9778864378634362,v26 main_pc0,50.5
43,mfeat-factors,CBM,6,OK,0.97,0.9987222222222222,0.9708840282524493,0.97,0.9699785580273386,0.9667740919786244,v25(p_c=0),25.7
43,mfeat-factors,CBM,7,OK,0.975,0.9923888888888888,0.9757142857142856,0.975,0.9748556663704289,0.9723302649210303,v25(p_c=0),17.2
43,mfeat-factors,CBM,8,OK,0.89,0.9779722222222222,0.8977169207603991,0.8899999999999999,0.8901805538689439,0.8785590665642059,v26 main_pc0,13.0
43,mfeat-factors,CBM,9,OK,0.94,0.9974999999999999,0.9423575242453961,0.9399999999999998,0.9390661225179242,0.9337743865113414,v26 main_pc0,25.6
43,optdigits,CBM_KE,0,OK,0.9928825622775801,0.9991915880696525,0.9930408465641017,0.9928884711779448,0.992917744359392,0.992101884091642,v26 main_pc0,41.4
43,optdigits,CBM_KE,1,OK,0.9786476868327402,0.9943111776671962,0.9791517623691022,0.9788143163551514,0.9787195693640933,0.9763328815247903,v25(p_c=0),35.4
43,optdigits,CBM_KE,2,OK,0.9911032028469751,0.9993223596359048,0.9914377556984219,0.991070289359763,0.9911304412227062,0.9901422381931934,v26 main_pc0,35.0
43,optdigits,CBM_KE,3,OK,0.9857651245551602,0.996043817869705,0.986318814277072,0.9858071314650262,0.9859128290609812,0.9842176745495301,v25(p_c=0),43.8
43,optdigits,CBM_KE,4,OK,0.9857651245551602,0.9980526627698895,0.9860816931282035,0.9856470722260197,0.9857371668850222,0.9842105275096228,v26 main_pc0,254.3
43,optdigits,CBM_KE,5,OK,0.9804270462633452,0.9987122744420345,0.9805964864267951,0.9804477101845522,0.9804300089188912,0.9782725710311032,v26 main_pc0,235.1
43,optdigits,CBM_KE,6,OK,0.9715302491103203,0.9978791490779372,0.9728970304482308,0.9712639553429028,0.9713152089751486,0.9685252647268328,v26 main_pc0,209.1
43,optdigits,CBM_KE,7,OK,0.9857651245551602,0.9976541168745838,0.9860421913157673,0.9857456140350879,0.98572145101259,0.9842211376597527,v26 main_pc0,221.4
43,optdigits,CBM_KE,8,OK,0.9697508896797153,0.9971921315585774,0.9733781184820002,0.9699538619275462,0.9701401548729555,0.966761159765211,v25(p_c=0),60.1
43,optdigits,CBM_KE,9,OK,0.9893238434163701,0.9997006828011992,0.9895644283121596,0.9894110275689222,0.9893308668274748,0.9881723006362269,v26 main_pc0,227.6
43,optdigits,CBM,0,OK,0.9928825622775801,0.9996274056887376,0.9930710945979794,0.9928884711779448,0.9929176093547005,0.9921053744769491,v25(p_c=0),32.8
43,optdigits,CBM,1,OK,0.9786476868327402,0.9981718779208976,0.9794493849215774,0.9786542571161446,0.9787581410008052,0.9763424400268818,v26 main_pc0,79.1
43,optdigits,CBM,2,OK,0.9750889679715302,0.999437035724208,0.9761893369788106,0.9751845522898155,0.9752281198241229,0.9724339129466181,v26 main_pc0,105.5
43,optdigits,CBM,3,OK,0.9875444839857651,0.9998809450792809,0.987746246493978,0.9875615174299384,0.9876073962613099,0.9861705759505482,v25(p_c=0),37.4
43,optdigits,CBM,4,OK,0.9839857651245552,0.9982205049959646,0.9841357973892041,0.9838613579403053,0.9838889556722619,0.9822299317089102,v26 main_pc0,25.0
43,optdigits,CBM,5,OK,0.9875444839857651,0.996306892157944,0.9876868896378879,0.9875939849624059,0.987546434120825,0.9861812272097981,v25(p_c=0),37.5
43,optdigits,CBM,6,OK,0.9768683274021353,0.9939404161052272,0.9770742044158636,0.9767185007974482,0.9767548683966583,0.9743280341921017,v26 main_pc0,37.2
43,optdigits,CBM,7,OK,0.9822064056939501,0.9996686518521092,0.9825868536602487,0.9822055137844613,0.9821766879162332,0.980277162874723,v26 main_pc0,50.7
43,optdigits,CBM,8,OK,0.9768683274021353,0.9966708861122603,0.9773774714564187,0.9769087491455913,0.9769355238095931,0.9743460754186856,v25(p_c=0),40.8
43,optdigits,CBM,9,OK,0.9893238434163701,0.9979499289416554,0.9895277494916825,0.9893159033948509,0.98932977863257,0.9881582284175953,v25(p_c=0),39.2
43,page-blocks,CBM_KE,0,OK,0.9708029197080292,0.9899420568395945,0.8976116625310174,0.7243563685636857,0.7746421823790245,0.8414694693629391,v25(p_c=0),233.3
43,page-blocks,CBM_KE,1,OK,0.9379562043795621,0.982038597458063,0.8584169884169885,0.7255456808409966,0.7338790382357105,0.6263617037584606,v26 main_pc0,294.1
43,page-blocks,CBM_KE,2,OK,0.9708029197080292,0.9752223903911388,0.8870490597169762,0.7741282478553353,0.8213510101010101,0.8407474593202958,v26 main_pc0,286.0
43,page-blocks,CBM_KE,3,OK,0.8976234003656307,0.458873504537397,0.17952468007312614,0.2,0.18921001926782272,0.0,v25(p_c=0),32.6
43,page-blocks,CBM_KE,4,OK,0.9597806215722121,0.9900815570609687,0.6570874436371512,0.7163241375054004,0.6785347849012127,0.7980143428229043,v26 main_pc0,165.1
43,page-blocks,CBM_KE,5,OK,0.9579524680073126,0.9928102507492691,0.6494197737746126,0.6326976485835957,0.626810000595983,0.769947916349904,v26 main_pc0,275.6
43,page-blocks,CBM_KE,6,OK,0.9652650822669104,0.9806202777382206,0.6824823101931536,0.6666502088090682,0.6731282725646961,0.808119817551459,v26 main_pc0,208.2
43,page-blocks,CBM_KE,7,OK,0.9744058500914077,0.9919568214105979,0.877912047302291,0.9005863111769425,0.8813832880545949,0.8642415082076137,v26 main_pc0,236.7
43,page-blocks,CBM_KE,8,OK,0.9597806215722121,0.9883391326411186,0.9041558441558439,0.8468588322246859,0.8643244840835201,0.7678717279288212,v26 main_pc0,225.6
43,page-blocks,CBM_KE,9,OK,0.9689213893967094,0.9482979183330308,0.7936686787391014,0.7058943089430894,0.7351242755275349,0.8272586661279,v26 main_pc0,213.8
43,page-blocks,CBM,0,OK,0.08759124087591241,0.824151639999117,0.547526164874552,0.6819444444444445,0.5106396541386602,0.44638854185500754,v26 main_pc0,77.3
43,page-blocks,CBM,1,OK,0.09124087591240876,0.802550102354104,0.48199873297434265,0.7045454545454546,0.49204991087344024,0.4281155337233434,v26 main_pc0,98.3
43,page-blocks,CBM,2,OK,0.08941605839416059,0.7978117145800574,0.5088362198118296,0.692929292929293,0.4938528138528138,0.4182246492724485,v26 main_pc0,100.5
43,page-blocks,CBM,3,OK,0.08957952468007313,0.7829570614712551,0.5168983957219251,0.692929292929293,0.5052620431976663,0.43815852223626955,v26 main_pc0,77.7
43,page-blocks,CBM,4,OK,0.09323583180987204,0.9905326127498671,0.41726992562065635,0.7454545454545455,0.46890267003427744,0.4014978497829912,v26 main_pc0,55.7
43,page-blocks,CBM,5,OK,0.08592321755027423,0.8084239854226775,0.47437721169972696,0.6727272727272727,0.46744350942808166,0.41014665136424444,v26 main_pc0,89.4
43,page-blocks,CBM,6,OK,0.07678244972577697,0.7818253654003865,0.4545116975839867,0.6222222222222222,0.43643442526711285,0.38118826084388463,v26 main_pc0,85.2
43,page-blocks,CBM,7,OK,0.08957952468007313,0.8091021583911511,0.4911516388919545,0.7090909090909091,0.492533504725178,0.4263676551793631,v26 main_pc0,80.5
43,page-blocks,CBM,8,OK,0.08957952468007313,0.7976918801924076,0.45082135523613964,0.7318181818181818,0.48554903529830173,0.4199520069685227,v26 main_pc0,87.7
43,page-blocks,CBM,9,OK,0.08775137111517367,0.9271206482427512,0.3285362448124733,0.6583333333333333,0.3831132888707409,0.36572228821540925,v26 main_pc0,46.6
43,pendigits,CBM_KE,0,OK,0.987,0.9982914489895212,0.9878519923832781,0.9868129034103511,0.9871635638286393,0.9855900148636416,v26 main_pc0,292.4
43,pendigits,CBM_KE,1,OK,0.995,0.9996716734399668,0.995017642243717,0.995101036759187,0.9950390527465656,0.9944479080690456,v25(p_c=0),86.3
43,pendigits,CBM_KE,2,OK,0.995,0.9989812383076911,0.9949339957007484,0.9947802495930548,0.9948242229328871,0.9944500383174476,v26 main_pc0,515.4
43,pendigits,CBM_KE,3,OK,0.964,0.9992674017917414,0.9704373133471904,0.964979278033681,0.9650591589139694,0.9607204281244246,v26 main_pc0,208.6
43,pendigits,CBM_KE,4,OK,0.852,0.9858493403925224,0.9412698412698413,0.846339717196616,0.8574919723477532,0.8489149807169097,v25(p_c=0),128.1
43,pendigits,CBM_KE,5,OK,0.948,0.9939635817766472,0.9629500124374977,0.9453759547560416,0.9412689772221446,0.9447903205608172,v26 main_pc0,407.6
43,pendigits,CBM_KE,6,OK,0.83,0.9896382875941121,0.8796929583764739,0.8301037449392712,0.7965960191509758,0.8233860182848396,v26 main_pc0,395.3
43,pendigits,CBM_KE,7,OK,0.935,0.9931344051624604,0.9476076646788231,0.9359789044379385,0.9326847583170785,0.9297221689704018,v26 main_pc0,108.1
43,pendigits,CBM_KE,8,OK,0.878,0.9987298839219733,0.9412037037037037,0.8786765621110281,0.8756381644447465,0.8750172394328449,v26 main_pc0,61.1
43,pendigits,CBM_KE,9,OK,0.998,0.9999774681320475,0.9979274054982818,0.998076923076923,0.9979921215006708,0.9977796325444358,v26 main_pc0,243.1
43,pendigits,CBM,0,OK,0.977,0.9980388134975667,0.977854526425955,0.9765799893945422,0.9765942234044559,0.9745658904383147,v26 main_pc0,96.8
43,pendigits,CBM,1,OK,0.997,0.9992245379234866,0.9970471795887885,0.9971152067996728,0.9970762983397117,0.9966671816037496,v25(p_c=0),66.3
43,pendigits,CBM,2,OK,0.993,0.9996350800805036,0.9929858263081949,0.9928772950914162,0.9929168137767979,0.9922241127706052,v26 main_pc0,48.9
43,pendigits,CBM,3,OK,0.961,0.9955411505411613,0.9676305554809232,0.9593255558515406,0.9586723556955796,0.9576838401110023,v26 main_pc0,136.2
43,pendigits,CBM,4,OK,0.996,0.9992857648124343,0.9960513518770666,0.9959051205940869,0.9959479715843615,0.9955613987189729,v26 main_pc0,412.7
43,pendigits,CBM,5,OK,0.88,0.9927859861843323,0.9390601085795144,0.8802072369078688,0.8862214985907986,0.8751831700058459,v25(p_c=0),501.1
43,pendigits,CBM,6,OK,0.981,0.9980822727034282,0.9814057156666346,0.9809294871794872,0.9808393022239443,0.9789599563756739,v26 main_pc0,43.3
43,pendigits,CBM,7,OK,0.992,0.9974258616445084,0.9921354898234599,0.9918468194176956,0.9919390284593692,0.9911202988750483,v26 main_pc0,110.1
43,pendigits,CBM,8,OK,0.995,0.999976164775768,0.9949839617560567,0.995173637042569,0.9950489704121648,0.9944502110109308,v26 main_pc0,52.0
43,pendigits,CBM,9,OK,0.989,0.9999406655673472,0.9891760107879847,0.9888199494254681,0.9889166167436046,0.9877928842177071,v26 main_pc0,52.9
43,phoneme,CBM_KE,0,OK,0.88909426987061,0.9574895452599691,0.8714645254074784,0.8572145938292337,0.8638377126749219,0.7285397712284526,v25(p_c=0),449.6
43,phoneme,CBM_KE,1,OK,0.8724584103512015,0.9263722875300471,0.8447548036488323,0.8509417498106622,0.8477343090346185,0.695669042140449,v25(p_c=0),335.4
43,phoneme,CBM_KE,2,OK,0.9001848428835489,0.9534558266653497,0.8829088336365474,0.8742467647930456,0.8783966033966033,0.7571060485801347,v25(p_c=0),381.4
43,phoneme,CBM_KE,3,OK,0.9094269870609981,0.9522868714807863,0.8991156580544477,0.8789555138463565,0.8881405996160094,0.7778099492347728,v25(p_c=0),461.4
43,phoneme,CBM_KE,4,OK,0.8703703703703703,0.940171648220558,0.8449296817172465,0.8397176751275763,0.8422475961538461,0.6846275178678632,v25(p_c=0),368.6
43,phoneme,CBM_KE,5,OK,0.9055555555555556,0.9552322884220292,0.8898772536134425,0.8794320365829412,0.8844017981942502,0.769238377503131,v25(p_c=0),388.7
43,phoneme,CBM_KE,6,OK,0.8981481481481481,0.9514878388229836,0.8818980758337768,0.8686294651733051,0.8748477735966728,0.7504102436542812,v25(p_c=0),401.6
43,phoneme,CBM_KE,7,OK,0.8796296296296297,0.9405692888859435,0.8550082320267416,0.8536848034992379,0.8543417366946778,0.7086917998255375,v25(p_c=0),351.1
43,phoneme,CBM_KE,8,OK,0.8814814814814815,0.9210287393321117,0.8684942320457848,0.8390531372257712,0.8516967335518976,0.706934580918842,v26 main_pc0,96.2
43,phoneme,CBM_KE,9,OK,0.9,0.9526073391769425,0.8778864461115361,0.8833259050165899,0.8805290155525328,0.7611929162812996,v25(p_c=0),350.3
43,phoneme,CBM,0,OK,0.8946395563770795,0.9355428232737332,0.8790402998418265,0.8629770489644045,0.8703919302301145,0.7418434591614843,v25(p_c=0),83.6
43,phoneme,CBM,1,OK,0.866913123844732,0.9153413019855774,0.8353329059437677,0.8617010767559024,0.8460881934566145,0.696535062007783,v25(p_c=0),74.6
43,phoneme,CBM,2,OK,0.9020332717190388,0.935262932595739,0.8835081585081586,0.879227172445586,0.8813228203058712,0.7627233169658905,v26 main_pc0,40.9
43,phoneme,CBM,3,OK,0.8964879852125693,0.9324969541308571,0.8974279370813578,0.8477641674075538,0.8675132941505738,0.7435353270520507,v25(p_c=0),79.8
43,phoneme,CBM,4,OK,0.8796296296296297,0.9206872556166744,0.8535128402628689,0.8573961163761681,0.8554121577366853,0.7108983505370033,v26 main_pc0,100.8
43,phoneme,CBM,5,OK,0.8962962962962963,0.9349194777652595,0.8815103261247479,0.8636092517728147,0.8718122626153011,0.7449045152925899,v25(p_c=0),84.8
43,phoneme,CBM,6,OK,0.9,0.951338723573464,0.8734690032033163,0.8940618993969116,0.8825784421106888,0.7672545985998914,v26 main_pc0,171.6
43,phoneme,CBM,7,OK,0.8777777777777778,0.9361289681224733,0.8488076311605723,0.8635098416064683,0.8555072651790347,0.712165730021621,v25(p_c=0),99.8
43,phoneme,CBM,8,OK,0.8814814814814815,0.9293649614552898,0.8600091199270405,0.8518793641360868,0.8557692307692307,0.7118420617050365,v26 main_pc0,43.5
43,phoneme,CBM,9,OK,0.8888888888888888,0.9454266329916308,0.8640000000000001,0.8717872530084683,0.8677248677248677,0.7357460434010704,v25(p_c=0),99.5
43,satimage,CBM_KE,0,OK,0.926905132192846,0.9875364982621857,0.9179799341120095,0.9060360126390513,0.9097885953556549,0.9099652237974921,v26 main_pc0,397.1
43,satimage,CBM_KE,1,OK,0.9253499222395023,0.9931356094911846,0.920551006063245,0.9108770036427135,0.9152913182093645,0.9078682908164851,v26 main_pc0,394.7
43,satimage,CBM_KE,2,OK,0.9284603421461898,0.9939846142315112,0.9191997910275221,0.9084288755142259,0.9130811772386771,0.9117851829222461,v26 main_pc0,250.2
43,satimage,CBM_KE,3,OK,0.8584758942457231,0.9808873046773446,0.8815202438161786,0.8655280057107007,0.8648920381415749,0.8322072493895774,v25(p_c=0),99.2
43,satimage,CBM_KE,4,OK,0.9175738724727839,0.9875236581501668,0.9061168955990683,0.8871723031967552,0.8952000016162271,0.8982550233927535,v26 main_pc0,124.1
43,satimage,CBM_KE,5,OK,0.9284603421461898,0.9887054705617729,0.9166132651891165,0.9134629601240646,0.9146348635841844,0.9117212149985773,v26 main_pc0,201.8
43,satimage,CBM_KE,6,OK,0.7931570762052877,0.9692389570744533,0.8541920684862571,0.7960902782601166,0.8035545290524801,0.7606695020733557,v25(p_c=0),68.7
43,satimage,CBM_KE,7,OK,0.9237947122861586,0.9899224918828193,0.910322929907195,0.904807264063685,0.9069290897747524,0.9060347245916138,v26 main_pc0,60.2
43,satimage,CBM_KE,8,OK,0.9175738724727839,0.9791188775670693,0.9071726983321257,0.8969353265562877,0.9010626607356214,0.898301623977551,v25(p_c=0),193.5
43,satimage,CBM_KE,9,OK,0.895800933125972,0.9816224417240805,0.8994112791536679,0.8726481059039846,0.8815897779742164,0.8729805462444207,v25(p_c=0),170.8
43,satimage,CBM,0,OK,0.6376360808709176,0.9588420480490382,0.7715202320793391,0.6138234854306116,0.5685213428095777,0.5916651942614112,v26 main_pc0,126.7
43,satimage,CBM,1,OK,0.9035769828926905,0.9824089119090083,0.8916325977208048,0.8806813099617582,0.8848230827017837,0.8811326847945803,v26 main_pc0,304.8
43,satimage,CBM,2,OK,0.9191290824261276,0.9881121149865756,0.9049810979523976,0.8976616061318179,0.9002545270241159,0.9002066791905843,v26 main_pc0,56.1
43,satimage,CBM,3,OK,0.7200622083981337,0.9341932866775947,0.8260341030342766,0.6922888039333897,0.644400046904997,0.6918701929508242,v26 main_pc0,39.7
43,satimage,CBM,4,OK,0.9222395023328149,0.9833251100537773,0.916907033633582,0.9021356996023396,0.9087169149404613,0.9040306907831966,v25(p_c=0),79.0
43,satimage,CBM,5,OK,0.9129082426127527,0.9769241222559639,0.9005781792323119,0.8932654231717416,0.8962881203304983,0.8924811419665063,v26 main_pc0,78.5
43,satimage,CBM,6,OK,0.9051321928460342,0.9851487611990778,0.8965097092592466,0.8868755707781383,0.8913173818750524,0.8828193085080819,v26 main_pc0,299.6
43,satimage,CBM,7,OK,0.9129082426127527,0.9837289086409076,0.901539447268041,0.8874590681342961,0.8917522684334461,0.8928688791190101,v26 main_pc0,63.7
43,satimage,CBM,8,OK,0.7107309486780715,0.9556345295779546,0.8021547531330445,0.6892551386751884,0.6375085113867759,0.6769553059547335,v26 main_pc0,47.2
43,satimage,CBM,9,OK,0.9144634525660964,0.9817886288341299,0.9103461081928398,0.9004684776624949,0.9045654194830738,0.8946542742124921,v26 main_pc0,69.4
43,segment,CBM_KE,0,OK,0.9437229437229437,0.9979448161266343,0.9463477698771817,0.9437229437229437,0.9410043520088262,0.9356535874736939,v26 main_pc0,58.7
43,segment,CBM_KE,1,OK,0.8831168831168831,0.9945668809305171,0.9200480192076831,0.8831168831168832,0.8823688786745431,0.8709991256949657,v25(p_c=0),24.6
43,segment,CBM_KE,2,OK,0.9653679653679653,0.9966002011456556,0.9667466986794716,0.9653679653679654,0.9655385460728494,0.9597638458693163,v26 main_pc0,115.7
43,segment,CBM_KE,3,OK,0.9696969696969697,0.9970702697975425,0.9705432172869148,0.9696969696969697,0.969878146436531,0.9647308385174076,v26 main_pc0,135.4
43,segment,CBM_KE,4,OK,0.974025974025974,0.9975294066203156,0.9741453399541634,0.974025974025974,0.9740229919334398,0.9697181715154257,v26 main_pc0,21.6
43,segment,CBM_KE,5,OK,0.9696969696969697,0.9967423149241331,0.9701605642256903,0.9696969696969697,0.9696842227131955,0.9647308385174076,v26 main_pc0,21.0
43,segment,CBM_KE,6,OK,0.8787878787878788,0.9862477589750317,0.9298627925746571,0.8787878787878788,0.8799028402047442,0.8684586076133255,v26 main_pc0,42.7
43,segment,CBM_KE,7,OK,0.974025974025974,0.9995189995189996,0.9741373822256174,0.974025974025974,0.9740210038717502,0.9697181715154257,v26 main_pc0,120.7
43,segment,CBM_KE,8,OK,0.8961038961038961,0.995572609208973,0.9343264578558695,0.8961038961038961,0.8990322088970084,0.8857087998755874,v25(p_c=0),33.9
43,segment,CBM_KE,9,OK,0.961038961038961,0.9955398137216319,0.9625850340136054,0.961038961038961,0.9612542452878587,0.9547333387032716,v26 main_pc0,100.8
43,segment,CBM,0,OK,0.9653679653679653,0.9965455420000875,0.9669312169312169,0.9653679653679654,0.9643892339544513,0.9601629291931937,v25(p_c=0),32.9
43,segment,CBM,1,OK,0.9653679653679653,0.9983383619747256,0.9676188904864041,0.9653679653679654,0.9652589421785241,0.9600368491021514,v26 main_pc0,17.8
43,segment,CBM,2,OK,0.9653679653679653,0.988412261139534,0.9659581134506589,0.9653679653679654,0.9653510558800287,0.9597008781910399,v25(p_c=0),15.9
43,segment,CBM,3,OK,0.961038961038961,0.9911233547597184,0.9618764807975976,0.961038961038961,0.9611493752077598,0.9546498209374029,v26 main_pc0,16.7
43,segment,CBM,4,OK,0.9826839826839827,0.998294634658271,0.9832908163265307,0.9826839826839827,0.9828054298642535,0.9798622520260523,v26 main_pc0,25.0
43,segment,CBM,5,OK,0.9523809523809523,0.9921072193799467,0.9549252133285746,0.9523809523809524,0.9522890475947207,0.9448990507015501,v26 main_pc0,65.6
43,segment,CBM,6,OK,0.9653679653679653,0.9957584503039049,0.9654568645640074,0.9653679653679654,0.9652288887583006,0.9596589066234533,v26 main_pc0,15.2
43,segment,CBM,7,OK,0.9826839826839827,0.9994971358607722,0.9845559845559846,0.9826839826839827,0.9826201448321265,0.9801409112447312,v25(p_c=0),53.8
43,segment,CBM,8,OK,0.9956709956709957,0.9992784992784992,0.9957983193277311,0.9956709956709957,0.9956700016401508,0.9949712488986399,v26 main_pc0,113.5
43,segment,CBM,9,OK,0.9653679653679653,0.9902706720888539,0.9653716031867293,0.9653679653679654,0.9649334179623908,0.9597428552661038,v26 main_pc0,19.5
43,spambase,CBM_KE,0,OK,0.9002169197396963,0.9512190318641931,0.9177973472494021,0.8784020638859349,0.8911575100599491,0.7952241909933131,v26 main_pc0,86.8
43,spambase,CBM_KE,1,OK,0.8978260869565218,0.9430087724509397,0.8970588235294118,0.8876314382463019,0.8917479058076598,0.7846336287289514,v26 main_pc0,85.7
43,spambase,CBM_KE,2,OK,0.95,0.986158141745381,0.9488604669694796,0.9461672508366502,0.9474674650817532,0.8950236657363374,v26 main_pc0,114.4
43,spambase,CBM_KE,3,OK,0.9434782608695652,0.9818610269510288,0.9384212889747945,0.9446721717261728,0.9412285012285013,0.8830713373208527,v26 main_pc0,170.1
43,spambase,CBM_KE,4,OK,0.8326086956521739,0.9233153131745183,0.8552334337349398,0.7989366126061903,0.8123930741158587,0.65174313763994,v26 main_pc0,26.1
43,spambase,CBM_KE,5,OK,0.5565217391304348,0.9748509871482604,0.7163099775236978,0.6314976534188796,0.5345238095238095,0.33730849058662515,v26 main_pc0,165.3
43,spambase,CBM_KE,6,OK,0.6434782608695652,0.8575813382443216,0.8148984198645598,0.5469613259668509,0.47228517865636976,0.2432122311209356,v25(p_c=0),51.0
43,spambase,CBM_KE,7,OK,0.9521739130434783,0.9816630032277867,0.9491625732378529,0.9508703142636488,0.9499960471183493,0.9000312673484625,v26 main_pc0,186.4
43,spambase,CBM_KE,8,OK,0.9630434782608696,0.9843465886631355,0.9626533330682518,0.9599375444699185,0.9612485691207588,0.9225868803581267,v26 main_pc0,193.8
43,spambase,CBM_KE,9,OK,0.9369565217391305,0.971717131789074,0.9344442464207212,0.9336113526761008,0.9340227804402768,0.8680551995186441,v26 main_pc0,79.6
43,spambase,CBM,0,OK,0.7678958785249458,0.9394028910157943,0.7918742036372061,0.7977372090275316,0.7677385027568899,0.5895822615312478,v26 main_pc0,81.9
43,spambase,CBM,1,OK,0.658695652173913,0.9318798392047366,0.739648033126294,0.7108754628804531,0.6556869812301253,0.449603780739875,v26 main_pc0,25.5
43,spambase,CBM,2,OK,0.41739130434782606,0.9191568149864354,0.6628807434176562,0.5187429454048595,0.32772009423261494,0.11050547283062606,v25(p_c=0),27.7
43,spambase,CBM,3,OK,0.8456521739130435,0.9572664805243668,0.8509469696969697,0.8669379591675083,0.8445346750508143,0.7177068059775592,v26 main_pc0,29.9
43,spambase,CBM,4,OK,0.9304347826086956,0.9645933582843226,0.9264761002939378,0.9280975860908136,0.9272669776266899,0.8545721480630142,v25(p_c=0),26.9
43,spambase,CBM,5,OK,0.967391304347826,0.9886928454028792,0.9671886206072198,0.9643854333749183,0.9657396511402738,0.9315698364556766,v26 main_pc0,171.2
43,spambase,CBM,6,OK,0.9347826086956522,0.9727123309372463,0.9324241038589236,0.9307114992376087,0.9315476190476191,0.8631339040486277,v26 main_pc0,73.8
43,spambase,CBM,7,OK,0.40869565217391307,0.8424325234163053,0.6997792494481236,0.5125448028673835,0.30996448346606076,0.10012374945677069,v26 main_pc0,32.4
43,spambase,CBM,8,OK,0.9543478260869566,0.9797810103565499,0.9518948136750114,0.952743299865602,0.9523139577934099,0.9046377156306851,v25(p_c=0),23.0
43,spambase,CBM,9,OK,0.6282608695652174,0.954186101668116,0.7405797101449275,0.6886512767807732,0.6202036589075424,0.42607825331217697,v26 main_pc0,36.2
43,tic-tac-toe,CBM_KE,0,OK,0.875,0.90061669829222,0.9189189189189189,0.8235294117647058,0.8487394957983193,0.7362950262359358,v26 main_pc0,55.2
43,tic-tac-toe,CBM_KE,1,OK,0.9583333333333334,0.9814990512333965,0.9544592030360531,0.9544592030360531,0.9544592030360531,0.9089184060721063,v26 main_pc0,33.5
43,tic-tac-toe,CBM_KE,2,OK,0.65625,0.5622895622895623,0.328125,0.5,0.39622641509433965,0.0,v25(p_c=0),19.9
43,tic-tac-toe,CBM_KE,3,OK,0.9895833333333334,0.9788359788359788,0.9921875,0.9848484848484849,0.9883706844336766,0.9770084209183943,v26 main_pc0,20.6
43,tic-tac-toe,CBM_KE,4,OK,0.7916666666666666,0.7486772486772487,0.8493827160493828,0.7041847041847041,0.7222222222222223,0.534185759914252,v26 main_pc0,44.8
43,tic-tac-toe,CBM_KE,5,OK,0.9895833333333334,0.9966329966329966,0.9921875,0.9848484848484849,0.9883706844336766,0.9770084209183943,v26 main_pc0,8.5
43,tic-tac-toe,CBM_KE,6,OK,0.96875,0.9846079846079847,0.96875,0.9617604617604618,0.9651120533010298,0.9304842103984708,v26 main_pc0,11.9
43,tic-tac-toe,CBM_KE,7,OK,0.9583333333333334,0.9990379990379991,0.9701492537313433,0.9393939393939394,0.9523573200992556,0.9090230639541237,v26 main_pc0,11.4
43,tic-tac-toe,CBM_KE,8,OK,0.9894736842105263,0.9926686217008798,0.9920634920634921,0.9848484848484849,0.9883076923076923,0.9768853332428297,v26 main_pc0,10.0
43,tic-tac-toe,CBM_KE,9,OK,0.6842105263157895,0.8450635386119257,0.8369565217391304,0.5454545454545454,0.48593073593073594,0.24751731683740302,v26 main_pc0,19.7
43,tic-tac-toe,CBM,0,OK,0.4791666666666667,0.687144212523719,0.7023809523809523,0.5967741935483871,0.45029775538250116,0.27989464772461226,v26 main_pc0,12.1
43,tic-tac-toe,CBM,1,OK,0.9583333333333334,0.965370018975332,0.9473684210526316,0.967741935483871,0.9555555555555555,0.914883536058052,v25(p_c=0),5.6
43,tic-tac-toe,CBM,2,OK,0.9270833333333334,0.9737854737854738,0.9169829222011385,0.9227994227994227,0.9197611940298507,0.8397622016353391,v25(p_c=0),10.4
43,tic-tac-toe,CBM,3,OK,0.9895833333333334,0.9826839826839827,0.9921875,0.9848484848484849,0.9883706844336766,0.9770084209183943,v25(p_c=0),9.1
43,tic-tac-toe,CBM,4,OK,0.9583333333333334,0.9514189514189514,0.9607940446650125,0.9466089466089466,0.953125,0.9072921092823789,v26 main_pc0,9.5
43,tic-tac-toe,CBM,5,OK,0.9895833333333334,0.9937469937469938,0.9921875,0.9848484848484849,0.9883706844336766,0.9770084209183943,v25(p_c=0),9.3
43,tic-tac-toe,CBM,6,OK,0.9895833333333334,1.0,0.9852941176470589,0.9920634920634921,0.9885373134328358,0.977334166408364,v25(p_c=0),10.0
43,tic-tac-toe,CBM,7,OK,0.9895833333333334,0.9956709956709957,0.9921875,0.9848484848484849,0.9883706844336766,0.9770084209183943,v25(p_c=0),14.4
43,tic-tac-toe,CBM,8,OK,0.8526315789473684,0.9745845552297165,0.8412343470483006,0.8729227761485826,0.8464912280701754,0.7134537406685906,v25(p_c=0),10.4
43,tic-tac-toe,CBM,9,OK,0.9578947368421052,0.9965786901270772,0.9535679374389052,0.9535679374389052,0.9535679374389052,0.9071358748778103,v26 main_pc0,5.3
43,vehicle,CBM_KE,0,OK,0.7647058823529411,0.9447936958874459,0.7709821428571428,0.7650974025974027,0.7633076681332496,0.6897923947456298,v26 main_pc0,21.2
43,vehicle,CBM_KE,1,OK,0.7294117647058823,0.9144992334054834,0.7284902597402597,0.7364718614718615,0.6985362332383943,0.6631495838416729,v26 main_pc0,30.6
43,vehicle,CBM_KE,2,OK,0.7529411764705882,0.895634435009435,0.7822330447330448,0.7515692640692639,0.7264722346618898,0.6953412053319727,v25(p_c=0),34.5
43,vehicle,CBM_KE,3,OK,0.7529411764705882,0.9469126706626706,0.7696428571428571,0.7575216450216451,0.7519208846329228,0.6801682143015384,v26 main_pc0,46.0
43,vehicle,CBM_KE,4,OK,0.8352941176470589,0.956580312049062,0.8381564088085827,0.8365259740259741,0.8368713973365136,0.7805284775315599,v26 main_pc0,47.3
43,vehicle,CBM_KE,5,OK,0.8470588235294118,0.9468682359307359,0.8462732919254659,0.849025974025974,0.8474344776670358,0.7961218972319103,v26 main_pc0,34.6
43,vehicle,CBM_KE,6,OK,0.7380952380952381,0.9197108182023217,0.7499944621655148,0.7402597402597403,0.7385759016856579,0.6555846022104052,v26 main_pc0,27.7
43,vehicle,CBM_KE,7,OK,0.8571428571428571,0.9661516426190209,0.8833333333333333,0.8582251082251082,0.8525641025641025,0.8205284736570659,v26 main_pc0,30.9
43,vehicle,CBM_KE,8,OK,0.7261904761904762,0.9204197726663165,0.7615719406041987,0.7359307359307359,0.6905726669446182,0.663096234827854,v26 main_pc0,32.5
43,vehicle,CBM_KE,9,OK,0.36904761904761907,0.8553759128895938,0.4118131868131868,0.36742424242424243,0.31153562200073825,0.2247182715620845,v25(p_c=0),13.1
43,vehicle,CBM,0,OK,0.7764705882352941,0.9053738102175604,0.799264705882353,0.7775432900432901,0.7803137651821863,0.7079005277818414,v26 main_pc0,20.3
43,vehicle,CBM,1,OK,0.7647058823529411,0.9121791749916749,0.8094781390817196,0.7716450216450217,0.7423002098359541,0.7134117075948472,v26 main_pc0,15.5
43,vehicle,CBM,2,OK,0.8588235294117647,0.9615715187590188,0.8647110242698477,0.8587121212121211,0.8582635566188197,0.8139418399637888,v26 main_pc0,13.3
43,vehicle,CBM,3,OK,0.8588235294117647,0.960483630952381,0.859423757021011,0.8614718614718615,0.8583899320569768,0.8132275403772606,v25(p_c=0),33.2
43,vehicle,CBM,4,OK,0.8235294117647058,0.953077929015429,0.8271739130434783,0.8251623376623376,0.8251554001554001,0.7652932485513264,v26 main_pc0,20.7
43,vehicle,CBM,5,OK,0.8,0.9543587835775335,0.7998599439775911,0.8014069264069263,0.7982137492147598,0.7348667481797496,v26 main_pc0,16.6
43,vehicle,CBM,6,OK,0.7857142857142857,0.940905817539422,0.797434017595308,0.7862554112554112,0.7682614334902407,0.7300874139819314,v26 main_pc0,13.4
43,vehicle,CBM,7,OK,0.4880952380952381,0.8161350417353327,0.6220358588779642,0.5050694919115971,0.47489886738575304,0.37522752127918085,v26 main_pc0,18.6
43,vehicle,CBM,8,OK,0.7142857142857143,0.9305912981028188,0.680952380952381,0.7169913419913421,0.6787395317562198,0.6407049520167237,v26 main_pc0,17.3
43,vehicle,CBM,9,OK,0.7619047619047619,0.9426278922543683,0.7629041248606465,0.7672077922077921,0.7576206283653092,0.6879168860443967,v26 main_pc0,13.7
43,wdbc,CBM_KE,0,OK,0.9824561403508771,0.955026455026455,0.9864864864864865,0.9761904761904762,0.9809555629802873,0.962621902223779,v26 main_pc0,11.0
43,wdbc,CBM_KE,1,OK,0.631578947368421,0.9391534391534392,0.3157894736842105,0.5,0.3870967741935484,0.0,v25(p_c=0),6.8
43,wdbc,CBM_KE,2,OK,0.8771929824561403,0.9378306878306879,0.865530303030303,0.8829365079365079,0.8714975845410629,0.7482643858621036,v26 main_pc0,21.4
43,wdbc,CBM_KE,3,OK,0.9649122807017544,1.0,0.9736842105263157,0.9523809523809523,0.9614864864864865,0.9258200997725514,v26 main_pc0,9.4
43,wdbc,CBM_KE,4,OK,1.0,1.0,1.0,1.0,1.0,1.0,v26 main_pc0,9.5
43,wdbc,CBM_KE,5,OK,0.9824561403508771,1.0,0.9864864864864865,0.9761904761904762,0.9809555629802873,0.962621902223779,v26 main_pc0,9.9
43,wdbc,CBM_KE,6,OK,0.9649122807017544,1.0,0.9736842105263157,0.9523809523809523,0.9614864864864865,0.9258200997725514,v26 main_pc0,13.6
43,wdbc,CBM_KE,7,OK,0.9122807017543859,0.9844155844155844,0.9107142857142857,0.9032467532467532,0.9066491975106452,0.8139267835041308,v26 main_pc0,16.6
43,wdbc,CBM_KE,8,OK,0.9122807017543859,0.9753246753246754,0.9210526315789473,0.8948051948051948,0.9047778149014367,0.8154355063002009,v26 main_pc0,20.5
43,wdbc,CBM_KE,9,OK,0.9285714285714286,0.9741496598639454,0.9238095238095239,0.9238095238095239,0.9238095238095239,0.8476190476190476,v26 main_pc0,5.6
43,wdbc,CBM,0,OK,0.9824561403508771,0.9867724867724867,0.9864864864864865,0.9761904761904762,0.9809555629802873,0.962621902223779,v25(p_c=0),15.7
43,wdbc,CBM,1,OK,0.9649122807017544,0.9576719576719577,0.9736842105263157,0.9523809523809523,0.9614864864864865,0.9258200997725514,v25(p_c=0),4.9
43,wdbc,CBM,2,OK,0.8421052631578947,0.9775132275132274,0.8399014778325123,0.8650793650793651,0.8389324960753533,0.7045310943219795,v26 main_pc0,8.6
43,wdbc,CBM,3,OK,0.9824561403508771,1.0,0.9772727272727273,0.9861111111111112,0.981329839502129,0.9633432944855655,v25(p_c=0),3.0
43,wdbc,CBM,4,OK,1.0,1.0,1.0,1.0,1.0,1.0,v26 main_pc0,5.0
43,wdbc,CBM,5,OK,0.9824561403508771,1.0,0.9864864864864865,0.9761904761904762,0.9809555629802873,0.962621902223779,v26 main_pc0,3.3
43,wdbc,CBM,6,OK,0.8245614035087719,0.9880952380952381,0.8913043478260869,0.7619047619047619,0.7827743902439024,0.6402639207379702,v26 main_pc0,3.1
43,wdbc,CBM,7,OK,0.9298245614035088,0.9506493506493506,0.9259740259740259,0.9259740259740259,0.9259740259740259,0.8519480519480519,v25(p_c=0),4.8
43,wdbc,CBM,8,OK,0.8947368421052632,0.9519480519480519,0.9081196581196581,0.872077922077922,0.8844594594594595,0.7793646498329633,v26 main_pc0,3.5
43,wdbc,CBM,9,OK,0.9464285714285714,0.9836734693877551,0.9398395721925134,0.9476190476190476,0.9433771486349849,0.8874245216579992,v26 main_pc0,2.7
43,wine-quality,CBM_KE,0,PARTIAL,0.6387755102040816,nan,0.498812574852747,0.43510039964512165,0.45522959258624623,0.45235768588478825,v25(p_c=0),388.6
43,wine-quality,CBM_KE,1,PARTIAL,0.6306122448979592,nan,0.40007996024287523,0.34902052352696994,0.35900676223647127,0.4309076202148953,v25(p_c=0),251.9
43,wine-quality,CBM_KE,2,PARTIAL,0.6306122448979592,nan,0.5730475687202542,0.414538727368342,0.4469963069402845,0.4394844284089985,v25(p_c=0),316.3
43,wine-quality,CBM_KE,3,OK,0.636734693877551,0.6725299680661674,0.35674114607083146,0.3220499328257949,0.33260586559003796,0.44093485728225656,v25(p_c=0),253.5
43,wine-quality,CBM_KE,4,OK,0.6306122448979592,0.5924165518908479,0.40458384086436,0.3494974374284719,0.35871534905408253,0.4406396078638583,v25(p_c=0),328.4
43,wine-quality,CBM_KE,5,OK,0.6326530612244898,0.673070053143389,0.4498650993329769,0.37532009690551194,0.4012727515773964,0.4363958748690197,v25(p_c=0),291.1
43,wine-quality,CBM_KE,6,OK,0.6632653061224489,0.788817106836842,0.48560738324550023,0.3712527601326957,0.4016761787914307,0.49511101640286775,v25(p_c=0),308.6
43,wine-quality,CBM_KE,7,OK,0.6244897959183674,0.7620648600176698,0.33322639104762775,0.3052837573385519,0.3139333554288478,0.42248878581756405,v25(p_c=0),331.5
43,wine-quality,CBM_KE,8,PARTIAL,0.6605316973415133,nan,0.44993102135959273,0.3835374436200382,0.40619615725411423,0.4825235148652486,v25(p_c=0),340.6
43,wine-quality,CBM_KE,9,PARTIAL,0.5787321063394683,nan,0.44901676337846547,0.37959459624447534,0.3953012751797231,0.3510411799846948,v26 main_pc0,289.0
43,wine-quality,CBM,0,PARTIAL,0.4346938775510204,nan,0.07334710743801652,0.16210045662100456,0.10099573257467993,-0.06469437112680772,v25(p_c=0),21.8
43,wine-quality,CBM,1,PARTIAL,0.45102040816326533,nan,0.18801469847981475,0.17875369325812515,0.12510651873680323,0.06839159515376857,v25(p_c=0),22.9
43,wine-quality,CBM,2,PARTIAL,0.45102040816326533,nan,0.1310013717421125,0.17592592592592593,0.11974459283241153,0.05166937249698686,v25(p_c=0),23.5
43,wine-quality,CBM,3,OK,0.4387755102040816,0.5589407140735433,0.16097378101642493,0.14889722346618897,0.10306391071517942,0.021389823695094397,v25(p_c=0),22.6
43,wine-quality,CBM,4,OK,0.45714285714285713,0.506914324264759,0.21244497799119647,0.15608486341244962,0.11661077053033028,0.07551547394420526,v25(p_c=0),22.3
43,wine-quality,CBM,5,OK,0.29591836734693877,0.583257624349412,0.04244730679156909,0.14187866927592954,0.06534474988733664,-0.01304277394095265,v25(p_c=0),22.1
43,wine-quality,CBM,6,OK,0.4489795918367347,0.6048171206296569,0.2075753056963913,0.14384451165273085,0.09445077682540595,0.044757484903412796,v25(p_c=0),21.7
43,wine-quality,CBM,7,OK,0.2979591836734694,0.435707864745134,0.08999192897497983,0.1408824052659669,0.07192780024631211,-0.02538071567589591,v25(p_c=0),22.2
43,wine-quality,CBM,8,PARTIAL,0.4458077709611452,nan,0.20717249555423828,0.1418875644903042,0.09026272291578415,0.010137481632273982,v25(p_c=0),23.3
43,wine-quality,CBM,9,PARTIAL,0.45194274028629855,nan,0.2663597663597664,0.18612967914438505,0.13714821935996657,0.060151259783091375,v25(p_c=0),22.6
44,balance-scale,CBM_KE,0,OK,0.8888888888888888,0.9746450304259634,0.5946585530764029,0.6436781609195402,0.6172231344645137,0.8053868938657187,v26 main_pc0,21.0
44,balance-scale,CBM_KE,1,OK,0.8888888888888888,0.9794455713319811,0.592741935483871,0.6436781609195402,0.6171220400728598,0.8029475539049211,v25(p_c=0),23.0
44,balance-scale,CBM_KE,2,OK,0.9047619047619048,0.9726166328600406,0.6061528059499662,0.6551724137931035,0.628717387338077,0.8352160380829675,v26 main_pc0,22.5
44,balance-scale,CBM_KE,3,OK,0.8888888888888888,0.9439486139283301,0.5946585530764029,0.6436781609195402,0.6172231344645137,0.8053868938657187,v26 main_pc0,17.7
44,balance-scale,CBM_KE,4,OK,0.9047619047619048,0.8978363759296822,0.604040404040404,0.6551724137931035,0.6282121377802078,0.8335270251550657,v26 main_pc0,11.0
44,balance-scale,CBM_KE,5,OK,0.9354838709677419,0.9967781260884708,0.6243055555555556,0.6666666666666666,0.6446235065295916,0.8857766226454756,v26 main_pc0,8.7
44,balance-scale,CBM_KE,6,OK,0.967741935483871,0.9781480947435895,0.9222222222222222,0.9214285714285714,0.921623009758603,0.9438872542021794,v26 main_pc0,12.4
44,balance-scale,CBM_KE,7,OK,0.9032258064516129,0.9053328354385256,0.6095238095238096,0.6547619047619048,0.6293560606060606,0.8353242701375112,v26 main_pc0,20.8
44,balance-scale,CBM_KE,8,OK,1.0,1.0,1.0,1.0,1.0,1.0,v26 main_pc0,37.0
44,balance-scale,CBM_KE,9,OK,0.9193548387096774,0.9964912280701754,0.6129032258064516,0.6666666666666666,0.6386064030131827,0.860481517060815,v25(p_c=0),21.3
44,balance-scale,CBM,0,OK,0.9206349206349206,0.9854631507775524,0.8010752688172044,0.7770114942528736,0.7867446393762183,0.8604654747502816,v26 main_pc0,10.5
44,balance-scale,CBM,1,OK,0.8888888888888888,0.9811359026369167,0.7432950191570882,0.7540229885057471,0.747548076041724,0.8074807318327869,v26 main_pc0,7.6
44,balance-scale,CBM,2,OK,0.9682539682539683,0.9973630831643002,0.9329501915708812,0.9770114942528737,0.9523547636070321,0.9453432958042384,v26 main_pc0,6.5
44,balance-scale,CBM,3,OK,0.9523809523809523,0.9574036511156186,0.876984126984127,0.9103448275862069,0.8915470494417863,0.9177707830099481,v25(p_c=0),4.3
44,balance-scale,CBM,4,OK,0.9841269841269841,0.9834347532116295,0.9444444444444445,0.9885057471264368,0.9638490164805954,0.9729158085985287,v25(p_c=0),3.7
44,balance-scale,CBM,5,OK,1.0,1.0,1.0,1.0,1.0,1.0,v26 main_pc0,10.5
44,balance-scale,CBM,6,OK,0.9354838709677419,0.9671781334213275,0.8436781609195402,0.8436781609195402,0.8436781609195402,0.886964448495898,v26 main_pc0,11.2
44,balance-scale,CBM,7,OK,1.0,1.0,1.0,1.0,1.0,1.0,v25(p_c=0),3.5
44,balance-scale,CBM,8,OK,1.0,1.0,1.0,1.0,1.0,1.0,v25(p_c=0),3.6
44,balance-scale,CBM,9,OK,0.9838709677419355,0.997312508020312,0.9444444444444445,0.9885057471264368,0.9638490164805954,0.9725376779825632,v25(p_c=0),2.9
44,bank,CBM_KE,0,OK,0.888,0.9199621212121212,0.7381879543094496,0.7780303030303031,0.7556207233626588,0.5146784204328922,v26 main_pc0,693.0
44,bank,CBM_KE,1,OK,0.9,0.8927556818181817,0.779573754789272,0.6768939393939394,0.7119284660766961,0.44476916635859354,v26 main_pc0,240.8
44,bank,CBM_KE,2,OK,0.912,0.9179924242424242,0.8036494293363393,0.7448863636363636,0.7697564651338029,0.5453791509415559,v26 main_pc0,419.7
44,bank,CBM_KE,3,OK,0.901,0.92125,0.7717217341821674,0.7170454545454545,0.7399055778431078,0.485699360944392,v26 main_pc0,295.8
44,bank,CBM_KE,4,OK,0.897,0.9185776474017243,0.8096480763495377,0.6171410035822075,0.6560142403425163,0.38090674145194564,v26 main_pc0,410.9
44,bank,CBM_KE,5,OK,0.902,0.9239415564268186,0.7862137862137862,0.6912532084731898,0.7253332436462292,0.4679286480763761,v26 main_pc0,113.2
44,bank,CBM_KE,6,OK,0.897,0.9111123647270094,0.7576333142201834,0.770367340798616,0.7637609260571698,0.5278470765926255,v26 main_pc0,369.0
44,bank,CBM_KE,7,OK,0.89,0.9209563835688563,0.7415324062548161,0.6915540762887955,0.7121955814172536,0.4301930588652095,v26 main_pc0,366.3
44,bank,CBM_KE,8,OK,0.879,0.7939149484293759,0.4395,0.5,0.46780202235231505,0.0,v26 main_pc0,39.9
44,bank,CBM_KE,9,OK,0.894,0.887954945044613,0.7630976948057142,0.6546319540424412,0.6888356582593584,0.40340208552693135,v25(p_c=0),149.8
44,bank,CBM,0,OK,0.899,0.7587973484848484,0.7641285216201975,0.7231060606060606,0.7410515358720537,0.4855045785670202,v26 main_pc0,588.6
44,bank,CBM,1,OK,0.173,0.6925284090909091,0.5216835222171401,0.5121212121212121,0.17030431873155882,0.032424100439578676,v26 main_pc0,487.8
44,bank,CBM,2,OK,0.888,0.8544223484848485,0.7363496718335427,0.756439393939394,0.7457411645054666,0.49237939275631093,v25(p_c=0),387.6
44,bank,CBM,3,OK,0.706,0.5356723484848485,0.5251208545312533,0.5450757575757575,0.5165459675987134,0.06730056608815843,v26 main_pc0,278.4
44,bank,CBM,4,OK,0.454,0.7943286416758337,0.5589877362673312,0.6288419409734954,0.418829910887253,0.17435704097415297,v26 main_pc0,514.5
44,bank,CBM,5,OK,0.894,0.9024906213860605,0.7528917732391678,0.8114216944499291,0.7772285550960019,0.5612699333995679,v26 main_pc0,394.8
44,bank,CBM,6,OK,0.87,0.7707152192104101,0.6952192897071502,0.6979945279666037,0.6965906120467531,0.3932040239648768,v26 main_pc0,112.2
44,bank,CBM,7,OK,0.892,0.7054128000451303,0.7464363412020651,0.71407215186303,0.728523166023166,0.4593698198984254,v25(p_c=0),385.2
44,bank,CBM,8,OK,0.215,0.6094923795823579,0.5035568915941596,0.5035822074295546,0.21499921499921498,0.007139054137550412,v25(p_c=0),494.4
44,bank,CBM,9,OK,0.888,0.6918925525813517,0.7362142134514065,0.669036000714561,0.6943097951875628,0.39964337078831386,v26 main_pc0,404.7
44,blood,CBM_KE,0,OK,0.8133333333333334,0.7675438596491228,0.8224637681159421,0.6301169590643274,0.6527777777777778,0.4096730643606964,v26 main_pc0,8.4
44,blood,CBM_KE,1,OK,0.76,0.631578947368421,0.6413043478260869,0.5570175438596491,0.5535714285714286,0.17951965741648493,v26 main_pc0,10.9
44,blood,CBM_KE,2,OK,0.8,0.7733918128654971,0.7615546218487395,0.6213450292397661,0.64,0.35630522441317786,v26 main_pc0,17.1
44,blood,CBM_KE,3,OK,0.76,0.7012670565302145,0.6652542372881356,0.652046783625731,0.657707910750507,0.31702602580977074,v26 main_pc0,21.7
44,blood,CBM_KE,4,OK,0.7866666666666666,0.810428849902534,0.7113636363636364,0.7266081871345029,0.7180451127819549,0.4377064334118014,v25(p_c=0),31.5
44,blood,CBM_KE,5,OK,0.76,0.7387914230019493,0.65,0.5950292397660819,0.6048009367681498,0.23878346647045964,v26 main_pc0,24.9
44,blood,CBM_KE,6,OK,0.8133333333333334,0.8133528265107213,0.7447033898305084,0.7251461988304093,0.7337728194726166,0.4694423843721605,v26 main_pc0,8.0
44,blood,CBM_KE,7,OK,0.7866666666666666,0.7080896686159845,0.7076923076923076,0.631578947368421,0.648711943793911,0.33062326126679026,v26 main_pc0,13.0
44,blood,CBM_KE,8,OK,0.7702702702702703,0.7734778121775026,0.38513513513513514,0.5,0.4351145038167939,0.0,v26 main_pc0,9.8
44,blood,CBM_KE,9,OK,0.8108108108108109,0.782249742002064,0.7327141382868937,0.7327141382868937,0.7327141382868937,0.46542827657378744,v26 main_pc0,16.1
44,blood,CBM,0,OK,0.76,0.26169590643274854,0.38,0.5,0.4318181818181818,0.0,v26 main_pc0,3.8
44,blood,CBM,1,OK,0.6533333333333333,0.5740740740740741,0.5553173241852487,0.5628654970760234,0.5568181818181819,0.11794152927313077,v26 main_pc0,3.5
44,blood,CBM,2,OK,0.76,0.31335282651072127,0.38,0.5,0.4318181818181818,0.0,v26 main_pc0,4.1
44,blood,CBM,3,OK,0.76,0.3230994152046784,0.38,0.5,0.4318181818181818,0.0,v26 main_pc0,3.9
44,blood,CBM,4,OK,0.76,0.8221247563352827,0.6839622641509434,0.7090643274853801,0.6931818181818181,0.39222415548971395,v25(p_c=0),3.8
44,blood,CBM,5,OK,0.76,0.3196881091617934,0.38,0.5,0.4318181818181818,0.0,v26 main_pc0,4.2
44,blood,CBM,6,OK,0.5733333333333334,0.7548732943469785,0.6220674486803519,0.6622807017543859,0.5601173020527859,0.28149025726099297,v26 main_pc0,3.2
44,blood,CBM,7,OK,0.76,0.32504873294346975,0.38,0.5,0.4318181818181818,0.0,v26 main_pc0,4.2
44,blood,CBM,8,OK,0.7702702702702703,0.2533539731682147,0.38513513513513514,0.5,0.4351145038167939,0.0,v26 main_pc0,3.3
44,blood,CBM,9,OK,0.7972972972972973,0.8059855521155831,0.7194444444444444,0.7445820433436532,0.7297297297297298,0.463345100859543,v25(p_c=0),4.7
44,car,CBM_KE,0,OK,1.0,1.0,1.0,1.0,1.0,1.0,v25(p_c=0),22.5
44,car,CBM_KE,1,OK,0.9942196531791907,0.996623286148713,0.99375,0.9583333333333334,0.974108170310702,0.9874004848326726,v25(p_c=0),19.4
44,car,CBM_KE,2,OK,1.0,1.0,1.0,1.0,1.0,1.0,v25(p_c=0),22.9
44,car,CBM_KE,3,OK,1.0,1.0,1.0,1.0,1.0,1.0,v25(p_c=0),19.7
44,car,CBM_KE,4,OK,0.9942196531791907,0.9969138926375768,0.9979508196721312,0.993421052631579,0.9956378600823046,0.9874289994629426,v25(p_c=0),24.5
44,car,CBM_KE,5,OK,0.9826589595375722,0.9965814139540143,0.9893560119811725,0.9219924812030075,0.9529103338421716,0.961960723915007,v25(p_c=0),18.4
44,car,CBM_KE,6,OK,0.9653179190751445,0.9679814158009235,0.8661771275407639,0.8776331324178215,0.8604829039053636,0.9251284930361191,v26 main_pc0,83.1
44,car,CBM_KE,7,OK,0.9942196531791907,1.0,0.9979508196721312,0.9642857142857143,0.9797404241848686,0.9874168448255289,v25(p_c=0),21.1
44,car,CBM_KE,8,OK,0.9069767441860465,0.9940375371086774,0.9708029197080292,0.8245614035087719,0.8780445111277819,0.7935142248483996,v26 main_pc0,41.5
44,car,CBM_KE,9,OK,0.9941860465116279,1.0,0.9979508196721312,0.9583333333333334,0.9762439206883652,0.9871784827279712,v25(p_c=0),21.3
44,car,CBM,0,OK,0.976878612716763,0.9973289939368637,0.9245246175393235,0.9873913964823056,0.953525641025641,0.9505856765581382,v26 main_pc0,13.9
44,car,CBM,1,OK,0.9884393063583815,1.0,0.9878048780487805,0.9958677685950413,0.9916666666666667,0.9753577492242537,v26 main_pc0,17.1
44,car,CBM,2,OK,0.7341040462427746,0.984794359606252,0.7830188679245282,0.8392932824751007,0.7167431706224809,0.6378974137757852,v26 main_pc0,17.4
44,car,CBM,3,OK,0.6011560693641619,0.9920060574312589,0.7647126436781609,0.8096524687433779,0.6697609319443578,0.5317967818425378,v26 main_pc0,15.5
44,car,CBM,4,OK,1.0,1.0,1.0,1.0,1.0,1.0,v26 main_pc0,11.7
44,car,CBM,5,OK,0.9884393063583815,0.9990096972997474,0.9623397435897436,0.9622195985832349,0.9598184664574707,0.9751378720305011,v26 main_pc0,7.8
44,car,CBM,6,OK,0.9942196531791907,1.0,0.96875,0.9979338842975207,0.9822959889349931,0.9876221214194032,v26 main_pc0,11.8
44,car,CBM,7,OK,1.0,1.0,1.0,1.0,1.0,1.0,v26 main_pc0,15.2
44,car,CBM,8,OK,0.5523255813953488,0.9895459794666431,0.7613482384823849,0.8273705959112657,0.6604583479583479,0.54335647530111,v26 main_pc0,19.8
44,car,CBM,9,OK,0.48255813953488375,0.9265219591559696,0.7612781954887218,0.6396621719588228,0.5164140403034352,0.4817223979492121,v26 main_pc0,21.1
44,credit-g,CBM_KE,0,OK,0.73,0.832857142857143,0.8608247422680413,0.55,0.5100707675557975,0.2686353447586677,v26 main_pc0,46.0
44,credit-g,CBM_KE,1,OK,0.71,0.5485714285714286,0.6578947368421053,0.5357142857142857,0.49783549783549785,0.15018785229652765,v25(p_c=0),18.6
44,credit-g,CBM_KE,2,OK,0.7,0.7547619047619047,0.6063829787234043,0.5285714285714286,0.49186991869918695,0.11026356928399425,v25(p_c=0),8.3
44,credit-g,CBM_KE,3,OK,0.7,0.6528571428571428,0.35,0.5,0.4117647058823529,0.0,v26 main_pc0,6.6
44,credit-g,CBM_KE,4,OK,0.74,0.7776190476190477,0.6875,0.6428571428571428,0.6533333333333333,0.3273268353539886,v26 main_pc0,28.4
44,credit-g,CBM_KE,5,OK,0.7,0.759047619047619,0.6351351351351351,0.6238095238095238,0.6279761904761905,0.25869686299618505,v26 main_pc0,27.0
44,credit-g,CBM_KE,6,OK,0.7,0.7161904761904762,0.35,0.5,0.4117647058823529,0.0,v26 main_pc0,22.3
44,credit-g,CBM_KE,7,OK,0.69,0.7038095238095238,0.6243023845763571,0.6166666666666667,0.6196785670469881,0.24084804227762924,v26 main_pc0,34.8
44,credit-g,CBM_KE,8,OK,0.74,0.7047619047619047,0.687110187110187,0.6714285714285715,0.6775793650793651,0.3581956564562562,v26 main_pc0,16.2
44,credit-g,CBM_KE,9,OK,0.72,0.6633333333333332,0.6573426573426573,0.6285714285714286,0.6361746361746362,0.2844627935584563,v26 main_pc0,21.8
44,credit-g,CBM,0,OK,0.76,0.7814285714285715,0.7183600713012478,0.7333333333333334,0.7242647058823529,0.451445160805272,v25(p_c=0),10.4
44,credit-g,CBM,1,OK,0.81,0.7904761904761904,0.8021442495126705,0.7214285714285714,0.7432085416948236,0.5173137134658174,v25(p_c=0),3.2
44,credit-g,CBM,2,OK,0.7,0.4671428571428571,0.35,0.5,0.4117647058823529,0.0,v26 main_pc0,12.5
44,credit-g,CBM,3,OK,0.76,0.7804761904761905,0.71875,0.6666666666666667,0.6799999999999999,0.3818813079129867,v25(p_c=0),9.8
44,credit-g,CBM,4,OK,0.74,0.7390476190476191,0.6864035087719298,0.6619047619047619,0.6702181633688482,0.3474456257081473,v26 main_pc0,8.9
44,credit-g,CBM,5,OK,0.67,0.6742857142857143,0.581374321880651,0.5642857142857143,0.5657323332017371,0.14465415869048878,v26 main_pc0,9.8
44,credit-g,CBM,6,OK,0.75,0.77,0.7004517221908526,0.6690476190476191,0.6791169297907842,0.36816239009631835,v26 main_pc0,27.4
44,credit-g,CBM,7,OK,0.65,0.7142857142857143,0.6051051051051051,0.6166666666666667,0.6072270227808326,0.22147019900891643,v26 main_pc0,13.4
44,credit-g,CBM,8,OK,0.7,0.520952380952381,0.35,0.5,0.4117647058823529,0.0,v26 main_pc0,5.3
44,credit-g,CBM,9,OK,0.7,0.6152380952380953,0.6428571428571428,0.6428571428571428,0.6428571428571428,0.2857142857142857,v26 main_pc0,27.8
44,diabetes,CBM_KE,0,OK,0.7662337662337663,0.8088888888888889,0.7459742351046699,0.7262962962962962,0.7334615384615384,0.47186039625508397,v26 main_pc0,20.6
44,diabetes,CBM_KE,1,OK,0.7662337662337663,0.8081481481481482,0.7442528735632183,0.7518518518518519,0.7474489795918368,0.49604652413672967,v26 main_pc0,12.3
44,diabetes,CBM_KE,2,OK,0.7402597402597403,0.8140740740740741,0.7194950911640954,0.7318518518518519,0.7234195402298851,0.4511777625672017,v26 main_pc0,28.6
44,diabetes,CBM_KE,3,OK,0.7922077922077922,0.837037037037037,0.7734615384615384,0.7633333333333333,0.7677224736048265,0.5366993141845384,v26 main_pc0,13.8
44,diabetes,CBM_KE,4,OK,0.6753246753246753,0.7355555555555555,0.6545138888888888,0.6648148148148147,0.6565566458519179,0.31916251649301863,v26 main_pc0,19.4
44,diabetes,CBM_KE,5,OK,0.8051948051948052,0.8074074074074074,0.7857142857142857,0.7903703703703704,0.7878787878787878,0.5760658398584765,v26 main_pc0,26.7
44,diabetes,CBM_KE,6,OK,0.7402597402597403,0.8081481481481481,0.7142307692307692,0.7062962962962962,0.7096530920060332,0.4204522053456932,v26 main_pc0,19.2
44,diabetes,CBM_KE,7,OK,0.6623376623376623,0.8088888888888889,0.8289473684210527,0.5185185185185185,0.4325396825396825,0.15609763526361567,v26 main_pc0,19.8
44,diabetes,CBM_KE,8,OK,0.7368421052631579,0.8253846153846154,0.8571428571428572,0.6153846153846154,0.6041666666666667,0.40599897147057507,v26 main_pc0,24.0
44,diabetes,CBM_KE,9,OK,0.7894736842105263,0.8738461538461538,0.7713068181818181,0.7938461538461539,0.776962582538518,0.5647033381695739,v26 main_pc0,37.9
44,diabetes,CBM,0,OK,0.7532467532467533,0.8325925925925926,0.7318181818181818,0.7077777777777778,0.7156462585034014,0.43893811257017395,v26 main_pc0,11.0
44,diabetes,CBM,1,OK,0.7662337662337663,0.8200000000000001,0.7433333333333333,0.7433333333333333,0.7433333333333333,0.4866666666666667,v26 main_pc0,5.4
44,diabetes,CBM,2,OK,0.6883116883116883,0.6296296296296295,0.6577777777777778,0.6577777777777778,0.6577777777777778,0.31555555555555553,v26 main_pc0,10.2
44,diabetes,CBM,3,OK,0.7792207792207793,0.8244444444444444,0.7588652482269503,0.7703703703703704,0.7632483270030747,0.5291105481433476,v25(p_c=0),5.0
44,diabetes,CBM,4,OK,0.6623376623376623,0.7251851851851852,0.6644144144144144,0.527037037037037,0.4618279569892473,0.1333458452587898,v26 main_pc0,4.1
44,diabetes,CBM,5,OK,0.7532467532467533,0.7844444444444444,0.7513495276653172,0.7759259259259259,0.747104580812446,0.5267023871299493,v26 main_pc0,6.9
44,diabetes,CBM,6,OK,0.7012987012987013,0.7562962962962962,0.6924119241192412,0.7103703703703703,0.6910866910866911,0.4023817477999735,v26 main_pc0,7.9
44,diabetes,CBM,7,OK,0.7662337662337663,0.8414814814814815,0.7547619047619047,0.7774074074074073,0.7570126227208976,0.53168727464995,v25(p_c=0),2.8
44,diabetes,CBM,8,OK,0.7631578947368421,0.8138461538461539,0.7369230769230769,0.7369230769230769,0.7369230769230769,0.47384615384615386,v26 main_pc0,7.1
44,diabetes,CBM,9,OK,0.7105263157894737,0.8046153846153846,0.6784615384615384,0.6784615384615384,0.6784615384615384,0.3569230769230769,v25(p_c=0),11.5
44,kr-vs-kp,CBM_KE,0,OK,0.99375,0.9983170913075811,0.9940828402366864,0.9934640522875817,0.993734335839599,0.9875466986607835,v26 main_pc0,22.7
44,kr-vs-kp,CBM_KE,1,OK,0.996875,1.0,0.9970238095238095,0.9967320261437909,0.996868118424272,0.9937557928313525,v26 main_pc0,57.2
44,kr-vs-kp,CBM_KE,2,OK,0.990625,0.9966537513208876,0.9904944453137224,0.9907440021916951,0.9906095020101535,0.9812384157707068,v26 main_pc0,72.5
44,kr-vs-kp,CBM_KE,3,OK,0.8,0.9020977652538061,0.8569509093526562,0.7911236350827756,0.7880443782083126,0.6447227195526696,v26 main_pc0,116.1
44,kr-vs-kp,CBM_KE,4,OK,0.996875,0.9977495988415326,0.9970238095238095,0.9967320261437909,0.996868118424272,0.9937557928313525,v25(p_c=0),67.4
44,kr-vs-kp,CBM_KE,5,OK,0.99375,0.9959297092090329,0.9935483870967742,0.9940119760479043,0.9937411985604757,0.9875602543337462,v26 main_pc0,20.8
44,kr-vs-kp,CBM_KE,6,OK,0.9310344827586207,0.9962574850299402,0.9400623885918004,0.927927040655531,0.9301941593061192,0.8679045930374916,v26 main_pc0,123.3
44,kr-vs-kp,CBM_KE,7,OK,0.9968652037617555,0.9967696186574221,0.9970238095238095,0.9967105263157895,0.9968572976700655,0.9937342864569987,v26 main_pc0,130.6
44,kr-vs-kp,CBM_KE,8,OK,0.9937304075235109,0.9999212102111567,0.9937165143397415,0.9937165143397415,0.9937165143397415,0.9874330286794831,v25(p_c=0),49.6
44,kr-vs-kp,CBM_KE,9,OK,0.9905956112852664,0.9957476966690291,0.9907225023636936,0.9904520040948106,0.9905774627086102,0.9811744691719083,v25(p_c=0),76.7
44,kr-vs-kp,CBM,0,OK,0.9375,0.993542327110485,0.9410887397464578,0.9398457985988806,0.9374902328488826,0.880933661490477,v26 main_pc0,26.9
44,kr-vs-kp,CBM,1,OK,0.99375,1.0,0.9940828402366864,0.9934640522875817,0.993734335839599,0.9875466986607835,v26 main_pc0,15.1
44,kr-vs-kp,CBM,2,OK,0.778125,0.9856365699972605,0.8331818181818182,0.7868772259402763,0.7718669357672883,0.6183276663185547,v26 main_pc0,64.2
44,kr-vs-kp,CBM,3,OK,0.996875,0.9986693280106455,0.9970238095238095,0.9967320261437909,0.996868118424272,0.9937557928313525,v26 main_pc0,29.4
44,kr-vs-kp,CBM,4,OK,0.603125,0.9968690070838715,0.7732142857142856,0.6197604790419162,0.5465854447679932,0.36177492305707315,v26 main_pc0,45.2
44,kr-vs-kp,CBM,5,OK,0.95625,0.98806308950726,0.9580838323353293,0.9580838323353293,0.95625,0.9161676646706587,v26 main_pc0,27.8
44,kr-vs-kp,CBM,6,OK,0.8119122257053292,0.9510321462338481,0.8584905660377358,0.8203592814371258,0.8080933664875272,0.6777780761808029,v25(p_c=0),117.5
44,kr-vs-kp,CBM,7,OK,0.774294670846395,0.9061219665931295,0.8268916341175402,0.783544752600063,0.7683743444937474,0.6088954180247648,v26 main_pc0,104.7
44,kr-vs-kp,CBM,8,OK,0.9717868338557993,0.9932634730538922,0.9744318181818181,0.9703947368421053,0.9716262291841676,0.9448179301075057,v26 main_pc0,21.9
44,kr-vs-kp,CBM,9,OK,0.8119122257053292,0.9955902039530672,0.8591549295774648,0.8192771084337349,0.8077386692381872,0.67725902694675,v26 main_pc0,115.3
44,magic,CBM_KE,0,OK,0.887,0.9412859582351107,0.893032660010835,0.856691644827238,0.870494675955904,0.7488430168468939,v26 main_pc0,669.4
44,magic,CBM_KE,1,OK,0.871,0.9334632724463233,0.8631237370519379,0.8502517570314181,0.8559739011311073,0.7132593551360007,v25(p_c=0),57.5
44,magic,CBM_KE,2,OK,0.87,0.9244158227209075,0.8659691336995226,0.8442486578079799,0.8532327187171185,0.7098855769071795,v25(p_c=0),71.2
44,magic,CBM_KE,3,OK,0.886,0.925702044346112,0.893132631558456,0.8546130580028886,0.8690257352941176,0.7467528766001963,v26 main_pc0,253.7
44,magic,CBM_KE,4,OK,0.898,0.9430375023595363,0.897254084115398,0.8762856728958424,0.8851925388657023,0.7732555084885825,v26 main_pc0,120.9
44,magic,CBM_KE,5,OK,0.881,0.9381823449620058,0.8811630369026013,0.8540314048788625,0.864922387127898,0.734693638035669,v26 main_pc0,108.5
44,magic,CBM_KE,6,OK,0.895,0.9419049249557724,0.9009520884520885,0.8667794854235532,0.8800535989060888,0.7669706661455991,v26 main_pc0,54.0
44,magic,CBM_KE,7,OK,0.877,0.9264746552882147,0.8726312088237471,0.8535660823796416,0.8616595678154921,0.7259469861531279,v26 main_pc0,69.1
44,magic,CBM_KE,8,OK,0.898,0.9490329670329671,0.9000207191426042,0.8734065934065934,0.8843096689895471,0.7729692724218615,v26 main_pc0,70.6
44,magic,CBM_KE,9,OK,0.871,0.9196131868131867,0.8713043186727397,0.8407692307692307,0.852637278656052,0.7114185464419742,v25(p_c=0),56.8
44,magic,CBM,0,OK,0.874,0.9153156949767121,0.8769158729622353,0.8427517241076563,0.8557137360523278,0.7188562173379277,v26 main_pc0,286.5
44,magic,CBM,1,OK,0.875,0.921799481121515,0.8708984048578485,0.8507170795306389,0.8591985581932359,0.7213332249503475,v26 main_pc0,152.4
44,magic,CBM,2,OK,0.868,0.8857633264412926,0.8712325833783501,0.8348588009604958,0.8483455882352942,0.7051538775261513,v26 main_pc0,91.4
44,magic,CBM,3,OK,0.817,0.8965491507864388,0.7990492328753402,0.8145360602987721,0.8046956293443216,0.6133898191003159,v25(p_c=0),270.3
44,magic,CBM,4,OK,0.883,0.9259303157608242,0.8795710267229254,0.8601508347271059,0.86840788158059,0.7394668947626695,v26 main_pc0,149.3
44,magic,CBM,5,OK,0.866,0.9198064960776825,0.874858934169279,0.8280852857124044,0.8442085094707275,0.7013863429488068,v26 main_pc0,321.3
44,magic,CBM,6,OK,0.88,0.9150391353781185,0.8894520364880047,0.8454119640560318,0.8612036420164335,0.7335431625444903,v26 main_pc0,133.1
44,magic,CBM,7,OK,0.867,0.9037792088639547,0.8688472254469468,0.8347424703356907,0.8475733796649136,0.7027626382288017,v26 main_pc0,401.5
44,magic,CBM,8,OK,0.888,0.9227912087912088,0.8843209944853281,0.8663736263736264,0.8741256226286167,0.7504800502108183,v26 main_pc0,127.4
44,magic,CBM,9,OK,0.863,0.9087164835164836,0.8654138424774349,0.8286813186813187,0.8422078916785971,0.693122510411806,v26 main_pc0,148.8
44,mfeat-factors,CBM_KE,0,OK,0.995,0.9998333333333331,0.9952380952380953,0.9949999999999999,0.9949968730456537,0.9944720690522652,v26 main_pc0,22.1
44,mfeat-factors,CBM_KE,1,OK,0.975,0.9985000000000002,0.9756892230576442,0.975,0.974849412461736,0.9723302649210303,v26 main_pc0,26.5
44,mfeat-factors,CBM_KE,2,OK,0.975,0.9956666666666667,0.9757142857142856,0.975,0.9751156973108193,0.9722762390693469,v26 main_pc0,39.6
44,mfeat-factors,CBM_KE,3,OK,0.965,0.9946527777777778,0.967169554320584,0.9649999999999999,0.965061536318216,0.9613514790306154,v26 main_pc0,54.2
44,mfeat-factors,CBM_KE,4,OK,0.975,0.9989166666666666,0.9759523809523809,0.975,0.9748525394160825,0.9723572812243633,v26 main_pc0,88.5
44,mfeat-factors,CBM_KE,5,OK,0.975,0.9996944444444444,0.9761221234905447,0.975,0.9749754310729921,0.9723572812243633,v26 main_pc0,75.7
44,mfeat-factors,CBM_KE,6,OK,0.985,0.9991944444444444,0.9854761904761904,0.985,0.9849937460913072,0.9833879675158538,v26 main_pc0,102.3
44,mfeat-factors,CBM_KE,7,OK,0.955,0.9911944444444444,0.9565440115440115,0.9549999999999998,0.9549463010246066,0.9501847761170032,v26 main_pc0,37.7
44,mfeat-factors,CBM_KE,8,OK,0.875,0.9894999999999999,0.8252648332060097,0.875,0.8409522240010044,0.871014719395771,v25(p_c=0),59.6
44,mfeat-factors,CBM_KE,9,OK,0.97,0.9971388888888889,0.9720562770562771,0.97,0.9699467477323702,0.9669084239961102,v25(p_c=0),44.3
44,mfeat-factors,CBM,0,OK,0.99,0.9997777777777778,0.9904761904761905,0.9899999999999999,0.9899937460913071,0.9889438317391072,v26 main_pc0,68.1
44,mfeat-factors,CBM,1,OK,0.96,0.9968611111111111,0.9640476190476189,0.96,0.9600925466073089,0.9560071099997066,v25(p_c=0),15.2
44,mfeat-factors,CBM,2,OK,0.91,0.9994444444444444,0.949054054054054,0.9099999999999999,0.9116309438755259,0.9053727302822533,v26 main_pc0,62.4
44,mfeat-factors,CBM,3,OK,0.965,0.9941111111111111,0.965187969924812,0.9649999999999999,0.9648592870544089,0.9611645106228401,v26 main_pc0,13.0
44,mfeat-factors,CBM,4,OK,0.96,0.9960833333333333,0.964047619047619,0.96,0.9604984724304364,0.955927377403969,v25(p_c=0),15.3
44,mfeat-factors,CBM,5,OK,0.985,0.9997222222222224,0.9857142857142858,0.985,0.9849906191369605,0.9834152880222562,v26 main_pc0,25.7
44,mfeat-factors,CBM,6,OK,0.985,0.9968333333333333,0.9857142857142858,0.985,0.9849906191369605,0.9834152880222562,v26 main_pc0,12.3
44,mfeat-factors,CBM,7,OK,0.93,0.9904999999999999,0.9341852737905368,0.9299999999999999,0.9306724854093276,0.9225810735410398,v26 main_pc0,13.5
44,mfeat-factors,CBM,8,OK,0.9,0.9910277777777778,0.9293264578558696,0.9,0.8895103506079117,0.893969149154136,v26 main_pc0,54.4
44,mfeat-factors,CBM,9,OK,0.965,0.9975277777777778,0.9678656126482214,0.9649999999999999,0.9653058854650041,0.9613781977109899,v26 main_pc0,36.6
44,optdigits,CBM_KE,0,OK,0.9857651245551602,0.9979267444646039,0.986257940691482,0.9856482114376851,0.9857985217601166,0.9842171203839166,v26 main_pc0,247.8
44,optdigits,CBM_KE,1,OK,0.9911032028469751,0.9993851310355039,0.9912192427461276,0.991005354294828,0.9910505183718179,0.990128026362829,v25(p_c=0),129.5
44,optdigits,CBM_KE,2,OK,0.9893238434163701,0.9972107920174167,0.9896520414127078,0.9893159033948509,0.9894076981670115,0.9881545854484509,v26 main_pc0,252.1
44,optdigits,CBM_KE,3,OK,0.9822064056939501,0.9962794285560671,0.9829767084442713,0.9822670312143996,0.9822305372987546,0.980319104341618,v26 main_pc0,37.3
44,optdigits,CBM_KE,4,OK,0.9822064056939501,0.999722815583939,0.9826939682637337,0.9821696286169971,0.982189024433794,0.9802804731234249,v26 main_pc0,75.2
44,optdigits,CBM_KE,5,OK,0.9893238434163701,0.9999018953053398,0.9894390561042105,0.9894110275689222,0.9893324182856089,0.9881584363286866,v25(p_c=0),111.4
44,optdigits,CBM_KE,6,OK,0.9804270462633452,0.9972733560935569,0.9810157327061877,0.9804488493962177,0.9804747804622755,0.9783104319534441,v26 main_pc0,70.2
44,optdigits,CBM_KE,7,OK,0.9733096085409253,0.9970497273962653,0.9749618320444091,0.9732097288676235,0.9735519541138867,0.970472343965275,v26 main_pc0,234.9
44,optdigits,CBM_KE,8,OK,0.9839857651245552,0.999701498290189,0.9842834802082605,0.9839587605377078,0.9839343418515363,0.9822475226696123,v26 main_pc0,60.7
44,optdigits,CBM_KE,9,OK,0.9875444839857651,0.9986252528284865,0.9877787140264453,0.9875928457507406,0.987593115084537,0.9861812758670304,v26 main_pc0,288.4
44,optdigits,CBM,0,OK,0.9839857651245552,0.9986532091127893,0.9842894891311484,0.9839878693599203,0.9840618269338778,0.9822228325257502,v26 main_pc0,41.5
44,optdigits,CBM,1,OK,0.9804270462633452,0.9988815674934864,0.9807108047897521,0.9802865706586215,0.9804060707581987,0.9782715014274354,v26 main_pc0,52.9
44,optdigits,CBM,2,OK,0.9323843416370107,0.9979321862793606,0.9407160881259828,0.9324874686716791,0.9300889234579411,0.9262370872239835,v26 main_pc0,230.1
44,optdigits,CBM,3,OK,0.9857651245551602,0.9998238090803264,0.9860211970604477,0.9857758031442241,0.9857748498236972,0.9842109709209041,v26 main_pc0,57.8
44,optdigits,CBM,4,OK,0.9804270462633452,0.9980001487885527,0.9805869599245278,0.9803525860104807,0.9803570346208959,0.978275554801199,v26 main_pc0,73.8
44,optdigits,CBM,5,OK,0.998220640569395,0.9999894127611519,0.9982758620689655,0.9982142857142857,0.9982295338817078,0.9980263991353522,v26 main_pc0,157.4
44,optdigits,CBM,6,OK,0.9715302491103203,0.9947118130461045,0.9721615707033425,0.9716142629300523,0.9716056845021777,0.9684310544136944,v25(p_c=0),23.1
44,optdigits,CBM,7,OK,0.9822064056939501,0.9971976875006199,0.9824159929604577,0.9821730462519935,0.9821521306468292,0.9802599877170857,v26 main_pc0,46.9
44,optdigits,CBM,8,OK,0.9822064056939501,0.9996013731399293,0.9830633909725689,0.9821730462519935,0.982281995372559,0.9803045489959152,v26 main_pc0,44.6
44,optdigits,CBM,9,OK,0.9893238434163701,0.9991636135729755,0.9895028519574799,0.9893785600364549,0.9893631614633396,0.9881548767565775,v26 main_pc0,51.9
44,page-blocks,CBM_KE,0,OK,0.958029197080292,0.9839232867585587,0.8823210164301546,0.7704776422764227,0.8018509931913013,0.7618190745848039,v26 main_pc0,52.8
44,page-blocks,CBM_KE,1,OK,0.9653284671532847,0.9805799010043476,0.6751136705289207,0.6727108148696743,0.6727090679552479,0.8125287026292018,v26 main_pc0,212.7
44,page-blocks,CBM_KE,2,OK,0.9708029197080292,0.9851887386351373,0.7961516087223991,0.8734113024337058,0.8219214034438067,0.8488564932310186,v25(p_c=0),264.3
44,page-blocks,CBM_KE,3,OK,0.9689213893967094,0.9882932053025038,0.7905312868949232,0.9244049455862082,0.8453875008197258,0.8471554744107752,v26 main_pc0,119.0
44,page-blocks,CBM_KE,4,OK,0.9652650822669104,0.9583854773708028,0.705255306942054,0.635939846530478,0.6608636174388867,0.8077454934704261,v26 main_pc0,211.2
44,page-blocks,CBM_KE,5,OK,0.9780621572212066,0.9943081297633993,0.9172116029510395,0.8149396202349358,0.8589406207827259,0.88003631338685,v25(p_c=0),108.7
44,page-blocks,CBM_KE,6,OK,0.9725776965265083,0.9922169464555264,0.8524342419894786,0.8234113024337057,0.8369247056560892,0.8543897950761434,v26 main_pc0,48.9
44,page-blocks,CBM_KE,7,OK,0.9744058500914077,0.991288440958864,0.8920285714285713,0.8335287703923143,0.8504507319792817,0.8583165543160203,v25(p_c=0),316.6
44,page-blocks,CBM_KE,8,OK,0.9689213893967094,0.9806875820273333,0.6988379356114827,0.6301921655580192,0.65879093661132,0.8250468514387717,v26 main_pc0,276.9
44,page-blocks,CBM_KE,9,OK,0.9634369287020109,0.9918191474068674,0.7839694977725538,0.8660384331116038,0.7934642132715155,0.8013017153594872,v25(p_c=0),268.5
44,page-blocks,CBM,0,OK,0.07116788321167883,0.8210311469418607,0.3093847392933432,0.5368055555555555,0.32365079365079363,0.3559392227424501,v25(p_c=0),36.1
44,page-blocks,CBM,1,OK,0.06934306569343066,0.8778567287128286,0.2239517625231911,0.5414141414141415,0.2621816226611552,0.3089333638064366,v25(p_c=0),32.4
44,page-blocks,CBM,2,OK,0.07116788321167883,0.841516348172273,0.2183431439653206,0.5313131313131313,0.25291786279729284,0.3107134932676345,v25(p_c=0),32.9
44,page-blocks,CBM,3,OK,0.07678244972577697,0.92773457359665,0.25551020408163266,0.5656565656565656,0.3011007437457741,0.35074008516654376,v25(p_c=0),30.3
44,page-blocks,CBM,4,OK,0.07861060329067641,0.8550635486216283,0.21408981890566586,0.5717171717171717,0.2650283262464191,0.3305304947268007,v25(p_c=0),31.9
44,page-blocks,CBM,5,OK,0.06946983546617916,0.882734991272839,0.20260756561290508,0.4929292929292929,0.23396807223710364,0.3033634041349627,v25(p_c=0),28.0
44,page-blocks,CBM,6,OK,0.07861060329067641,0.9131919757267386,0.2189638534839773,0.5878787878787879,0.26286739224490996,0.325463679498445,v25(p_c=0),33.6
44,page-blocks,CBM,7,OK,0.0712979890310786,0.9100663533115254,0.24710448442699962,0.5474747474747474,0.27878299120234606,0.33339218566642315,v25(p_c=0),34.4
44,page-blocks,CBM,8,OK,0.08226691042047532,0.9457966733774341,0.3187514619883041,0.6674242424242425,0.3727497382294087,0.34920245405466327,v25(p_c=0),34.0
44,page-blocks,CBM,9,OK,0.07312614259597806,0.9445331932412906,0.22923044614523053,0.5628787878787879,0.2793416195256686,0.33429424115876133,v25(p_c=0),29.2
44,pendigits,CBM_KE,0,OK,0.989,0.998542931429428,0.9888064037440356,0.9889309388836496,0.9888323115855243,0.9877832752197951,v26 main_pc0,249.7
44,pendigits,CBM_KE,1,OK,0.993,0.9981249425039114,0.9931637466307277,0.9927786740522612,0.9929300948074292,0.9922293247876197,v26 main_pc0,460.2
44,pendigits,CBM_KE,2,OK,0.995,0.9995150171784097,0.9950895942556995,0.9949111395570374,0.994975152781921,0.9944489269914799,v26 main_pc0,70.5
44,pendigits,CBM_KE,3,OK,0.946,0.9977689088115174,0.9622020200011928,0.9483120208828971,0.9463011668632071,0.9423634577722488,v26 main_pc0,421.0
44,pendigits,CBM_KE,4,OK,0.945,0.9994069151430847,0.9560282654622277,0.9436755498977419,0.9418257286731899,0.9405686251836765,v26 main_pc0,423.9
44,pendigits,CBM_KE,5,OK,0.927,0.9966498236268434,0.9531484275652294,0.9251199577873639,0.929600950272753,0.9216470486082236,v26 main_pc0,326.7
44,pendigits,CBM_KE,6,OK,0.991,0.9992872312633073,0.991530867182463,0.9909361774956436,0.991121548632268,0.990025418594508,v26 main_pc0,64.3
44,pendigits,CBM_KE,7,OK,0.992,0.9991396033299387,0.9921859972543965,0.9919685088374409,0.9920150628462645,0.9911237214208238,v26 main_pc0,344.1
44,pendigits,CBM_KE,8,OK,0.998,0.999968473863914,0.99800753370341,0.9979967948717949,0.9979921215006708,0.9977795929259858,v26 main_pc0,102.1
44,pendigits,CBM_KE,9,OK,0.991,0.9993325453685863,0.9911714531173293,0.991034572454133,0.9910788492211081,0.9900036118873816,v25(p_c=0),52.1
44,pendigits,CBM,0,OK,0.987,0.9985025826746217,0.9869263683669575,0.9866857195526485,0.9866790307903163,0.9855802892111115,v26 main_pc0,80.6
44,pendigits,CBM,1,OK,0.988,0.9989456477588904,0.9880827997432142,0.987776585549802,0.9876943145504194,0.9867148997835155,v26 main_pc0,92.0
44,pendigits,CBM,2,OK,0.992,0.9995158035356496,0.9919189675397467,0.9918481746594878,0.9918408633995724,0.9911183816109227,v25(p_c=0),52.0
44,pendigits,CBM,3,OK,0.879,0.9901942345197788,0.9387197925881807,0.8800577462192356,0.8850847341046212,0.8741537406012191,v25(p_c=0),362.4
44,pendigits,CBM,4,OK,0.994,0.9999209445111392,0.9938242882611537,0.9940008973663342,0.9938771430320245,0.9933401197742499,v26 main_pc0,89.6
44,pendigits,CBM,5,OK,0.985,0.9998385859593556,0.986337877946303,0.9846428600656841,0.9851250922170453,0.9834131904326242,v26 main_pc0,89.2
44,pendigits,CBM,6,OK,0.996,0.9999845802588819,0.9960316283194857,0.996073717948718,0.996028376743468,0.9955603169066674,v26 main_pc0,49.5
44,pendigits,CBM,7,OK,0.987,0.9998414382707337,0.9874784215298138,0.9868216330594972,0.9869659524542473,0.9855940829908489,v26 main_pc0,44.7
44,pendigits,CBM,8,OK,0.996,0.9999640105259742,0.9959456780333069,0.9959134615384615,0.9958978232550567,0.9955613986206093,v26 main_pc0,89.2
44,pendigits,CBM,9,OK,0.974,0.9962117545612162,0.9760137130622788,0.9745991328936935,0.9739838278676821,0.9714265849529156,v25(p_c=0),108.8
44,phoneme,CBM_KE,0,OK,0.9020332717190388,0.9496196779610788,0.8835081585081586,0.879227172445586,0.8813228203058712,0.7627233169658905,v25(p_c=0),51.9
44,phoneme,CBM_KE,1,OK,0.8798521256931608,0.9357733214791399,0.86043772780414,0.8451628305179624,0.8522013239466218,0.7054352028481137,v26 main_pc0,329.9
44,phoneme,CBM_KE,2,OK,0.9260628465804066,0.9573249036846784,0.9097826086956522,0.9127646613322796,0.911253280839895,0.8225418644619104,v25(p_c=0),59.2
44,phoneme,CBM_KE,3,OK,0.8798521256931608,0.9353287892258554,0.8535048845183413,0.8598488590338833,0.8565613056123219,0.7133255339796263,v26 main_pc0,325.3
44,phoneme,CBM_KE,4,OK,0.8833333333333333,0.9437007091258532,0.8586886544842272,0.8600139174232885,0.8593465111567737,0.7187013500367313,v25(p_c=0),52.8
44,phoneme,CBM_KE,5,OK,0.8888888888888888,0.9392935250844986,0.8657962754324342,0.8657962754324342,0.8657962754324342,0.7315925508648684,v26 main_pc0,335.7
44,phoneme,CBM_KE,6,OK,0.9055555555555556,0.9475611372523031,0.8898772536134425,0.8794320365829412,0.8844017981942502,0.769238377503131,v25(p_c=0),61.8
44,phoneme,CBM_KE,7,OK,0.8981481481481481,0.9591755583537678,0.8727172682179939,0.8871860295579561,0.8793815563434335,0.7597655407532322,v25(p_c=0),63.2
44,phoneme,CBM_KE,8,OK,0.8888888888888888,0.9329635682332161,0.8654681328766449,0.8681226167483782,0.8667763157894737,0.7335859470101497,v25(p_c=0),53.7
44,phoneme,CBM_KE,9,OK,0.9092592592592592,0.9581538156787005,0.8924278846153846,0.8880552666765711,0.8901960784313725,0.7804709025088526,v25(p_c=0),63.3
44,phoneme,CBM,0,OK,0.8853974121996303,0.9310810365833581,0.8627919320594479,0.8601040534755837,0.8614287602868758,0.7228909884701725,v25(p_c=0),54.9
44,phoneme,CBM,1,OK,0.8798521256931608,0.9403174289571602,0.8523474403166091,0.8635203661628634,0.857565263179213,0.7157806103002273,v25(p_c=0),41.3
44,phoneme,CBM,2,OK,0.9149722735674677,0.953850966446047,0.8965184700882642,0.8994039974974481,0.8979412729658792,0.7959172369909449,v25(p_c=0),53.8
44,phoneme,CBM,3,OK,0.8835489833641405,0.9381935526359116,0.8585703117365386,0.8624666600810037,0.8604762548049173,0.7210264441734366,v25(p_c=0),48.0
44,phoneme,CBM,4,OK,0.8759259259259259,0.9156836105772417,0.8464555698188561,0.8622009410829081,0.8535691013805302,0.708481569080819,v25(p_c=0),47.4
44,phoneme,CBM,5,OK,0.8425925925925926,0.9151202863012791,0.8444991789819376,0.7607031612432897,0.7863834579817658,0.5993730891733764,v25(p_c=0),296.0
44,phoneme,CBM,6,OK,0.8981481481481481,0.9392272516402678,0.8740606060606061,0.883474716681026,0.8785330721317242,0.757476824544814,v26 main_pc0,164.8
44,phoneme,CBM,7,OK,0.8240740740740741,0.9305122937239048,0.8467612243283857,0.717923652992246,0.7462895464369259,0.5497907700997008,v25(p_c=0),365.8
44,phoneme,CBM,8,OK,0.8611111111111112,0.920632562439129,0.8551455016079692,0.7989649878670826,0.8196143756207714,0.6516933959440605,v25(p_c=0),278.2
44,phoneme,CBM,9,OK,0.8185185185185185,0.9417454893609998,0.8554838709677419,0.7046501262813847,0.7326786688488817,0.53944348762236,v25(p_c=0),369.4
44,satimage,CBM_KE,0,OK,0.9051321928460342,0.9896140481804451,0.8916533403177239,0.8889504271827949,0.889879321692738,0.8831578740982873,v25(p_c=0),192.4
44,satimage,CBM_KE,1,OK,0.926905132192846,0.993837877195778,0.927688355866292,0.9008864844116714,0.9092495430129254,0.9102579937300179,v26 main_pc0,377.7
44,satimage,CBM_KE,2,OK,0.911353032659409,0.9900228754449607,0.9078418548463135,0.8969269031313879,0.9020909853839761,0.8904190561159836,v25(p_c=0),52.0
44,satimage,CBM_KE,3,OK,0.937791601866252,0.9903578390387211,0.9341135902026673,0.9175488298703488,0.9245546302472508,0.9232883484590936,v26 main_pc0,236.0
44,satimage,CBM_KE,4,OK,0.9051321928460342,0.9898954037578113,0.8873661386476512,0.88276021468414,0.8828865853506215,0.8833063348855809,v26 main_pc0,86.9
44,satimage,CBM_KE,5,OK,0.9206842923794712,0.9884721349050123,0.9105916451969084,0.9048373902896504,0.9074355104351213,0.9021035605219325,v26 main_pc0,272.5
44,satimage,CBM_KE,6,OK,0.9175738724727839,0.990903591156899,0.9053873903262022,0.8959068150450019,0.8992427593739057,0.8983757749122907,v25(p_c=0),43.6
44,satimage,CBM_KE,7,OK,0.9206842923794712,0.9911488464005984,0.9052463984009549,0.9027779312037804,0.903773947177089,0.9021478016509906,v26 main_pc0,346.2
44,satimage,CBM_KE,8,OK,0.9222395023328149,0.9918604132892965,0.9191561670987135,0.9058705172209729,0.9118249859662607,0.9040169822739451,v25(p_c=0),48.8
44,satimage,CBM_KE,9,OK,0.9237947122861586,0.9903842848743167,0.9131291562008216,0.9058389344952641,0.9089889147772984,0.9059347550780824,v25(p_c=0),68.8
44,satimage,CBM,0,OK,0.911353032659409,0.9847188005028272,0.9048033077420495,0.8919976441971939,0.8973462849533282,0.8906184500328755,v26 main_pc0,46.0
44,satimage,CBM,1,OK,0.9237947122861586,0.979794116320773,0.9144359215364735,0.9034773381762341,0.9084293953697647,0.9059383001445978,v25(p_c=0),41.6
44,satimage,CBM,2,OK,0.8926905132192846,0.9624235903360617,0.8862751278512149,0.8706691098223945,0.8772580144375514,0.8676434421057732,v26 main_pc0,227.8
44,satimage,CBM,3,OK,0.926905132192846,0.9847915858558709,0.9207939114545388,0.9049908496890288,0.9105450023196071,0.9100213704733839,v26 main_pc0,290.4
44,satimage,CBM,4,OK,0.9082426127527217,0.9821910087807434,0.8907299843703352,0.8917458165764461,0.8899228420950966,0.8872687849844604,v26 main_pc0,44.2
44,satimage,CBM,5,OK,0.6329704510108864,0.9135619166831418,0.5999350859204479,0.6021382092274299,0.5214304189471975,0.6075634358603854,v26 main_pc0,269.7
44,satimage,CBM,6,OK,0.9004665629860031,0.970082133122148,0.8902711254028609,0.8775959236229579,0.8806950698529662,0.8776880408674649,v26 main_pc0,325.7
44,satimage,CBM,7,OK,0.9191290824261276,0.9860799646115891,0.9029149770343726,0.9013082744835023,0.9011661891781717,0.9003843559719531,v25(p_c=0),47.6
44,satimage,CBM,8,OK,0.9129082426127527,0.9842473631713315,0.9013002330427412,0.8948730071058159,0.8965761512609612,0.8926834359994612,v26 main_pc0,92.5
44,satimage,CBM,9,OK,0.9175738724727839,0.9841959343873553,0.9028979449669104,0.9045304395495792,0.9025023330589663,0.8987325246132059,v26 main_pc0,89.7
44,segment,CBM_KE,0,OK,0.8441558441558441,0.9675106038742403,0.8627072040937588,0.8441558441558442,0.823453002952564,0.8278863289359043,v26 main_pc0,21.2
44,segment,CBM_KE,1,OK,0.9783549783549783,0.9985788622152258,0.9797979797979798,0.9783549783549784,0.9785163077088542,0.9749393352895842,v26 main_pc0,26.7
44,segment,CBM_KE,2,OK,0.9783549783549783,0.9961957234684506,0.9791666666666667,0.9783549783549784,0.9784042044911611,0.9748753691880628,v26 main_pc0,105.2
44,segment,CBM_KE,3,OK,0.961038961038961,0.99361581179763,0.9641478212906784,0.961038961038961,0.9607193697150992,0.9551512565778295,v26 main_pc0,95.3
44,segment,CBM_KE,4,OK,0.9523809523809523,0.9898771262407626,0.9541375170757959,0.9523809523809524,0.9524333521416419,0.9447129960816574,v26 main_pc0,114.4
44,segment,CBM_KE,5,OK,0.9826839826839827,0.9987100441645896,0.9832908163265307,0.9826839826839827,0.9828054298642535,0.9798622520260523,v26 main_pc0,65.3
44,segment,CBM_KE,6,OK,0.987012987012987,0.9997813634177272,0.9876350540216087,0.987012987012987,0.9870727165722776,0.9849346257114895,v26 main_pc0,119.0
44,segment,CBM_KE,7,OK,0.9696969696969697,0.9913419913419913,0.971266006402561,0.9696969696969697,0.9694471443885007,0.9649840930296065,v26 main_pc0,50.6
44,segment,CBM_KE,8,OK,0.8354978354978355,0.9735668372032009,0.9060732626383887,0.8354978354978355,0.7960713160120535,0.8256893144064577,v26 main_pc0,53.4
44,segment,CBM_KE,9,OK,0.9783549783549783,0.9966985876076785,0.978945126437672,0.9783549783549784,0.9783380688670417,0.9748540499519511,v26 main_pc0,33.7
44,segment,CBM,0,OK,0.9783549783549783,0.9996501814683633,0.9787915166066428,0.9783549783549784,0.9781265740126897,0.9748966898229371,v26 main_pc0,33.0
44,segment,CBM,1,OK,0.9783549783549783,0.9960426778608596,0.9784743442831678,0.9783549783549784,0.9783519962624441,0.9747687869920686,v26 main_pc0,51.7
44,segment,CBM,2,OK,0.974025974025974,0.9954960864051774,0.97546768707483,0.974025974025974,0.9739932093238634,0.9699514833416928,v26 main_pc0,47.9
44,segment,CBM,3,OK,0.974025974025974,0.9956054046963139,0.9753170085238396,0.974025974025974,0.97412297982139,0.9698878361430061,v26 main_pc0,41.0
44,segment,CBM,4,OK,0.9264069264069265,0.9868818050636232,0.9277576293675365,0.9264069264069265,0.9241356528258589,0.9150621813075599,v25(p_c=0),76.6
44,segment,CBM,5,OK,0.9783549783549783,0.9992566356202719,0.9787369493251846,0.9783549783549784,0.9784832083339546,0.9747687869920686,v26 main_pc0,18.8
44,segment,CBM,6,OK,0.8831168831168831,0.9973763610127246,0.9100840336134455,0.8831168831168831,0.8655809955426373,0.8730595607936384,v26 main_pc0,61.9
44,segment,CBM,7,OK,0.9653679653679653,0.9927412654685382,0.9674291338156884,0.9653679653679654,0.9651644660925985,0.9600158405820087,v26 main_pc0,15.7
44,segment,CBM,8,OK,0.935064935064935,0.9951244042153133,0.9381973525196031,0.9350649350649352,0.9318966392527159,0.9256601922552056,v25(p_c=0),86.6
44,segment,CBM,9,OK,0.974025974025974,0.9998032270759544,0.9749835418038184,0.974025974025974,0.9740707821590175,0.969845411637326,v26 main_pc0,36.9
44,spambase,CBM_KE,0,OK,0.9587852494577006,0.981015400370239,0.9572809786898184,0.956398440269408,0.9568345678282253,0.9136789927297256,v26 main_pc0,197.8
44,spambase,CBM_KE,1,OK,0.9521739130434783,0.9846135567040931,0.9485012285012285,0.9518406305075349,0.9500897595233868,0.9003356660032946,v25(p_c=0),30.8
44,spambase,CBM_KE,2,OK,0.9369565217391305,0.974336125467831,0.9343253968253968,0.9334739301768351,0.9338946179118826,0.8677989092814494,v26 main_pc0,117.5
44,spambase,CBM_KE,3,OK,0.9521739130434783,0.9841184973959881,0.9507147259388855,0.9489296817758768,0.9498015873015873,0.8996426368007362,v26 main_pc0,190.6
44,spambase,CBM_KE,4,OK,0.9565217391304348,0.9801580229311472,0.9544545436543298,0.9544545436543298,0.9544545436543298,0.9089090873086596,v26 main_pc0,170.6
44,spambase,CBM_KE,5,OK,0.9326086956521739,0.9734054139685935,0.929065538777769,0.9298897007861542,0.9294726273671925,0.8589548441747683,v26 main_pc0,131.4
44,spambase,CBM_KE,6,OK,0.7978260869565217,0.9540188914631973,0.8094285714285714,0.8216895384067011,0.7970193443696354,0.6309989994055525,v26 main_pc0,153.0
44,spambase,CBM_KE,7,OK,0.9195652173913044,0.9713558684330382,0.9297823886639676,0.9036119527119348,0.9133714390418942,0.8329833350790729,v26 main_pc0,32.5
44,spambase,CBM_KE,8,OK,0.9347826086956522,0.9684065934065934,0.9351740213809179,0.9280180251403274,0.9312694238584748,0.8631623838509995,v26 main_pc0,171.4
44,spambase,CBM_KE,9,OK,0.941304347826087,0.9834769546999763,0.9449256796600175,0.9324650169973911,0.9378126267405705,0.8773022093138606,v26 main_pc0,198.8
44,spambase,CBM,0,OK,0.9457700650759219,0.9749497814013943,0.9444510479812989,0.941825199889716,0.9430923212901379,0.8862723579476709,v26 main_pc0,53.1
44,spambase,CBM,1,OK,0.5782608695652174,0.9650092081031306,0.7300039371271086,0.6503891166161706,0.5606884057971014,0.37196821865738533,v25(p_c=0),23.5
44,spambase,CBM,2,OK,0.9347826086956522,0.9676231212499258,0.9332415004691461,0.9297411829937227,0.9314101672001431,0.8629755846687351,v26 main_pc0,97.7
44,spambase,CBM,3,OK,0.9434782608695652,0.9767718172637082,0.9454663186223922,0.9359393255311986,0.9401808578745199,0.8813541546668098,v26 main_pc0,40.8
44,spambase,CBM,4,OK,0.558695652173913,0.9197409849699992,0.7062243502051984,0.631349135626448,0.5390349253362952,0.3291649443338626,v25(p_c=0),161.2
44,spambase,CBM,5,OK,0.4891304347826087,0.9535436345274164,0.7175480769230769,0.578853046594982,0.4394054897812074,0.2619490686852246,v25(p_c=0),20.4
44,spambase,CBM,6,OK,0.741304347826087,0.9666330026337155,0.7840808616670686,0.7799461375472782,0.741244428057537,0.5640118437579071,v25(p_c=0),132.2
44,spambase,CBM,7,OK,0.7086956521739131,0.9295134557119942,0.759527478171546,0.7501534683855127,0.7083427965780906,0.5095947362599328,v26 main_pc0,141.4
44,spambase,CBM,8,OK,0.9260869565217391,0.9624278599098742,0.9241772252769145,0.9208237805360108,0.922420634920635,0.8449943515984145,v26 main_pc0,36.4
44,spambase,CBM,9,OK,0.941304347826087,0.9804332358289193,0.9397900554682995,0.9372084749782592,0.9384536097800287,0.8769947307980801,v26 main_pc0,159.1
44,tic-tac-toe,CBM_KE,0,OK,1.0,1.0,1.0,1.0,1.0,1.0,v26 main_pc0,44.1
44,tic-tac-toe,CBM_KE,1,OK,1.0,1.0,1.0,1.0,1.0,1.0,v26 main_pc0,33.7
44,tic-tac-toe,CBM_KE,2,OK,0.9583333333333334,0.9951899951899952,0.9607940446650125,0.9466089466089466,0.953125,0.9072921092823789,v26 main_pc0,17.6
44,tic-tac-toe,CBM_KE,3,OK,0.8645833333333334,0.9754689754689755,0.8819444444444444,0.8174603174603174,0.8378167641325536,0.6964257450311208,v26 main_pc0,61.9
44,tic-tac-toe,CBM_KE,4,OK,0.90625,0.8864838864838864,0.9375,0.8636363636363636,0.887719298245614,0.7977240352174656,v26 main_pc0,26.1
44,tic-tac-toe,CBM_KE,5,OK,1.0,1.0,1.0,1.0,1.0,1.0,v26 main_pc0,17.7
44,tic-tac-toe,CBM_KE,6,OK,1.0,1.0,1.0,1.0,1.0,1.0,v25(p_c=0),14.3
44,tic-tac-toe,CBM_KE,7,OK,0.9583333333333334,0.9759499759499759,0.9701492537313433,0.9393939393939394,0.9523573200992556,0.9090230639541237,v26 main_pc0,35.5
44,tic-tac-toe,CBM_KE,8,OK,0.9894736842105263,1.0,0.9920634920634921,0.9848484848484849,0.9883076923076923,0.9768853332428297,v26 main_pc0,34.1
44,tic-tac-toe,CBM_KE,9,OK,0.9789473684210527,0.9990224828934506,0.9767839687194526,0.9767839687194526,0.9767839687194526,0.9535679374389052,v26 main_pc0,46.9
44,tic-tac-toe,CBM,0,OK,0.8854166666666666,0.9378557874762807,0.8977455716586151,0.8515180265654649,0.867851332749343,0.7478361810572931,v26 main_pc0,42.6
44,tic-tac-toe,CBM,1,OK,0.7916666666666666,0.9326375711574952,0.85,0.7125237191650854,0.7295774647887323,0.5454660455345681,v26 main_pc0,13.7
44,tic-tac-toe,CBM,2,OK,0.7083333333333334,0.8162578162578162,0.7361419068736141,0.7561327561327561,0.7062937062937062,0.49186858995460747,v26 main_pc0,8.0
44,tic-tac-toe,CBM,3,OK,0.9895833333333334,0.9995189995189996,0.9921875,0.9848484848484849,0.9883706844336766,0.9770084209183943,v26 main_pc0,14.7
44,tic-tac-toe,CBM,4,OK,0.9583333333333334,0.9509379509379509,0.9701492537313433,0.9393939393939394,0.9523573200992556,0.9090230639541237,v26 main_pc0,14.0
44,tic-tac-toe,CBM,5,OK,0.7708333333333334,0.7984607984607984,0.8098765432098766,0.6810966810966811,0.6944444444444444,0.4737831298179408,v26 main_pc0,8.6
44,tic-tac-toe,CBM,6,OK,0.9895833333333334,0.9927849927849928,0.9852941176470589,0.9920634920634921,0.9885373134328358,0.977334166408364,v26 main_pc0,10.7
44,tic-tac-toe,CBM,7,OK,0.9479166666666666,0.9961519961519961,0.9530303030303031,0.9314574314574314,0.94093761535622,0.8842246115503377,v26 main_pc0,12.9
44,tic-tac-toe,CBM,8,OK,0.6947368421052632,0.8521505376344086,0.7402143522833178,0.7519550342130987,0.6941946941946942,0.4920293298087856,v26 main_pc0,10.3
44,tic-tac-toe,CBM,9,OK,0.9894736842105263,0.9921798631476051,0.9920634920634921,0.9848484848484849,0.9883076923076923,0.9768853332428297,v26 main_pc0,19.4
44,vehicle,CBM_KE,0,OK,0.6705882352941176,0.8896762612387612,0.6508333333333334,0.671969696969697,0.647012987012987,0.5683524851203203,v26 main_pc0,22.8
44,vehicle,CBM_KE,1,OK,0.8,0.9313110153735155,0.7972222222222223,0.8024891774891775,0.7958656330749353,0.7359867230634208,v26 main_pc0,44.9
44,vehicle,CBM_KE,2,OK,0.788235294117647,0.952409136002886,0.7905844155844156,0.7905844155844156,0.7905844155844156,0.7175036927621861,v26 main_pc0,14.0
44,vehicle,CBM_KE,3,OK,0.7647058823529411,0.9199641504329005,0.7682487468671679,0.7683982683982684,0.7666792714438773,0.6876735517651498,v25(p_c=0),39.9
44,vehicle,CBM_KE,4,OK,0.7058823529411765,0.9121509913697413,0.7517069701280228,0.7066558441558441,0.7039439288702515,0.6277880083399676,v25(p_c=0),17.0
44,vehicle,CBM_KE,5,OK,0.6352941176470588,0.8866046973859474,0.7371411483253589,0.6357142857142857,0.6161325708950869,0.5536789971419391,v26 main_pc0,26.1
44,vehicle,CBM_KE,6,OK,0.7380952380952381,0.9241744614512472,0.7469512195121951,0.7375,0.6766191966051713,0.7032335173400099,v25(p_c=0),10.9
44,vehicle,CBM_KE,7,OK,0.7380952380952381,0.9097165268369489,0.792014742014742,0.7471234905445431,0.7072727719279444,0.6878800710323967,v26 main_pc0,13.5
44,vehicle,CBM_KE,8,OK,0.6785714285714286,0.8803191218090772,0.7364176570458404,0.6833333333333333,0.6982489055659789,0.5794749700334008,v26 main_pc0,38.9
44,vehicle,CBM_KE,9,OK,0.7261904761904762,0.9185286040124749,0.6193181818181819,0.7375,0.6551282051282051,0.7069993862085343,v25(p_c=0),14.6
44,vehicle,CBM,0,OK,0.7058823529411765,0.8876398774836275,0.6011363636363636,0.7142316017316017,0.6355322003577817,0.675197439933841,v26 main_pc0,13.8
44,vehicle,CBM,1,OK,0.6588235294117647,0.9088509407259407,0.628197738252086,0.664448051948052,0.6348484848484849,0.5549834882207172,v26 main_pc0,8.3
44,vehicle,CBM,2,OK,0.788235294117647,0.9329117063492064,0.8381578947368421,0.7862554112554112,0.7519230769230769,0.7533867837901219,v26 main_pc0,12.5
44,vehicle,CBM,3,OK,0.8470588235294118,0.9621712835775335,0.8482593795093796,0.8484848484848484,0.8468085908435856,0.796968327624168,v26 main_pc0,24.6
44,vehicle,CBM,4,OK,0.7411764705882353,0.9210182178932178,0.7566392479435957,0.7402597402597403,0.7020425901781834,0.6850917285365598,v26 main_pc0,17.7
44,vehicle,CBM,5,OK,0.7411764705882353,0.9207068799256299,0.7283874458874458,0.7467532467532467,0.7219153076147664,0.6664310802533328,v26 main_pc0,25.6
44,vehicle,CBM,6,OK,0.6904761904761905,0.9095035844198791,0.7514410408432148,0.6857142857142857,0.6967092092092092,0.5999074948457819,v25(p_c=0),17.9
44,vehicle,CBM,7,OK,0.6309523809523809,0.9109222990271377,0.796485260770975,0.6329744816586922,0.6447666390499862,0.5622428068099597,v26 main_pc0,11.4
44,vehicle,CBM,8,OK,0.7023809523809523,0.8787687000712634,0.7083333333333334,0.70508658008658,0.6787931895690517,0.6227084568107989,v25(p_c=0),12.1
44,vehicle,CBM,9,OK,0.7857142857142857,0.9208772218564846,0.784329640947288,0.7916666666666666,0.7846696821172148,0.7169400871869988,v26 main_pc0,4.1
44,wdbc,CBM_KE,0,OK,0.9298245614035088,0.9973544973544973,0.95,0.9047619047619048,0.9210526315789473,0.8535639569308375,v26 main_pc0,11.2
44,wdbc,CBM_KE,1,OK,0.8771929824561403,1.0,0.9186046511627908,0.8333333333333333,0.8556962025316456,0.7470873676376284,v26 main_pc0,26.5
44,wdbc,CBM_KE,2,OK,0.9649122807017544,0.996031746031746,0.9736842105263157,0.9523809523809523,0.9614864864864865,0.9258200997725514,v26 main_pc0,11.8
44,wdbc,CBM_KE,3,OK,0.9298245614035088,0.9775132275132274,0.95,0.9047619047619048,0.9210526315789473,0.8535639569308375,v25(p_c=0),10.9
44,wdbc,CBM_KE,4,OK,0.9298245614035088,0.9973544973544973,0.95,0.9047619047619048,0.9210526315789473,0.8535639569308375,v26 main_pc0,30.0
44,wdbc,CBM_KE,5,OK,0.9473684210526315,0.9497354497354497,0.9402597402597402,0.9484126984126984,0.9439895185063871,0.8886350389948482,v26 main_pc0,9.9
44,wdbc,CBM_KE,6,OK,0.9649122807017544,0.996031746031746,0.9623015873015872,0.9623015873015872,0.9623015873015872,0.9246031746031746,v26 main_pc0,11.5
44,wdbc,CBM_KE,7,OK,0.9473684210526315,0.9818181818181818,0.9484126984126984,0.9402597402597402,0.9439895185063871,0.8886350389948482,v26 main_pc0,11.3
44,wdbc,CBM_KE,8,OK,0.9473684210526315,0.9766233766233767,0.9605263157894737,0.9318181818181819,0.942866688940862,0.8918825850158447,v26 main_pc0,9.6
44,wdbc,CBM_KE,9,OK,0.9821428571428571,1.0,0.9772727272727273,0.9857142857142858,0.9811257162116616,0.9629500128629354,v26 main_pc0,14.3
44,wdbc,CBM,0,OK,0.9473684210526315,0.9973544973544973,0.9615384615384616,0.9285714285714286,0.9415384615384615,0.8894991799933214,v26 main_pc0,6.2
44,wdbc,CBM,1,OK,0.5789473684210527,0.9841269841269841,0.7333333333333334,0.6666666666666666,0.5681818181818181,0.3944053188733077,v26 main_pc0,11.7
44,wdbc,CBM,2,OK,0.9824561403508771,0.9616402116402116,0.9864864864864865,0.9761904761904762,0.9809555629802873,0.962621902223779,v26 main_pc0,2.8
44,wdbc,CBM,3,OK,0.9122807017543859,0.9537037037037037,0.9390243902439024,0.8809523809523809,0.8999648999648999,0.8179178119091964,v26 main_pc0,11.3
44,wdbc,CBM,4,OK,0.8771929824561403,1.0,0.875,0.9027777777777778,0.8747252747252747,0.7772815877574013,v26 main_pc0,12.5
44,wdbc,CBM,5,OK,0.9298245614035088,0.9232804232804233,0.9199999999999999,0.9444444444444444,0.9271099744245523,0.8640987597877147,v25(p_c=0),2.7
44,wdbc,CBM,6,OK,0.9649122807017544,0.9986772486772486,0.9623015873015872,0.9623015873015872,0.9623015873015872,0.9246031746031746,v26 main_pc0,11.4
44,wdbc,CBM,7,OK,0.9649122807017544,0.9987012987012986,0.9629870129870131,0.9629870129870131,0.9629870129870131,0.925974025974026,v26 main_pc0,5.1
44,wdbc,CBM,8,OK,0.9473684210526315,0.964935064935065,0.9605263157894737,0.9318181818181819,0.942866688940862,0.8918825850158447,v26 main_pc0,15.7
44,wdbc,CBM,9,OK,0.9821428571428571,1.0,0.9772727272727273,0.9857142857142858,0.9811257162116616,0.9629500128629354,v26 main_pc0,12.9
44,wine-quality,CBM_KE,0,PARTIAL,0.6306122448979592,nan,0.26599770342919776,0.2950542608076855,0.27816754363985635,0.45336625223650295,v26 main_pc0,53.5
44,wine-quality,CBM_KE,1,PARTIAL,0.6346938775510204,nan,0.3639505525711136,0.3384134890984206,0.34784586034063725,0.4410419651038598,v26 main_pc0,47.0
44,wine-quality,CBM_KE,2,PARTIAL,0.6163265306122448,nan,0.3813941160879936,0.3080648560364585,0.32185265818264236,0.41233492602464333,v26 main_pc0,51.5
44,wine-quality,CBM_KE,3,OK,0.5918367346938775,0.683688476604824,0.2607042721717231,0.26982758620689656,0.26506098970602016,0.38149095269871314,v26 main_pc0,47.0
44,wine-quality,CBM_KE,4,OK,0.6163265306122448,0.8028318151923141,0.3142820898615758,0.29592476489028213,0.29818197369490856,0.4194278284349855,v26 main_pc0,40.9
44,wine-quality,CBM_KE,5,OK,0.6224489795918368,0.618998170297375,0.42391189240707405,0.2743083970823697,0.28571446458532324,0.42422288242405326,v26 main_pc0,52.2
44,wine-quality,CBM_KE,6,OK,0.5836734693877551,0.6747919391044576,0.2934713155741869,0.26973625689379116,0.26783145986705714,0.3701887270078062,v26 main_pc0,262.7
44,wine-quality,CBM_KE,7,OK,0.5816326530612245,0.6170322182298685,0.2934231522368531,0.27531499523844405,0.27897036665076574,0.36235945258544716,v26 main_pc0,231.0
44,wine-quality,CBM_KE,8,PARTIAL,0.6155419222903885,nan,0.30134346739943013,0.3187007056870071,0.30943167015691714,0.40665944430412915,v26 main_pc0,39.7
44,wine-quality,CBM_KE,9,PARTIAL,0.6339468302658486,nan,0.4847462938739917,0.3674575122701633,0.3873749765189563,0.4354095909652426,v26 main_pc0,349.6
44,wine-quality,CBM,0,PARTIAL,0.0,nan,0.0,0.0,0.0,0.0,v26 main_pc0,43.9
44,wine-quality,CBM,1,PARTIAL,0.15918367346938775,nan,0.03763285987576355,0.13924963924963923,0.05894112919429375,0.06123338735136979,v26 main_pc0,17.0
44,wine-quality,CBM,2,PARTIAL,0.09795918367346938,nan,0.06740121580547112,0.05431034482758621,0.056299603174603176,-0.04913354677533027,v26 main_pc0,14.6
44,wine-quality,CBM,3,OK,0.12244897959183673,0.39760432264096146,0.07102863541833307,0.06230407523510972,0.05470451830510857,-0.04552131326464059,v26 main_pc0,15.4
44,wine-quality,CBM,4,OK,0.0020408163265306124,0.5954175356799946,0.00029154518950437323,0.14285714285714285,0.0005819028222286877,0.0,v26 main_pc0,41.8
44,wine-quality,CBM,5,OK,0.0020408163265306124,0.5894840549818742,0.00029154518950437323,0.14285714285714285,0.0005819028222286877,0.0,v26 main_pc0,43.8
44,wine-quality,CBM,6,OK,0.0020408163265306124,0.5772758281757496,0.00029154518950437323,0.14285714285714285,0.0005819028222286877,0.0,v26 main_pc0,41.9
44,wine-quality,CBM,7,OK,0.0020408163265306124,0.4915682629884559,0.00029154518950437323,0.14285714285714285,0.0005819028222286877,0.0,v26 main_pc0,47.2
44,wine-quality,CBM,8,PARTIAL,0.14314928425357873,nan,0.09441352298495155,0.08397082369685108,0.0858250276854928,0.002608964299306253,v26 main_pc0,14.5
44,wine-quality,CBM,9,PARTIAL,0.04703476482617587,nan,0.20247046186895812,0.02177993239637075,0.03918793054193161,0.024430211935726517,v26 main_pc0,26.4
