Seed,Dataset,Algorithm,CV index,Status,Accuracy,AUC_ROC,Precision,Recall,F1_macro,MCC,bp_source,wall_s
42,balance-scale,CBM_KE,0,OK,0.9682539682539683,0.9958755916159566,0.9047619047619048,0.9770114942528737,0.9327485380116959,0.9468641529479986,v25,20.7
42,balance-scale,CBM_KE,1,OK,0.9841269841269841,1.0,0.9444444444444445,0.9885057471264368,0.9638490164805954,0.9729158085985287,v25,21.9
42,balance-scale,CBM_KE,2,OK,0.9682539682539683,0.9910750507099392,0.9047619047619048,0.9770114942528735,0.9325396825396827,0.9472669881727528,v25,25.1
42,balance-scale,CBM_KE,3,OK,0.9365079365079365,0.994050033806626,0.8436781609195402,0.8436781609195402,0.8436781609195402,0.8885941644562334,v25,6.6
42,balance-scale,CBM_KE,4,OK,0.9841269841269841,1.0,0.9444444444444445,0.9885057471264368,0.9638490164805954,0.9729158085985287,v25,7.4
42,balance-scale,CBM_KE,5,OK,0.967741935483871,0.9967781260884708,0.8888888888888888,0.9770114942528737,0.9216374269005847,0.9450415061127537,v25,20.1
42,balance-scale,CBM_KE,6,OK,0.967741935483871,0.9969605386014054,0.9214285714285714,0.9214285714285714,0.9214285714285714,0.9434822242479489,v25,23.0
42,balance-scale,CBM_KE,7,OK,1.0,1.0,1.0,1.0,1.0,1.0,v25,11.8
42,balance-scale,CBM_KE,8,OK,0.9838709677419355,1.0,0.9888888888888889,0.9880952380952381,0.9882896764252697,0.972171937508383,v25,29.7
42,balance-scale,CBM_KE,9,OK,0.9838709677419355,0.9942767053474858,0.9444444444444445,0.9885057471264368,0.9638490164805954,0.9725376779825632,v25,17.6
42,balance-scale,CBM,0,OK,0.9523809523809523,0.9796484110885734,0.8773946360153256,0.9103448275862069,0.8917487030009715,0.9177707830099481,v25,8.2
42,balance-scale,CBM,2,OK,0.9365079365079365,0.9989858012170386,0.8638888888888889,0.9540229885057471,0.8927358475381074,0.897317104659155,v25,19.8
42,balance-scale,CBM,6,OK,0.9516129032258065,0.9276045505921667,0.9659003831417624,0.8547619047619047,0.8934730895034195,0.9148943453500895,v25,13.8
42,balance-scale,CBM,8,OK,0.9838709677419355,0.9993015492508394,0.9888888888888889,0.9880952380952381,0.9882896764252697,0.972171937508383,v25,9.2
42,bank,CBM_KE,1,OK,0.905,0.9096969696969696,0.7880102860816458,0.7121212121212122,0.7418302873836538,0.49434033210740863,v25,35.9
42,bank,CBM_KE,9,OK,0.897,0.8897977604151975,0.7609959726684465,0.716916292932427,0.7359238435130846,0.4758751048816588,v25,208.8
42,bank,CBM,0,OK,0.888,0.9118276515151514,0.7381879543094496,0.7780303030303031,0.7556207233626588,0.5146784204328922,v25,303.8
42,bank,CBM,1,OK,0.884,0.886098484848485,0.7305027108530365,0.772159090909091,0.7485062136309633,0.5009327629047373,v25,269.8
42,bank,CBM,3,OK,0.895,0.8875946969696968,0.7514634124342705,0.7640151515151515,0.7575007332715922,0.515325725864141,v25,281.0
42,bank,CBM,4,OK,0.892,0.7785424834757754,0.7485549809280884,0.7995938284489323,0.7702205882352942,0.5457674901138666,v25,333.6
42,bank,CBM,5,OK,0.893,0.7063812183266108,0.7484848484848485,0.7467116087966228,0.7475932902276142,0.495193282390955,v25,393.0
42,bank,CBM,6,OK,0.904,0.8948278942073544,0.7830256902704176,0.7244614936206621,0.7488252346914213,0.5040966937845034,v25,343.9
42,bank,CBM,7,OK,0.886,0.6607856410835002,0.7337461300309598,0.7534200208727047,0.7429445030711368,0.48676873010233423,v25,437.3
42,bank,CBM,9,OK,0.886,0.810697731268628,0.7302009936032731,0.6999689730065156,0.7134411196911197,0.42910630979246156,v25,332.1
42,blood,CBM_KE,1,OK,0.7066666666666667,0.6267056530214425,0.6090909090909091,0.6169590643274854,0.612312030075188,0.225912997889962,v25,5.4
42,blood,CBM_KE,2,OK,0.72,0.5852826510721247,0.5874689826302729,0.5687134502923976,0.573055028462998,0.15505219237523674,v25,7.0
42,blood,CBM_KE,5,OK,0.72,0.6798245614035088,0.6000000000000001,0.587719298245614,0.592074592074592,0.18731716231633877,v25,5.3
42,blood,CBM_KE,7,OK,0.8133333333333334,0.7212475633528266,0.7447033898305084,0.7251461988304093,0.7337728194726166,0.4694423843721605,v25,7.4
42,blood,CBM_KE,8,OK,0.7432432432432432,0.7863777089783281,0.5563725490196079,0.5237358101135191,0.5109565217391304,0.07315868011779487,v25,6.4
42,blood,CBM,3,OK,0.68,0.702729044834308,0.6333333333333333,0.6754385964912281,0.6323529411764706,0.305887645160749,v25,9.3
42,blood,CBM,9,OK,0.6621621621621622,0.7089783281733746,0.5897435897435898,0.6155830753353972,0.5902547065337763,0.20369428164975395,v25,11.1
42,car,CBM_KE,3,OK,0.9942196531791907,1.0,0.99375,0.9979338842975207,0.9957980986396344,0.9875198273466141,v25,16.2
42,car,CBM_KE,7,OK,0.9884393063583815,0.9996101364522417,0.962171052631579,0.9913549369290997,0.975717041566572,0.9751388433449123,v25,75.6
42,car,CBM,0,OK,0.9942196531791907,1.0,0.99375,0.9979338842975207,0.9957980986396344,0.9875198273466141,v25,24.2
42,car,CBM,1,OK,0.9942196531791907,1.0,0.9979508196721312,0.9935897435897436,0.9957244401688846,0.9873704017981242,v25,23.7
42,car,CBM,2,OK,0.9942196531791907,1.0,0.9979508196721312,0.9935897435897436,0.9957244401688846,0.9873704017981242,v25,32.5
42,car,CBM,3,OK,0.7687861271676301,1.0,0.7770833333333333,0.9173553719008265,0.7561540219546898,0.6901600507426059,v25,22.3
42,car,CBM,4,OK,1.0,1.0,1.0,1.0,1.0,1.0,v25,31.4
42,car,CBM,5,OK,1.0,1.0,1.0,1.0,1.0,1.0,v25,35.8
42,car,CBM,6,OK,1.0,1.0,1.0,1.0,1.0,1.0,v25,24.0
42,car,CBM,7,OK,0.9942196531791907,1.0,0.9935897435897436,0.9979338842975207,0.9957159023549065,0.9875788336733873,v25,19.7
42,car,CBM,8,OK,0.9941860465116279,0.9991653574234093,0.96875,0.993421052631579,0.98,0.987283029348207,v25,25.5
42,car,CBM,9,OK,0.9883720930232558,1.0,0.9444444444444444,0.9958677685950413,0.9666666666666667,0.9752012075018419,v25,21.6
42,credit-g,CBM_KE,0,OK,0.73,0.7095238095238096,0.6722190852625636,0.6452380952380952,0.6534462841740469,0.3163085323362735,v25,6.4
42,credit-g,CBM_KE,1,OK,0.75,0.7914285714285715,0.7090715804394048,0.6404761904761904,0.6523432067862607,0.3427511001118099,v25,22.1
42,credit-g,CBM_KE,3,OK,0.7,0.7152380952380952,0.625,0.5952380952380952,0.6000000000000001,0.2182178902359924,v25,37.7
42,credit-g,CBM_KE,6,OK,0.81,0.848095238095238,0.792344786015672,0.730952380952381,0.7499671009343334,0.5196834589991635,v25,32.2
42,credit-g,CBM_KE,7,OK,0.75,0.7776190476190478,0.7033660589060309,0.7071428571428571,0.7051539096591579,0.41049154187475195,v25,6.6
42,credit-g,CBM_KE,8,OK,0.78,0.8204761904761905,0.7574525745257452,0.680952380952381,0.6984649122807017,0.4316788451742981,v25,38.9
42,credit-g,CBM_KE,9,OK,0.71,0.7442857142857144,0.6496702181633689,0.6404761904761904,0.6442154336891179,0.29000070396694133,v25,6.1
42,credit-g,CBM,0,OK,0.66,0.709047619047619,0.6128472222222222,0.6238095238095238,0.6155585707824514,0.23640271442232508,v25,5.8
42,credit-g,CBM,2,OK,0.73,0.7695238095238095,0.6909051909051909,0.7119047619047618,0.6970037032880709,0.40226219819986864,v25,34.0
42,credit-g,CBM,3,OK,0.7,0.7223809523809525,0.6388888888888888,0.6333333333333333,0.6357455075279261,0.2721655269759087,v25,40.6
42,credit-g,CBM,4,OK,0.71,0.8409523809523809,0.6856385148918809,0.7166666666666666,0.6871966346672419,0.4011068597098493,v25,19.9
42,credit-g,CBM,5,OK,0.66,0.6790476190476191,0.5952380952380952,0.5952380952380952,0.5952380952380952,0.19047619047619047,v25,11.2
42,credit-g,CBM,6,OK,0.78,0.86,0.7380952380952381,0.7380952380952381,0.7380952380952381,0.47619047619047616,v25,15.6
42,credit-g,CBM,7,OK,0.76,0.6557142857142857,0.7235772357723578,0.6571428571428571,0.6710526315789473,0.37487899712504835,v25,27.9
42,credit-g,CBM,8,OK,0.75,0.7552380952380953,0.7019288728149488,0.6595238095238095,0.6710093433346493,0.35895661600973144,v25,18.8
42,diabetes,CBM_KE,0,OK,0.7662337662337663,0.7859259259259259,0.7438461538461538,0.7348148148148148,0.7386877828054299,0.4785757597651158,v25,12.3
42,diabetes,CBM_KE,1,OK,0.7402597402597403,0.7525925925925925,0.7149758454106281,0.6977777777777778,0.7038461538461538,0.4123951744684367,v25,6.8
42,diabetes,CBM_KE,2,OK,0.7402597402597403,0.8229629629629629,0.7194950911640954,0.7318518518518519,0.7234195402298851,0.4511777625672017,v25,10.7
42,diabetes,CBM_KE,3,OK,0.8311688311688312,0.8711111111111111,0.8203616352201257,0.8018518518518518,0.8094422234913383,0.6219381089898975,v25,6.1
42,diabetes,CBM_KE,4,OK,0.7402597402597403,0.8437037037037036,0.7148148148148148,0.7148148148148148,0.7148148148148148,0.42962962962962964,v25,3.7
42,diabetes,CBM_KE,5,OK,0.7532467532467533,0.757037037037037,0.7318181818181818,0.7077777777777778,0.7156462585034014,0.43893811257017395,v25,20.0
42,diabetes,CBM_KE,6,OK,0.7012987012987013,0.74,0.68125,0.6933333333333334,0.6840321141837645,0.37438839013338365,v25,14.8
42,diabetes,CBM_KE,7,OK,0.7662337662337663,0.8718518518518519,0.7442528735632183,0.7518518518518519,0.7474489795918368,0.49604652413672967,v25,24.2
42,diabetes,CBM_KE,8,OK,0.75,0.8461538461538461,0.7252384446074835,0.7361538461538462,0.7293345829428304,0.4612631569755697,v25,7.2
42,diabetes,CBM_KE,9,OK,0.6842105263157895,0.793076923076923,0.6579710144927536,0.6676923076923077,0.6607142857142857,0.3255181959201964,v25,8.8
42,diabetes,CBM,0,OK,0.7402597402597403,0.7903703703703703,0.7148148148148148,0.7148148148148148,0.7148148148148148,0.42962962962962964,v25,11.1
42,diabetes,CBM,1,OK,0.7532467532467533,0.8222222222222222,0.7295918367346939,0.7333333333333334,0.7313131313131314,0.4629100498862757,v25,11.2
42,diabetes,CBM,2,OK,0.7402597402597403,0.8496296296296295,0.7422402159244265,0.7659259259259259,0.7348484848484849,0.507613844240676,v25,13.7
42,diabetes,CBM,4,OK,0.7272727272727273,0.8296296296296296,0.6992924528301887,0.6877777777777778,0.692175899486008,0.3868989217888074,v25,5.0
42,diabetes,CBM,5,OK,0.7402597402597403,0.768888888888889,0.7142307692307692,0.7062962962962962,0.7096530920060332,0.4204522053456932,v25,11.0
42,diabetes,CBM,6,OK,0.6363636363636364,0.7133333333333333,0.6383265856950068,0.6518518518518519,0.6287878787878788,0.28986305868896545,v25,10.3
42,diabetes,CBM,7,OK,0.7402597402597403,0.862962962962963,0.7165948275862069,0.7233333333333334,0.7193877551020409,0.4398765500800706,v25,9.1
42,diabetes,CBM,8,OK,0.7894736842105263,0.8453846153846154,0.7681159420289855,0.7846153846153847,0.7738095238095238,0.5524850114241865,v25,25.0
42,diabetes,CBM,9,OK,0.7105263157894737,0.8,0.6855072463768116,0.696923076923077,0.6889880952380952,0.3822598997961939,v25,21.9
42,kr-vs-kp,CBM_KE,0,OK,0.996875,1.0,0.9970238095238095,0.9967320261437909,0.996868118424272,0.9937557928313525,v25,24.8
42,kr-vs-kp,CBM_KE,1,OK,0.99375,0.9998434503541936,0.9940828402366864,0.9934640522875817,0.993734335839599,0.9875466986607835,v25,30.3
42,kr-vs-kp,CBM_KE,2,OK,0.99375,0.9998825877656452,0.9940828402366864,0.9934640522875817,0.993734335839599,0.9875466986607835,v25,24.8
42,kr-vs-kp,CBM_KE,5,OK,0.984375,0.9961645336777425,0.9841307066916822,0.9847559782395993,0.9843565150226341,0.9688864831715941,v25,77.4
42,kr-vs-kp,CBM_KE,6,OK,0.9968652037617555,0.9967105263157895,0.9970238095238095,0.9967105263157895,0.9968572976700655,0.9937342864569987,v25,24.7
42,kr-vs-kp,CBM_KE,7,OK,0.9905956112852664,0.9932634730538923,0.9911764705882353,0.9901315789473684,0.9905655727200134,0.981307493237889,v25,23.9
42,kr-vs-kp,CBM_KE,8,OK,0.9968652037617555,1.0,0.9970238095238095,0.9967105263157895,0.9968572976700655,0.9937342864569987,v25,101.6
42,kr-vs-kp,CBM_KE,9,OK,0.9937304075235109,0.9999212536420191,0.9937199779510197,0.9937199779510197,0.9937199779510197,0.9874399559020395,v25,26.2
42,kr-vs-kp,CBM,0,OK,1.0,1.0,1.0,1.0,1.0,1.0,v25,43.7
42,kr-vs-kp,CBM,1,OK,0.99375,0.9988650150679035,0.993738014167743,0.993738014167743,0.993738014167743,0.9874760283354859,v25,87.8
42,kr-vs-kp,CBM,2,OK,0.971875,0.9968298696724198,0.9723529411764706,0.9714101209346013,0.9717953991244821,0.9437625911717727,v25,43.4
42,kr-vs-kp,CBM,3,OK,0.996875,1.0,0.9967532467532467,0.9970059880239521,0.9968698340033845,0.9937592026375474,v25,81.9
42,kr-vs-kp,CBM,4,OK,0.996875,1.0,0.9967532467532467,0.9970059880239521,0.9968698340033845,0.9937592026375474,v25,53.2
42,kr-vs-kp,CBM,5,OK,0.990625,0.9976908927243553,0.9904944453137224,0.9907440021916951,0.9906095020101535,0.9812384157707068,v25,35.0
42,kr-vs-kp,CBM,6,OK,1.0,1.0,1.0,1.0,1.0,1.0,v25,50.3
42,kr-vs-kp,CBM,7,OK,0.987460815047022,0.9933816577371573,0.9883040935672515,0.986842105263158,0.9874161735700198,0.975145102886537,v25,42.9
42,kr-vs-kp,CBM,8,OK,0.9968652037617555,0.999881815316735,0.9970238095238095,0.9967105263157895,0.9968572976700655,0.9937342864569987,v25,62.9
42,kr-vs-kp,CBM,9,OK,0.9905956112852664,0.9949208599102292,0.9907225023636936,0.9904520040948106,0.9905774627086102,0.9811744691719083,v25,95.5
42,magic,CBM_KE,0,OK,0.889,0.9326818818344242,0.8865108446221037,0.8667355870745701,0.875156195345688,0.7529868033722109,v25,204.0
42,magic,CBM_KE,1,OK,0.874,0.9263912484251466,0.8649459054256655,0.8558334321046186,0.8600223964165734,0.720721732876544,v25,185.2
42,magic,CBM_KE,2,OK,0.868,0.9229891263789568,0.8668006977219473,0.8387833133595846,0.8498115818026251,0.7050275334108554,v25,46.3
42,magic,CBM_KE,3,OK,0.884,0.9402236181897199,0.8850708600271792,0.8569967383526705,0.8682243457793166,0.7415363539688683,v25,324.5
42,magic,CBM_KE,4,OK,0.888,0.9386564471310234,0.8802379082033442,0.8718519396485498,0.8757493865125959,0.7520430936942929,v25,238.8
42,magic,CBM_KE,5,OK,0.879,0.9314702874024907,0.885922900628783,0.8459497188310747,0.8606361671029945,0.7307801829907549,v25,260.5
42,magic,CBM_KE,7,OK,0.874,0.9384545147257012,0.8662976948348488,0.8538711759050742,0.8594245779390304,0.7200616529229312,v25,485.4
42,magic,CBM_KE,9,OK,0.852,0.8794813186813187,0.868177574059927,0.8050549450549451,0.8241436508728655,0.6702667815886866,v25,113.7
42,magic,CBM,0,OK,0.871,0.9251006369650439,0.8598490908121368,0.855484440230203,0.8575767512263304,0.7153202153293304,v25,282.1
42,magic,CBM,1,OK,0.869,0.9209698023257347,0.8595249260515114,0.8500190957818077,0.8543653162662825,0.7094803437095951,v25,365.1
42,magic,CBM,2,OK,0.853,0.9012770029719182,0.8475024015369836,0.8239566459905443,0.8333996334791937,0.6710460862730088,v25,404.5
42,magic,CBM,3,OK,0.873,0.9291348952365902,0.8669117647058824,0.8504844182810285,0.8575848407473319,0.7172080769578847,v25,346.4
42,magic,CBM,4,OK,0.881,0.9388803287108373,0.8702294461826732,0.867767198275673,0.8689702936937274,0.7379925369317922,v25,359.7
42,magic,CBM,5,OK,0.815,0.8975719823177452,0.798193764323754,0.8175738260484023,0.8041861818951602,0.615462540338793,v25,362.8
42,magic,CBM,6,OK,0.876,0.9185071049477829,0.871188992707068,0.8527956663549884,0.8606390821959684,0.7237509738182795,v25,145.7
42,magic,CBM,7,OK,0.886,0.9312859143367618,0.8859981856724528,0.8604998266015215,0.870899940659271,0.7460624075864462,v25,140.3
42,magic,CBM,8,OK,0.88,0.9292571428571429,0.870269400597079,0.8641758241758242,0.8670589903573455,0.7344199456156665,v25,291.8
42,magic,CBM,9,OK,0.847,0.8940571428571429,0.8341797569683627,0.8262637362637362,0.8299075831201619,0.6603960511456906,v25,293.0
42,mfeat-factors,CBM_KE,1,OK,0.985,0.9987222222222224,0.9861471861471861,0.985,0.9851067631555436,0.983442610805842,v25,17.3
42,mfeat-factors,CBM_KE,3,OK,0.965,0.9897500000000001,0.9661904761904762,0.9649999999999999,0.9652345215759851,0.9611912137166685,v25,15.6
42,mfeat-factors,CBM_KE,4,OK,0.97,0.9935555555555556,0.9718614718614719,0.97,0.9702224604663628,0.966827818066747,v25,17.6
42,mfeat-factors,CBM_KE,5,OK,0.975,0.9950277777777778,0.9771946169772256,0.975,0.9751928684007677,0.9724383436480823,v25,23.9
42,mfeat-factors,CBM_KE,7,OK,0.96,0.9975555555555555,0.9624327122153208,0.96,0.9603148196202798,0.9557679720426867,v25,36.1
42,mfeat-factors,CBM_KE,8,OK,0.96,0.9945277777777777,0.9608297258297258,0.96,0.9595705727733967,0.9557414122346465,v25,25.8
42,mfeat-factors,CBM_KE,9,OK,0.995,1.0,0.9952380952380953,0.9949999999999999,0.9949968730456537,0.9944720690522652,v25,13.2
42,mfeat-factors,CBM,0,OK,0.985,0.9993055555555556,0.9857142857142858,0.985,0.9849906191369605,0.9834152880222562,v25,32.0
42,mfeat-factors,CBM,1,OK,0.99,0.9998055555555556,0.9904761904761905,0.9899999999999999,0.9899937460913071,0.9889438317391072,v25,64.1
42,mfeat-factors,CBM,3,OK,0.975,0.9956944444444444,0.9759523809523809,0.975,0.9751125703564728,0.9723032508694623,v25,32.5
42,mfeat-factors,CBM,4,OK,0.985,0.9990555555555556,0.9857142857142858,0.985,0.9849906191369605,0.9834152880222562,v25,33.4
42,mfeat-factors,CBM,5,OK,0.96,0.9904166666666667,0.9625108225108224,0.9599999999999997,0.9601848429704656,0.9557945340651204,v25,31.9
42,mfeat-factors,CBM,6,OK,0.975,0.9996944444444444,0.977432712215321,0.975,0.9751897414464212,0.9724653689616051,v25,66.7
42,mfeat-factors,CBM,7,OK,0.97,0.998,0.9704511278195488,0.97,0.9698624140087555,0.9667472322930654,v25,54.7
42,mfeat-factors,CBM,8,OK,0.965,0.9956944444444444,0.966598313966735,0.9649999999999999,0.9648243498050944,0.9613247625778186,v25,15.5
42,optdigits,CBM_KE,2,OK,0.9911032028469751,0.9986762838591803,0.9914598997493733,0.9911967418546366,0.9911775689430558,0.9901493434926881,v25,187.2
42,optdigits,CBM_KE,3,OK,0.9893238434163701,0.9991864709923952,0.9894401953158758,0.9892834358623832,0.9892665654542692,0.9881582698389609,v25,29.7
42,optdigits,CBM_KE,5,OK,0.9875444839857651,0.9997461693287736,0.9878560036454773,0.9875615174299386,0.987605270493758,0.986184454046735,v25,33.2
42,optdigits,CBM_KE,6,OK,0.9839857651245552,0.9979281683461195,0.9842363942772291,0.9840516062884482,0.9839722216061293,0.982244316175551,v25,54.3
42,optdigits,CBM_KE,8,OK,0.9911032028469751,0.9991765564264827,0.9914075076645441,0.9911027568922306,0.9911471065191574,0.9901388586021195,v25,31.0
42,optdigits,CBM_KE,9,OK,0.9822064056939501,0.9951708228329927,0.9824171321721231,0.9822055137844611,0.982201863889507,0.9802531596013154,v25,39.1
42,optdigits,CBM,0,OK,0.9911032028469751,0.9999473390457713,0.9912852664576801,0.9911643332469102,0.9911790050920486,0.990124751193919,v25,32.8
42,optdigits,CBM,1,OK,0.9786476868327402,0.9972862648636704,0.9789362665633083,0.9787527400004714,0.9787504982481922,0.9762948474450569,v25,191.4
42,optdigits,CBM,2,OK,0.9893238434163701,0.9965118520678482,0.989639498432602,0.9894110275689222,0.9894072451921625,0.9881651397238173,v25,216.4
42,optdigits,CBM,3,OK,0.9857651245551602,0.9979748064818785,0.9863372650080946,0.9856482114376851,0.9857511271206947,0.9842383412700626,v25,207.6
42,optdigits,CBM,4,OK,0.9875444839857651,0.999802866973523,0.9877125764603079,0.987593984962406,0.9875135243579585,0.9861917327273724,v25,27.0
42,optdigits,CBM,5,OK,0.9875444839857651,0.9983562324847263,0.987806911346162,0.9874977215766689,0.9875582303045242,0.9861809359549463,v25,111.3
42,optdigits,CBM,6,OK,0.9786476868327402,0.9971866201030487,0.9790878526612478,0.9786619958988378,0.9786394029542554,0.9763262623930561,v25,111.2
42,optdigits,CBM,8,OK,0.9911032028469751,0.9999507029813802,0.9913188142770719,0.9911027568922306,0.9910835126216891,0.9901423766691545,v25,240.5
42,optdigits,CBM,9,OK,0.9839857651245552,0.9988011037945899,0.9844693041380881,0.9840225563909775,0.9839993722480752,0.9822613463359398,v25,32.0
42,page-blocks,CBM_KE,0,OK,0.9708029197080292,0.9936224762753847,0.8456102146326179,0.9154979674796749,0.8760439220322983,0.8476448366192585,v25,202.3
42,page-blocks,CBM_KE,1,OK,0.968978102189781,0.9927576680280724,0.8487373737373737,0.7637176243082556,0.7914121370687205,0.834402626935894,v25,87.3
42,page-blocks,CBM_KE,3,OK,0.979890310786106,0.998248863865351,0.8662394436164927,0.948663827686231,0.9030555916370844,0.8971213142901439,v25,217.0
42,page-blocks,CBM_KE,5,OK,0.9634369287020109,0.9927527450308675,0.7961331013484123,0.8835935732066078,0.8350019893622562,0.8196319560149388,v25,28.8
42,page-blocks,CBM_KE,6,OK,0.9707495429616088,0.9881006356493846,0.6938996318755837,0.6678722047357485,0.6796754429541314,0.8380280116713374,v25,83.5
42,page-blocks,CBM_KE,7,OK,0.9597806215722121,0.9723615500824081,0.6764015151515151,0.6331049805591557,0.6464047433296927,0.7816080649522712,v25,179.3
42,page-blocks,CBM_KE,8,OK,0.9835466179159049,0.9938552380959601,0.9276702112401909,0.8366592756836659,0.8645478346632487,0.9111380865051624,v25,26.2
42,pendigits,CBM_KE,3,OK,0.997,0.9999791400937982,0.9970732949861525,0.9969143446852426,0.9969786508405238,0.996669311815306,v25,84.6
42,pendigits,CBM_KE,5,OK,0.996,0.99926579434429,0.9960116786812392,0.9958328811720023,0.9959122675428317,0.9955569288566644,v25,117.2
42,pendigits,CBM_KE,6,OK,0.991,0.9994597332037628,0.990966232646905,0.9910964339059001,0.9910121216667882,0.9900027449850491,v25,390.5
42,pendigits,CBM_KE,8,OK,0.99,0.9986545242564164,0.9899773382692271,0.9899728316309819,0.9899333049319072,0.988895754337457,v25,49.0
42,pendigits,CBM_KE,9,OK,0.995,0.9996385415496203,0.9951837212291685,0.9950227159571821,0.9950759148147551,0.9944500135674676,v25,83.0
42,pendigits,CBM,1,OK,0.996,0.9998775265346836,0.9961025990154564,0.9960936142894905,0.9960742706598505,0.995560272498375,v25,490.2
42,pendigits,CBM,2,OK,0.996,0.998364439169588,0.996042367151101,0.9959716599190284,0.9959759174224094,0.9955614183758906,v25,340.4
42,pendigits,CBM,3,OK,0.999,0.9999051281335468,0.999056603773585,0.9990196078431373,0.9990334555132725,0.998889785368372,v25,452.9
42,pendigits,CBM,4,OK,0.993,0.9987454247555203,0.9931195353748776,0.9929511158359583,0.9930052529251012,0.9922274208918833,v25,211.2
42,pendigits,CBM,5,OK,0.992,0.9989733164309564,0.992070487259288,0.9920084310697442,0.9920018772034013,0.9911184112124338,v25,150.5
42,pendigits,CBM,6,OK,0.993,0.9989721188562719,0.9928990057561486,0.9930288461538463,0.9929351972825492,0.9922275589991323,v25,377.9
42,pendigits,CBM,7,OK,0.993,0.9997534980228024,0.9930611097386489,0.9928466599190285,0.9929302149059522,0.992226171483055,v25,369.8
42,pendigits,CBM,8,OK,0.994,0.9990999714806261,0.9940512166405023,0.993999542124542,0.9939781511952575,0.9933420757474974,v25,144.7
42,pendigits,CBM,9,OK,0.994,0.9996146483330385,0.9943023109727583,0.9940611774956436,0.9941494361212074,0.9933397349531716,v25,141.1
42,phoneme,CBM_KE,0,OK,0.8983364140480592,0.9577035793078468,0.8864749510215506,0.8637590964470347,0.8739392552862475,0.749890069231514,v25,41.1
42,phoneme,CBM_KE,1,OK,0.9038817005545287,0.9506733840429386,0.8852259156050956,0.8823718265336362,0.8837789602406054,0.7675924360701134,v25,82.5
42,phoneme,CBM_KE,2,OK,0.8983364140480592,0.9396259343409398,0.8702959444647425,0.9004741677368369,0.8826126236305464,0.7701790965115678,v25,74.0
42,phoneme,CBM_KE,3,OK,0.8613678373382625,0.9207086173400508,0.8298177205675092,0.8467598537982812,0.8373206317131551,0.6763654176968891,v25,86.0
42,phoneme,CBM_KE,4,OK,0.8981481481481481,0.9517695009609649,0.8831853352027834,0.86677380873484,0.8743521946060286,0.7497795538520938,v25,332.2
42,phoneme,CBM_KE,5,OK,0.8870370370370371,0.9440983497912387,0.8717214775149285,0.8496421234011532,0.8595183363968628,0.7210256214924227,v25,74.0
42,phoneme,CBM_KE,6,OK,0.8907407407407407,0.9465173305056663,0.8684788212402921,0.8671051759559945,0.8677871148459384,0.7355827146078809,v25,287.3
42,phoneme,CBM_KE,7,OK,0.8814814814814815,0.9508085360196169,0.8900862068965517,0.8178805752534959,0.8435094455814964,0.7042750253891731,v25,371.2
42,phoneme,CBM_KE,8,OK,0.8888888888888888,0.9520791033196322,0.8633510458974811,0.8736195711385133,0.8681876617142112,0.7368990756974722,v25,289.1
42,phoneme,CBM_KE,9,OK,0.9037037037037037,0.951550867462322,0.8898882576082665,0.87495666815233,0.8819056591077317,0.7646991618264347,v25,293.4
42,phoneme,CBM,3,OK,0.866913123844732,0.925285653133129,0.8360343481654957,0.854358062497942,0.8440872266162861,0.6901492028501777,v25,186.6
42,phoneme,CBM,4,OK,0.8796296296296297,0.942093578103254,0.8535128402628689,0.8573961163761681,0.8554121577366853,0.7108983505370033,v25,376.1
42,phoneme,CBM,7,OK,0.8888888888888888,0.9463682152561468,0.8777849881029635,0.8472397110477832,0.8603833425261996,0.7243809774064011,v25,228.0
42,satimage,CBM_KE,1,OK,0.9315707620528771,0.9903523578762016,0.921289144947262,0.9199929215987126,0.9203691798452082,0.9156327453745674,v25,89.8
42,satimage,CBM_KE,3,OK,0.9284603421461898,0.9886825212712832,0.9192209156945518,0.9087015644253943,0.9128169483337415,0.9118782513895491,v25,150.5
42,satimage,CBM_KE,5,OK,0.9129082426127527,0.9864338167911418,0.8962784908600535,0.8940260580400093,0.8941412802169945,0.8926793343697405,v25,82.9
42,satimage,CBM_KE,6,OK,0.9129082426127527,0.9813069456446155,0.9072550691626735,0.8927216923773894,0.8987561980644182,0.8925234114106683,v25,99.7
42,satimage,CBM_KE,8,OK,0.9284603421461898,0.9918431657153457,0.926308855072909,0.9003313015346984,0.9098068504892535,0.9119779986651902,v25,46.4
42,satimage,CBM,0,OK,0.8662519440124417,0.9835683838248301,0.8343594381167351,0.8364161242784104,0.8230157541749951,0.8381694345908782,v25,383.6
42,satimage,CBM,1,OK,0.9362363919129082,0.975412074104554,0.9285085974786219,0.9269667507998546,0.9271894398218902,0.9214497284463807,v25,332.2
42,satimage,CBM,3,OK,0.8973561430793157,0.9817967099636874,0.8754749685648165,0.8749806018907281,0.8750545354804301,0.87327925892055,v25,235.8
42,satimage,CBM,4,OK,0.8989113530326595,0.9852725629270105,0.8827832413818362,0.883059575249399,0.8826124753917072,0.8754873094331648,v25,80.7
42,satimage,CBM,5,OK,0.9237947122861586,0.9891589919875025,0.9150997787078979,0.9044619985760969,0.9092211959666897,0.9058570653299405,v25,288.7
42,satimage,CBM,6,OK,0.9222395023328149,0.9800073789621582,0.9248844776183276,0.8983151624447893,0.9083605829860311,0.9041856099718093,v25,270.0
42,satimage,CBM,7,OK,0.9300155520995335,0.9899929144844773,0.9220734024122771,0.9102569995134203,0.9145553813258691,0.9138146141527581,v25,238.1
42,satimage,CBM,8,OK,0.9300155520995335,0.9887109600277052,0.9265410263652644,0.9056766963436392,0.913795975063414,0.9137796170664245,v25,79.3
42,satimage,CBM,9,OK,0.9284603421461898,0.9843186089886945,0.9235888867467815,0.9102332743908467,0.9129415742039965,0.9120928695087404,v25,271.7
42,segment,CBM_KE,1,OK,0.9653679653679653,0.9959333595697232,0.9659799403632421,0.9653679653679654,0.9654194685911105,0.9596798917188872,v25,105.2
42,segment,CBM_KE,3,OK,0.9696969696969697,0.9988630897721806,0.970294393417191,0.9696969696969697,0.9696819605621185,0.964751935444677,v25,58.5
42,segment,CBM_KE,5,OK,0.9783549783549783,0.9977043158861341,0.9785849823800489,0.9783549783549784,0.9782126455633918,0.9748327321144485,v25,92.0
42,segment,CBM_KE,6,OK,0.9956709956709957,0.9998032270759544,0.9957983193277311,0.9956709956709957,0.9956700016401508,0.9949712488986399,v25,26.9
42,segment,CBM_KE,7,OK,0.9653679653679653,0.994949494949495,0.9662936142198816,0.9653679653679654,0.9653361344537815,0.9597638458693163,v25,83.4
42,segment,CBM_KE,8,OK,0.9696969696969697,0.9958240412785867,0.9703752468729426,0.9696969696969697,0.9695378151260504,0.9648152345317863,v25,33.4
42,segment,CBM_KE,9,OK,0.961038961038961,0.9887620796711705,0.9625583566760038,0.961038961038961,0.9611213832776826,0.9547751058069381,v25,80.7
42,segment,CBM,0,OK,0.961038961038961,0.9965018146836329,0.9610865313867482,0.961038961038961,0.9606898643498731,0.9546706983240616,v25,69.7
42,segment,CBM,1,OK,0.9653679653679653,0.995168131531768,0.9656066972243442,0.9653679653679654,0.9653620011828966,0.9596379229045877,v25,100.8
42,segment,CBM,2,OK,0.9653679653679653,0.9968297695570423,0.9656226126814361,0.9653679653679654,0.9654315833420312,0.95961694056214,v25,97.7
42,segment,CBM,3,OK,0.974025974025974,0.9991035900126809,0.9741532976827095,0.974025974025974,0.9740249799951293,0.9697181715154257,v25,46.2
42,segment,CBM,4,OK,0.974025974025974,0.9982071800253618,0.9737394957983193,0.974025974025974,0.9737575856978842,0.969739374724636,v25,24.6
42,segment,CBM,5,OK,0.9783549783549783,0.9985132712405439,0.9788265306122449,0.9783549783549784,0.9784098254686491,0.9748114156754025,v25,50.0
42,segment,CBM,7,OK,0.961038961038961,0.9975949975949975,0.9614795918367347,0.961038961038961,0.9605273101436784,0.9547959914144789,v25,24.9
42,segment,CBM,8,OK,0.9696969696969697,0.9905111723293542,0.9698979591836735,0.9696969696969697,0.9696186166774403,0.9647097429741031,v25,120.9
42,segment,CBM,9,OK,0.9567099567099567,0.9961957234684508,0.9574209229146203,0.9567099567099567,0.9568245333829181,0.9495779981218463,v25,28.6
42,spambase,CBM_KE,0,OK,0.9457700650759219,0.9846980976013234,0.9411278400248988,0.9466008901492773,0.9436212522196838,0.8877118587126068,v25,39.6
42,spambase,CBM_KE,2,OK,0.9630434782608696,0.9871680627339157,0.9635883482714469,0.9588605714964653,0.9610927852490907,0.9224368041810528,v25,152.6
42,spambase,CBM_KE,4,OK,0.9543478260869566,0.9793263232935305,0.9543854033290653,0.9497514802273312,0.951938146484171,0.9041250084826545,v25,24.3
42,spambase,CBM_KE,5,OK,0.95,0.9833264025030198,0.948015873015873,0.9471375670805362,0.9475715935163207,0.8951530092085486,v25,27.5
42,spambase,CBM_KE,6,OK,0.9434782608695652,0.9649597021723204,0.9407909067506287,0.9407909067506287,0.9407909067506287,0.8815818135012574,v25,148.1
42,spambase,CBM_KE,7,OK,0.9391304347826087,0.9840788926513396,0.9355506894715038,0.9372066773599477,0.9363586054233537,0.8727557957771935,v25,77.2
42,spambase,CBM_KE,9,OK,0.9565217391304348,0.9897027432998656,0.9531433953378856,0.9564392442090284,0.9547101449275361,0.9095766683162831,v25,67.8
42,spambase,CBM,0,OK,0.9262472885032538,0.973610618771909,0.9228307534759148,0.9228307534759148,0.9228307534759148,0.8456615069518295,v25,84.5
42,spambase,CBM,1,OK,0.9543478260869566,0.9886037347274204,0.9504552232948749,0.9546030614467613,0.952402304004415,0.9050487800213524,v25,154.1
42,spambase,CBM,3,OK,0.9543478260869566,0.9803560466543892,0.9510869565217391,0.9536327452028753,0.9523139577934099,0.9047161199230764,v25,73.0
42,spambase,CBM,6,OK,0.9369565217391305,0.9720192479058991,0.9359795134443021,0.9315332976890631,0.9336288689543313,0.867501417085858,v25,93.9
42,spambase,CBM,7,OK,0.9347826086956522,0.981009524941088,0.9294402467834202,0.9355630804570387,0.9321867321867322,0.8649816570568821,v25,114.6
42,tic-tac-toe,CBM_KE,0,OK,1.0,1.0,1.0,1.0,1.0,1.0,v25,30.9
42,tic-tac-toe,CBM_KE,1,OK,0.9791666666666666,0.9995256166982922,0.9722222222222222,0.9838709677419355,0.9775175644028102,0.9560222249632359,v25,32.0
42,tic-tac-toe,CBM_KE,3,OK,0.9791666666666666,1.0,0.9714285714285714,0.9841269841269842,0.9772296015180266,0.9554711769949041,v25,9.3
42,tic-tac-toe,CBM_KE,4,OK,0.9583333333333334,0.9971139971139972,0.9489461358313818,0.961038961038961,0.9544592030360531,0.9099047423245062,v25,7.4
42,tic-tac-toe,CBM_KE,5,OK,0.9791666666666666,1.0,0.9846153846153847,0.9696969696969697,0.9765625,0.9541957401338105,v25,31.9
42,tic-tac-toe,CBM_KE,6,OK,0.96875,0.9990379990379991,0.96875,0.9617604617604618,0.9651120533010298,0.9304842103984708,v25,6.3
42,tic-tac-toe,CBM_KE,7,OK,0.9791666666666666,0.9995189995189996,0.976911976911977,0.976911976911977,0.976911976911977,0.9538239538239538,v25,9.5
42,tic-tac-toe,CBM_KE,8,OK,0.968421052631579,0.978494623655914,0.9623915139826422,0.9687194525904204,0.965416818347288,0.9310894636207624,v25,7.3
42,tic-tac-toe,CBM_KE,9,OK,0.9789473684210527,0.9980449657869013,0.9767839687194526,0.9767839687194526,0.9767839687194526,0.9535679374389052,v25,8.5
42,tic-tac-toe,CBM,0,OK,1.0,1.0,1.0,1.0,1.0,1.0,v25,12.4
42,tic-tac-toe,CBM,2,OK,0.9895833333333334,1.0,0.9921875,0.9848484848484849,0.9883706844336766,0.9770084209183943,v25,12.6
42,tic-tac-toe,CBM,3,OK,0.9895833333333334,1.0,0.9852941176470589,0.9920634920634921,0.9885373134328358,0.977334166408364,v25,26.3
42,tic-tac-toe,CBM,4,OK,0.96875,0.9985569985569986,0.9625237191650854,0.968975468975469,0.9656119402985075,0.9314768448173557,v25,13.1
42,tic-tac-toe,CBM,5,OK,0.9791666666666666,0.9971139971139972,0.9846153846153847,0.9696969696969697,0.9765625,0.9541957401338105,v25,27.0
42,tic-tac-toe,CBM,6,OK,1.0,1.0,1.0,1.0,1.0,1.0,v25,14.4
42,tic-tac-toe,CBM,7,OK,1.0,1.0,1.0,1.0,1.0,1.0,v25,15.8
42,tic-tac-toe,CBM,9,OK,0.968421052631579,0.9995112414467253,0.9583333333333333,0.9758064516129032,0.9658641753503414,0.9339763529966855,v25,12.4
42,vehicle,CBM_KE,0,OK,0.8,0.9455665515040516,0.7960526315789473,0.8013528138528139,0.7977813852813852,0.7338382473382211,v25,16.9
42,vehicle,CBM_KE,1,OK,0.8588235294117647,0.9668286054223555,0.8588826314798854,0.8614718614718615,0.8586474501108647,0.8128580594411511,v25,16.2
42,vehicle,CBM_KE,3,OK,0.7529411764705882,0.9290184121434121,0.7448849104859335,0.7564935064935064,0.7471269041036482,0.6732668891975335,v25,16.8
42,vehicle,CBM_KE,4,OK,0.8941176470588236,0.9813368055555556,0.9035416666666667,0.8966450216450216,0.8930205949656751,0.8633245757641459,v25,31.8
42,vehicle,CBM_KE,5,OK,0.788235294117647,0.9556731636419136,0.8059947663275836,0.7921536796536797,0.7913555666168907,0.7235878121639623,v25,14.3
42,vehicle,CBM_KE,6,OK,0.8690476190476191,0.9691484865420997,0.8691287878787879,0.8689935064935066,0.8673708874543051,0.8263598442264662,v25,10.0
42,vehicle,CBM_KE,8,OK,0.7857142857142857,0.9346434163128432,0.7914174641148326,0.7895021645021645,0.7886387163561077,0.7152601918347877,v25,17.9
42,vehicle,CBM_KE,9,OK,0.8333333333333334,0.9584676839231131,0.8428030303030303,0.8381493506493507,0.83134820867379,0.7843731902342765,v25,29.6
42,vehicle,CBM,0,OK,0.7764705882352941,0.9397434163059163,0.771354852876592,0.7797619047619048,0.7733225108225108,0.7036972904477955,v25,14.2
42,vehicle,CBM,2,OK,0.8117647058823529,0.9518285533910534,0.8146739130434782,0.8143939393939393,0.8138528138528138,0.7495382853507427,v25,15.2
42,vehicle,CBM,3,OK,0.8,0.9484783619158619,0.797128691293451,0.8008116883116883,0.7983739837398374,0.7336043986456389,v25,5.1
42,vehicle,CBM,4,OK,0.8705882352941177,0.9773854617604617,0.8700828157349896,0.8722943722943723,0.8709671465485419,0.827516172928831,v25,5.8
42,vehicle,CBM,5,OK,0.7764705882352941,0.9525712828837829,0.7804347826086957,0.7780844155844155,0.7788200958932666,0.7019038295092822,v25,5.7
42,vehicle,CBM,7,OK,0.8333333333333334,0.9582719348545203,0.8410526315789474,0.8347858282068809,0.8365943070730304,0.7783486207685798,v25,16.4
42,wdbc,CBM_KE,2,OK,0.9122807017543859,0.9841269841269842,0.920940170940171,0.8908730158730158,0.9025641025641026,0.8112561965679829,v25,14.9
42,wdbc,CBM_KE,5,OK,0.9122807017543859,0.9854497354497355,0.920940170940171,0.8908730158730158,0.9025641025641026,0.8112561965679829,v25,14.6
42,wdbc,CBM_KE,6,OK,0.9649122807017544,0.9656084656084656,0.9736842105263157,0.9523809523809523,0.9614864864864865,0.9258200997725514,v25,11.2
42,wdbc,CBM_KE,9,OK,0.9464285714285714,0.9034013605442176,0.9398395721925134,0.9476190476190476,0.9433771486349849,0.8874245216579992,v25,15.5
42,wdbc,CBM,0,OK,0.9824561403508771,0.9973544973544973,0.9772727272727273,0.9861111111111112,0.981329839502129,0.9633432944855655,v25,11.5
42,wdbc,CBM,1,OK,0.9649122807017544,0.9722222222222222,0.9736842105263157,0.9523809523809523,0.9614864864864865,0.9258200997725514,v25,5.2
42,wdbc,CBM,2,OK,1.0,1.0,1.0,1.0,1.0,1.0,v25,5.2
42,wdbc,CBM,3,OK,1.0,1.0,1.0,1.0,1.0,1.0,v25,6.1
42,wdbc,CBM,4,OK,0.9122807017543859,0.9563492063492063,0.9032467532467532,0.9107142857142857,0.9066491975106452,0.8139267835041308,v25,11.6
42,wdbc,CBM,5,OK,0.9298245614035088,0.9933862433862434,0.9246031746031746,0.9246031746031746,0.9246031746031746,0.8492063492063492,v25,14.4
42,wdbc,CBM,6,OK,0.9473684210526315,0.9642857142857142,0.9402597402597402,0.9484126984126984,0.9439895185063871,0.8886350389948482,v25,5.8
42,wdbc,CBM,7,OK,0.9649122807017544,0.974025974025974,0.972972972972973,0.9545454545454546,0.9623015873015872,0.9273353546322172,v25,11.3
42,wdbc,CBM,9,OK,0.9464285714285714,0.9891156462585033,0.9398395721925134,0.9476190476190476,0.9433771486349849,0.8874245216579992,v25,3.0
42,wine-quality,CBM_KE,2,PARTIAL,0.6326530612244898,nan,0.26977265462879935,0.2821764442454097,0.27528143585500636,0.437254042944919,v25,161.7
42,wine-quality,CBM_KE,5,OK,0.6020408163265306,0.7873720514198801,0.2768913051872,0.2681039850560399,0.26913227074048823,0.3844994370247238,v25,46.4
42,wine-quality,CBM_KE,7,OK,0.5673469387755102,0.7149509051708345,0.23351897096866917,0.2439423590108522,0.23728466715266347,0.3267098445265717,v25,25.5
42,wine-quality,CBM_KE,8,PARTIAL,0.5971370143149284,nan,0.3003517646374789,0.3015151515151515,0.29708361638175845,0.37012519724107773,v25,172.5
43,balance-scale,CBM_KE,1,OK,0.9682539682539683,0.9970250169033131,0.9047619047619048,0.9770114942528735,0.9325396825396827,0.9472669881727528,v25,22.6
43,balance-scale,CBM_KE,3,OK,0.9523809523809523,0.9918864097363084,0.8777777777777778,0.9103448275862069,0.8915364296720228,0.9185671135571714,v25,6.6
43,balance-scale,CBM_KE,4,OK,0.9841269841269841,1.0,0.9888888888888889,0.9333333333333332,0.9573132454488387,0.9723450321743318,v25,29.1
43,balance-scale,CBM_KE,5,OK,0.967741935483871,0.9982149076976663,0.9051724137931035,0.9051724137931035,0.9051724137931035,0.9422180801491147,v25,22.9
43,balance-scale,CBM_KE,6,OK,1.0,1.0,1.0,1.0,1.0,1.0,v25,22.3
43,balance-scale,CBM_KE,7,OK,0.9516129032258065,0.9842940011070148,0.9103448275862069,0.9099343185550083,0.9099415204678363,0.9156791248860529,v25,8.1
43,balance-scale,CBM_KE,8,OK,0.9838709677419355,1.0,0.9444444444444445,0.9885057471264368,0.9638490164805954,0.9725376779825632,v25,28.7
43,balance-scale,CBM_KE,9,OK,0.9354838709677419,0.9775706438325207,0.8666666666666667,0.8980295566502464,0.8797960775361905,0.8893233337777923,v25,5.2
43,balance-scale,CBM,2,OK,0.9841269841269841,1.0,0.9444444444444445,0.9885057471264368,0.9638490164805954,0.9729158085985287,v25,10.6
43,balance-scale,CBM,3,OK,0.9365079365079365,0.987762001352265,0.8456486042692939,0.8988505747126437,0.8654898741105638,0.8926169696243248,v25,8.7
43,balance-scale,CBM,6,OK,0.9838709677419355,1.0,0.9444444444444445,0.9880952380952381,0.9636363636363635,0.972520851765122,v25,26.1
43,balance-scale,CBM,7,OK,0.9354838709677419,0.9898421718134539,0.8447971781305115,0.8980295566502464,0.8648591174906963,0.8906994149247558,v25,11.9
43,balance-scale,CBM,9,OK,0.9516129032258065,0.9900676533056164,0.8773946360153256,0.9099343185550083,0.8915360501567399,0.9165614152830454,v25,23.3
43,bank,CBM_KE,1,OK,0.908,0.9083238636363636,0.7983988355167394,0.7174242424242424,0.7488973317612123,0.5094276818254116,v25,206.7
43,bank,CBM_KE,2,OK,0.882,0.9035700757575758,0.7111828427617901,0.5731060606060606,0.5945518767437705,0.24850549854603698,v25,55.4
43,bank,CBM_KE,4,OK,0.896,0.9117705130736468,0.7661261261261261,0.6735866264255963,0.705869043848138,0.42986479938672345,v25,83.9
43,bank,CBM_KE,5,OK,0.911,0.9268139038539287,0.7938384813384813,0.7747675326018484,0.7838289479756431,0.5682861057631052,v25,57.7
43,bank,CBM_KE,6,OK,0.903,0.9007136208501396,0.7715606127559287,0.7773437132729717,0.7744054886912031,0.54887386062888,v25,265.4
43,bank,CBM_KE,7,OK,0.9,0.9203546479376452,0.7820041081113032,0.6794253424721932,0.7145825484353415,0.44988302335801017,v25,81.0
43,bank,CBM_KE,8,OK,0.897,0.9267668932577403,0.7581049359218374,0.8060013727094087,0.7787985971965407,0.5620692651094034,v25,241.0
43,bank,CBM_KE,9,OK,0.894,0.9072386916010869,0.7516360734237829,0.7223366146729473,0.7356107391924654,0.47306622240289825,v25,67.6
43,bank,CBM,0,OK,0.886,0.8870549242424242,0.7373511904761905,0.8020833333333333,0.7632890365448505,0.535536511508534,v25,345.1
43,bank,CBM,1,OK,0.888,0.6325946969696971,0.7331971255460054,0.6880681818181819,0.7069627738066582,0.4188410648762297,v25,637.7
43,bank,CBM,3,OK,0.897,0.8143844696969696,0.7570042937015413,0.7363636363636363,0.746029554269539,0.4929359772642461,v25,416.7
43,bank,CBM,4,OK,0.871,0.7266286821049465,0.6986578765754967,0.7056901625626416,0.7020723294479562,0.40428688292925413,v25,270.7
43,bank,CBM,5,OK,0.897,0.8154081930067036,0.7579545454545454,0.7561137280342989,0.7570290550789184,0.5140649776040249,v25,397.1
43,bank,CBM,6,OK,0.897,0.8814956891283297,0.7582501170229365,0.7489869216521404,0.7534888507554489,0.5071524490874356,v25,343.6
43,bank,CBM,7,OK,0.887,0.807501010727818,0.7357736349671833,0.753988849086584,0.7443386856293455,0.4894236373134232,v25,201.9
43,bank,CBM,8,OK,0.886,0.8801793924350549,0.7376216835273908,0.7926174559745767,0.7604156158579642,0.5273793796430841,v25,352.1
43,bank,CBM,9,OK,0.874,0.7919216991509885,0.7004935193911572,0.6860162280578042,0.692814791699173,0.3862385181577689,v25,156.6
43,blood,CBM_KE,0,OK,0.72,0.702729044834308,0.6404682274247492,0.6637426900584795,0.6475721637950325,0.3033192735470314,v25,11.4
43,blood,CBM_KE,1,OK,0.7733333333333333,0.7227095516569201,0.6789772727272727,0.6228070175438596,0.6366486178398404,0.29651080973057514,v25,16.4
43,blood,CBM_KE,2,OK,0.7066666666666667,0.6739766081871345,0.5720140515222483,0.5599415204678362,0.5630296610169492,0.1314021574144452,v25,6.8
43,blood,CBM_KE,3,OK,0.7333333333333333,0.7553606237816765,0.3767123287671233,0.4824561403508772,0.4230769230769231,-0.09301487194157254,v25,7.0
43,blood,CBM_KE,4,OK,0.7866666666666666,0.8284600389863548,0.7154850746268657,0.6125730994152047,0.6277915632754343,0.31149846053207353,v25,10.2
43,blood,CBM_KE,8,OK,0.7432432432432432,0.6589267285861714,0.6115591397849462,0.5856553147574819,0.592581860330339,0.1955058386069684,v25,7.6
43,blood,CBM,0,OK,0.7466666666666667,0.5633528265107212,0.6039915966386554,0.5482456140350878,0.544,0.14166352295945625,v25,2.6
43,blood,CBM,1,OK,0.7866666666666666,0.7207602339181287,0.704978813559322,0.6885964912280702,0.6957403651115619,0.3932342050909656,v25,26.0
43,blood,CBM,2,OK,0.6533333333333333,0.6915204678362573,0.5409090909090909,0.543859649122807,0.5418233082706767,0.08471737420873575,v25,8.1
43,blood,CBM,3,OK,0.76,0.5146198830409356,0.38,0.5,0.4318181818181818,0.0,v25,8.3
43,blood,CBM,4,OK,0.72,0.6237816764132553,0.5874689826302729,0.5687134502923976,0.573055028462998,0.15505219237523674,v25,15.6
43,blood,CBM,5,OK,0.7733333333333333,0.7660818713450293,0.6871196754563895,0.6798245614035088,0.6832298136645962,0.36687171364885646,v25,12.9
43,blood,CBM,6,OK,0.5066666666666667,0.4395711500974659,0.44490254872563717,0.4283625730994152,0.4267713282379674,-0.12565093932121157,v25,14.3
43,blood,CBM,8,OK,0.7702702702702703,0.5928792569659443,0.38513513513513514,0.5,0.4351145038167939,0.0,v25,9.7
43,blood,CBM,9,OK,0.43243243243243246,0.2579979360165119,0.34830575256107166,0.3013415892672859,0.3208041958041958,-0.34719065721019965,v25,12.3
43,car,CBM_KE,1,OK,0.9826589595375722,1.0,0.9602206736353078,0.9807692307692308,0.968720050441362,0.9622472325544461,v25,29.6
43,car,CBM_KE,2,OK,1.0,1.0,1.0,1.0,1.0,1.0,v25,45.3
43,car,CBM_KE,3,OK,0.9884393063583815,0.9998645915369118,0.9915405632618748,0.9578754578754578,0.9733301677746122,0.9746056628086116,v25,45.3
43,car,CBM_KE,4,OK,0.9826589595375722,0.9989294087978299,0.9850961538461538,0.9892888212266203,0.9871477070647195,0.9625566986081417,v25,64.6
43,car,CBM_KE,5,OK,1.0,1.0,1.0,1.0,1.0,1.0,v25,22.7
43,car,CBM_KE,6,OK,0.9942196531791907,1.0,0.9979508196721312,0.993421052631579,0.9956378600823046,0.9874289994629426,v25,60.5
43,car,CBM_KE,7,OK,1.0,1.0,1.0,1.0,1.0,1.0,v25,10.5
43,car,CBM_KE,8,OK,0.9941860465116279,1.0,0.9935897435897436,0.9979338842975207,0.9957159023549065,0.9873478038914031,v25,55.0
43,car,CBM_KE,9,OK,1.0,1.0,1.0,1.0,1.0,1.0,v25,41.0
43,car,CBM,0,OK,0.9942196531791907,0.9812822719449226,0.9642857142857143,0.9642857142857143,0.9615384615384617,0.9874287384885251,v25,44.9
43,car,CBM,1,OK,0.9942196531791907,1.0,0.9642857142857143,0.9935897435897436,0.9775224775224776,0.9874607602464589,v25,39.1
43,car,CBM,2,OK,1.0,1.0,1.0,1.0,1.0,1.0,v25,38.1
43,car,CBM,4,OK,0.9884393063583815,1.0,0.9667008196721312,0.9868421052631579,0.9755477699922144,0.9749549125437694,v25,40.6
43,car,CBM,5,OK,0.9942196531791907,1.0,0.96875,0.993421052631579,0.98,0.9875168595946126,v25,50.4
43,car,CBM,6,OK,0.9942196531791907,1.0,0.96875,0.9979338842975207,0.9822959889349931,0.9876221214194032,v25,38.8
43,car,CBM,7,OK,1.0,1.0,1.0,1.0,1.0,1.0,v25,35.1
43,car,CBM,8,OK,1.0,1.0,1.0,1.0,1.0,1.0,v25,37.9
43,credit-g,CBM_KE,1,OK,0.71,0.7033333333333334,0.6370468611847921,0.5738095238095238,0.5704340097763294,0.20115032750298395,v25,19.4
43,credit-g,CBM_KE,3,OK,0.7,0.7157142857142857,0.631578947368421,0.6142857142857143,0.6194824961948249,0.24525573579398632,v25,16.0
43,credit-g,CBM_KE,5,OK,0.76,0.7176190476190477,0.7777777777777778,0.6190476190476191,0.625,0.363696483726654,v25,13.5
43,credit-g,CBM_KE,7,OK,0.72,0.7761904761904763,0.6779513888888888,0.6952380952380952,0.6834011759384894,0.37278889581982033,v25,7.5
43,credit-g,CBM_KE,8,OK,0.79,0.787142857142857,0.7501214181641573,0.7452380952380953,0.7475658131987017,0.49533544257938605,v25,25.8
43,credit-g,CBM_KE,9,OK,0.67,0.72,0.6153324287652646,0.6214285714285714,0.6176572818908586,0.2366825051781695,v25,11.0
43,credit-g,CBM,3,OK,0.73,0.6933333333333332,0.6733333333333333,0.6547619047619048,0.6614420062695925,0.32756920994133026,v25,11.6
43,credit-g,CBM,4,OK,0.67,0.7285714285714285,0.6324085750315258,0.6499999999999999,0.6349153667441089,0.28186015152716337,v25,5.9
43,credit-g,CBM,5,OK,0.72,0.8228571428571428,0.6875,0.7142857142857142,0.6923076923076923,0.40089186286863654,v25,4.4
43,credit-g,CBM,6,OK,0.63,0.6733333333333333,0.6040391676866586,0.6214285714285714,0.6009060511271707,0.22479615214508036,v25,16.9
43,credit-g,CBM,8,OK,0.7,0.7842857142857144,0.65625,0.6714285714285715,0.66078697421981,0.32732683535398854,v25,28.6
43,credit-g,CBM,9,OK,0.65,0.7347619047619047,0.617817279867714,0.6357142857142857,0.6178622120318812,0.2528990943601569,v25,10.7
43,diabetes,CBM_KE,0,OK,0.6753246753246753,0.7674074074074073,0.6337099811676083,0.6051851851851852,0.6075433231396534,0.23718607994755933,v25,11.6
43,diabetes,CBM_KE,1,OK,0.7662337662337663,0.834074074074074,0.7980769230769231,0.6837037037037037,0.6960526315789474,0.46800784077976626,v25,8.2
43,diabetes,CBM_KE,2,OK,0.6493506493506493,0.6918518518518518,0.6223404255319149,0.6277777777777778,0.6239826370048833,0.2500590946704862,v25,5.6
43,diabetes,CBM_KE,4,OK,0.7272727272727273,0.8037037037037037,0.7062146892655368,0.6622222222222223,0.6703363914373088,0.3658010669613767,v25,17.0
43,diabetes,CBM_KE,5,OK,0.7792207792207793,0.7637037037037037,0.7787193973634652,0.7192592592592593,0.7331294597349644,0.4944160539751941,v25,17.8
43,diabetes,CBM_KE,6,OK,0.7142857142857143,0.8237037037037036,0.6846153846153846,0.6777777777777778,0.6806184012066365,0.36232865092627065,v25,22.0
43,diabetes,CBM_KE,7,OK,0.7922077922077922,0.8081481481481481,0.7827380952380952,0.7462962962962962,0.7578616352201257,0.5277777777777778,v25,18.8
43,diabetes,CBM_KE,8,OK,0.6973684210526315,0.7707692307692308,0.669479090242113,0.6776923076923077,0.672352389878163,0.34707423212168276,v25,6.6
43,diabetes,CBM_KE,9,OK,0.6710526315789473,0.7138461538461538,0.6287940935192781,0.6207692307692307,0.6235387358827026,0.24943426871176771,v25,8.2
43,diabetes,CBM,3,OK,0.8181818181818182,0.8681481481481481,0.803076923076923,0.7918518518518518,0.7967571644042233,0.5948228686039609,v25,3.6
43,diabetes,CBM,4,OK,0.7532467532467533,0.8037037037037037,0.7390560875512996,0.758888888888889,0.7421117574475586,0.4975498563492141,v25,9.5
43,diabetes,CBM,5,OK,0.7272727272727273,0.7659259259259259,0.7015306122448979,0.7048148148148148,0.703030303030303,0.4063321549001754,v25,9.4
43,diabetes,CBM,6,OK,0.7272727272727273,0.8192592592592592,0.6992924528301887,0.6877777777777778,0.692175899486008,0.3868989217888074,v25,4.6
43,diabetes,CBM,7,OK,0.6883116883116883,0.8081481481481481,0.6704545454545454,0.6833333333333333,0.6723404255319149,0.3535533905932738,v25,17.4
43,diabetes,CBM,8,OK,0.7236842105263158,0.7738461538461539,0.7014336917562725,0.7161538461538461,0.7052631578947368,0.41732801112835244,v25,10.0
43,diabetes,CBM,9,OK,0.7631578947368421,0.8715384615384615,0.763157894736842,0.7923076923076923,0.7571022727272727,0.554700196225229,v25,20.9
43,kr-vs-kp,CBM_KE,0,OK,0.990625,0.9993346640053227,0.9907581453634086,0.9904700403115339,0.9906043552728163,0.9812281433787039,v25,132.2
43,kr-vs-kp,CBM_KE,2,OK,0.99375,1.0,0.9940828402366864,0.9934640522875817,0.993734335839599,0.9875466986607835,v25,65.3
43,kr-vs-kp,CBM_KE,3,OK,1.0,1.0,1.0,1.0,1.0,1.0,v25,18.0
43,kr-vs-kp,CBM_KE,4,OK,1.0,1.0,1.0,1.0,1.0,1.0,v25,47.9
43,kr-vs-kp,CBM_KE,5,OK,0.996875,0.9982779538961294,0.9970238095238095,0.9967320261437909,0.996868118424272,0.9937557928313525,v25,98.6
43,kr-vs-kp,CBM_KE,7,OK,0.9968652037617555,0.9958241411913017,0.9970238095238095,0.9967105263157895,0.9968572976700655,0.9937342864569987,v25,14.5
43,kr-vs-kp,CBM_KE,9,OK,0.9843260188087775,0.9989762973462478,0.9848323471400394,0.9839160563823923,0.9842864883503275,0.9687479701854903,v25,55.5
43,kr-vs-kp,CBM,1,OK,0.996875,0.9999608625885484,0.9967532467532467,0.9970059880239521,0.9968698340033845,0.9937592026375474,v25,109.3
43,kr-vs-kp,CBM,2,OK,0.9875,0.9966341826151619,0.9878130020768838,0.9872020664553246,0.987468671679198,0.975014877128823,v25,104.1
43,kr-vs-kp,CBM,3,OK,1.0,1.0,1.0,1.0,1.0,1.0,v25,99.1
43,kr-vs-kp,CBM,6,OK,0.9937304075235109,0.9996848408446266,0.9935064935064934,0.9940119760479043,0.9937199779510197,0.9875183401833406,v25,103.0
43,kr-vs-kp,CBM,8,OK,0.9937304075235109,0.9998030255278916,0.9935064935064934,0.9940119760479043,0.9937199779510197,0.9875183401833406,v25,12.2
43,kr-vs-kp,CBM,9,OK,0.987460815047022,0.9952358453421529,0.9877601702932828,0.9871840302386015,0.9874330286794831,0.9749440302978384,v25,13.9
43,magic,CBM_KE,1,OK,0.882,0.9267863335659946,0.8857554994590696,0.8521854793041234,0.8650941368539953,0.73717700851612,v25,168.2
43,magic,CBM_KE,2,OK,0.893,0.9431121295528075,0.9127212299159938,0.8554273723765249,0.8748302311897329,0.7660089353866554,v25,311.3
43,magic,CBM_KE,3,OK,0.88,0.9395651429549735,0.8841569676226521,0.8493364764551206,0.8625845105260265,0.732666476577115,v25,93.9
43,magic,CBM_KE,4,OK,0.849,0.9066896694015337,0.866,0.8012524198964877,0.820408920562465,0.664103563255354,v25,322.0
43,magic,CBM_KE,5,OK,0.867,0.9110092669414704,0.8639835376994217,0.8393210681346275,0.8492663350526037,0.7028720589000198,v25,169.3
43,magic,CBM_KE,6,OK,0.884,0.9304342863664898,0.8804263986587286,0.8615753361516073,0.8696301091510672,0.7417622340776732,v25,488.4
43,magic,CBM_KE,7,OK,0.878,0.9395607531200751,0.866746693381467,0.8648018648018647,0.8657564513928319,0.7315459730064185,v25,59.8
43,magic,CBM_KE,8,OK,0.882,0.938246153846154,0.8840895619419109,0.8531868131868132,0.8653115640295128,0.7366284500630765,v25,294.2
43,magic,CBM_KE,9,OK,0.881,0.9301758241758241,0.8759684034634665,0.8590109890109889,0.8663580548471035,0.7347837460485953,v25,115.2
43,magic,CBM,0,OK,0.856,0.9267336555472149,0.8491054778148267,0.8295383210637448,0.8376740494913787,0.6783616529057472,v25,377.3
43,magic,CBM,1,OK,0.867,0.9104824867536733,0.867360257985258,0.836050641135387,0.8480678919477125,0.7027137403626232,v25,178.8
43,magic,CBM,2,OK,0.879,0.9258381292279597,0.8717334494773519,0.859685512227885,0.8650997425746327,0.7313197281285387,v25,206.2
43,magic,CBM,3,OK,0.88,0.9248416367060435,0.8833513643466764,0.8499905618549686,0.8628075968006732,0.7325827172287428,v25,384.4
43,magic,CBM,4,OK,0.855,0.9115931149829455,0.8462316176470588,0.8307301612386359,0.8374000150264813,0.6767842750251382,v25,213.4
43,magic,CBM,5,OK,0.842,0.8917730104170781,0.8258987741125244,0.8292178631161682,0.8274920842886777,0.6551082292430895,v25,406.4
43,magic,CBM,7,OK,0.88,0.9149820675244404,0.8796320320792546,0.8532609888542092,0.8638937282229965,0.7324184242714006,v25,48.2
43,magic,CBM,8,OK,0.872,0.918901098901099,0.8707375851534185,0.8435164835164835,0.8543627459904244,0.7137351653359814,v25,190.6
43,magic,CBM,9,OK,0.868,0.9128923076923077,0.8561652357844967,0.8523076923076923,0.8541655618603172,0.7084624261016561,v25,196.8
43,mfeat-factors,CBM_KE,1,OK,0.99,1.0,0.9904761904761905,0.99,0.9899937460913071,0.9889438317391072,v25,24.9
43,mfeat-factors,CBM_KE,2,OK,0.99,0.999638888888889,0.9902380952380951,0.99,0.9899968730456535,0.9889163591692915,v25,37.3
43,mfeat-factors,CBM_KE,3,OK,0.965,0.9971944444444445,0.9668614718614718,0.9649999999999999,0.9649525549332993,0.9613247625778186,v25,25.3
43,mfeat-factors,CBM_KE,6,OK,0.975,0.9952222222222222,0.9770562770562771,0.975,0.9750817004989021,0.9724383436480823,v25,20.7
43,mfeat-factors,CBM_KE,7,OK,0.965,0.99875,0.9667931191615402,0.9650000000000001,0.9649534953706969,0.9613247625778186,v25,60.5
43,mfeat-factors,CBM_KE,8,OK,0.96,0.9981388888888889,0.9632034632034632,0.96,0.9590529151504761,0.9560868625499338,v25,63.3
43,mfeat-factors,CBM_KE,9,OK,0.98,0.9998333333333334,0.9804511278195488,0.9800000000000001,0.9798624140087554,0.9778592694458592,v25,71.0
43,mfeat-factors,CBM,1,OK,0.99,0.9989444444444444,0.9902380952380951,0.9899999999999999,0.9899968730456535,0.9889163591692915,v25,34.0
43,mfeat-factors,CBM,2,OK,0.975,0.9973888888888889,0.9761221234905445,0.975,0.9748404783064604,0.9723842997797743,v25,31.1
43,mfeat-factors,CBM,3,OK,0.965,0.999138888888889,0.9666233766233766,0.9649999999999999,0.9648306037137871,0.9613247625778186,v25,32.2
43,mfeat-factors,CBM,5,OK,0.96,0.996027777777778,0.9617931191615401,0.96,0.9598185426041652,0.9557945340651204,v25,12.8
43,mfeat-factors,CBM,8,OK,0.93,0.9980555555555556,0.9331132994075515,0.93,0.9291096933243992,0.9227606563608874,v25,28.3
43,mfeat-factors,CBM,9,OK,0.965,0.9995833333333335,0.966598313966735,0.9649999999999999,0.9649593025716262,0.9612980483522898,v25,53.7
43,optdigits,CBM_KE,0,OK,0.9911032028469751,0.9989336828616974,0.9913438256658595,0.9911027568922306,0.9910972966974555,0.9901421340211568,v25,222.5
43,optdigits,CBM_KE,2,OK,0.9857651245551602,0.9999400525752741,0.9859560299215472,0.9857120072909547,0.9857711395106691,0.984196787679684,v25,92.0
43,optdigits,CBM_KE,4,OK,0.9911032028469751,0.9989016124969803,0.9912572379223923,0.991005354294828,0.9910510049783536,0.9901317530337442,v25,111.0
43,optdigits,CBM_KE,5,OK,0.9857651245551602,0.9995307304101644,0.9859518735633811,0.9859022556390977,0.9857438003330653,0.9842250431395332,v25,176.3
43,optdigits,CBM_KE,6,OK,0.9786476868327402,0.9989946226503162,0.9793918057856505,0.9785042150831625,0.9785976766986805,0.9763498115788248,v25,107.7
43,optdigits,CBM_KE,7,OK,0.9857651245551602,0.9997783285602179,0.9860447782388629,0.9857769423558898,0.9858189374795353,0.9842038795140531,v25,129.4
43,optdigits,CBM_KE,9,OK,0.9911032028469751,0.9996870679222221,0.9911654135338346,0.9911654135338346,0.991149887994322,0.9901180625914668,v25,224.4
43,optdigits,CBM,1,OK,0.9768683274021353,0.9979086761435692,0.9777271320763109,0.9770566306047248,0.9770324821394333,0.9743792758037333,v25,22.1
43,optdigits,CBM,2,OK,0.9839857651245552,0.9995290038669786,0.9843813135197059,0.9839576213260424,0.9840486901882987,0.9822336993680771,v25,155.9
43,optdigits,CBM,4,OK,0.9893238434163701,0.9996647847692998,0.9894099472819982,0.9892509683299158,0.9892345401522009,0.9881582282463732,v25,29.4
43,optdigits,CBM,6,OK,0.9768683274021353,0.9993860586050964,0.9779280096793709,0.9766222374117112,0.9767067635104268,0.9744166383411818,v25,70.4
43,optdigits,CBM,7,OK,0.9893238434163701,0.9993771144440367,0.9895277494916825,0.9893170426065163,0.9893616920964432,0.9881512339011598,v25,65.5
43,page-blocks,CBM_KE,1,OK,0.9744525547445255,0.9923373939237965,0.8806898250800689,0.9066469172375486,0.8863958193829158,0.8665381788229733,v25,112.1
43,page-blocks,CBM_KE,2,OK,0.9726277372262774,0.992013268384666,0.8389610389610389,0.906337303791479,0.8519430352361302,0.859446776198198,v25,70.9
43,page-blocks,CBM_KE,4,OK,0.9579524680073126,0.9954090988735201,0.7161904761904763,0.7555390976979572,0.731884820930047,0.7598636615075305,v25,236.5
43,page-blocks,CBM_KE,5,OK,0.9670932358318098,0.9940197276679694,0.7905714327459747,0.8868357711534902,0.825631546049121,0.8314227715010276,v25,42.1
43,page-blocks,CBM_KE,6,OK,0.9542961608775137,0.970064332702837,0.6519498910675381,0.5729227097862536,0.6067771444242032,0.7319909164338048,v25,174.4
43,page-blocks,CBM_KE,7,OK,0.9652650822669104,0.989199685773692,0.6905555555555555,0.6941183731407764,0.6914635942328907,0.8114302677449768,v25,104.6
43,page-blocks,CBM_KE,8,OK,0.9725776965265083,0.9977642747378518,0.848766494549627,0.8646895787139689,0.8451543955883396,0.8471829406168616,v25,51.0
43,page-blocks,CBM_KE,9,OK,0.9652650822669104,0.9819905404509051,0.6486491557223265,0.646341463414634,0.6464591104734576,0.8137456614294531,v25,130.0
43,page-blocks,CBM,0,OK,0.2354014598540146,0.947622012104168,0.3306766917293233,0.6287093495934959,0.23897863490018204,0.24331367502666643,v25,18.1
43,page-blocks,CBM,1,OK,0.8959854014598541,0.6211610585731331,0.17919708029197082,0.2,0.18902791145332049,0.0,v25,33.5
43,page-blocks,CBM,2,OK,0.8959854014598541,0.5747333391425309,0.17919708029197082,0.2,0.18902791145332049,0.0,v25,33.3
43,page-blocks,CBM,3,OK,0.2595978062157221,0.8438392158527266,0.3458197797242705,0.47387109383036063,0.26565883895216225,0.24366940690354164,v25,15.7
43,page-blocks,CBM,4,OK,0.8976234003656307,0.556446501134064,0.17952468007312614,0.2,0.18921001926782272,0.0,v25,38.5
43,page-blocks,CBM,5,OK,0.8976234003656307,0.6119435119364331,0.17952468007312614,0.2,0.18921001926782272,0.0,v25,30.4
43,page-blocks,CBM,6,OK,0.8976234003656307,0.630850864804428,0.17952468007312614,0.2,0.18921001926782272,0.0,v25,39.0
43,page-blocks,CBM,7,OK,0.8976234003656307,0.639837119151857,0.17952468007312614,0.2,0.18921001926782272,0.0,v25,38.9
43,page-blocks,CBM,8,OK,0.8994515539305301,0.5683941411845961,0.179890310786106,0.2,0.18941289701636188,0.0,v25,39.9
43,page-blocks,CBM,9,OK,0.8994515539305301,0.5892623106695396,0.179890310786106,0.2,0.18941289701636188,0.0,v25,38.4
43,pendigits,CBM_KE,0,OK,0.985,0.9991156740081555,0.9854068406222373,0.985163105839501,0.9852516982066,0.9833373715195727,v25,89.4
43,pendigits,CBM_KE,2,OK,0.998,0.9999920083113562,0.9979381443298969,0.9979164405860012,0.9979218369208219,0.9977784988944922,v25,101.0
43,pendigits,CBM_KE,3,OK,0.994,0.9998690843238973,0.9939987072813539,0.9940605905536805,0.9939909308575887,0.9933410162363248,v25,323.0
43,pendigits,CBM_KE,5,OK,0.997,0.9998549435575745,0.9968962585034016,0.9968855127509496,0.9968801146035771,0.9966683113986593,v25,79.5
43,pendigits,CBM_KE,6,OK,0.995,0.9997859198409975,0.9951675010384975,0.9951121794871796,0.9951116679129687,0.9944500566519598,v25,50.9
43,pendigits,CBM_KE,7,OK,0.994,0.9980393835744765,0.9939281725647142,0.9938408670367431,0.9938695993841742,0.9933353782344542,v25,438.7
43,pendigits,CBM_KE,8,OK,0.996,0.9998645497754552,0.9959331317985687,0.996053417711568,0.9959786416385512,0.9955581387963947,v25,395.3
43,pendigits,CBM_KE,9,OK,0.998,0.9999870322695351,0.9980149371069184,0.9979967948717949,0.9979958541444232,0.9977795904602601,v25,44.3
43,pendigits,CBM,0,OK,0.989,0.9991946067780093,0.9894201202978543,0.9890076783631973,0.9891518755995516,0.9877892788287927,v25,175.7
43,pendigits,CBM,2,OK,0.996,0.9999965535315709,0.995975662367415,0.9958111774281063,0.9958605762623367,0.9955613593751054,v25,79.5
43,pendigits,CBM,3,OK,0.993,0.9989837367729715,0.9930928799738273,0.9931684414656552,0.993102450533847,0.9922274725837243,v25,94.2
43,pendigits,CBM,4,OK,0.993,0.9981072704732427,0.9930401851462234,0.9928817264624452,0.9929136042019746,0.9922307548549658,v25,43.1
43,pendigits,CBM,6,OK,0.99,0.9987845269053952,0.9904113247863249,0.990154969600846,0.9902465298231183,0.9888954462030789,v25,179.8
43,pendigits,CBM,7,OK,0.991,0.9983707122233628,0.9909138826447563,0.9908761234469997,0.9908518339524919,0.9900081126655078,v25,165.9
43,pendigits,CBM,8,OK,0.995,0.9993352656771324,0.9950864779874214,0.995093508837441,0.9950618827904973,0.9944500997959628,v25,160.8
43,pendigits,CBM,9,OK,0.999,1.0,0.9990384615384615,0.9990384615384615,0.9990338164251208,0.9988897976964691,v25,362.1
43,phoneme,CBM_KE,8,OK,0.8759259259259259,0.9397480975255452,0.8634245777518929,0.8296191749616204,0.8437655187304329,0.6922187789401677,v25,342.9
43,phoneme,CBM,2,OK,0.9075785582255084,0.949175145707794,0.8886611347097368,0.8886611347097368,0.8886611347097368,0.7773222694194738,v25,41.7
43,phoneme,CBM,4,OK,0.8703703703703703,0.9353999602359334,0.8388888888888889,0.8638412088276228,0.8492798928212572,0.702286958419657,v25,40.0
43,phoneme,CBM,6,OK,0.9,0.9370070912585327,0.8774250440917107,0.882927960766121,0.8800986842105263,0.7603330914174448,v25,41.1
43,phoneme,CBM,8,OK,0.8722222222222222,0.9301573152412552,0.8465935449665318,0.8453176843460606,0.8459509407907522,0.6919100529899388,v25,356.4
43,satimage,CBM_KE,0,OK,0.9300155520995335,0.9917128114365027,0.9275010390883555,0.9035433515161774,0.9111054104488255,0.9141123824647299,v25,282.0
43,satimage,CBM_KE,1,OK,0.9284603421461898,0.9933563828872689,0.9184459924663629,0.9152435429982155,0.9167543657682412,0.9117005470825041,v25,60.8
43,satimage,CBM_KE,2,OK,0.926905132192846,0.9940200291095677,0.9177081080601516,0.9037277181973602,0.9092037614751035,0.909947711300405,v25,215.1
43,satimage,CBM_KE,4,OK,0.9362363919129082,0.9930754678276053,0.9269965009544215,0.9166137454885338,0.921370244804195,0.9212556626187215,v25,319.4
43,satimage,CBM_KE,5,OK,0.9082426127527217,0.9889117171852456,0.892673180536419,0.892917060868763,0.8925699859863584,0.8868194344986214,v25,40.6
43,satimage,CBM_KE,7,OK,0.9144634525660964,0.9883702047529352,0.9011813294875087,0.8984604686945201,0.8993458479392954,0.8947043650175606,v25,125.6
43,satimage,CBM,0,OK,0.9191290824261276,0.9831932006870568,0.9051868267361224,0.8965883693761544,0.8998102780866937,0.9002500859794119,v25,120.3
43,satimage,CBM,1,OK,0.9144634525660964,0.9831060454244236,0.9053655763994414,0.8958008957814179,0.8997012799571652,0.8945954960033513,v25,293.6
43,satimage,CBM,2,OK,0.9237947122861586,0.991566379024845,0.9114762678289344,0.9076323800940749,0.9094066045864607,0.9059388798560454,v25,253.9
43,satimage,CBM,3,OK,0.9315707620528771,0.9918348334120161,0.9263884179266529,0.9155943051802046,0.9203370978419532,0.9155008225857655,v25,150.2
43,satimage,CBM,5,OK,0.8911353032659409,0.9857906601730689,0.8752820558159655,0.8723955906319228,0.873370834677762,0.8656874878962585,v25,86.1
43,satimage,CBM,6,OK,0.9129082426127527,0.9856310876062713,0.9011913889900014,0.8966710309380718,0.898807990894061,0.8924310151777186,v25,140.7
43,satimage,CBM,7,OK,0.9097978227060654,0.9841904168211234,0.8957218915806718,0.8907527189279466,0.8925785402543581,0.8889584872554704,v25,97.5
43,satimage,CBM,8,OK,0.9175738724727839,0.9862571792998126,0.9034029467145377,0.901644014413277,0.9024264665569013,0.8983332297547114,v25,390.4
43,satimage,CBM,9,OK,0.9222395023328149,0.9811442762869982,0.9187319124329543,0.9074925368241035,0.9119775593506375,0.904272812159315,v25,143.6
43,segment,CBM_KE,0,OK,0.948051948051948,0.9848047575320303,0.9501307550047046,0.9480519480519481,0.9461924141761696,0.9402783460704716,v25,29.4
43,segment,CBM_KE,2,OK,0.974025974025974,0.997922952468407,0.9746233977461953,0.974025974025974,0.974010964891123,0.969802992698314,v25,86.6
43,segment,CBM_KE,3,OK,0.9696969696969697,0.994949494949495,0.9712672947967066,0.9696969696969697,0.9698573050200008,0.9648574408457913,v25,65.0
43,segment,CBM_KE,4,OK,0.9826839826839827,0.9963050417595872,0.9832908163265307,0.9826839826839827,0.9828054298642535,0.9798622520260523,v25,27.9
43,segment,CBM_KE,5,OK,0.961038961038961,0.9912545367090821,0.9611662846956965,0.961038961038961,0.9610379670081163,0.9545663250854972,v25,17.7
43,segment,CBM_KE,6,OK,0.961038961038961,0.9957803139621321,0.9611344537815126,0.961038961038961,0.9609644087256027,0.9545871969945635,v25,16.6
43,segment,CBM_KE,7,OK,0.9826839826839827,0.9996720451265907,0.9834869431643625,0.9826839826839827,0.9826624462494028,0.9799479680085481,v25,52.5
43,segment,CBM_KE,9,OK,0.974025974025974,0.9982071800253618,0.9738827349121467,0.974025974025974,0.9738917798619291,0.9697181715154257,v25,13.7
43,segment,CBM,1,OK,0.9783549783549783,0.9989286807468626,0.9790226574500768,0.9783549783549784,0.9782668418537984,0.9748966898229371,v25,13.5
43,segment,CBM,3,OK,0.9567099567099567,0.9946215400760856,0.9623007823819183,0.9567099567099567,0.9574298712972492,0.9502847924125749,v25,10.9
43,segment,CBM,4,OK,0.9826839826839827,0.9974419519874065,0.9834869431643625,0.9826839826839827,0.9826624462494028,0.9799479680085481,v25,11.4
43,segment,CBM,5,OK,0.9653679653679653,0.9932659932659932,0.9672268907563024,0.9653679653679654,0.9654450084170553,0.959868819548208,v25,10.2
43,segment,CBM,6,OK,0.961038961038961,0.992653810835629,0.9608493397358944,0.961038961038961,0.9606990901986513,0.9546289449203668,v25,39.8
43,segment,CBM,8,OK,0.9913419913419913,0.9996939087848179,0.9915966386554622,0.9913419913419913,0.9912713219616204,0.9899639247273518,v25,12.8
43,segment,CBM,9,OK,0.9696969696969697,0.9989942717215444,0.9695203594634335,0.9696969696969697,0.9694203495509466,0.9647097429741031,v25,10.4
43,spambase,CBM_KE,0,OK,0.9327548806941431,0.980542754736303,0.9307520107769721,0.9282070975619363,0.9294344783997709,0.8589553383122435,v25,41.0
43,spambase,CBM_KE,1,OK,0.9456521739130435,0.9764549793065209,0.9420289855072463,0.9445236539337413,0.9432309021350117,0.8865491295631752,v25,57.5
43,spambase,CBM_KE,2,OK,0.9608695652173913,0.984593754331769,0.9618045112781954,0.9560981405572387,0.9587616543150849,0.9178849141257948,v25,130.6
43,spambase,CBM_KE,3,OK,0.9543478260869566,0.9903958494227608,0.949898310387985,0.9555733776906473,0.9524884541041418,0.9054539035881828,v25,69.8
43,spambase,CBM_KE,4,OK,0.9282608695652174,0.9800590110695262,0.9267765685019206,0.9224242064199291,0.9244742301894114,0.8491896213874598,v25,58.0
43,spambase,CBM_KE,5,OK,0.9586956521739131,0.9886136359135824,0.9563404221677603,0.9572169745935564,0.9567735458056985,0.9135569762380223,v25,78.2
43,spambase,CBM_KE,7,OK,0.9369565217391305,0.980237232420444,0.9319070713391739,0.9373551951523793,0.9343888175723862,0.8692451931951928,v25,38.6
43,spambase,CBM_KE,8,OK,0.95,0.9747608506601313,0.9489353665082805,0.9463001027749229,0.9475715935163207,0.8952315906220988,v25,111.4
43,spambase,CBM_KE,9,OK,0.9282608695652174,0.9721124199541465,0.9246710461423132,0.9254684164756107,0.9250647908182155,0.8501390886795196,v25,159.1
43,spambase,CBM,0,OK,0.9349240780911063,0.9821576273189176,0.9334478103783699,0.9299992122572768,0.9316429418742586,0.8634401357762806,v25,74.4
43,spambase,CBM,1,OK,0.9565217391304348,0.9774054931780827,0.953699867826636,0.9554248598982158,0.9545418610166811,0.9091230912055522,v25,79.5
43,spambase,CBM,3,OK,0.9478260869565217,0.9853462444800887,0.9446252786490699,0.9463157686290817,0.9454502332200174,0.8909394434913729,v25,150.3
43,spambase,CBM,5,OK,0.9739130434782609,0.9929899601972317,0.9726727261925978,0.9726727261925978,0.9726727261925978,0.9453454523851957,v25,80.3
43,spambase,CBM,6,OK,0.95,0.9726727261925979,0.9488604669694796,0.9461672508366502,0.9474674650817532,0.8950236657363374,v25,56.6
43,spambase,CBM,7,OK,0.9478260869565217,0.9809303154517912,0.942486229782596,0.9501970336046258,0.9458441252648928,0.8926499606430721,v25,20.0
43,spambase,CBM,9,OK,0.9239130434782609,0.9662819195193296,0.9177068214804064,0.9266147521543204,0.9213525408991212,0.8442745812092949,v25,99.1
43,tic-tac-toe,CBM_KE,0,OK,0.9895833333333334,1.0,0.9920634920634921,0.9852941176470589,0.9885373134328358,0.977334166408364,v25,7.3
43,tic-tac-toe,CBM_KE,1,OK,0.9895833333333334,1.0,0.9920634920634921,0.9852941176470589,0.9885373134328358,0.977334166408364,v25,7.5
43,tic-tac-toe,CBM_KE,3,OK,1.0,1.0,1.0,1.0,1.0,1.0,v25,17.0
43,tic-tac-toe,CBM_KE,4,OK,0.9479166666666666,0.9538239538239539,0.9453125,0.9386724386724387,0.9418534221683827,0.8839599998785472,v25,26.5
43,tic-tac-toe,CBM_KE,5,OK,0.9895833333333334,0.9995189995189996,0.9921875,0.9848484848484849,0.9883706844336766,0.9770084209183943,v25,29.7
43,tic-tac-toe,CBM_KE,6,OK,1.0,1.0,1.0,1.0,1.0,1.0,v25,22.0
43,tic-tac-toe,CBM_KE,7,OK,0.9895833333333334,1.0,0.9921875,0.9848484848484849,0.9883706844336766,0.9770084209183943,v25,20.0
43,tic-tac-toe,CBM_KE,8,OK,0.9789473684210527,0.9696969696969697,0.984375,0.9696969696969697,0.9764384920634921,0.9539590550898287,v25,31.6
43,tic-tac-toe,CBM_KE,9,OK,0.9894736842105263,0.9995112414467253,0.9920634920634921,0.9848484848484849,0.9883076923076923,0.9768853332428297,v25,25.4
43,tic-tac-toe,CBM,0,OK,0.9895833333333334,0.9995256166982922,0.9857142857142858,0.9919354838709677,0.9886885825379993,0.9776299753299275,v25,4.6
43,tic-tac-toe,CBM,4,OK,0.9479166666666666,0.9778739778739778,0.9397533206831119,0.9458874458874459,0.9426865671641791,0.8856195232263474,v25,4.3
43,tic-tac-toe,CBM,9,OK,0.968421052631579,0.9980449657869013,0.9685019841269842,0.9616324535679375,0.964923076923077,0.930109069806303,v25,4.1
43,vehicle,CBM_KE,0,OK,0.8117647058823529,0.9541727716727716,0.8246187363834423,0.8143398268398268,0.8141025641025641,0.7533959841069066,v25,15.8
43,vehicle,CBM_KE,1,OK,0.7647058823529411,0.928925224081474,0.7605868768912247,0.7694805194805195,0.7584318620644516,0.6913763586941175,v25,51.7
43,vehicle,CBM_KE,3,OK,0.8823529411764706,0.9710846271783771,0.887860962566845,0.8852813852813852,0.8811107160449931,0.846883473462881,v25,34.3
43,vehicle,CBM_KE,4,OK,0.8470588235294118,0.9584066107503607,0.8508771929824561,0.8495670995670995,0.848509485094851,0.7974126900424979,v25,38.6
43,vehicle,CBM_KE,5,OK,0.8235294117647058,0.9625608766233766,0.8204099821746881,0.8268398268398268,0.8197191697191697,0.7675814631489037,v25,39.1
43,vehicle,CBM_KE,6,OK,0.9047619047619048,0.9867724867724867,0.9061784897025171,0.9047619047619048,0.9045454545454545,0.8736287026442617,v25,6.7
43,vehicle,CBM_KE,7,OK,0.8928571428571429,0.9855384579129425,0.9113756613756613,0.8939393939393939,0.8915816326530612,0.8633495349312126,v25,20.4
43,vehicle,CBM_KE,8,OK,0.8214285714285714,0.9683531607494741,0.830316742081448,0.8268398268398268,0.8240589198036007,0.7656601626975906,v25,33.6
43,vehicle,CBM,0,OK,0.8470588235294118,0.9574099338161839,0.8718350614902339,0.8511904761904762,0.8437098560354375,0.807640467821864,v25,9.0
43,vehicle,CBM,1,OK,0.7529411764705882,0.9346859564047063,0.7467132505175984,0.7564935064935066,0.7510452961672474,0.6709141388641916,v25,29.7
43,vehicle,CBM,2,OK,0.8235294117647058,0.9536631944444445,0.8314743771904898,0.8218073593073594,0.8219477264590047,0.7675150390767627,v25,32.9
43,vehicle,CBM,4,OK,0.8588235294117647,0.9549287518037518,0.8614130434782609,0.8609307359307359,0.8603896103896105,0.8123384374008297,v25,9.6
43,vehicle,CBM,5,OK,0.8117647058823529,0.9601871565934065,0.8091477272727273,0.8154761904761905,0.8067451236787622,0.7531556551941798,v25,7.5
43,vehicle,CBM,6,OK,0.8690476190476191,0.9741118669690099,0.867822966507177,0.8695887445887447,0.8674557032115171,0.8262103465365004,v25,8.6
43,vehicle,CBM,7,OK,0.8333333333333334,0.9654412248579118,0.8396520146520147,0.836038961038961,0.83125,0.7816771161726251,v25,10.9
43,vehicle,CBM,8,OK,0.7857142857142857,0.94897917622572,0.8055555555555556,0.790530303030303,0.7937421826141339,0.7180097357561298,v25,21.1
43,vehicle,CBM,9,OK,0.7738095238095238,0.9343266315364529,0.772906010230179,0.7797619047619048,0.7719577643003621,0.7016704005543111,v25,12.8
43,wdbc,CBM_KE,0,OK,0.9649122807017544,0.9669312169312169,0.9736842105263157,0.9523809523809523,0.9614864864864865,0.9258200997725514,v25,13.6
43,wdbc,CBM_KE,2,OK,0.9122807017543859,0.992063492063492,0.9015151515151516,0.9206349206349206,0.9082125603864735,0.8219277191853159,v25,13.9
43,wdbc,CBM_KE,3,OK,0.9824561403508771,1.0,0.9772727272727273,0.9861111111111112,0.981329839502129,0.9633432944855655,v25,5.2
43,wdbc,CBM_KE,4,OK,1.0,1.0,1.0,1.0,1.0,1.0,v25,10.6
43,wdbc,CBM_KE,5,OK,0.9824561403508771,0.9986772486772486,0.9864864864864865,0.9761904761904762,0.9809555629802873,0.962621902223779,v25,5.2
43,wdbc,CBM_KE,6,OK,0.9824561403508771,0.9920634920634921,0.9772727272727273,0.9861111111111112,0.981329839502129,0.9633432944855655,v25,13.4
43,wdbc,CBM_KE,7,OK,0.9473684210526315,0.9584415584415584,0.9418158567774936,0.9487012987012987,0.9449275362318841,0.8904905361044291,v25,13.7
43,wdbc,CBM_KE,8,OK,0.9473684210526315,0.9844155844155844,0.9605263157894737,0.9318181818181819,0.942866688940862,0.8918825850158447,v25,3.9
43,wdbc,CBM_KE,9,OK,0.9464285714285714,0.9768707482993197,0.9398395721925134,0.9476190476190476,0.9433771486349849,0.8874245216579992,v25,3.6
43,wdbc,CBM,2,OK,0.9122807017543859,0.9933862433862435,0.9015151515151516,0.9206349206349206,0.9082125603864735,0.8219277191853159,v25,5.4
43,wdbc,CBM,4,OK,1.0,1.0,1.0,1.0,1.0,1.0,v25,15.7
43,wdbc,CBM,5,OK,0.9649122807017544,0.9973544973544973,0.9623015873015872,0.9623015873015872,0.9623015873015872,0.9246031746031746,v25,2.9
43,wdbc,CBM,6,OK,0.9824561403508771,1.0,0.9772727272727273,0.9861111111111112,0.981329839502129,0.9633432944855655,v25,12.4
43,wdbc,CBM,8,OK,0.9122807017543859,0.9857142857142858,0.9210526315789473,0.8948051948051948,0.9047778149014367,0.8154355063002009,v25,2.9
43,wdbc,CBM,9,OK,0.9464285714285714,0.983673469387755,0.9398395721925134,0.9476190476190476,0.9433771486349849,0.8874245216579992,v25,2.5
43,wine-quality,CBM_KE,9,PARTIAL,0.6012269938650306,nan,0.40280735118031735,0.3446872024027544,0.36849341135055413,0.40791643830589075,v25,291.5
44,balance-scale,CBM_KE,0,OK,0.9523809523809523,0.993576741041244,0.8773946360153256,0.9103448275862069,0.8917487030009715,0.9177707830099481,v25,11.4
44,balance-scale,CBM_KE,2,OK,0.9523809523809523,0.9903989181879648,0.875,0.9655172413793104,0.9053242079557869,0.9221475326454103,v25,11.4
44,balance-scale,CBM_KE,3,OK,0.9365079365079365,0.9578093306288032,0.9568452380952381,0.8436781609195402,0.882729364394593,0.8892657570271356,v25,30.6
44,balance-scale,CBM_KE,4,OK,0.9523809523809523,0.9983096686950642,0.9670003707823508,0.8551724137931035,0.8940613026819925,0.9165433423061032,v25,13.5
44,balance-scale,CBM_KE,5,OK,0.967741935483871,0.9967781260884708,0.9055555555555556,0.9051724137931035,0.9051689959361681,0.9426574450972877,v25,27.7
44,balance-scale,CBM_KE,6,OK,0.9032258064516129,0.984124365249592,0.6046673632880529,0.6551724137931035,0.6285606489341634,0.8310465858073471,v25,6.3
44,balance-scale,CBM_KE,7,OK,0.967741935483871,0.9957946066838989,0.9218390804597701,0.9218390804597701,0.9218390804597701,0.9434822242479489,v25,8.1
44,balance-scale,CBM_KE,8,OK,1.0,1.0,1.0,1.0,1.0,1.0,v25,13.5
44,balance-scale,CBM,0,OK,0.9523809523809523,0.9909398242055442,0.9111111111111111,0.9103448275862069,0.9105362275745862,0.916851040580914,v25,3.6
44,balance-scale,CBM,1,OK,0.8888888888888888,0.9867478025693036,0.8062770562770561,0.9195402298850573,0.8260095994703741,0.8283064942401367,v25,10.0
44,balance-scale,CBM,2,OK,0.9523809523809523,0.9971602434077079,0.8928571428571429,0.9655172413793104,0.9210526315789473,0.9195507639206525,v25,4.1
44,balance-scale,CBM,5,OK,0.967741935483871,1.0,0.978494623655914,0.8333333333333334,0.8777777777777778,0.9429528163126752,v25,9.5
44,balance-scale,CBM,6,OK,0.9354838709677419,0.9384626665933382,0.8452380952380952,0.898440065681445,0.86528442317916,0.8906994149247558,v25,19.3
44,bank,CBM_KE,0,OK,0.907,0.9253693181818182,0.7990695309171374,0.706060606060606,0.7405126688411519,0.4964934996353789,v25,298.5
44,bank,CBM_KE,1,OK,0.915,0.9099810606060607,0.8054003724394785,0.771780303030303,0.7871674491392802,0.5762006795107721,v25,42.5
44,bank,CBM_KE,2,OK,0.899,0.9110795454545455,0.763229102401749,0.7303030303030302,0.7451239177229725,0.4924325738497383,v25,412.9
44,bank,CBM_KE,3,OK,0.893,0.9057481060606061,0.7483105453402483,0.6945075757575758,0.7165405227840489,0.43953740322831825,v25,234.5
44,bank,CBM_KE,4,OK,0.903,0.9253753796105642,0.7805257613484007,0.7203292622157035,0.7451600106139542,0.4972244323457632,v25,46.9
44,bank,CBM_KE,5,OK,0.905,0.9217179552271082,0.773921568627451,0.8283690143758403,0.7972507197599448,0.5998244926859195,v25,34.3
44,bank,CBM_KE,6,OK,0.901,0.91394240261755,0.7783582865460594,0.7013745898325483,0.7309599836945444,0.473515726369056,v25,60.2
44,bank,CBM_KE,7,OK,0.892,0.8973100536861007,0.7484735178960356,0.6855649263343958,0.7102506868131868,0.4294553296650352,v25,53.2
44,bank,CBM_KE,8,OK,0.892,0.876832237986442,0.7504226281284789,0.6713113135700787,0.7,0.4142474109628741,v25,39.1
44,bank,CBM,0,OK,0.905,0.7871022727272726,0.777597586466088,0.7553030303030304,0.7657554141320992,0.5324340523655479,v25,425.2
44,bank,CBM,1,OK,0.903,0.8773295454545456,0.7691520480678853,0.7901515151515152,0.7790427768628174,0.5589092039071476,v25,360.6
44,bank,CBM,3,OK,0.89,0.8891382575757576,0.740713587487781,0.7611742424242425,0.7502815008535832,0.5014705927702753,v25,587.8
44,bank,CBM,4,OK,0.895,0.9047941405992911,0.7531536697247707,0.7656662811797779,0.759173759572843,0.5186690428502304,v25,529.8
44,bank,CBM,5,OK,0.905,0.8738423640688611,0.7740287446665169,0.8212422079936817,0.7946882611392425,0.5933956487552255,v25,313.2
44,bank,CBM,6,OK,0.883,0.7115476828477139,0.7255302695536898,0.7303331170845908,0.7278911564625851,0.45583808521548247,v25,632.4
44,bank,CBM,9,OK,0.872,0.8309216897488695,0.698404219803699,0.6955687812032832,0.696969696969697,0.3939627974953865,v25,592.1
44,blood,CBM_KE,0,OK,0.8266666666666667,0.787037037037037,0.9071428571428571,0.6388888888888888,0.6662102019856213,0.47559486560567094,v25,11.5
44,blood,CBM_KE,1,OK,0.7466666666666667,0.631578947368421,0.6416666666666666,0.6242690058479532,0.6309246309246309,0.2653659799481466,v25,4.9
44,blood,CBM_KE,2,OK,0.8,0.77046783625731,0.725,0.6973684210526316,0.7086247086247086,0.4214636152117623,v25,6.7
44,blood,CBM_KE,3,OK,0.7733333333333333,0.6778752436647173,0.6917293233082706,0.6988304093567251,0.6950490313322172,0.3904951720012495,v25,10.6
44,blood,CBM_KE,5,OK,0.76,0.7485380116959064,0.6598360655737705,0.6330409356725146,0.642478813559322,0.2916486908466954,v25,11.9
44,blood,CBM_KE,6,OK,0.8133333333333334,0.7919103313840155,0.7447033898305084,0.7251461988304093,0.7337728194726166,0.4694423843721605,v25,15.6
44,blood,CBM_KE,7,OK,0.7733333333333333,0.7811890838206628,0.6805210918114144,0.6418128654970761,0.6543778801843317,0.32000133319995666,v25,10.6
44,blood,CBM_KE,8,OK,0.7702702702702703,0.6475748194014448,0.38513513513513514,0.5,0.4351145038167939,0.0,v25,21.0
44,blood,CBM_KE,9,OK,0.7972972972972973,0.8028895768833849,0.7194444444444444,0.7445820433436532,0.7297297297297298,0.463345100859543,v25,11.1
44,blood,CBM,0,OK,0.8133333333333334,0.766569200779727,0.7854477611940298,0.6491228070175439,0.674317617866005,0.41263432434118835,v25,7.1
44,blood,CBM,1,OK,0.6533333333333333,0.5916179337231969,0.5686274509803921,0.5818713450292398,0.5701058201058201,0.1499149321140883,v25,7.3
44,blood,CBM,2,OK,0.72,0.7324561403508771,0.6309523809523809,0.6447368421052632,0.6361746361746362,0.27534439587696735,v25,11.9
44,blood,CBM,3,OK,0.7733333333333333,0.6076998050682261,0.7222222222222222,0.5467836257309941,0.5293466223698782,0.2039250967738327,v25,2.7
44,blood,CBM,5,OK,0.7333333333333333,0.753411306042885,0.6518010291595198,0.672514619883041,0.6590909090909092,0.32365349893556816,v25,12.3
44,blood,CBM,6,OK,0.68,0.8065302144249513,0.6449854651162791,0.6944444444444444,0.64,0.33580719597444164,v25,9.2
44,blood,CBM,7,OK,0.7733333333333333,0.6067251461988304,0.7222222222222222,0.5467836257309941,0.5293466223698782,0.2039250967738327,v25,4.1
44,blood,CBM,8,OK,0.7702702702702703,0.39473684210526316,0.38513513513513514,0.5,0.4351145038167939,0.0,v25,4.3
44,car,CBM_KE,6,OK,1.0,1.0,1.0,1.0,1.0,1.0,v25,19.8
44,car,CBM_KE,8,OK,0.9883720930232558,0.9996329806714451,0.9913549369290997,0.9913549369290997,0.9913549369290997,0.9743551513344267,v25,73.7
44,car,CBM,0,OK,0.9826589595375722,0.9981877010370904,0.9602564102564103,0.989457512184785,0.9738110437280562,0.9624824542582371,v25,53.0
44,car,CBM,1,OK,1.0,1.0,1.0,1.0,1.0,1.0,v25,63.8
44,car,CBM,2,OK,0.9942196531791907,0.9997370159661114,0.96875,0.9935897435897436,0.9800865800865801,0.9874596806226167,v25,41.9
44,car,CBM,3,OK,1.0,1.0,1.0,1.0,1.0,1.0,v25,43.7
44,car,CBM,4,OK,1.0,1.0,1.0,1.0,1.0,1.0,v25,70.3
44,car,CBM,5,OK,0.9884393063583815,0.9425559380378657,0.9444444444444444,0.9285714285714286,0.9270833333333334,0.9751128342067142,v25,71.9
44,car,CBM,6,OK,1.0,1.0,1.0,1.0,1.0,1.0,v25,56.8
44,car,CBM,7,OK,0.9942196531791907,0.9756884681583476,0.96875,0.9642857142857143,0.9641025641025642,0.9874863612893167,v25,65.2
44,car,CBM,8,OK,0.9476744186046512,0.9980959325879112,0.8539715066354411,0.949815137016094,0.8844734053226299,0.8879928394852215,v25,41.8
44,car,CBM,9,OK,1.0,1.0,1.0,1.0,1.0,1.0,v25,48.7
44,credit-g,CBM_KE,0,OK,0.78,0.8528571428571429,0.7389705882352942,0.7476190476190476,0.7428705002337541,0.4865127725673279,v25,6.4
44,credit-g,CBM_KE,3,OK,0.75,0.7861904761904761,0.7019288728149488,0.6595238095238095,0.6710093433346493,0.35895661600973144,v25,9.1
44,credit-g,CBM_KE,4,OK,0.68,0.7276190476190476,0.574750830564784,0.5428571428571428,0.5337995337995338,0.11320083081329449,v25,7.5
44,credit-g,CBM_KE,5,OK,0.79,0.799047619047619,0.7569169960474309,0.7166666666666667,0.7304582210242587,0.471870105616408,v25,9.8
44,credit-g,CBM_KE,6,OK,0.77,0.8042857142857142,0.7266666666666667,0.7023809523809523,0.7115987460815048,0.4283597360771242,v25,18.4
44,credit-g,CBM_KE,7,OK,0.72,0.6895238095238095,0.6558265582655827,0.6095238095238095,0.6162280701754386,0.26127930102654884,v25,6.7
44,credit-g,CBM_KE,8,OK,0.73,0.6590476190476191,0.6717902350813743,0.6357142857142857,0.6446900908014213,0.30538100167992077,v25,7.9
44,credit-g,CBM_KE,9,OK,0.7,0.6628571428571428,0.6219512195121951,0.5857142857142857,0.5888157894736843,0.20447945297729908,v25,7.3
44,credit-g,CBM,2,OK,0.76,0.7576190476190476,0.7130977130977132,0.6952380952380952,0.7023809523809523,0.40794505318629176,v25,16.2
44,credit-g,CBM,4,OK,0.71,0.7719047619047619,0.6605608322026233,0.6690476190476191,0.6640018537828757,0.3294991738754909,v25,12.7
44,credit-g,CBM,5,OK,0.69,0.7242857142857142,0.6287032540067994,0.6261904761904762,0.627359057579036,0.25488134423987824,v25,20.4
44,credit-g,CBM,6,OK,0.79,0.7842857142857143,0.7501214181641573,0.7452380952380953,0.7475658131987017,0.49533544257938605,v25,5.8
44,credit-g,CBM,7,OK,0.67,0.71,0.6208791208791209,0.6309523809523809,0.6239316239316239,0.25162995597942267,v25,6.0
44,credit-g,CBM,8,OK,0.79,0.7066666666666667,0.8138815207780725,0.669047619047619,0.6889349725966524,0.46069913718425354,v25,12.9
44,credit-g,CBM,9,OK,0.71,0.6680952380952381,0.6496702181633689,0.6404761904761904,0.6442154336891179,0.29000070396694133,v25,4.0
44,diabetes,CBM_KE,0,OK,0.7272727272727273,0.8207407407407408,0.6998491704374057,0.6962962962962963,0.6979263964132263,0.3961295342422729,v25,5.9
44,diabetes,CBM_KE,1,OK,0.7662337662337663,0.7970370370370371,0.7433333333333333,0.7433333333333333,0.7433333333333333,0.4866666666666667,v25,16.6
44,diabetes,CBM_KE,2,OK,0.7662337662337663,0.754074074074074,0.7433333333333333,0.7433333333333333,0.7433333333333333,0.4866666666666667,v25,13.7
44,diabetes,CBM_KE,3,OK,0.7922077922077922,0.78,0.7769726247987117,0.7548148148148148,0.7630769230769231,0.5313256180417312,v25,16.3
44,diabetes,CBM_KE,4,OK,0.7532467532467533,0.782962962962963,0.729559748427673,0.7162962962962962,0.7214924804873406,0.44565871858907996,v25,11.6
44,diabetes,CBM_KE,5,OK,0.7792207792207793,0.8548148148148148,0.765389876880985,0.7874074074074073,0.7692578882425525,0.5523586388082835,v25,5.6
44,diabetes,CBM_KE,6,OK,0.7662337662337663,0.8066666666666666,0.7433333333333333,0.7433333333333333,0.7433333333333333,0.4866666666666667,v25,7.0
44,diabetes,CBM_KE,7,OK,0.7532467532467533,0.8451851851851852,0.7295918367346939,0.7333333333333334,0.7313131313131314,0.4629100498862757,v25,13.1
44,diabetes,CBM_KE,8,OK,0.7894736842105263,0.8384615384615384,0.7676282051282051,0.7569230769230769,0.7615686274509804,0.5244420346728087,v25,25.9
44,diabetes,CBM_KE,9,OK,0.7763157894736842,0.8500000000000001,0.7531181217901688,0.7653846153846153,0.757825679475164,0.5183576194025131,v25,25.2
44,diabetes,CBM,0,OK,0.7402597402597403,0.8237037037037036,0.7142307692307692,0.7062962962962962,0.7096530920060332,0.4204522053456932,v25,9.4
44,diabetes,CBM,1,OK,0.7792207792207793,0.8207407407407407,0.7598270440251573,0.7448148148148148,0.7508090614886731,0.5044185153893525,v25,4.9
44,diabetes,CBM,2,OK,0.7012987012987013,0.7622222222222222,0.673469387755102,0.6762962962962963,0.6747474747474747,0.349754259914075,v25,9.2
44,diabetes,CBM,4,OK,0.7402597402597403,0.7807407407407407,0.7165948275862069,0.7233333333333334,0.7193877551020409,0.4398765500800706,v25,4.2
44,diabetes,CBM,5,OK,0.8181818181818182,0.8851851851851851,0.7995689655172413,0.8088888888888889,0.8035714285714286,0.6083864722500479,v25,11.8
44,diabetes,CBM,6,OK,0.7662337662337663,0.7977777777777777,0.7438461538461538,0.7348148148148148,0.7386877828054299,0.4785757597651158,v25,8.1
44,diabetes,CBM,8,OK,0.7631578947368421,0.8300000000000001,0.7492997198879552,0.7738461538461539,0.7521739130434782,0.5225696870130913,v25,3.6
44,kr-vs-kp,CBM_KE,0,OK,0.996875,0.996712457438065,0.9970238095238095,0.9967320261437909,0.996868118424272,0.9937557928313525,v25,98.7
44,kr-vs-kp,CBM_KE,1,OK,1.0,1.0,1.0,1.0,1.0,1.0,v25,112.2
44,kr-vs-kp,CBM_KE,2,OK,0.990625,0.9996086258854839,0.9907581453634086,0.9904700403115339,0.9906043552728163,0.9812281433787039,v25,97.4
44,kr-vs-kp,CBM_KE,3,OK,0.99375,0.9996869007083872,0.9935483870967742,0.9940119760479043,0.9937411985604757,0.9875602543337462,v25,75.0
44,kr-vs-kp,CBM_KE,5,OK,0.9875,0.9999608625885484,0.9872611464968153,0.9880239520958084,0.9874877810361682,0.9752848002837129,v25,41.5
44,kr-vs-kp,CBM_KE,6,OK,1.0,1.0,1.0,1.0,1.0,1.0,v25,62.0
44,kr-vs-kp,CBM_KE,7,OK,0.9905956112852664,0.9996848408446266,0.9911764705882353,0.9901315789473684,0.9905655727200134,0.981307493237889,v25,30.0
44,kr-vs-kp,CBM,0,OK,0.996875,0.9999608625885484,0.9970238095238095,0.9967320261437909,0.996868118424272,0.9937557928313525,v25,50.1
44,kr-vs-kp,CBM,1,OK,0.99375,1.0,0.9940828402366864,0.9934640522875817,0.993734335839599,0.9875466986607835,v25,72.6
44,kr-vs-kp,CBM,2,OK,0.9875,0.998003992015968,0.9878130020768838,0.9872020664553246,0.987468671679198,0.975014877128823,v25,17.3
44,kr-vs-kp,CBM,3,OK,1.0,1.0,1.0,1.0,1.0,1.0,v25,26.4
44,kr-vs-kp,CBM,4,OK,0.99375,0.9995890571797581,0.9940828402366864,0.9934640522875817,0.993734335839599,0.9875466986607835,v25,45.5
44,kr-vs-kp,CBM,5,OK,0.9875,1.0,0.9872611464968153,0.9880239520958084,0.9874877810361682,0.9752848002837129,v25,92.2
44,kr-vs-kp,CBM,7,OK,0.9968652037617555,0.9990939174283013,0.9970238095238095,0.9967105263157895,0.9968572976700655,0.9937342864569987,v25,54.9
44,kr-vs-kp,CBM,8,OK,0.9968652037617555,0.9999606051055784,0.9970238095238095,0.9967105263157895,0.9968572976700655,0.9937342864569987,v25,83.3
44,kr-vs-kp,CBM,9,OK,0.9968652037617555,0.9999606268210095,0.9970059880239521,0.9967320261437909,0.9968591542362034,0.9937379764037085,v25,53.6
44,magic,CBM_KE,0,OK,0.889,0.9377828699862598,0.8871469424894617,0.8660815016747221,0.8749683196755935,0.7529338193369173,v25,69.9
44,magic,CBM_KE,3,OK,0.677,0.8797141339514221,0.7268624849010701,0.7341494036409291,0.6767643612193288,0.4609542951229974,v25,267.0
44,magic,CBM_KE,4,OK,0.905,0.9474844051115239,0.9095205686630369,0.8803704142687194,0.8921649309004228,0.789352920698773,v25,70.0
44,magic,CBM_KE,5,OK,0.884,0.9434501468399774,0.888159634571463,0.8543803967532781,0.8673806769073173,0.7417712998034973,v25,65.2
44,magic,CBM_KE,6,OK,0.888,0.94204100983762,0.8898059102897378,0.86138657325098,0.8727683338558919,0.7506547066463708,v25,55.2
44,magic,CBM_KE,7,OK,0.873,0.9348416806043924,0.8730952380952381,0.8439435642825472,0.855385852181567,0.716445967278264,v25,258.5
44,magic,CBM_KE,8,OK,0.901,0.9529846153846153,0.9063712136031183,0.8743956043956044,0.88708928728249,0.7801117769292161,v25,70.4
44,magic,CBM,0,OK,0.862,0.922791583808533,0.8490937415872652,0.8472425252086269,0.8481507401000885,0.6963338060536478,v25,54.5
44,magic,CBM,1,OK,0.865,0.9236080930996184,0.8572298869528573,0.8423588338842576,0.8488362067517589,0.6994306471002981,v25,403.6
44,magic,CBM,2,OK,0.857,0.8940864534084874,0.8452739529546758,0.8381577618865754,0.8414688630435097,0.6833946653841657,v25,43.3
44,magic,CBM,4,OK,0.894,0.9348021720903077,0.8961434131383418,0.8686254109982924,0.8797727932636469,0.7642735857855812,v25,391.0
44,magic,CBM,5,OK,0.874,0.9164702215549673,0.8746463485035711,0.8447139803072006,0.8564102564102564,0.718737320584439,v25,137.2
44,magic,CBM,6,OK,0.868,0.9291480647412851,0.8528,0.8629844731539646,0.8572855715712859,0.7157120150695214,v25,50.2
44,magic,CBM,7,OK,0.863,0.9249382130738062,0.8488182878226214,0.851937453632369,0.850325405678239,0.7007487994900772,v25,191.9
44,magic,CBM,8,OK,0.882,0.9453142857142858,0.8713485536018151,0.8683516483516484,0.8698094805177611,0.7396941309277207,v25,45.8
44,magic,CBM,9,OK,0.864,0.9146769230769232,0.8588125292192614,0.8373626373626373,0.8462234283129806,0.6958446412128741,v25,274.7
44,mfeat-factors,CBM_KE,0,OK,0.985,0.9998611111111112,0.9854761904761904,0.985,0.984993746091307,0.9833879675158538,v25,22.2
44,mfeat-factors,CBM_KE,1,OK,0.985,0.9958333333333333,0.9861471861471862,0.985,0.9851067631555438,0.983442610805842,v25,59.6
44,mfeat-factors,CBM_KE,2,OK,0.99,1.0,0.9904761904761905,0.99,0.9899937460913071,0.9889438317391072,v25,57.5
44,mfeat-factors,CBM_KE,3,OK,0.97,0.9898611111111112,0.9707142857142858,0.97,0.9698556663704287,0.9667740919786244,v25,14.7
44,mfeat-factors,CBM_KE,4,OK,0.98,0.9978055555555555,0.9808840282524492,0.9800000000000001,0.9799785580273387,0.9778864378634362,v25,78.4
44,mfeat-factors,CBM_KE,5,OK,0.985,0.9995833333333334,0.9861471861471862,0.985,0.9851067631555436,0.983442610805842,v25,73.9
44,mfeat-factors,CBM_KE,6,OK,0.985,0.99825,0.9857142857142858,0.985,0.9849906191369605,0.9834152880222562,v25,73.8
44,mfeat-factors,CBM_KE,7,OK,0.95,0.9919166666666668,0.9511654135338347,0.9499999999999998,0.9502282676672922,0.9445231579874777,v25,67.4
44,mfeat-factors,CBM,0,OK,0.99,0.9987222222222222,0.9902380952380951,0.9899999999999999,0.9899968730456535,0.9889163591692915,v25,38.3
44,mfeat-factors,CBM,2,OK,1.0,1.0,1.0,1.0,1.0,1.0,v25,62.4
44,mfeat-factors,CBM,3,OK,0.96,0.9981944444444446,0.9609022556390977,0.96,0.959714953424838,0.9557148546406925,v25,55.7
44,mfeat-factors,CBM,5,OK,0.975,0.9996944444444444,0.9763852813852815,0.9749999999999999,0.9751036362011971,0.9723572812243633,v25,50.6
44,mfeat-factors,CBM,6,OK,0.98,0.9998888888888888,0.9813852813852814,0.9800000000000001,0.9799686834346655,0.9779407814928016,v25,18.4
44,mfeat-factors,CBM,7,OK,0.935,0.9977222222222222,0.9389222067025269,0.9349999999999999,0.9356202791546255,0.9280871917526221,v25,18.4
44,mfeat-factors,CBM,8,OK,0.975,0.9970555555555556,0.9752648332060098,0.975,0.9742855573343379,0.9724113205875764,v25,31.3
44,mfeat-factors,CBM,9,OK,0.96,0.9959722222222223,0.9609273182957393,0.96,0.9599713636812481,0.9556617460938126,v25,32.3
44,optdigits,CBM_KE,0,OK,0.9893238434163701,0.9980852284911805,0.9895601031695651,0.9892196400091138,0.9893108565018368,0.9881543356482668,v25,58.1
44,optdigits,CBM_KE,2,OK,0.9839857651245552,0.9999229107284707,0.9844367143913424,0.9840225563909775,0.9840466994254381,0.9822474600497656,v25,192.1
44,optdigits,CBM_KE,3,OK,0.9857651245551602,0.9994498820400406,0.9859887884527214,0.9857433356117568,0.9857737332332551,0.9842038793191524,v25,108.9
44,optdigits,CBM_KE,4,OK,0.9875444839857651,0.9996385848488305,0.9880761225096639,0.9874641148325359,0.98749877354217,0.9862190553703515,v25,244.3
44,optdigits,CBM_KE,6,OK,0.9839857651245552,0.9976735120339324,0.9846207680217492,0.9839889496468442,0.9840457741660126,0.9822648023437166,v25,183.8
44,optdigits,CBM_KE,7,OK,0.9857651245551602,0.998006812675654,0.985837379498904,0.9857444748234222,0.9857439048085531,0.9841936029568805,v25,182.9
44,optdigits,CBM_KE,8,OK,0.9893238434163701,0.9985956835304322,0.9897720631209819,0.9893170426065161,0.9893419070246431,0.9881825233781382,v25,127.7
44,optdigits,CBM_KE,9,OK,0.9911032028469751,0.9981636745318859,0.9912885662431942,0.9911329460013671,0.9911330729677644,0.9901319956512753,v25,211.6
44,optdigits,CBM,0,OK,0.9804270462633452,0.9995362681372105,0.9811380251809056,0.9804164407884915,0.9805628782358715,0.9782992671019444,v25,95.3
44,optdigits,CBM,1,OK,0.9839857651245552,0.9998212393312172,0.9842497658287132,0.9838591384417155,0.9839614040480453,0.9822259757210364,v25,78.9
44,optdigits,CBM,2,OK,0.9893238434163701,0.9995336479542889,0.9895644283121598,0.9893472317156528,0.9893778697423095,0.988154710191716,v25,86.5
44,optdigits,CBM,3,OK,0.9875444839857651,0.9998053298429553,0.98780126984778,0.9875301891091365,0.9874953518026995,0.9861984779748294,v25,31.1
44,optdigits,CBM,4,OK,0.9608540925266904,0.9983339268428006,0.966950930767636,0.9607735247208931,0.9608983925695883,0.9571920317771644,v25,56.2
44,optdigits,CBM,5,OK,0.9911032028469751,0.9996222722956377,0.9912194198902495,0.9911016176805649,0.9910843075101544,0.990131891558252,v25,123.3
44,optdigits,CBM,7,OK,0.9875444839857651,0.9985261359142988,0.9876868896378879,0.9875301891091365,0.987529184226576,0.9861776607298126,v25,200.0
44,optdigits,CBM,8,OK,0.9804270462633452,0.9982248818892481,0.9805104846756387,0.9804499886078831,0.9804343207009717,0.9782623991461264,v25,50.5
44,optdigits,CBM,9,OK,0.9839857651245552,0.997080294088153,0.9843889384478144,0.9841154021417179,0.9840043472715735,0.982261781945396,v25,252.8
44,page-blocks,CBM_KE,0,OK,0.9616788321167883,0.991418438143436,0.8081771799628943,0.8858062330623305,0.823183713492481,0.8017678183817216,v25,168.2
44,page-blocks,CBM_KE,1,OK,0.9708029197080292,0.989709937679271,0.8273166891587944,0.8121047542636137,0.8141125428435073,0.8452105123744194,v25,52.3
44,page-blocks,CBM_KE,3,OK,0.9744058500914077,0.9944069356543878,0.8492915333139365,0.8375527165751198,0.8384932139862056,0.8652287415081176,v25,21.8
44,page-blocks,CBM_KE,4,OK,0.9725776965265083,0.9802426011370317,0.922765127556399,0.7878623300211894,0.8374599497891673,0.8504413546762233,v25,255.0
44,page-blocks,CBM_KE,6,OK,0.9524680073126143,0.9907691767663597,0.7838677918424753,0.9086177456849555,0.7807351063876778,0.7909149591369102,v25,189.9
44,page-blocks,CBM_KE,8,OK,0.9744058500914077,0.9869266282662862,0.820503022661882,0.8581670362158167,0.8305419268540151,0.864045265000803,v25,26.6
44,pendigits,CBM_KE,0,OK,0.992,0.9969258148541474,0.9918906985871272,0.9918358545054151,0.9918047131091564,0.9911214984528045,v25,59.0
44,pendigits,CBM_KE,1,OK,0.994,0.9997762281166309,0.9940993938872513,0.993889730092441,0.9939687293723791,0.993337490032261,v25,284.7
44,pendigits,CBM_KE,2,OK,0.997,0.9999856317191247,0.9969642857142859,0.9969551282051281,0.9969386873152434,0.9966705266060211,v25,87.7
44,pendigits,CBM_KE,3,OK,0.998,0.9996328810853949,0.9980857299871773,0.9980952380952381,0.9980767230111237,0.9977806919084716,v25,111.7
44,pendigits,CBM_KE,4,OK,0.994,0.9999863124038381,0.9939906253413451,0.9938663967611336,0.9938970760511113,0.9933387640743124,v25,340.4
44,pendigits,CBM_KE,5,OK,0.991,0.9997311427362681,0.991214463022185,0.9912390570819923,0.9911759130639591,0.990010468514252,v25,300.1
44,pendigits,CBM_KE,6,OK,0.995,0.9993504717324748,0.9949554667227716,0.9951028441623102,0.9949848683159613,0.9944535139711038,v25,351.0
44,pendigits,CBM_KE,7,OK,0.99,0.9995936479229544,0.9900734322554212,0.9900454319143639,0.9900080152111986,0.9888990266102604,v25,347.4
44,pendigits,CBM_KE,8,OK,0.995,0.9998797277794129,0.9950587743467632,0.9949425877520538,0.9949812779210493,0.9944478032143745,v25,52.6
44,pendigits,CBM,0,OK,0.991,0.9982511690968151,0.9909050117861865,0.9908633511315958,0.990838529534277,0.9900079460833072,v25,92.3
44,pendigits,CBM,1,OK,0.994,0.9999402475646351,0.9940510438573107,0.993889730092441,0.9939442874564086,0.9933375343255266,v25,170.7
44,pendigits,CBM,4,OK,0.996,0.999677876352257,0.995936170212766,0.9959716599190284,0.9959189819866967,0.995562598712264,v25,102.3
44,pendigits,CBM,5,OK,0.994,0.999445383010609,0.9941116069069137,0.9941425261619319,0.9940986117898343,0.9933388676081066,v25,198.7
44,pendigits,CBM,6,OK,0.989,0.9997164489732245,0.989463121883231,0.9891974732387355,0.9891722177691669,0.9878116692387894,v25,46.0
44,pendigits,CBM,7,OK,0.993,0.9995539657922864,0.993113908031604,0.9930101755041075,0.9930133546220887,0.9922318143096807,v25,176.2
44,pendigits,CBM,8,OK,0.997,0.9999976954277287,0.9970715408805031,0.9969457928802589,0.9969945872934796,0.9966693487612568,v25,164.2
44,phoneme,CBM_KE,1,OK,0.8835489833641405,0.9459646349896276,0.8688887712238342,0.8441091244361025,0.8550159306792127,0.7125671675853256,v25,126.1
44,phoneme,CBM_KE,3,OK,0.878003696857671,0.9311304290559451,0.8499395558948908,0.8622114656393032,0.8556236656531022,0.7120452778464451,v25,47.1
44,phoneme,CBM_KE,5,OK,0.8944444444444445,0.9479753462787461,0.8798341335661284,0.8604446948107893,0.8692610573798694,0.7400248599931322,v25,184.3
44,phoneme,CBM,6,OK,0.8925925925925926,0.9377195307840147,0.8654575328614762,0.8832593279872756,0.8734545454545455,0.74850519958749,v25,180.6
44,satimage,CBM_KE,1,OK,0.9315707620528771,0.9935380001457306,0.926342101658749,0.9124422788492389,0.9169397331548105,0.9159340164684844,v25,45.2
44,satimage,CBM_KE,3,OK,0.9346811819595645,0.9874351572774834,0.926034307648376,0.921167193198749,0.9231602558939779,0.9194949703054418,v25,146.1
44,satimage,CBM_KE,4,OK,0.9097978227060654,0.9844038049725982,0.896222267375599,0.8850347822137348,0.8873487641892335,0.8889940422869641,v25,50.3
44,satimage,CBM_KE,5,OK,0.9237947122861586,0.9880855649570632,0.9198079182599307,0.9070495740676999,0.912872441013523,0.9058514499794228,v25,42.5
44,satimage,CBM_KE,7,OK,0.9191290824261276,0.9908638444932659,0.9036017489699294,0.9020767962897209,0.901756038159547,0.90043515981219,v25,45.5
44,satimage,CBM,0,OK,0.911353032659409,0.9894107529305775,0.8987757819842023,0.895781280380683,0.8968666733899678,0.8907577045428219,v25,292.3
44,satimage,CBM,2,OK,0.9051321928460342,0.9792684552764728,0.8950334339226912,0.8860641205495993,0.8901053334207765,0.882908770970444,v25,239.0
44,satimage,CBM,3,OK,0.9206842923794712,0.9902542364237368,0.9087032113314809,0.9090356336379145,0.9086361207081466,0.9023126542725655,v25,122.6
44,satimage,CBM,4,OK,0.9144634525660964,0.9835916315184424,0.8935050278690942,0.9031770471533859,0.8972580699414089,0.8952519360791044,v25,275.9
44,satimage,CBM,5,OK,0.9175738724727839,0.9860477433690379,0.9065523337295011,0.9063588525988329,0.9060975907066545,0.8985052902659416,v25,242.5
44,satimage,CBM,6,OK,0.9035769828926905,0.9812257071406063,0.8878157135471234,0.8773291951722529,0.880323811511652,0.8811342201066898,v25,37.6
44,satimage,CBM,8,OK,0.9237947122861586,0.9875103494600387,0.9181271153891917,0.9087089859417946,0.9129198725433095,0.9059150671871073,v25,368.3
44,satimage,CBM,9,OK,0.926905132192846,0.9896521375973689,0.9127037774801675,0.9143892974007408,0.9131148510429145,0.9101084015929397,v25,157.6
44,segment,CBM_KE,0,OK,0.9696969696969697,0.998731907822817,0.9720752184721438,0.9696969696969697,0.9695869524766838,0.9651107951015833,v25,43.8
44,segment,CBM_KE,1,OK,0.9696969696969697,0.9986444531899077,0.9711631274131275,0.9696969696969697,0.9696493982208269,0.9649207607037249,v25,79.1
44,segment,CBM_KE,2,OK,0.987012987012987,0.9990817263544536,0.9873949579831933,0.987012987012987,0.9869413236017712,0.9849346257114895,v25,58.0
44,segment,CBM_KE,3,OK,0.9783549783549783,0.9947527220254494,0.9787289915966387,0.9783549783549784,0.9784156142365098,0.9747901006346601,v25,92.0
44,segment,CBM_KE,4,OK,0.961038961038961,0.9925007652280379,0.9642619285476428,0.961038961038961,0.9608459846164764,0.955193078556376,v25,41.1
44,segment,CBM_KE,5,OK,0.9783549783549783,0.9984476802658621,0.9788178027809363,0.9783549783549784,0.9783390628978864,0.9748327321144485,v25,90.2
44,segment,CBM_KE,6,OK,0.974025974025974,0.9992129083038173,0.9742726636108989,0.974025974025974,0.9740219979025949,0.969739374724636,v25,79.7
44,segment,CBM_KE,7,OK,0.9653679653679653,0.9948401766583583,0.9675827436467176,0.9653679653679654,0.965159894371437,0.9600368491021514,v25,59.2
44,segment,CBM_KE,8,OK,0.9567099567099567,0.9951681315317679,0.9572003801520609,0.9567099567099567,0.9564624625204081,0.949661068544376,v25,113.4
44,segment,CBM_KE,9,OK,0.9696969696969697,0.9958677685950413,0.9702608316053695,0.9696969696969697,0.9695331773595914,0.9647941334517149,v25,12.9
44,segment,CBM,0,OK,0.9783549783549783,0.9985351348987713,0.9787915166066427,0.9783549783549784,0.9781265740126897,0.9748966898229371,v25,11.9
44,segment,CBM,1,OK,0.987012987012987,0.9989068170886352,0.9873724489795919,0.987012987012987,0.9870071105365223,0.984913088376702,v25,16.0
44,segment,CBM,2,OK,0.987012987012987,0.9975731339367703,0.9880952380952381,0.987012987012987,0.9871267319636885,0.9849992461941592,v25,16.3
44,segment,CBM,3,OK,0.9783549783549783,0.9962394507849054,0.9787369493251846,0.9783549783549784,0.9784832083339546,0.9747687869920686,v25,37.2
44,segment,CBM,5,OK,0.9653679653679653,0.9990598626962264,0.9656226126814361,0.9653679653679654,0.9654315833420312,0.95961694056214,v25,13.6
44,segment,CBM,6,OK,0.987012987012987,0.9998688180506362,0.988095238095238,0.987012987012987,0.9871267319636885,0.9849992461941592,v25,54.1
44,segment,CBM,7,OK,0.8311688311688312,0.9916918098736281,0.7585657246769675,0.8311688311688312,0.7839945193155887,0.8218053770023064,v25,85.0
44,segment,CBM,9,OK,0.8354978354978355,0.9969390878481788,0.7688930117501547,0.8354978354978355,0.7908255143549262,0.8280934587260491,v25,82.4
44,spambase,CBM_KE,0,OK,0.9544468546637744,0.9826893536570956,0.9555244755244755,0.9489936586710781,0.9520041644976575,0.9044945569321203,v25,26.6
44,spambase,CBM_KE,2,OK,0.9521739130434783,0.9857224895542486,0.9474023311661688,0.9537812629953069,0.9502702702702703,0.9011610175848234,v25,162.3
44,spambase,CBM_KE,3,OK,0.9478260869565217,0.9776035169013247,0.9453454523851957,0.9453454523851957,0.9453454523851957,0.8906909047703915,v25,21.1
44,spambase,CBM_KE,4,OK,0.9565217391304348,0.981217449850492,0.956199716515941,0.9525139111665577,0.9542734448000953,0.9087061527109924,v25,82.8
44,spambase,CBM_KE,5,OK,0.9347826086956522,0.9806728846115765,0.9310133948827208,0.9326521317253806,0.9318127915250217,0.8636639719201038,v25,100.7
44,spambase,CBM_KE,6,OK,0.9478260869565217,0.9837422523218282,0.9453454523851957,0.9453454523851957,0.9453454523851957,0.8906909047703915,v25,22.4
44,spambase,CBM_KE,7,OK,0.9434782608695652,0.9815837937384899,0.9400879840602869,0.9417612229945147,0.9409044193216856,0.8818476196342832,v25,66.5
44,spambase,CBM_KE,8,OK,0.9369565217391305,0.9763420033204206,0.9360663592262083,0.9317139694837537,0.9337633255378627,0.8677694138418911,v25,83.8
44,spambase,CBM_KE,9,OK,0.9391304347826087,0.981065696893035,0.9397958363475605,0.9325638390386592,0.9358514622679098,0.8723296976802261,v25,45.3
44,spambase,CBM,0,OK,0.9522776572668112,0.9833983221079996,0.9508699090549624,0.9491118200795621,0.9499704025256512,0.8999800119442226,v25,227.3
44,spambase,CBM,2,OK,0.9543478260869566,0.9720588526505475,0.9494152046783626,0.9565436939345333,0.9525724301474379,0.9059308531101125,v25,39.7
44,spambase,CBM,3,OK,0.9456521739130435,0.9865937939365136,0.9434523809523809,0.9425830214459692,0.9430126016481747,0.8860349758995155,v25,222.9
44,spambase,CBM,7,OK,0.941304347826087,0.9718212241826572,0.9364048811013768,0.9419097407869463,0.9389137267053251,0.8782973707934403,v25,156.5
44,spambase,CBM,8,OK,0.9347826086956522,0.9684362400189738,0.9333413020957846,0.9299154083326745,0.9315476190476191,0.8632499124539128,v25,21.3
44,spambase,CBM,9,OK,0.9434782608695652,0.9770337576092971,0.9425053789146545,0.9390070361293383,0.9406746031746032,0.8815054733094112,v25,123.6
44,tic-tac-toe,CBM_KE,0,OK,1.0,1.0,1.0,1.0,1.0,1.0,v25,34.8
44,tic-tac-toe,CBM_KE,1,OK,1.0,1.0,1.0,1.0,1.0,1.0,v25,15.0
44,tic-tac-toe,CBM_KE,2,OK,0.9895833333333334,0.9846079846079846,0.9921875,0.9848484848484849,0.9883706844336766,0.9770084209183943,v25,27.5
44,tic-tac-toe,CBM_KE,3,OK,0.9895833333333334,1.0,0.9921875,0.9848484848484849,0.9883706844336766,0.9770084209183943,v25,15.0
44,tic-tac-toe,CBM_KE,4,OK,0.9479166666666666,0.9634439634439634,0.9632352941176471,0.9242424242424243,0.9399324239769742,0.886620694933573,v25,31.7
44,tic-tac-toe,CBM_KE,5,OK,0.9583333333333334,0.9985569985569985,0.9701492537313433,0.9393939393939394,0.9523573200992556,0.9090230639541237,v25,13.3
44,tic-tac-toe,CBM_KE,7,OK,0.9583333333333334,0.9894179894179894,0.9701492537313433,0.9393939393939394,0.9523573200992556,0.9090230639541237,v25,16.5
44,tic-tac-toe,CBM_KE,8,OK,1.0,1.0,1.0,1.0,1.0,1.0,v25,36.5
44,tic-tac-toe,CBM_KE,9,OK,0.968421052631579,0.9711632453567938,0.9685019841269842,0.9616324535679375,0.964923076923077,0.930109069806303,v25,5.9
44,tic-tac-toe,CBM,0,OK,1.0,1.0,1.0,1.0,1.0,1.0,v25,13.3
44,tic-tac-toe,CBM,1,OK,0.9895833333333334,1.0,0.9857142857142858,0.9919354838709677,0.9886885825379993,0.9776299753299275,v25,28.2
44,tic-tac-toe,CBM,2,OK,1.0,1.0,1.0,1.0,1.0,1.0,v25,30.9
44,tic-tac-toe,CBM,3,OK,0.9895833333333334,1.0,0.9852941176470589,0.9920634920634921,0.9885373134328358,0.977334166408364,v25,23.8
44,tic-tac-toe,CBM,4,OK,0.9479166666666666,0.9826839826839827,0.9632352941176471,0.9242424242424243,0.9399324239769742,0.886620694933573,v25,15.5
44,tic-tac-toe,CBM,5,OK,1.0,1.0,1.0,1.0,1.0,1.0,v25,14.5
44,tic-tac-toe,CBM,6,OK,0.96875,1.0,0.9583333333333333,0.9761904761904762,0.9660657476139979,0.9343531843023134,v25,9.2
44,tic-tac-toe,CBM,7,OK,0.9791666666666666,1.0,0.9846153846153847,0.9696969696969697,0.9765625,0.9541957401338105,v25,38.5
44,tic-tac-toe,CBM,8,OK,0.9894736842105263,1.0,0.9852941176470589,0.9919354838709677,0.9884722727824293,0.9772070335081308,v25,44.5
44,tic-tac-toe,CBM,9,OK,0.9894736842105263,0.9990224828934506,0.9920634920634921,0.9848484848484849,0.9883076923076923,0.9768853332428297,v25,38.1
44,vehicle,CBM_KE,0,OK,0.7411764705882353,0.9292189928127429,0.7355590062111801,0.7412878787878787,0.7319444444444445,0.6595515551020461,v25,10.1
44,vehicle,CBM_KE,1,OK,0.7529411764705882,0.928931225024975,0.8320135746606334,0.7602813852813852,0.7112277005098037,0.7070974706069316,v25,19.5
44,vehicle,CBM_KE,2,OK,0.8588235294117647,0.9689980158730158,0.8593767026261305,0.8609307359307359,0.8586474501108647,0.8128580594411511,v25,13.2
44,vehicle,CBM_KE,5,OK,0.788235294117647,0.9418797348484849,0.7901172768878719,0.7889069264069264,0.7885776662950577,0.7179591969163268,v25,12.9
44,vehicle,CBM_KE,7,OK,0.8214285714285714,0.9565428544964079,0.8356681034482758,0.8205456823877877,0.8210342695636814,0.7668416871109948,v25,35.8
44,vehicle,CBM_KE,8,OK,0.7380952380952381,0.9392916839318409,0.7555938852813853,0.7402056277056277,0.7301970415537489,0.6628907940227375,v25,31.4
44,vehicle,CBM,0,OK,0.8470588235294118,0.955109126984127,0.8630952380952381,0.8506493506493507,0.844242575078812,0.8048011769491672,v25,8.4
44,vehicle,CBM,1,OK,0.8,0.9514041860916861,0.7956800144300145,0.8024350649350649,0.7956168831168832,0.7357626393541913,v25,11.4
44,vehicle,CBM,2,OK,0.8235294117647058,0.9509492243867244,0.8214285714285714,0.8246753246753247,0.821661636348805,0.7655333819870198,v25,21.5
44,vehicle,CBM,3,OK,0.8235294117647058,0.9670702561327562,0.8266666666666667,0.8246753246753247,0.8215053629022177,0.7670699130742228,v25,8.7
44,vehicle,CBM,4,OK,0.8117647058823529,0.9648606601731602,0.8266304347826087,0.8116883116883117,0.8038850038850038,0.758807330642668,v25,14.2
44,vehicle,CBM,5,OK,0.8,0.9245358981296481,0.7930602006688964,0.8003246753246753,0.7864388584891321,0.7392721334524899,v25,30.8
44,vehicle,CBM,7,OK,0.7261904761904762,0.9268256762102263,0.7369245524296675,0.7283834586466165,0.7309523809523809,0.6353827596091379,v25,26.3
44,vehicle,CBM,9,OK,0.8571428571428571,0.9691146986653899,0.8645833333333334,0.8592532467532468,0.8612991815536885,0.8098037014771904,v25,33.4
44,wdbc,CBM_KE,0,OK,0.9824561403508771,0.9748677248677249,0.9864864864864865,0.9761904761904762,0.9809555629802873,0.962621902223779,v25,16.5
44,wdbc,CBM_KE,1,OK,0.9824561403508771,1.0,0.9772727272727273,0.9861111111111112,0.981329839502129,0.9633432944855655,v25,14.3
44,wdbc,CBM_KE,2,OK,0.9824561403508771,1.0,0.9864864864864865,0.9761904761904762,0.9809555629802873,0.962621902223779,v25,12.7
44,wdbc,CBM_KE,4,OK,1.0,1.0,1.0,1.0,1.0,1.0,v25,12.0
44,wdbc,CBM_KE,5,OK,0.9298245614035088,0.992063492063492,0.9342105263157894,0.9146825396825397,0.922972972972973,0.8486684247915055,v25,19.6
44,wdbc,CBM_KE,6,OK,0.9649122807017544,0.9986772486772486,0.9623015873015872,0.9623015873015872,0.9623015873015872,0.9246031746031746,v25,13.9
44,wdbc,CBM_KE,7,OK,0.9824561403508771,0.9987012987012986,0.9861111111111112,0.9772727272727273,0.981329839502129,0.9633432944855655,v25,14.9
44,wdbc,CBM_KE,8,OK,0.9649122807017544,0.9532467532467532,0.972972972972973,0.9545454545454546,0.9623015873015872,0.9273353546322172,v25,11.3
44,wdbc,CBM_KE,9,OK,1.0,1.0,1.0,1.0,1.0,1.0,v25,9.7
44,wdbc,CBM,0,OK,0.9649122807017544,0.9973544973544973,0.9736842105263157,0.9523809523809523,0.9614864864864865,0.9258200997725514,v25,3.4
44,wdbc,CBM,1,OK,0.9824561403508771,1.0,0.9772727272727273,0.9861111111111112,0.981329839502129,0.9633432944855655,v25,6.9
44,wdbc,CBM,2,OK,0.9649122807017544,0.996031746031746,0.9623015873015872,0.9623015873015872,0.9623015873015872,0.9246031746031746,v25,4.0
44,wdbc,CBM,3,OK,0.8947368421052632,0.9417989417989419,0.9080882352941176,0.8670634920634921,0.881578947368421,0.7740653530990438,v25,9.6
44,wdbc,CBM,4,OK,1.0,1.0,1.0,1.0,1.0,1.0,v25,7.5
44,wdbc,CBM,6,OK,0.9824561403508771,1.0,0.9772727272727273,0.9861111111111112,0.981329839502129,0.9633432944855655,v25,12.3
44,wdbc,CBM,7,OK,0.9649122807017544,0.9987012987012986,0.9629870129870131,0.9629870129870131,0.9629870129870131,0.925974025974026,v25,4.7
44,wdbc,CBM,8,OK,0.9473684210526315,0.9636363636363636,0.9484126984126984,0.9402597402597402,0.9439895185063871,0.8886350389948482,v25,12.1
44,wdbc,CBM,9,OK,0.9464285714285714,1.0,0.9375,0.9571428571428571,0.9442786069651741,0.8944271909999159,v25,7.5
44,wine-quality,CBM_KE,0,PARTIAL,0.6408163265306123,nan,0.3034093810156711,0.30733183684432674,0.3025679915935356,0.46162794376529453,v25,37.8
44,wine-quality,CBM_KE,1,PARTIAL,0.6142857142857143,nan,0.4041067489343351,0.3482335441441002,0.3563764077175989,0.40851521765523413,v25,28.7
44,wine-quality,CBM_KE,2,PARTIAL,0.6510204081632653,nan,0.4200845298503983,0.343075788309054,0.35920435786802823,0.4705884419376137,v25,47.6
44,wine-quality,CBM_KE,3,OK,0.6,0.6580668148061841,0.4167789344764237,0.2919030203512962,0.30349261655881865,0.41248284467918556,v25,364.7
44,wine-quality,CBM_KE,4,OK,0.5877551020408164,0.7947873476913278,0.37422068320357293,0.2675859581031995,0.2858749637962602,0.37454864853385683,v25,247.2
44,wine-quality,CBM_KE,5,OK,0.6408163265306123,0.6743849384804895,0.3873869320985381,0.31896904465397613,0.33242159558567475,0.4553602725105119,v25,45.6
44,wine-quality,CBM_KE,6,OK,0.6265306122448979,0.8013613067954534,0.3306026544012814,0.33033712862479986,0.32969153178512783,0.4372705884457798,v25,41.0
44,wine-quality,CBM_KE,7,OK,0.5612244897959183,0.6843037865252947,0.2507747933884298,0.2503780466109233,0.2493944547515976,0.331644196291412,v25,214.3
44,wine-quality,CBM_KE,8,PARTIAL,0.6400817995910021,nan,0.4293704863962475,0.35973751268876164,0.3854976919632092,0.458287988649676,v25,324.2
44,wine-quality,CBM_KE,9,PARTIAL,0.6094069529652352,nan,0.3978120326144642,0.3155205793400797,0.3396074448875906,0.41802541788498637,v25,321.2
44,wine-quality,CBM,0,PARTIAL,0.363265306122449,nan,0.11232615103582845,0.15035877364644487,0.11839824181712921,0.03562539005162429,v25,41.6
44,wine-quality,CBM,1,PARTIAL,0.3408163265306122,nan,0.10327556900182808,0.1405740378343118,0.11116661116661117,-0.011550190099095478,v25,42.4
44,wine-quality,CBM,2,PARTIAL,0.3836734693877551,nan,0.12030829621135271,0.15768025078369904,0.12600934195618582,0.07417732137719044,v25,40.3
44,wine-quality,CBM,3,OK,0.39387755102040817,0.5256846656142714,0.11624620590137831,0.15521719659650696,0.13016441686392424,0.058730503234982835,v25,42.8
44,wine-quality,CBM,4,OK,0.33877551020408164,0.5058101603578663,0.09910501483535192,0.13331840573219883,0.11114613541798009,-0.041327571951488846,v25,42.1
44,wine-quality,CBM,5,OK,0.38571428571428573,0.5571238244414689,0.1139211665527455,0.15300658245863724,0.12689048708006054,0.04533903112996608,v25,38.7
44,wine-quality,CBM,6,OK,0.37551020408163266,0.5263317383914216,0.11103026666166597,0.1514054438711973,0.1230272211527529,0.032640419408109904,v25,39.9
44,wine-quality,CBM,7,OK,0.3510204081632653,0.5345555644022592,0.10301689131293264,0.13637253157801105,0.11570029229800764,-0.020431171305145965,v25,40.0
44,wine-quality,CBM,8,PARTIAL,0.34151329243353784,nan,0.10251801826334804,0.13839174524106032,0.11204715036713304,-0.01868194832307279,v25,39.7
44,wine-quality,CBM,9,PARTIAL,0.38445807770961143,nan,0.1155977405977406,0.15400284646859988,0.1262716860300637,0.05225124364551604,v25,42.9
