Seed,Dataset,Algorithm,CV index,Status,Accuracy,AUC_ROC,Precision,Recall,F1_macro,MCC,bp_source,wall_s,chose_default,def_acc,best_acc,n_trials,timeout_hit
42,balance-scale,CatBoost_T,0,OK,0.9206349206349206,0.9547667342799189,0.7899641577060933,0.7218390804597702,0.7340328221684155,0.8594727347691609,,5.4,False,0.9026548672566371,0.9646017699115044,40,False
42,balance-scale,CatBoost_T,1,OK,0.9206349206349206,0.9873563218390805,0.6139112903225806,0.6666666666666666,0.6391621129326047,0.8624251504904709,,4.5,False,0.8849557522123894,0.9557522123893806,40,False
42,balance-scale,CatBoost_T,2,OK,0.9206349206349206,0.9319810682893848,0.6151515151515151,0.6666666666666666,0.6395115728084564,0.8632958474820323,,3.8,False,0.8938053097345132,0.9203539823008849,40,False
42,balance-scale,CatBoost_T,3,OK,0.9047619047619048,0.8808654496281271,0.6050505050505051,0.6551724137931035,0.6287588846364134,0.8335270251550657,,4.1,False,0.8495575221238938,0.9203539823008849,40,False
42,balance-scale,CatBoost_T,4,OK,0.9047619047619048,0.9736308316430021,0.8333333333333334,0.7655172413793103,0.7881355932203391,0.8306144860301817,,4.0,False,0.8938053097345132,0.9380530973451328,40,False
42,balance-scale,CatBoost_T,5,OK,0.9354838709677419,0.9691745036572623,0.6243055555555556,0.6666666666666666,0.6446235065295916,0.8857766226454756,,4.4,False,0.8849557522123894,0.9203539823008849,40,False
42,balance-scale,CatBoost_T,6,OK,0.9193548387096774,0.9287741412354414,0.6138888888888889,0.6666666666666666,0.6387947269303201,0.8614167945618462,,4.6,False,0.8584070796460177,0.911504424778761,40,False
42,balance-scale,CatBoost_T,7,OK,0.9516129032258065,0.9941520467836257,0.8944444444444445,0.8551724137931035,0.8715466827989514,0.9156901489163423,,4.6,False,0.8761061946902655,0.9557522123893806,40,False
42,balance-scale,CatBoost_T,8,OK,0.9032258064516129,0.9322829131652662,0.6020833333333333,0.6547619047619048,0.6272847182965894,0.8302342861614174,,6.7,False,0.8407079646017699,0.911504424778761,40,False
42,balance-scale,CatBoost_T,9,OK,0.9032258064516129,0.9421309551153684,0.6020833333333333,0.6547619047619048,0.6272847182965894,0.8302342861614174,,6.6,False,0.8761061946902655,0.9203539823008849,40,False
42,balance-scale,EBM_T,0,OK,0.9841269841269841,1.0,0.9444444444444445,0.9885057471264368,0.9638490164805954,0.9729158085985287,,199.8,True,1.0,1.0,40,False
42,balance-scale,EBM_T,1,OK,0.9841269841269841,1.0,0.9444444444444445,0.9885057471264368,0.9638490164805954,0.9729158085985287,,201.8,True,1.0,0.9911504424778761,40,False
42,balance-scale,EBM_T,2,OK,1.0,1.0,1.0,1.0,1.0,1.0,,214.6,True,0.9823008849557522,0.9823008849557522,40,False
42,balance-scale,EBM_T,3,OK,0.9523809523809523,0.9804597701149426,0.9673835125448029,0.7999999999999999,0.8403820285176217,0.9172293025456485,,223.5,False,0.9911504424778761,1.0,40,False
42,balance-scale,EBM_T,4,OK,0.9682539682539683,1.0,0.9047619047619048,0.9770114942528737,0.9327485380116959,0.9468641529479986,,191.7,True,0.9823008849557522,0.9823008849557522,40,False
42,balance-scale,EBM_T,5,OK,0.9516129032258065,0.9985632183908045,0.8571428571428571,0.9655172413793104,0.8913381939697729,0.919584695374887,,192.1,True,0.9911504424778761,0.9911504424778761,40,False
42,balance-scale,EBM_T,6,OK,0.9838709677419355,1.0,0.9444444444444445,0.9885057471264368,0.9638490164805954,0.9725376779825632,,168.6,False,0.9734513274336283,0.9823008849557522,40,False
42,balance-scale,EBM_T,7,OK,1.0,1.0,1.0,1.0,1.0,1.0,,225.2,False,0.9734513274336283,0.9823008849557522,40,False
42,balance-scale,EBM_T,8,OK,1.0,1.0,1.0,1.0,1.0,1.0,,162.9,True,1.0,1.0,40,False
42,balance-scale,EBM_T,9,OK,1.0,1.0,1.0,1.0,1.0,1.0,,241.3,True,0.9469026548672567,0.9203539823008849,40,False
42,balance-scale,FIGS_T,0,OK,0.7777777777777778,0.8173766058147396,0.6697530864197531,0.6735632183908047,0.652779979916495,0.6483722002381677,,12.7,False,0.8761061946902655,0.8849557522123894,40,False
42,balance-scale,FIGS_T,1,OK,0.8571428571428571,0.8433400946585531,0.5715725806451614,0.6206896551724138,0.5950819672131148,0.7434699573193714,,12.9,False,0.7876106194690266,0.8230088495575221,40,False
42,balance-scale,FIGS_T,2,OK,0.8412698412698413,0.8747802569303583,0.5618661257606491,0.6091954022988505,0.5836526181353767,0.7158994612139722,,15.3,False,0.8407079646017699,0.8849557522123894,40,False
42,balance-scale,FIGS_T,3,OK,0.8412698412698413,0.7954699121027721,0.5608198924731184,0.6091954022988505,0.5839708561020037,0.7137311590265966,,14.0,True,0.8584070796460177,0.8584070796460177,40,False
42,balance-scale,FIGS_T,4,OK,0.7936507936507936,0.8227180527383368,0.5448717948717948,0.5747126436781609,0.5557109557109557,0.6339295945206364,,12.3,False,0.8495575221238938,0.8672566371681416,40,False
42,balance-scale,FIGS_T,5,OK,0.8870967741935484,0.8416710205503309,0.5931731104144897,0.632183908045977,0.6114200964034112,0.7953883249446669,,17.8,True,0.8849557522123894,0.8849557522123894,40,False
42,balance-scale,FIGS_T,6,OK,0.8709677419354839,0.867761153298145,0.6,0.6317733990147784,0.6154295733489188,0.7695219375487934,,10.7,True,0.8761061946902655,0.8761061946902655,40,False
42,balance-scale,FIGS_T,7,OK,0.7903225806451613,0.7726880068971987,0.5268817204301075,0.5730706075533661,0.548964218455744,0.6189428456051477,,9.6,False,0.8584070796460177,0.8761061946902655,40,False
42,balance-scale,FIGS_T,8,OK,0.8870967741935484,0.7863783810284825,0.5909722222222222,0.6428571428571429,0.6157904654230262,0.8000262311485019,,12.6,False,0.831858407079646,0.8584070796460177,40,False
42,balance-scale,FIGS_T,9,OK,0.8225806451612904,0.8087207192176766,0.5659259259259259,0.5956486042692939,0.5764876632801161,0.6880930297718911,,18.9,False,0.8495575221238938,0.8584070796460177,40,False
42,balance-scale,LightGBM_T,0,OK,0.9206349206349206,0.968762677484787,0.7992337164750958,0.7770114942528735,0.7861765915535641,0.8596871249982713,,7.1,False,0.8849557522123894,0.9823008849557522,40,False
42,balance-scale,LightGBM_T,1,OK,0.9841269841269841,0.9962136578769439,0.9888888888888889,0.9333333333333332,0.9573132454488387,0.9723450321743318,,6.1,False,0.8849557522123894,0.9557522123893806,40,False
42,balance-scale,LightGBM_T,2,OK,0.9365079365079365,0.9851926977687627,0.8444444444444444,0.8436781609195402,0.8438695609079195,0.8889872607658645,,4.8,False,0.8849557522123894,0.9380530973451328,40,False
42,balance-scale,LightGBM_T,3,OK,0.9206349206349206,0.9616632860040569,0.7999999999999999,0.7770114942528735,0.7865662272441933,0.8596871249982713,,5.7,False,0.8407079646017699,0.9734513274336283,40,False
42,balance-scale,LightGBM_T,4,OK,0.8888888888888888,0.9189993238674781,0.592741935483871,0.6436781609195402,0.6171220400728598,0.8029475539049211,,6.9,False,0.8849557522123894,0.9292035398230089,40,False
42,balance-scale,LightGBM_T,5,OK,0.9193548387096774,0.987156043190526,0.8317733990147783,0.8706896551724137,0.8483565234926397,0.857656143159379,,6.3,False,0.8672566371681416,0.9734513274336283,40,False
42,balance-scale,LightGBM_T,6,OK,0.9354838709677419,0.9747419751049516,0.9562724014336917,0.7333333333333334,0.7551724137931034,0.8881183546067625,,3.9,False,0.8141592920353983,0.9469026548672567,40,False
42,balance-scale,LightGBM_T,7,OK,0.9838709677419355,0.9988304093567252,0.9885057471264368,0.9333333333333332,0.9571150097465887,0.9719488478899142,,7.6,False,0.8761061946902655,0.9469026548672567,40,False
42,balance-scale,LightGBM_T,8,OK,0.9516129032258065,0.9906432748538011,0.9666666666666668,0.7999999999999999,0.8399988867551696,0.9160525276225808,,4.1,False,0.8407079646017699,0.911504424778761,40,False
42,balance-scale,LightGBM_T,9,OK,0.9516129032258065,0.9810555801267876,0.8936781609195402,0.8547619047619048,0.871345029239766,0.9148024955246467,,5.7,False,0.8495575221238938,0.9380530973451328,40,False
42,balance-scale,RuleFit_T,0,OK,1.0,1.0,1.0,1.0,1.0,1.0,,263.8,False,0.911504424778761,0.9823008849557522,40,False
42,balance-scale,RuleFit_T,1,OK,1.0,1.0,1.0,1.0,1.0,1.0,,235.8,False,0.8938053097345132,1.0,40,False
42,balance-scale,RuleFit_T,2,OK,1.0,1.0,1.0,1.0,1.0,1.0,,301.9,False,0.8938053097345132,0.9823008849557522,40,False
42,balance-scale,RuleFit_T,3,OK,0.9682539682539683,1.0,0.978494623655914,0.8666666666666667,0.9055555555555556,0.9450580240667376,,255.3,False,0.911504424778761,1.0,40,False
42,balance-scale,RuleFit_T,4,OK,1.0,1.0,1.0,1.0,1.0,1.0,,224.0,False,0.911504424778761,0.9823008849557522,40,False
42,balance-scale,RuleFit_T,5,OK,1.0,1.0,1.0,1.0,1.0,1.0,,248.3,False,0.911504424778761,0.9911504424778761,40,False
42,balance-scale,RuleFit_T,6,OK,1.0,1.0,1.0,1.0,1.0,1.0,,222.5,False,0.8938053097345132,0.9734513274336283,40,False
42,balance-scale,RuleFit_T,7,OK,1.0,1.0,1.0,1.0,1.0,1.0,,265.3,False,0.9203539823008849,1.0,40,False
42,balance-scale,RuleFit_T,8,OK,0.9838709677419355,1.0,0.9888888888888889,0.9333333333333332,0.9573132454488387,0.9719410039857248,,251.1,False,0.8849557522123894,0.9911504424778761,40,False
42,balance-scale,RuleFit_T,9,OK,1.0,1.0,1.0,1.0,1.0,1.0,,270.1,False,0.911504424778761,0.9823008849557522,40,False
42,balance-scale,XGBoost_T,0,OK,0.8571428571428571,0.9394185260311021,0.6763839107925129,0.6758620689655173,0.6753968253968253,0.7506654825414708,,9.0,False,0.9026548672566371,0.9469026548672567,40,False
42,balance-scale,XGBoost_T,1,OK,0.9206349206349206,0.9741717376605815,0.946236559139785,0.7218390804597702,0.7444444444444445,0.8604136740743722,,5.5,False,0.8938053097345132,0.9380530973451328,40,False
42,balance-scale,XGBoost_T,2,OK,0.9206349206349206,0.9152129817444218,0.6139112903225806,0.6666666666666666,0.6391621129326047,0.8624251504904709,,6.1,False,0.8672566371681416,0.9203539823008849,40,False
42,balance-scale,XGBoost_T,3,OK,0.9047619047619048,0.9492224475997295,0.7346230158730158,0.7103448275862069,0.7160626977279264,0.8321569469428242,,7.8,False,0.8584070796460177,0.9557522123893806,40,False
42,balance-scale,XGBoost_T,4,OK,0.9047619047619048,0.9315753887762002,0.604040404040404,0.6551724137931035,0.6282121377802078,0.8335270251550657,,6.0,False,0.8672566371681416,0.9292035398230089,40,False
42,balance-scale,XGBoost_T,5,OK,0.9516129032258065,0.990682688958551,0.8666666666666667,0.8218390804597702,0.8401937046004843,0.9128044988258389,,9.3,False,0.8849557522123894,0.9646017699115044,40,False
42,balance-scale,XGBoost_T,6,OK,0.9032258064516129,0.9732240737685384,0.6046673632880529,0.6551724137931035,0.6278500094215188,0.8329985449049568,,5.5,False,0.8407079646017699,0.9292035398230089,40,False
42,balance-scale,XGBoost_T,7,OK,0.9032258064516129,0.9750902857980899,0.6121863799283154,0.6551724137931035,0.6329501915708812,0.8286547066741282,,6.2,False,0.8584070796460177,0.9292035398230089,40,False
42,balance-scale,XGBoost_T,8,OK,0.9193548387096774,0.9391812865497076,0.6131944444444445,0.6666666666666666,0.6387789711701526,0.8604423411743327,,6.0,False,0.831858407079646,0.9203539823008849,40,False
42,balance-scale,XGBoost_T,9,OK,0.9193548387096774,0.94000073713696,0.6129032258064516,0.6666666666666666,0.6386064030131827,0.860481517060815,,7.6,False,0.8672566371681416,0.9292035398230089,40,False
42,bank,CatBoost_T,0,OK,0.903,0.9400946969696968,0.7839909187388332,0.700189393939394,0.7317470457606354,0.47687302254004127,,186.9,False,0.9122222222222223,0.9177777777777778,40,False
42,bank,CatBoost_T,1,OK,0.911,0.9254640151515152,0.8171171171171171,0.7083333333333333,0.7471411321826834,0.5140664006373732,,87.0,False,0.8994444444444445,0.9077777777777778,40,False
42,bank,CatBoost_T,2,OK,0.899,0.909905303030303,0.7646390610907513,0.7195075757575757,0.7389580549532063,0.48203849950306593,,68.6,False,0.9016666666666666,0.9077777777777778,40,False
42,bank,CatBoost_T,3,OK,0.91,0.921344696969697,0.8084239130434783,0.7149621212121212,0.75,0.5149736248794453,,134.7,False,0.8994444444444445,0.9,40,False
42,bank,CatBoost_T,4,OK,0.907,0.9320414821500767,0.7978529839883551,0.7154777686890625,0.7472654392282085,0.5066781873623132,,68.9,False,0.9144444444444444,0.9177777777777778,40,False
42,bank,CatBoost_T,5,OK,0.897,0.9172143401122614,0.7631868131868131,0.7026626801681098,0.7271371387547387,0.46190104977297125,,61.3,False,0.9061111111111111,0.9111111111111111,40,False
42,bank,CatBoost_T,6,OK,0.9,0.9327842495698531,0.7736526041469955,0.7043691648097481,0.731713598901099,0.4729742240652617,,236.9,False,0.9005555555555556,0.9116666666666666,40,False
42,bank,CatBoost_T,7,OK,0.909,0.9217085531078706,0.8060603645252139,0.7166154251168213,0.7505420912248384,0.5149656142813362,,107.5,False,0.9066666666666666,0.9133333333333333,40,False
42,bank,CatBoost_T,8,OK,0.904,0.9283652535281453,0.784027853334784,0.7208980904295829,0.7467392680764847,0.5009639125943801,,153.8,False,0.9055555555555556,0.9094444444444445,40,False
42,bank,CatBoost_T,9,OK,0.904,0.9065899453736872,0.784027853334784,0.7208980904295829,0.7467392680764847,0.5009639125943801,,64.2,False,0.9061111111111111,0.9077777777777778,40,False
42,bank,EBM_T,0,OK,0.901,0.9300378787878788,0.7810810810810811,0.6846590909090909,0.7187300234391647,0.45564976420130804,,338.5,False,0.91,0.9166666666666666,40,False
42,bank,EBM_T,1,OK,0.904,0.9231723484848486,0.7793141592920354,0.7295454545454545,0.7508719481813653,0.5064199666508885,,160.3,False,0.9038888888888889,0.9133333333333333,40,False
42,bank,EBM_T,2,OK,0.902,0.8995643939393938,0.7789041380744437,0.7032196969696969,0.7325210707891174,0.4761462566190476,,144.3,False,0.8983333333333333,0.9055555555555556,40,False
42,bank,EBM_T,3,OK,0.909,0.9117897727272727,0.8059415330062261,0.7107954545454546,0.7460930415542455,0.5079018980645007,,266.2,True,0.9005555555555556,0.9005555555555556,40,False
42,bank,EBM_T,4,OK,0.916,0.932492783873485,0.8202952163348203,0.7491044481426113,0.7783968595669242,0.5649317236898764,,141.2,False,0.9105555555555556,0.9138888888888889,40,False
42,bank,EBM_T,5,OK,0.901,0.9323423499656822,0.7834073820915926,0.6871209770682312,0.7212767215385525,0.4605712376835025,,169.0,False,0.9077777777777778,0.9116666666666666,40,False
42,bank,EBM_T,6,OK,0.912,0.9272464013388618,0.8213898777279058,0.7147585065673803,0.7533604636823283,0.5254377609830417,,152.4,False,0.9038888888888889,0.9094444444444445,40,False
42,bank,EBM_T,7,OK,0.905,0.9164339642155341,0.7913547515075899,0.7107767090702244,0.7418302873836538,0.49562403369789415,,165.3,False,0.9088888888888889,0.9122222222222223,40,False
42,bank,EBM_T,8,OK,0.909,0.9361784146146541,0.8027454073584042,0.7237422314989799,0.7548167726882051,0.5205263990171374,,149.8,False,0.9011111111111111,0.9066666666666666,40,False
42,bank,EBM_T,9,OK,0.895,0.9000930809804529,0.7611518994382335,0.6765812014027962,0.7070304325625909,0.4294858142077593,,184.9,False,0.9038888888888889,0.91,40,False
42,bank,FIGS_T,0,OK,0.885,0.8593229166666666,0.7248904135696589,0.6899621212121212,0.7051576893592693,0.4133795350617328,,41.0,False,0.8988888888888888,0.9083333333333333,40,False
42,bank,FIGS_T,1,OK,0.898,0.8756865530303031,0.7615502963935019,0.718939393939394,0.737435517252031,0.47859654565014226,,43.2,False,0.8911111111111111,0.8944444444444445,40,False
42,bank,FIGS_T,2,OK,0.883,0.8718181818181818,0.7158916902924544,0.6348484848484848,0.6613789690291996,0.3412486912931144,,33.3,False,0.8916666666666667,0.8938888888888888,40,False
42,bank,FIGS_T,3,OK,0.896,0.8536410984848485,0.7625882889040784,0.6746212121212122,0.705869043848138,0.42826853864025644,,20.0,False,0.8816666666666667,0.89,40,False
42,bank,FIGS_T,4,OK,0.894,0.8730854934702281,0.7526686531721296,0.7080830019086302,0.7271388708697577,0.4585893668207638,,60.7,False,0.8972222222222223,0.9138888888888889,40,False
42,bank,FIGS_T,5,OK,0.892,0.884936864769319,0.7493529187633851,0.6784381199522372,0.7052273025022926,0.4218723315352234,,71.9,False,0.8927777777777778,0.9055555555555556,40,False
42,bank,FIGS_T,6,OK,0.912,0.8969715773935445,0.8237837837837838,0.711195103376301,0.7511199601791936,0.5229973219349641,,64.0,False,0.8911111111111111,0.9,40,False
42,bank,FIGS_T,7,OK,0.9,0.9140975375849717,0.7756303293873421,0.6972423584275895,0.7270623171317525,0.4663302530290426,,65.8,False,0.9044444444444445,0.9055555555555556,40,False
42,bank,FIGS_T,8,OK,0.887,0.9049633787455693,0.7335102960102959,0.7183548171757914,0.7255356305758165,0.45161088558179424,,64.2,False,0.895,0.9016666666666666,40,False
42,bank,FIGS_T,9,OK,0.893,0.8685395688188118,0.7529225782453903,0.6790069481661167,0.7066813600116231,0.42555798126231004,,32.3,False,0.8916666666666667,0.9,40,False
42,bank,LightGBM_T,0,OK,0.908,0.9331912878787879,0.7969314538700321,0.7210227272727272,0.7510580034851879,0.5123615900803279,,23.8,False,0.9077777777777778,0.9161111111111111,40,False
42,bank,LightGBM_T,1,OK,0.907,0.92875,0.7884559464960744,0.7348484848484849,0.7576705100644909,0.5205514075675474,,36.3,False,0.9027777777777778,0.9077777777777778,40,False
42,bank,LightGBM_T,2,OK,0.897,0.8991193181818182,0.7603996663402603,0.7039772727272727,0.7271371387547387,0.46093649783534446,,31.2,False,0.8894444444444445,0.8983333333333333,40,False
42,bank,LightGBM_T,3,OK,0.907,0.9248484848484849,0.809157988138047,0.6880681818181819,0.7282918321018819,0.48225628341656485,,61.8,False,0.895,0.9,40,False
42,bank,LightGBM_T,4,OK,0.909,0.9343732077210204,0.8027454073584042,0.7237422314989799,0.7548167726882051,0.5205263990171374,,35.6,False,0.9155555555555556,0.9188888888888889,40,False
42,bank,LightGBM_T,5,OK,0.886,0.9177032503126206,0.7298352570469568,0.6892787634332779,0.7065455781052111,0.4171471358991576,,41.0,False,0.9027777777777778,0.9116666666666666,40,False
42,bank,LightGBM_T,6,OK,0.906,0.9256856495454074,0.7985266427520994,0.7042187309019453,0.7388888888888889,0.4938207453044157,,53.9,False,0.9,0.9116666666666666,40,False
42,bank,LightGBM_T,7,OK,0.9,0.915653588318807,0.7820041081113032,0.6794253424721932,0.7145825484353415,0.44988302335801017,,21.8,False,0.9033333333333333,0.9133333333333333,40,False
42,bank,LightGBM_T,8,OK,0.907,0.9431171786120591,0.8067976183526939,0.6976607527336661,0.7357766886852759,0.49251131227816286,,48.3,False,0.8994444444444445,0.9083333333333333,40,False
42,bank,LightGBM_T,9,OK,0.901,0.9049539766263316,0.7794914713853021,0.697811186641469,0.7286117256182307,0.47026179777182314,,54.0,False,0.9061111111111111,0.91,40,False
42,bank,RuleFit_T,0,OK,0.89,0.916969696969697,0.7542892156862745,0.6100378787878787,0.6425972135579123,0.33455311023962125,,367.5,False,0.8927777777777778,0.9027777777777778,40,False
42,bank,RuleFit_T,1,OK,0.897,0.9139772727272728,0.8018152657286579,0.6176136363636364,0.6560142403425163,0.3768160873020399,,492.0,False,0.8933333333333333,0.9011111111111111,40,False
42,bank,RuleFit_T,2,OK,0.893,0.8816761363636365,0.7719296287200554,0.6153409090909091,0.6504535936310685,0.3542011326087175,,551.4,False,0.8877777777777778,0.8977777777777778,40,False
42,bank,RuleFit_T,3,OK,0.901,0.902376893939394,0.8523316062176166,0.6126893939393939,0.6538158929976396,0.39851742832833004,,548.2,False,0.885,0.8994444444444445,40,False
42,bank,RuleFit_T,4,OK,0.898,0.9147603869912277,0.7919191919191919,0.6426536541336417,0.6822667464114832,0.4081339948546927,,713.1,False,0.8894444444444445,0.9066666666666666,40,False
42,bank,RuleFit_T,5,OK,0.889,0.9080096653785764,0.7506085686465434,0.6161537810622514,0.6488130831363839,0.3412279754937734,,672.3,False,0.8927777777777778,0.9044444444444445,40,False
42,bank,RuleFit_T,6,OK,0.895,0.9200020684662322,0.8118372521899493,0.6017497343901316,0.6371189316781348,0.3562547267519453,,511.4,False,0.8966666666666666,0.9016666666666666,40,False
42,bank,RuleFit_T,7,OK,0.895,0.9141210428830658,0.7810370009737098,0.6302569599187657,0.6677961597236064,0.3826592498373593,,404.7,False,0.895,0.9094444444444445,40,False
42,bank,RuleFit_T,8,OK,0.902,0.9235043578822667,0.8272197539684312,0.6378021606070008,0.6815866084425036,0.42469560435747883,,449.0,False,0.8922222222222222,0.8994444444444445,40,False
42,bank,RuleFit_T,9,OK,0.888,0.8793143974651887,0.7507853403141361,0.601331340084055,0.6321162512646004,0.31882543566953486,,440.8,False,0.8977777777777778,0.9016666666666666,40,False
42,bank,XGBoost_T,0,OK,0.91,0.9361079545454545,0.8084239130434783,0.7149621212121212,0.75,0.5149736248794453,,28.8,False,0.8988888888888888,0.9155555555555556,40,False
42,bank,XGBoost_T,1,OK,0.913,0.9302840909090909,0.8137254901960784,0.7310606060606061,0.7635708947618725,0.5384778617598558,,34.9,False,0.8994444444444445,0.9038888888888889,40,False
42,bank,XGBoost_T,2,OK,0.902,0.9030965909090909,0.7870569923371648,0.6816287878787879,0.7176898967551623,0.4566741226315752,,30.8,False,0.8894444444444445,0.9,40,False
42,bank,XGBoost_T,3,OK,0.909,0.9213068181818181,0.8196237462206651,0.6892045454545455,0.7315879668820846,0.4918303187895596,,26.3,False,0.8955555555555555,0.9044444444444445,40,False
42,bank,XGBoost_T,4,OK,0.912,0.9352758111678373,0.8150464453232779,0.7254487161406181,0.7598148390759422,0.5330171352697713,,43.8,False,0.9116666666666666,0.9172222222222223,40,False
42,bank,XGBoost_T,5,OK,0.897,0.9203546479376452,0.7620003757456202,0.7097894865502684,0.7316135756628233,0.4688919888573532,,27.6,False,0.9038888888888889,0.9127777777777778,40,False
42,bank,XGBoost_T,6,OK,0.908,0.9345048373903477,0.8053986448411881,0.7089197905207834,0.7444444444444445,0.5051883644960645,,26.7,False,0.9033333333333333,0.9144444444444444,40,False
42,bank,XGBoost_T,7,OK,0.902,0.921088013238184,0.7877477477477477,0.6876898052821105,0.7228381374722839,0.4647894953423137,,29.6,False,0.8994444444444445,0.9138888888888889,40,False
42,bank,XGBoost_T,8,OK,0.909,0.9414059929108021,0.8060603645252139,0.7166154251168213,0.7505420912248384,0.5149656142813362,,36.6,False,0.8916666666666667,0.9083333333333333,40,False
42,bank,XGBoost_T,9,OK,0.899,0.9046907172876766,0.7750570109572279,0.6859833206404724,0.718191177988778,0.4523539157043654,,21.7,False,0.8983333333333333,0.9083333333333333,40,False
42,blood,CatBoost_T,0,OK,0.8133333333333334,0.7855750487329434,0.7476580796252927,0.706140350877193,0.7219279661016949,0.45189522427894563,,7.1,False,0.7703703703703704,0.8,40,False
42,blood,CatBoost_T,1,OK,0.7733333333333333,0.6549707602339181,0.6789772727272727,0.6228070175438596,0.6366486178398404,0.29651080973057514,,9.2,False,0.7925925925925926,0.8148148148148148,40,False
42,blood,CatBoost_T,2,OK,0.7866666666666666,0.6018518518518519,0.7318840579710144,0.5935672514619883,0.6031746031746031,0.29459636088859065,,8.0,False,0.7851851851851852,0.8,40,False
42,blood,CatBoost_T,3,OK,0.8266666666666667,0.7183235867446394,0.8055555555555556,0.6769005847953217,0.7064137308039746,0.46498583404330573,,16.5,False,0.8148148148148148,0.837037037037037,40,False
42,blood,CatBoost_T,4,OK,0.7466666666666667,0.7314814814814814,0.6161616161616161,0.567251461988304,0.5709123757904246,0.17677147409910796,,7.1,False,0.7703703703703704,0.8074074074074075,40,False
42,blood,CatBoost_T,5,OK,0.7733333333333333,0.7256335282651072,0.6792929292929293,0.6038011695906433,0.6160794941282746,0.27284292741384053,,9.8,False,0.7925925925925926,0.8148148148148148,40,False
42,blood,CatBoost_T,6,OK,0.76,0.7894736842105263,0.38,0.5,0.4318181818181818,0.0,,6.7,False,0.7333333333333333,0.762962962962963,40,False
42,blood,CatBoost_T,7,OK,0.8,0.7339181286549707,0.8,0.6023391812865497,0.6148579253680246,0.3504383220252312,,8.2,False,0.7851851851851852,0.8074074074074075,40,False
42,blood,CatBoost_T,8,OK,0.7297297297297297,0.7729618163054696,0.48405797101449277,0.49432404540763675,0.4660894660894661,-0.019024850341790137,,9.3,False,0.8,0.8222222222222222,40,False
42,blood,CatBoost_T,9,OK,0.8378378378378378,0.8632610939112486,0.811965811965812,0.6883384932920537,0.7200504413619168,0.48478931912439305,,12.0,False,0.7777777777777778,0.8222222222222222,40,False
42,blood,EBM_T,0,OK,0.7733333333333333,0.7631578947368421,0.7222222222222222,0.5467836257309941,0.5293466223698782,0.2039250967738327,,13.6,False,0.7851851851851852,0.8,40,False
42,blood,EBM_T,1,OK,0.7866666666666666,0.6491228070175439,0.7318840579710144,0.5935672514619883,0.6031746031746031,0.29459636088859065,,32.1,False,0.7851851851851852,0.8148148148148148,40,False
42,blood,EBM_T,2,OK,0.8,0.5901559454191032,0.8,0.6023391812865497,0.6148579253680246,0.3504383220252312,,20.8,False,0.7925925925925926,0.8074074074074075,40,False
42,blood,EBM_T,3,OK,0.7733333333333333,0.7612085769980507,0.7222222222222222,0.5467836257309941,0.5293466223698782,0.2039250967738327,,12.3,False,0.8,0.837037037037037,40,False
42,blood,EBM_T,4,OK,0.76,0.7168615984405459,0.6413043478260869,0.5570175438596491,0.5535714285714286,0.17951965741648493,,16.6,False,0.7925925925925926,0.8296296296296296,40,False
42,blood,EBM_T,5,OK,0.8133333333333334,0.7217348927875243,0.7854477611940298,0.6491228070175439,0.674317617866005,0.41263432434118835,,10.3,False,0.7925925925925926,0.8148148148148148,40,False
42,blood,EBM_T,6,OK,0.8,0.8138401559454191,0.8,0.6023391812865497,0.6148579253680246,0.3504383220252312,,17.9,False,0.7481481481481481,0.7851851851851852,40,False
42,blood,EBM_T,7,OK,0.8,0.7514619883040935,0.8,0.6023391812865497,0.6148579253680246,0.3504383220252312,,10.7,True,0.7851851851851852,0.7851851851851852,40,False
42,blood,EBM_T,8,OK,0.7432432432432432,0.7781217750257997,0.3819444444444444,0.4824561403508772,0.4263565891472868,-0.09101978021212503,,12.1,False,0.7925925925925926,0.837037037037037,40,False
42,blood,EBM_T,9,OK,0.8243243243243243,0.8957688338493291,0.9071428571428571,0.6176470588235294,0.6392950881139857,0.437717532954144,,11.5,False,0.7777777777777778,0.7925925925925926,40,False
42,blood,FIGS_T,0,OK,0.8266666666666667,0.7865497076023392,0.8055555555555556,0.6769005847953217,0.7064137308039746,0.46498583404330573,,2.9,False,0.762962962962963,0.7703703703703704,40,False
42,blood,FIGS_T,1,OK,0.76,0.6267056530214425,0.6547619047619048,0.6140350877192983,0.625,0.2656937137768185,,3.3,False,0.7481481481481481,0.762962962962963,40,False
42,blood,FIGS_T,2,OK,0.68,0.5209551656920077,0.5059523809523809,0.5043859649122807,0.5,0.010218988991416097,,5.5,False,0.762962962962963,0.7925925925925926,40,False
42,blood,FIGS_T,3,OK,0.7733333333333333,0.5784600389863547,0.6805210918114144,0.6418128654970761,0.6543778801843317,0.32000133319995666,,3.8,False,0.7851851851851852,0.8,40,False
42,blood,FIGS_T,4,OK,0.7733333333333333,0.6842105263157896,0.6805210918114144,0.6418128654970761,0.6543778801843317,0.32000133319995666,,2.8,False,0.8148148148148148,0.837037037037037,40,False
42,blood,FIGS_T,5,OK,0.76,0.7290448343079923,0.6598360655737705,0.6330409356725146,0.642478813559322,0.2916486908466954,,3.2,False,0.7407407407407407,0.7703703703703704,40,False
42,blood,FIGS_T,6,OK,0.8133333333333334,0.7509746588693956,0.7854477611940298,0.6491228070175439,0.674317617866005,0.41263432434118835,,2.9,False,0.7407407407407407,0.7481481481481481,40,False
42,blood,FIGS_T,7,OK,0.8266666666666667,0.6325536062378168,0.9071428571428571,0.6388888888888888,0.6662102019856213,0.47559486560567094,,4.3,False,0.7703703703703704,0.7925925925925926,40,False
42,blood,FIGS_T,8,OK,0.7297297297297297,0.7347781217750258,0.48405797101449277,0.49432404540763675,0.4660894660894661,-0.019024850341790137,,3.2,False,0.7555555555555555,0.8074074074074075,40,False
42,blood,FIGS_T,9,OK,0.8378378378378378,0.826109391124871,0.7708978328173375,0.7708978328173375,0.7708978328173375,0.541795665634675,,2.6,False,0.7851851851851852,0.7925925925925926,40,False
42,blood,LightGBM_T,0,OK,0.7866666666666666,0.746588693957115,0.7043650793650793,0.6505847953216374,0.6666666666666667,0.3508519553719527,,1.6,False,0.7111111111111111,0.7851851851851852,40,False
42,blood,LightGBM_T,1,OK,0.7733333333333333,0.6403508771929824,0.6827731092436975,0.5847953216374269,0.592,0.24898437368631707,,2.2,False,0.7333333333333333,0.8074074074074075,40,False
42,blood,LightGBM_T,2,OK,0.7466666666666667,0.5886939571150097,0.6039915966386554,0.5482456140350878,0.544,0.14166352295945625,,1.8,False,0.7703703703703704,0.8074074074074075,40,False
42,blood,LightGBM_T,3,OK,0.8,0.7514619883040936,0.725,0.6973684210526316,0.7086247086247086,0.4214636152117623,,3.9,False,0.7555555555555555,0.8222222222222222,40,False
42,blood,LightGBM_T,4,OK,0.7866666666666666,0.6954191033138402,0.7037470725995316,0.6695906432748537,0.6822033898305084,0.3717719575628205,,2.0,False,0.7407407407407407,0.8,40,False
42,blood,LightGBM_T,5,OK,0.7866666666666666,0.6973684210526316,0.7043650793650793,0.6505847953216374,0.6666666666666667,0.3508519553719527,,2.0,False,0.7555555555555555,0.8148148148148148,40,False
42,blood,LightGBM_T,6,OK,0.8133333333333334,0.7816764132553606,0.7854477611940298,0.6491228070175439,0.674317617866005,0.41263432434118835,,2.1,False,0.7333333333333333,0.7851851851851852,40,False
42,blood,LightGBM_T,7,OK,0.8,0.730019493177388,0.8,0.6023391812865497,0.6148579253680246,0.3504383220252312,,1.7,False,0.7481481481481481,0.8,40,False
42,blood,LightGBM_T,8,OK,0.7297297297297297,0.7946336429308566,0.48405797101449277,0.49432404540763675,0.4660894660894661,-0.019024850341790137,,1.7,False,0.725925925925926,0.8518518518518519,40,False
42,blood,LightGBM_T,9,OK,0.8378378378378378,0.8513931888544892,0.811965811965812,0.6883384932920537,0.7200504413619168,0.48478931912439305,,3.0,False,0.7111111111111111,0.8148148148148148,40,False
42,blood,RuleFit_T,0,OK,0.8133333333333334,0.7358674463937622,0.7653846153846153,0.6681286549707602,0.6926229508196722,0.4224630560631209,,73.1,False,0.762962962962963,0.8,40,False
42,blood,RuleFit_T,1,OK,0.7733333333333333,0.6637426900584796,0.7222222222222222,0.5467836257309941,0.5293466223698782,0.2039250967738327,,65.4,False,0.7851851851851852,0.8074074074074075,40,False
42,blood,RuleFit_T,2,OK,0.8,0.6081871345029239,0.8,0.6023391812865497,0.6148579253680246,0.3504383220252312,,53.2,False,0.7851851851851852,0.8148148148148148,40,False
42,blood,RuleFit_T,3,OK,0.8,0.6374269005847953,0.7322443181818181,0.6593567251461988,0.6793958392704474,0.38475807453134153,,94.9,False,0.7703703703703704,0.8148148148148148,40,False
42,blood,RuleFit_T,4,OK,0.7466666666666667,0.6817738791423003,0.3783783783783784,0.49122807017543857,0.42748091603053434,-0.06532553344640132,,71.8,False,0.7703703703703704,0.8,40,False
42,blood,RuleFit_T,5,OK,0.76,0.7188109161793372,0.6455223880597014,0.5760233918128654,0.5812655086848635,0.21036259672295876,,72.5,False,0.7777777777777778,0.8074074074074075,40,False
42,blood,RuleFit_T,6,OK,0.7733333333333333,0.7850877192982455,0.8851351351351351,0.5277777777777778,0.4877460827641623,0.20686418924693753,,71.8,False,0.7555555555555555,0.7777777777777778,40,False
42,blood,RuleFit_T,7,OK,0.7866666666666666,0.7446393762183235,0.8904109589041096,0.5555555555555556,0.5384615384615384,0.2945470944816464,,73.3,False,0.7851851851851852,0.8148148148148148,40,False
42,blood,RuleFit_T,8,OK,0.7297297297297297,0.7249742002063982,0.48405797101449277,0.49432404540763675,0.4660894660894661,-0.019024850341790137,,70.1,False,0.8148148148148148,0.8222222222222222,40,False
42,blood,RuleFit_T,9,OK,0.7837837837837838,0.80546955624355,0.6985507246376812,0.5706914344685242,0.5728715728715729,0.2369458633477499,,96.3,False,0.7555555555555555,0.8,40,False
42,blood,XGBoost_T,0,OK,0.8266666666666667,0.7514619883040936,0.8403361344537814,0.6578947368421052,0.688,0.4636260751400387,,3.4,False,0.6962962962962963,0.7851851851851852,40,False
42,blood,XGBoost_T,1,OK,0.76,0.6223196881091618,0.6547619047619048,0.6140350877192983,0.625,0.2656937137768185,,2.6,False,0.6962962962962963,0.8,40,False
42,blood,XGBoost_T,2,OK,0.7333333333333333,0.5696881091617935,0.5755597014925373,0.5394736842105263,0.5347394540942928,0.10922673291384397,,2.3,False,0.7407407407407407,0.8074074074074075,40,False
42,blood,XGBoost_T,3,OK,0.8,0.7553606237816765,0.7322443181818181,0.6593567251461988,0.6793958392704474,0.38475807453134153,,3.4,False,0.7407407407407407,0.8222222222222222,40,False
42,blood,XGBoost_T,4,OK,0.7733333333333333,0.7412280701754386,0.6805210918114144,0.6418128654970761,0.6543778801843317,0.32000133319995666,,2.6,False,0.7111111111111111,0.8,40,False
42,blood,XGBoost_T,5,OK,0.7733333333333333,0.702729044834308,0.6792929292929293,0.6038011695906433,0.6160794941282746,0.27284292741384053,,2.5,False,0.7481481481481481,0.8148148148148148,40,False
42,blood,XGBoost_T,6,OK,0.8,0.7948343079922028,0.8,0.6023391812865497,0.6148579253680246,0.3504383220252312,,3.0,False,0.6814814814814815,0.7777777777777778,40,False
42,blood,XGBoost_T,7,OK,0.8,0.736842105263158,0.8,0.6023391812865497,0.6148579253680246,0.3504383220252312,,3.0,False,0.7407407407407407,0.8074074074074075,40,False
42,blood,XGBoost_T,8,OK,0.7297297297297297,0.7770897832817337,0.48405797101449277,0.49432404540763675,0.4660894660894661,-0.019024850341790137,,2.3,False,0.7111111111111111,0.8296296296296296,40,False
42,blood,XGBoost_T,9,OK,0.8108108108108109,0.8421052631578947,0.767590618336887,0.6295149638802889,0.6518817204301075,0.37232775490745307,,2.3,False,0.6814814814814815,0.8148148148148148,40,False
42,car,CatBoost_T,0,OK,1.0,1.0,1.0,1.0,1.0,1.0,,74.2,False,0.9903536977491961,0.9967845659163987,40,False
42,car,CatBoost_T,1,OK,1.0,1.0,1.0,1.0,1.0,1.0,,124.6,True,1.0,1.0,40,False
42,car,CatBoost_T,2,OK,1.0,1.0,1.0,1.0,1.0,1.0,,139.9,False,0.9871382636655949,1.0,40,False
42,car,CatBoost_T,3,OK,1.0,1.0,1.0,1.0,1.0,1.0,,58.4,False,0.977491961414791,1.0,40,False
42,car,CatBoost_T,4,OK,1.0,1.0,1.0,1.0,1.0,1.0,,62.7,False,0.9903536977491961,1.0,40,False
42,car,CatBoost_T,5,OK,0.9942196531791907,0.999277309740214,0.96875,0.993421052631579,0.98,0.9875168595946126,,68.2,False,0.9710610932475884,0.9967845659163987,40,False
42,car,CatBoost_T,6,OK,0.9826589595375722,0.9995697074010327,0.9423952641165756,0.9219924812030076,0.9227211934156379,0.9623863549812094,,95.7,False,0.9742765273311897,0.9967845659163987,40,False
42,car,CatBoost_T,7,OK,0.9884393063583815,0.9999115340622518,0.9913549369290997,0.9913549369290997,0.9913549369290997,0.9748290411756148,,401.9,False,0.9710610932475884,0.9903536977491961,40,False
42,car,CatBoost_T,8,OK,0.9883720930232558,1.0,0.9330357142857143,0.9868421052631579,0.9573458073458074,0.9747016633252206,,59.7,False,0.9743589743589743,1.0,40,False
42,car,CatBoost_T,9,OK,0.9941860465116279,1.0,0.96875,0.9979338842975207,0.9822959889349931,0.9873930686662565,,65.6,False,0.9839743589743589,0.9967948717948718,40,False
42,car,EBM_T,0,OK,0.9653179190751445,0.9992994341705332,0.9783564051856735,0.9702267429540157,0.9741156169111302,0.9235581221850884,,342.8,True,0.977491961414791,0.9742765273311897,40,False
42,car,EBM_T,1,OK,0.9710982658959537,0.9990205125042303,0.9806945642795513,0.9766369993642721,0.978622200844423,0.9364833594175253,,188.7,False,0.9614147909967846,0.9839228295819936,40,False
42,car,EBM_T,2,OK,0.953757225433526,0.9978107317829163,0.9589371980676329,0.9791269336723882,0.9677158999192897,0.9051250416563754,,74.5,True,0.9903536977491961,0.9903536977491961,40,False
42,car,EBM_T,3,OK,0.9479768786127167,0.9959628510340858,0.9604166666666667,0.9640283958465776,0.9621828877567099,0.8869586147023854,,123.4,True,0.9710610932475884,0.9646302250803859,40,False
42,car,EBM_T,4,OK,0.9653179190751445,0.997266555878996,0.9740648107872988,0.9740648107872988,0.9740648107872988,0.9244871235268441,,104.9,False,0.9646302250803859,0.9839228295819936,40,False
42,car,EBM_T,5,OK,0.9942196531791907,0.9997743351810338,0.9979508196721312,0.993421052631579,0.9956378600823046,0.9874289994629426,,146.3,True,0.9839228295819936,0.977491961414791,40,False
42,car,EBM_T,6,OK,0.953757225433526,0.9970656612965081,0.9224254742547425,0.8981234076927858,0.9006655220794565,0.8986886549287093,,345.3,False,0.9581993569131833,0.977491961414791,40,False
42,car,EBM_T,7,OK,0.9421965317919075,0.9946380440399579,0.9501976284584981,0.9703131796433231,0.9589189747829682,0.8812374070315999,,122.0,False,0.9710610932475884,0.9903536977491961,40,False
42,car,EBM_T,8,OK,0.9593023255813954,0.9970061641998538,0.9294019933554817,0.981024358416703,0.952808360294236,0.9162798799893959,,311.0,False,0.9935897435897436,0.9967948717948718,40,False
42,car,EBM_T,9,OK,0.9476744186046512,0.9952727296277103,0.9549919807538092,0.9723792953458025,0.9627285513361463,0.8900249470443181,,158.8,False,0.9647435897435898,0.9775641025641025,40,False
42,car,FIGS_T,0,OK,0.9364161849710982,0.9837735556254135,0.9450000000000001,0.775383707201889,0.7763268619921301,0.8688179740165697,,13.0,False,0.9292604501607717,0.9678456591639871,40,False
42,car,FIGS_T,1,OK,0.976878612716763,0.9949883668654615,0.9316239316239316,0.9830472557745285,0.9538461538461538,0.9506482948749841,,12.0,False,0.954983922829582,0.9839228295819936,40,False
42,car,FIGS_T,2,OK,0.9826589595375722,0.9631864536451114,0.9498738965952082,0.9162087912087912,0.9316635011079456,0.9618536752374507,,19.2,False,0.9196141479099679,0.9839228295819936,40,False
42,car,FIGS_T,3,OK,0.9653179190751445,0.9953738983058432,0.968829392222005,0.9159628250537342,0.9358739837398374,0.9255090956776066,,13.9,False,0.9196141479099679,0.954983922829582,40,False
42,car,FIGS_T,4,OK,0.9826589595375722,0.9939985754420526,0.9559294871794872,0.9892888212266203,0.9715097402597402,0.9630774855432847,,11.8,False,0.9453376205787781,0.9646302250803859,40,False
42,car,FIGS_T,5,OK,0.9710982658959537,0.9976369417104847,0.916177127540764,0.9133474181321071,0.9021495705720305,0.9376920560548214,,18.2,False,0.9228295819935691,0.9678456591639871,40,False
42,car,FIGS_T,6,OK,0.953757225433526,0.9579120087028514,0.8636647972389991,0.8353398993351147,0.843843404808317,0.8987050656003964,,18.7,False,0.932475884244373,0.9710610932475884,40,False
42,car,FIGS_T,7,OK,0.953757225433526,0.9883745286257248,0.9690860215053763,0.9272587460386504,0.9465993465993465,0.8978934440655892,,17.0,False,0.9260450160771704,0.9807073954983923,40,False
42,car,FIGS_T,8,OK,0.9593023255813954,0.9572875902048514,0.8678571428571429,0.9032628057747675,0.8842245620488299,0.9127340250225262,,17.9,False,0.9166666666666666,0.9807692307692307,40,False
42,car,FIGS_T,9,OK,0.9534883720930233,0.9958140005367543,0.9034090909090909,0.9498229043683589,0.9242605085625325,0.9054198915913362,,18.2,False,0.9166666666666666,0.9423076923076923,40,False
42,car,LightGBM_T,0,OK,1.0,1.0,1.0,1.0,1.0,1.0,,16.4,False,0.9935691318327974,0.9967845659163987,40,False
42,car,LightGBM_T,1,OK,1.0,1.0,1.0,1.0,1.0,1.0,,13.3,True,1.0,1.0,40,False
42,car,LightGBM_T,2,OK,1.0,1.0,1.0,1.0,1.0,1.0,,8.2,True,0.9967845659163987,0.9967845659163987,40,False
42,car,LightGBM_T,3,OK,1.0,1.0,1.0,1.0,1.0,1.0,,16.3,True,1.0,1.0,40,False
42,car,LightGBM_T,4,OK,1.0,1.0,1.0,1.0,1.0,1.0,,15.6,False,0.9839228295819936,1.0,40,False
42,car,LightGBM_T,5,OK,0.9942196531791907,0.9997361207570465,0.96875,0.993421052631579,0.98,0.9875168595946126,,13.7,False,0.9967845659163987,1.0,40,False
42,car,LightGBM_T,6,OK,1.0,1.0,1.0,1.0,1.0,1.0,,11.9,False,0.9935691318327974,0.9967845659163987,40,False
42,car,LightGBM_T,7,OK,1.0,1.0,1.0,1.0,1.0,1.0,,16.5,False,0.9903536977491961,0.9935691318327974,40,False
42,car,LightGBM_T,8,OK,0.9825581395348837,1.0,0.9087301587301587,0.9802631578947368,0.9392452581664911,0.962319069174971,,12.9,False,0.9935897435897436,0.9967948717948718,40,False
42,car,LightGBM_T,9,OK,1.0,1.0,1.0,1.0,1.0,1.0,,15.7,True,0.9967948717948718,0.9967948717948718,40,False
42,car,RuleFit_T,0,OK,0.9884393063583815,1.0,0.9878048780487805,0.9285714285714286,0.9520833333333334,0.974890962396487,,620.3,False,0.9517684887459807,1.0,40,False
42,car,RuleFit_T,1,OK,0.9942196531791907,0.9995697074010327,0.99375,0.9642857142857143,0.9776046738072055,0.9874012301624212,,562.7,False,0.954983922829582,1.0,40,False
42,car,RuleFit_T,2,OK,0.9653179190751445,0.9970685548614633,0.9396802325581395,0.9832591650773469,0.9597663888031286,0.928301394380379,,599.7,False,0.9710610932475884,0.9935691318327974,40,False
42,car,RuleFit_T,3,OK,0.976878612716763,0.9995937746107353,0.9767441860465116,0.8907910271546635,0.9185857154686221,0.9502764823323321,,527.6,False,0.9389067524115756,0.9903536977491961,40,False
42,car,RuleFit_T,4,OK,1.0,1.0,1.0,1.0,1.0,1.0,,482.8,False,0.9646302250803859,1.0,40,False
42,car,RuleFit_T,5,OK,0.9884393063583815,0.9991311109098047,0.9577067669172932,0.9577067669172932,0.9577067669172932,0.9748290411756148,,575.5,False,0.9581993569131833,0.9871382636655949,40,False
42,car,RuleFit_T,6,OK,0.9826589595375722,0.9967074647797539,0.9205043859649122,0.9219924812030076,0.9190620782726047,0.9623135711172027,,570.3,False,0.9581993569131833,0.9967845659163987,40,False
42,car,RuleFit_T,7,OK,0.9826589595375722,0.9989849120793952,0.9559294871794872,0.9892888212266203,0.9715097402597402,0.9630774855432847,,557.9,False,0.9485530546623794,0.9871382636655949,40,False
42,car,RuleFit_T,8,OK,0.9825581395348837,0.9977083771984111,0.9017857142857143,0.9511278195488722,0.9218146718146718,0.9620104286927214,,625.9,False,0.9551282051282052,0.9967948717948718,40,False
42,car,RuleFit_T,9,OK,0.9883720930232558,1.0,0.9444444444444444,0.9958677685950413,0.9666666666666667,0.9752012075018419,,624.2,False,0.9391025641025641,0.9871794871794872,40,False
42,car,XGBoost_T,0,OK,1.0,1.0,1.0,1.0,1.0,1.0,,15.2,False,0.9871382636655949,0.9967845659163987,40,False
42,car,XGBoost_T,1,OK,1.0,1.0,1.0,1.0,1.0,1.0,,17.8,True,1.0,1.0,40,False
42,car,XGBoost_T,2,OK,1.0,1.0,1.0,1.0,1.0,1.0,,18.3,False,0.9903536977491961,0.9967845659163987,40,False
42,car,XGBoost_T,3,OK,0.9942196531791907,1.0,0.99375,0.9979338842975207,0.9957980986396344,0.9875198273466141,,15.1,False,0.9903536977491961,0.9967845659163987,40,False
42,car,XGBoost_T,4,OK,1.0,1.0,1.0,1.0,1.0,1.0,,15.2,False,0.9935691318327974,0.9967845659163987,40,False
42,car,XGBoost_T,5,OK,0.9884393063583815,0.9996873878135768,0.9577067669172932,0.9577067669172932,0.9577067669172932,0.9748290411756148,,13.7,False,0.9903536977491961,0.9967845659163987,40,False
42,car,XGBoost_T,6,OK,0.9826589595375722,0.9994235085706233,0.9027777777777778,0.9219924812030076,0.907724358974359,0.9625401040625685,,17.6,False,0.9903536977491961,0.9967845659163987,40,False
42,car,XGBoost_T,7,OK,0.9884393063583815,0.9999025341130604,0.962171052631579,0.9913549369290997,0.975717041566572,0.9751388433449123,,13.2,False,0.9807073954983923,0.9839228295819936,40,False
42,car,XGBoost_T,8,OK,0.9883720930232558,1.0,0.9330357142857143,0.9868421052631579,0.9573458073458074,0.9747016633252206,,16.3,True,0.9967948717948718,0.9967948717948718,40,False
42,car,XGBoost_T,9,OK,1.0,1.0,1.0,1.0,1.0,1.0,,16.6,True,0.9935897435897436,0.9903846153846154,40,False
42,credit-g,CatBoost_T,0,OK,0.75,0.7923809523809523,0.7015541525012141,0.6976190476190476,0.6994831109508355,0.39915380324358296,,32.3,False,0.7833333333333333,0.8111111111111111,40,False
42,credit-g,CatBoost_T,1,OK,0.79,0.8157142857142857,0.7941176470588236,0.6785714285714286,0.6989247311827957,0.4583492485141057,,54.0,False,0.7722222222222223,0.7888888888888889,40,False
42,credit-g,CatBoost_T,2,OK,0.75,0.7880952380952381,0.7015541525012141,0.6976190476190476,0.6994831109508355,0.39915380324358296,,40.6,False,0.7611111111111111,0.7777777777777778,40,False
42,credit-g,CatBoost_T,3,OK,0.72,0.6919047619047618,0.6558265582655827,0.6095238095238095,0.6162280701754386,0.26127930102654884,,28.4,False,0.7666666666666667,0.7944444444444444,40,False
42,credit-g,CatBoost_T,4,OK,0.78,0.8209523809523809,0.75,0.6904761904761905,0.7066666666666668,0.4364357804719848,,92.1,False,0.7666666666666667,0.7833333333333333,40,False
42,credit-g,CatBoost_T,5,OK,0.74,0.7033333333333334,0.6864801864801865,0.6523809523809524,0.6621621621621622,0.3371410886618741,,49.3,False,0.7777777777777778,0.8,40,False
42,credit-g,CatBoost_T,6,OK,0.79,0.8747619047619047,0.7799433026222538,0.6880952380952381,0.707968293700459,0.45893791370903364,,48.8,False,0.7611111111111111,0.7888888888888889,40,False
42,credit-g,CatBoost_T,7,OK,0.77,0.7942857142857143,0.7445074415308293,0.6642857142857144,0.6801557502433597,0.4008445069104218,,26.3,False,0.7611111111111111,0.7833333333333333,40,False
42,credit-g,CatBoost_T,8,OK,0.84,0.8785714285714284,0.8321678321678322,0.7714285714285714,0.7920997920997921,0.6005325641789633,,27.5,False,0.7444444444444445,0.7722222222222223,40,False
42,credit-g,CatBoost_T,9,OK,0.71,0.7114285714285714,0.6466666666666667,0.6309523809523809,0.6363636363636364,0.27717394687343333,,82.6,False,0.7611111111111111,0.7666666666666667,40,False
42,credit-g,EBM_T,0,OK,0.77,0.7819047619047619,0.7286843591191418,0.6928571428571428,0.7047875754075215,0.42001624785636316,,65.1,False,0.7444444444444445,0.7833333333333333,40,False
42,credit-g,EBM_T,1,OK,0.81,0.79,0.7851496329757199,0.7404761904761905,0.756128866640996,0.5237239633764529,,76.5,False,0.7388888888888889,0.7444444444444445,40,False
42,credit-g,EBM_T,2,OK,0.77,0.8023809523809523,0.7258377853326858,0.7214285714285714,0.7235244620747686,0.4472446229114845,,104.5,False,0.7555555555555555,0.7666666666666667,40,False
42,credit-g,EBM_T,3,OK,0.72,0.6957142857142856,0.65625,0.6190476190476191,0.6266666666666667,0.2727723627949905,,60.3,False,0.7555555555555555,0.7666666666666667,40,False
42,credit-g,EBM_T,4,OK,0.77,0.8014285714285715,0.7266666666666667,0.7023809523809523,0.7115987460815048,0.4283597360771242,,92.1,False,0.7333333333333333,0.7833333333333333,40,False
42,credit-g,EBM_T,5,OK,0.74,0.7057142857142856,0.6875,0.6428571428571428,0.6533333333333333,0.3273268353539886,,64.0,False,0.7777777777777778,0.7888888888888889,40,False
42,credit-g,EBM_T,6,OK,0.76,0.8714285714285716,0.7556818181818181,0.6285714285714286,0.6383363471971066,0.3626203338114211,,61.8,False,0.75,0.7777777777777778,40,False
42,credit-g,EBM_T,7,OK,0.74,0.7676190476190476,0.6875,0.6428571428571428,0.6533333333333333,0.3273268353539886,,59.6,False,0.7777777777777778,0.8055555555555556,40,False
42,credit-g,EBM_T,8,OK,0.82,0.8538095238095239,0.8252032520325203,0.7285714285714286,0.7532894736842105,0.5452785412727976,,76.7,False,0.75,0.7666666666666667,40,False
42,credit-g,EBM_T,9,OK,0.74,0.7733333333333332,0.6864035087719298,0.6619047619047619,0.6702181633688482,0.3474456257081473,,61.6,False,0.7388888888888889,0.7666666666666667,40,False
42,credit-g,FIGS_T,0,OK,0.7,0.6471428571428571,0.6162790697674418,0.5666666666666667,0.5629370629370629,0.17609018126512477,,4.7,False,0.7166666666666667,0.7333333333333333,40,False
42,credit-g,FIGS_T,1,OK,0.76,0.7373809523809524,0.8125,0.6095238095238096,0.6101364522417154,0.37000643495047747,,5.3,False,0.7,0.7722222222222223,40,False
42,credit-g,FIGS_T,2,OK,0.69,0.7828571428571428,0.6115129596142255,0.5880952380952381,0.5920515857349651,0.19822977302029945,,10.7,False,0.6055555555555555,0.7,40,False
42,credit-g,FIGS_T,3,OK,0.65,0.6280952380952382,0.5592885375494071,0.55,0.5507637017070979,0.10889310129609416,,4.7,False,0.7055555555555556,0.75,40,False
42,credit-g,FIGS_T,4,OK,0.73,0.7683333333333334,0.6750380517503805,0.6642857142857144,0.6687523003312477,0.3391533656562534,,8.8,False,0.6888888888888889,0.7777777777777778,40,False
42,credit-g,FIGS_T,5,OK,0.76,0.7221428571428572,0.7132936507936507,0.7047619047619047,0.7085964060223409,0.41796848785585977,,11.0,False,0.7555555555555555,0.7722222222222223,40,False
42,credit-g,FIGS_T,6,OK,0.74,0.7326190476190476,0.6897018970189702,0.6333333333333333,0.643640350877193,0.3180791490757986,,6.7,False,0.7388888888888889,0.7611111111111111,40,False
42,credit-g,FIGS_T,7,OK,0.69,0.7407142857142858,0.6157538114059853,0.5976190476190476,0.6021049929405724,0.21260081681618384,,9.9,False,0.7166666666666667,0.7277777777777777,40,False
42,credit-g,FIGS_T,8,OK,0.74,0.6961904761904762,0.6897018970189702,0.6333333333333333,0.643640350877193,0.3180791490757986,,5.9,False,0.7444444444444445,0.75,40,False
42,credit-g,FIGS_T,9,OK,0.71,0.7202380952380952,0.6466666666666667,0.6309523809523809,0.6363636363636364,0.27717394687343333,,5.2,False,0.7222222222222222,0.7722222222222223,40,False
42,credit-g,LightGBM_T,0,OK,0.76,0.7323809523809525,0.7235772357723578,0.6571428571428571,0.6710526315789473,0.37487899712504835,,5.5,False,0.7444444444444445,0.7944444444444444,40,False
42,credit-g,LightGBM_T,1,OK,0.78,0.8161904761904761,0.7678571428571428,0.6714285714285715,0.6894409937888198,0.42857142857142855,,6.4,False,0.7444444444444445,0.7722222222222223,40,False
42,credit-g,LightGBM_T,2,OK,0.77,0.8014285714285715,0.7257737189244038,0.7119047619047618,0.7178260336155073,0.4374586890348776,,5.4,False,0.7611111111111111,0.7833333333333333,40,False
42,credit-g,LightGBM_T,3,OK,0.67,0.6666666666666667,0.5357507660878447,0.5166666666666667,0.4937873907040957,0.04881991812627625,,4.2,False,0.7333333333333333,0.7833333333333333,40,False
42,credit-g,LightGBM_T,4,OK,0.77,0.8280952380952381,0.7286843591191418,0.6928571428571428,0.7047875754075215,0.42001624785636316,,5.3,False,0.7111111111111111,0.7666666666666667,40,False
42,credit-g,LightGBM_T,5,OK,0.72,0.7304761904761904,0.6573426573426573,0.6285714285714286,0.6361746361746362,0.2844627935584563,,5.2,False,0.7722222222222223,0.7833333333333333,40,False
42,credit-g,LightGBM_T,6,OK,0.77,0.8957142857142858,0.7911133810010215,0.6357142857142857,0.647185151096794,0.39753361902824946,,4.2,False,0.7055555555555556,0.7777777777777778,40,False
42,credit-g,LightGBM_T,7,OK,0.7,0.7114285714285715,0.6388888888888888,0.6333333333333333,0.6357455075279261,0.2721655269759087,,4.9,True,0.7944444444444444,0.7777777777777778,40,False
42,credit-g,LightGBM_T,8,OK,0.81,0.8519047619047619,0.7851496329757199,0.7404761904761905,0.756128866640996,0.5237239633764529,,6.8,True,0.7888888888888889,0.7777777777777778,40,False
42,credit-g,LightGBM_T,9,OK,0.71,0.7409523809523809,0.6439864483342744,0.6214285714285714,0.6277756385573097,0.2644546745762287,,6.8,False,0.7722222222222223,0.7777777777777778,40,False
42,credit-g,RuleFit_T,0,OK,0.72,0.7438095238095239,0.6779513888888888,0.6952380952380952,0.6834011759384894,0.37278889581982033,,56.6,False,0.6944444444444444,0.7777777777777778,40,False
42,credit-g,RuleFit_T,1,OK,0.79,0.8104761904761905,0.7533333333333334,0.7261904761904762,0.7366771159874608,0.4787549991450212,,75.3,False,0.6944444444444444,0.7444444444444445,40,False
42,credit-g,RuleFit_T,2,OK,0.72,0.7780952380952381,0.6737967914438503,0.6857142857142857,0.6783088235294117,0.3593134953348084,,68.3,False,0.6833333333333333,0.7611111111111111,40,False
42,credit-g,RuleFit_T,3,OK,0.64,0.6323809523809524,0.5571725571725572,0.5523809523809524,0.5535714285714286,0.10944867280607828,,100.6,False,0.6722222222222223,0.7333333333333333,40,False
42,credit-g,RuleFit_T,4,OK,0.75,0.8042857142857143,0.7123552123552124,0.7357142857142858,0.7194478734148805,0.44746019799760667,,71.7,False,0.6888888888888889,0.7555555555555555,40,False
42,credit-g,RuleFit_T,5,OK,0.71,0.7380952380952381,0.6566152407667134,0.6595238095238095,0.6579785352046232,0.3161256701794067,,81.4,False,0.7333333333333333,0.7833333333333333,40,False
42,credit-g,RuleFit_T,6,OK,0.77,0.8533333333333334,0.7266666666666667,0.7023809523809523,0.7115987460815048,0.4283597360771242,,127.0,False,0.7722222222222223,0.7888888888888889,40,False
42,credit-g,RuleFit_T,7,OK,0.68,0.7742857142857144,0.6400679117147707,0.6571428571428571,0.64349376114082,0.2967198802971756,,77.1,False,0.7388888888888889,0.7944444444444444,40,False
42,credit-g,RuleFit_T,8,OK,0.85,0.8319047619047618,0.8202431042543245,0.8261904761904761,0.8230923457954947,0.6464062211131152,,81.8,False,0.7277777777777777,0.7555555555555555,40,False
42,credit-g,RuleFit_T,9,OK,0.66,0.7442857142857143,0.6188455008488964,0.6333333333333333,0.6212121212121212,0.2517623226763914,,80.0,False,0.7333333333333333,0.7611111111111111,40,False
42,credit-g,XGBoost_T,0,OK,0.74,0.7676190476190475,0.687110187110187,0.6714285714285715,0.6775793650793651,0.3581956564562562,,6.9,False,0.7333333333333333,0.8,40,False
42,credit-g,XGBoost_T,1,OK,0.77,0.8114285714285715,0.7445074415308293,0.6642857142857144,0.6801557502433597,0.4008445069104218,,12.3,False,0.7388888888888889,0.7777777777777778,40,False
42,credit-g,XGBoost_T,2,OK,0.77,0.7961904761904762,0.7258377853326858,0.7214285714285714,0.7235244620747686,0.4472446229114845,,8.9,True,0.7611111111111111,0.7611111111111111,40,False
42,credit-g,XGBoost_T,3,OK,0.71,0.6976190476190476,0.6397011046133854,0.6023809523809524,0.6080551425868361,0.23918806106484033,,8.9,False,0.75,0.7944444444444444,40,False
42,credit-g,XGBoost_T,4,OK,0.78,0.8252380952380953,0.75,0.6904761904761905,0.7066666666666668,0.4364357804719848,,10.8,False,0.7166666666666667,0.7777777777777778,40,False
42,credit-g,XGBoost_T,5,OK,0.74,0.7747619047619048,0.687110187110187,0.6714285714285715,0.6775793650793651,0.3581956564562562,,17.2,False,0.7666666666666667,0.8055555555555556,40,False
42,credit-g,XGBoost_T,6,OK,0.78,0.8809523809523809,0.803030303030303,0.6523809523809524,0.6684749849306811,0.4297722474802028,,3.8,False,0.7444444444444445,0.7944444444444444,40,False
42,credit-g,XGBoost_T,7,OK,0.77,0.8114285714285714,0.7286843591191418,0.6928571428571428,0.7047875754075215,0.42001624785636316,,4.4,False,0.75,0.7944444444444444,40,False
42,credit-g,XGBoost_T,8,OK,0.82,0.88,0.8125,0.7380952380952381,0.76,0.545544725589981,,10.3,False,0.7555555555555555,0.7777777777777778,40,False
42,credit-g,XGBoost_T,9,OK,0.7,0.7247619047619047,0.6351351351351351,0.6238095238095238,0.6279761904761905,0.25869686299618505,,6.6,False,0.7555555555555555,0.7833333333333333,40,False
42,diabetes,CatBoost_T,0,OK,0.7532467532467533,0.8162962962962963,0.7359649122807017,0.6992592592592592,0.70908729369656,0.4336735806213181,,27.3,False,0.7697841726618705,0.7769784172661871,40,False
42,diabetes,CatBoost_T,1,OK,0.7402597402597403,0.8607407407407408,0.7518028846153846,0.6551851851851851,0.6622807017543859,0.39535339775548806,,20.0,False,0.7697841726618705,0.8057553956834532,40,False
42,diabetes,CatBoost_T,2,OK,0.7792207792207793,0.8822222222222222,0.7579185520361991,0.7533333333333333,0.7554642256678498,0.5112313234371975,,22.6,False,0.7913669064748201,0.841726618705036,40,False
42,diabetes,CatBoost_T,3,OK,0.7922077922077922,0.8762962962962962,0.8034313725490196,0.7292592592592593,0.7454545454545454,0.5275014756628025,,16.0,False,0.7194244604316546,0.7553956834532374,40,False
42,diabetes,CatBoost_T,4,OK,0.7922077922077922,0.8637037037037036,0.7912885662431942,0.7377777777777779,0.7520128824476651,0.5263532956993116,,24.7,False,0.7122302158273381,0.762589928057554,40,False
42,diabetes,CatBoost_T,5,OK,0.7142857142857143,0.7622222222222221,0.6846153846153846,0.6777777777777778,0.6806184012066365,0.36232865092627065,,66.9,False,0.7841726618705036,0.8273381294964028,40,False
42,diabetes,CatBoost_T,6,OK,0.7012987012987013,0.7444444444444445,0.673469387755102,0.6762962962962963,0.6747474747474747,0.349754259914075,,38.3,False,0.7410071942446043,0.7985611510791367,40,False
42,diabetes,CatBoost_T,7,OK,0.7922077922077922,0.8577777777777779,0.7912885662431942,0.7377777777777779,0.7520128824476651,0.5263532956993116,,25.5,False,0.7482014388489209,0.7985611510791367,40,False
42,diabetes,CatBoost_T,8,OK,0.7894736842105263,0.8584615384615385,0.7676282051282051,0.7569230769230769,0.7615686274509804,0.5244420346728087,,66.1,False,0.7985611510791367,0.8201438848920863,40,False
42,diabetes,CatBoost_T,9,OK,0.6973684210526315,0.7830769230769231,0.6655328798185941,0.6684615384615384,0.6668572517629121,0.3339815779363246,,39.0,False,0.7985611510791367,0.8273381294964028,40,False
42,diabetes,EBM_T,0,OK,0.7922077922077922,0.8237037037037037,0.7827380952380952,0.7462962962962962,0.7578616352201257,0.5277777777777778,,55.5,False,0.762589928057554,0.7913669064748201,40,False
42,diabetes,EBM_T,1,OK,0.7012987012987013,0.8555555555555555,0.673155737704918,0.6251851851851852,0.6289545359312801,0.29445905039898174,,42.9,False,0.762589928057554,0.7913669064748201,40,False
42,diabetes,EBM_T,2,OK,0.7272727272727273,0.8651851851851852,0.6998491704374057,0.6962962962962963,0.6979263964132263,0.3961295342422729,,41.0,False,0.7913669064748201,0.8201438848920863,40,False
42,diabetes,EBM_T,3,OK,0.7792207792207793,0.8696296296296296,0.7787193973634652,0.7192592592592593,0.7331294597349644,0.4944160539751941,,38.5,False,0.7194244604316546,0.7482014388489209,40,False
42,diabetes,EBM_T,4,OK,0.7662337662337663,0.857037037037037,0.7459742351046699,0.7262962962962962,0.7334615384615384,0.47186039625508397,,47.9,False,0.7266187050359713,0.762589928057554,40,False
42,diabetes,EBM_T,5,OK,0.7402597402597403,0.7896296296296296,0.7172619047619048,0.6892592592592592,0.6973270440251573,0.40555555555555556,,47.0,True,0.7913669064748201,0.7841726618705036,40,False
42,diabetes,EBM_T,6,OK,0.7272727272727273,0.7599999999999999,0.6992924528301887,0.6877777777777778,0.692175899486008,0.3868989217888074,,59.1,False,0.762589928057554,0.8129496402877698,40,False
42,diabetes,EBM_T,7,OK,0.7662337662337663,0.8600000000000001,0.7438461538461538,0.7348148148148148,0.7386877828054299,0.4785757597651158,,50.0,False,0.7194244604316546,0.7913669064748201,40,False
42,diabetes,EBM_T,8,OK,0.8026315789473685,0.8676923076923077,0.7900432900432901,0.7576923076923077,0.7689969604863222,0.5467793878409271,,44.0,False,0.7985611510791367,0.8201438848920863,40,False
42,diabetes,EBM_T,9,OK,0.75,0.826923076923077,0.7242424242424242,0.6992307692307692,0.7073961499493414,0.4227339147785078,,30.2,False,0.7482014388489209,0.7769784172661871,40,False
42,diabetes,FIGS_T,0,OK,0.7792207792207793,0.764074074074074,0.7598270440251573,0.7448148148148148,0.7508090614886731,0.5044185153893525,,7.4,False,0.7266187050359713,0.7697841726618705,40,False
42,diabetes,FIGS_T,1,OK,0.7012987012987013,0.6803703703703703,0.6684210526315789,0.6422222222222222,0.6478425134221515,0.30953653338027165,,10.1,False,0.7266187050359713,0.7985611510791367,40,False
42,diabetes,FIGS_T,2,OK,0.7532467532467533,0.8114814814814815,0.7288838612368025,0.7248148148148148,0.7266953110405381,0.4536804288397352,,7.5,False,0.762589928057554,0.7913669064748201,40,False
42,diabetes,FIGS_T,3,OK,0.7012987012987013,0.7351851851851852,0.6684210526315789,0.6422222222222222,0.6478425134221515,0.30953653338027165,,12.8,False,0.7482014388489209,0.762589928057554,40,False
42,diabetes,FIGS_T,4,OK,0.7662337662337663,0.7518518518518518,0.7464936886395512,0.7603703703703704,0.7510775862068966,0.5066740688254677,,9.9,False,0.697841726618705,0.7769784172661871,40,False
42,diabetes,FIGS_T,5,OK,0.7272727272727273,0.7799999999999999,0.7062146892655368,0.6622222222222223,0.6703363914373088,0.3658010669613767,,7.3,False,0.7697841726618705,0.7913669064748201,40,False
42,diabetes,FIGS_T,6,OK,0.6753246753246753,0.702962962962963,0.6454081632653061,0.6477777777777778,0.6464646464646464,0.2931763649279746,,4.1,False,0.7482014388489209,0.7913669064748201,40,False
42,diabetes,FIGS_T,7,OK,0.7662337662337663,0.8337037037037038,0.7433333333333333,0.7433333333333333,0.7433333333333333,0.4866666666666667,,3.6,False,0.7482014388489209,0.7913669064748201,40,False
42,diabetes,FIGS_T,8,OK,0.7105263157894737,0.7684615384615385,0.6762820512820513,0.6692307692307693,0.672156862745098,0.3454408611617303,,5.6,False,0.8129496402877698,0.8201438848920863,40,False
42,diabetes,FIGS_T,9,OK,0.6973684210526315,0.7707692307692307,0.6599671862182117,0.65,0.6536556370120864,0.30980689425983887,,9.6,False,0.762589928057554,0.7841726618705036,40,False
42,diabetes,LightGBM_T,0,OK,0.7792207792207793,0.8103703703703703,0.7598270440251573,0.7448148148148148,0.7508090614886731,0.5044185153893525,,4.0,False,0.7266187050359713,0.7913669064748201,40,False
42,diabetes,LightGBM_T,1,OK,0.7922077922077922,0.8807407407407407,0.7912885662431942,0.7377777777777779,0.7520128824476651,0.5263532956993116,,2.5,False,0.7553956834532374,0.7913669064748201,40,False
42,diabetes,LightGBM_T,2,OK,0.7532467532467533,0.8733333333333333,0.7295918367346939,0.7333333333333334,0.7313131313131314,0.4629100498862757,,3.6,False,0.7482014388489209,0.8273381294964028,40,False
42,diabetes,LightGBM_T,3,OK,0.7792207792207793,0.8755555555555554,0.7636363636363637,0.7362962962962962,0.745578231292517,0.49918452017784487,,2.9,False,0.7122302158273381,0.762589928057554,40,False
42,diabetes,LightGBM_T,4,OK,0.8311688311688312,0.8411111111111111,0.8703893442622951,0.7677777777777778,0.790278650743767,0.6298635900546266,,2.1,False,0.7050359712230215,0.7697841726618705,40,False
42,diabetes,LightGBM_T,5,OK,0.7402597402597403,0.7999999999999999,0.7149758454106281,0.6977777777777778,0.7038461538461538,0.4123951744684367,,4.5,False,0.7122302158273381,0.8201438848920863,40,False
42,diabetes,LightGBM_T,6,OK,0.7012987012987013,0.7251851851851852,0.670814479638009,0.6677777777777778,0.6691574817859145,0.3385786396448106,,3.4,False,0.762589928057554,0.7841726618705036,40,False
42,diabetes,LightGBM_T,7,OK,0.7662337662337663,0.8525925925925926,0.7790322580645161,0.6922222222222222,0.7053571428571428,0.46318981300044104,,2.4,False,0.7266187050359713,0.7841726618705036,40,False
42,diabetes,LightGBM_T,8,OK,0.7236842105263158,0.8261538461538461,0.6913419913419914,0.6699999999999999,0.676595744680851,0.36071117824729815,,2.9,False,0.7553956834532374,0.8273381294964028,40,False
42,diabetes,LightGBM_T,9,OK,0.6973684210526315,0.783076923076923,0.6599671862182117,0.65,0.6536556370120864,0.30980689425983887,,2.5,False,0.8057553956834532,0.8273381294964028,40,False
42,diabetes,RuleFit_T,0,OK,0.7662337662337663,0.811111111111111,0.7563520871143375,0.7092592592592593,0.7210144927536233,0.46322369481325704,,79.3,False,0.7553956834532374,0.7841726618705036,40,False
42,diabetes,RuleFit_T,1,OK,0.7402597402597403,0.8325925925925924,0.721415607985481,0.6807407407407408,0.6900161030595813,0.4000940939272025,,84.1,False,0.762589928057554,0.8129496402877698,40,False
42,diabetes,RuleFit_T,2,OK,0.8181818181818182,0.8607407407407408,0.803076923076923,0.7918518518518518,0.7967571644042233,0.5948228686039609,,74.1,False,0.7841726618705036,0.8273381294964028,40,False
42,diabetes,RuleFit_T,3,OK,0.8051948051948052,0.8859259259259259,0.8309426229508197,0.7392592592592593,0.7580138277812697,0.5627826821234976,,57.3,False,0.7194244604316546,0.7482014388489209,40,False
42,diabetes,RuleFit_T,4,OK,0.8311688311688312,0.8762962962962962,0.8703893442622951,0.7677777777777778,0.790278650743767,0.6298635900546266,,84.7,False,0.7482014388489209,0.7697841726618705,40,False
42,diabetes,RuleFit_T,5,OK,0.7272727272727273,0.7755555555555556,0.7126024590163935,0.6537037037037037,0.6612193588937776,0.3615399583301107,,102.1,False,0.7985611510791367,0.8057553956834532,40,False
42,diabetes,RuleFit_T,6,OK,0.7532467532467533,0.7414814814814814,0.7318181818181818,0.7077777777777778,0.7156462585034014,0.43893811257017395,,84.2,False,0.7553956834532374,0.7913669064748201,40,False
42,diabetes,RuleFit_T,7,OK,0.7402597402597403,0.8333333333333334,0.7279411764705883,0.6722222222222223,0.6818181818181819,0.396265244237808,,58.3,False,0.7769784172661871,0.7913669064748201,40,False
42,diabetes,RuleFit_T,8,OK,0.7894736842105263,0.8384615384615384,0.7979166666666666,0.72,0.7367965367965368,0.5120221349381945,,68.4,False,0.7769784172661871,0.7985611510791367,40,False
42,diabetes,RuleFit_T,9,OK,0.7631578947368421,0.7896153846153846,0.7428571428571429,0.7092307692307692,0.7194421657095981,0.4508356100096212,,84.0,False,0.7482014388489209,0.8057553956834532,40,False
42,diabetes,XGBoost_T,0,OK,0.7662337662337663,0.8118518518518518,0.75,0.7177777777777778,0.7275943396226415,0.4666666666666667,,4.7,False,0.7194244604316546,0.7985611510791367,40,False
42,diabetes,XGBoost_T,1,OK,0.7142857142857143,0.7844444444444444,0.6845238095238095,0.6607407407407407,0.667059748427673,0.34444444444444444,,7.2,False,0.7266187050359713,0.7841726618705036,40,False
42,diabetes,XGBoost_T,2,OK,0.7662337662337663,0.8496296296296295,0.7442528735632183,0.7518518518518519,0.7474489795918368,0.49604652413672967,,4.3,False,0.762589928057554,0.8201438848920863,40,False
42,diabetes,XGBoost_T,3,OK,0.7272727272727273,0.84,0.7,0.6792592592592592,0.6857142857142857,0.378691704962503,,8.7,False,0.7050359712230215,0.7338129496402878,40,False
42,diabetes,XGBoost_T,4,OK,0.7532467532467533,0.8629629629629629,0.7318181818181818,0.7077777777777778,0.7156462585034014,0.43893811257017395,,5.1,False,0.7338129496402878,0.7769784172661871,40,False
42,diabetes,XGBoost_T,5,OK,0.7402597402597403,0.7999999999999999,0.7172619047619048,0.6892592592592592,0.6973270440251573,0.40555555555555556,,6.6,False,0.762589928057554,0.8057553956834532,40,False
42,diabetes,XGBoost_T,6,OK,0.6753246753246753,0.7177777777777777,0.6454081632653061,0.6477777777777778,0.6464646464646464,0.2931763649279746,,11.1,False,0.7410071942446043,0.8057553956834532,40,False
42,diabetes,XGBoost_T,7,OK,0.7792207792207793,0.854074074074074,0.7636363636363637,0.7362962962962962,0.745578231292517,0.49918452017784487,,7.1,False,0.7194244604316546,0.7697841726618705,40,False
42,diabetes,XGBoost_T,8,OK,0.7105263157894737,0.8361538461538462,0.6762452107279694,0.6415384615384615,0.6481481481481481,0.31588273760975755,,9.7,False,0.762589928057554,0.8129496402877698,40,False
42,diabetes,XGBoost_T,9,OK,0.6842105263157895,0.7946153846153846,0.6430976430976431,0.6307692307692307,0.6346153846153846,0.273589244764985,,10.6,False,0.7841726618705036,0.841726618705036,40,False
42,kr-vs-kp,CatBoost_T,0,OK,1.0,1.0,1.0,1.0,1.0,1.0,,140.4,False,0.9965277777777778,0.9982638888888888,40,False
42,kr-vs-kp,CatBoost_T,1,OK,0.99375,0.9988258776564518,0.993738014167743,0.993738014167743,0.993738014167743,0.9874760283354859,,125.4,False,0.9913194444444444,0.9982638888888888,40,False
42,kr-vs-kp,CatBoost_T,2,OK,0.990625,0.9997651755312904,0.9907581453634086,0.9904700403115339,0.9906043552728163,0.9812281433787039,,412.6,False,0.9930555555555556,0.9965277777777778,40,False
42,kr-vs-kp,CatBoost_T,3,OK,0.990625,0.9999217251770969,0.9907581453634086,0.9904700403115339,0.9906043552728163,0.9812281433787039,,252.3,False,0.9982638888888888,1.0,40,False
42,kr-vs-kp,CatBoost_T,4,OK,1.0,1.0,1.0,1.0,1.0,1.0,,234.1,False,0.9861111111111112,0.9930555555555556,40,False
42,kr-vs-kp,CatBoost_T,5,OK,0.990625,0.9988258776564518,0.9904944453137224,0.9907440021916951,0.9906095020101535,0.9812384157707068,,150.1,False,0.9913194444444444,0.9965277777777778,40,False
42,kr-vs-kp,CatBoost_T,6,OK,0.9968652037617555,1.0,0.9970238095238095,0.9967105263157895,0.9968572976700655,0.9937342864569987,,506.0,False,0.9947916666666666,1.0,40,False
42,kr-vs-kp,CatBoost_T,7,OK,0.9937304075235109,1.0,0.9940828402366864,0.993421052631579,0.9937125512456638,0.9875036711157809,,784.2,False,0.9947916666666666,0.9982638888888888,40,False
42,kr-vs-kp,CatBoost_T,8,OK,0.9937304075235109,0.9999606051055784,0.9937165143397415,0.9937165143397415,0.9937165143397415,0.9874330286794831,,127.2,False,0.9895833333333334,0.9982638888888888,40,False
42,kr-vs-kp,CatBoost_T,9,OK,1.0,1.0,1.0,1.0,1.0,1.0,,140.3,False,0.9878472222222222,0.9913194444444444,40,False
42,kr-vs-kp,EBM_T,0,OK,0.996875,1.0,0.9967532467532467,0.9970059880239521,0.9968698340033845,0.9937592026375474,,620.2,True,0.9895833333333334,0.9774305555555556,40,False
42,kr-vs-kp,EBM_T,1,OK,0.990625,0.9992955265938711,0.9907581453634086,0.9904700403115339,0.9906043552728163,0.9812281433787039,,544.4,True,0.9878472222222222,0.9861111111111112,40,False
42,kr-vs-kp,EBM_T,2,OK,0.984375,0.9976908927243552,0.9844924812030075,0.9842080544792767,0.9843405921213604,0.9687004939260552,,107.2,True,0.9913194444444444,0.9861111111111112,40,False
42,kr-vs-kp,EBM_T,3,OK,0.99375,0.9999608625885484,0.9935483870967742,0.9940119760479043,0.9937411985604757,0.9875602543337462,,241.4,True,0.9965277777777778,0.9913194444444444,40,False
42,kr-vs-kp,EBM_T,4,OK,0.990625,0.9990998395366131,0.9904944453137224,0.9907440021916951,0.9906095020101535,0.9812384157707068,,291.7,True,0.9809027777777778,0.9809027777777778,40,False
42,kr-vs-kp,EBM_T,5,OK,0.978125,0.9986693280106453,0.9779768424346738,0.9782200305271809,0.9780888380236914,0.9561968420370258,,572.3,True,0.9861111111111112,0.9809027777777778,40,False
42,kr-vs-kp,EBM_T,6,OK,0.9968652037617555,1.0,0.9970238095238095,0.9967105263157895,0.9968572976700655,0.9937342864569987,,172.0,True,0.9895833333333334,0.9774305555555556,40,False
42,kr-vs-kp,EBM_T,7,OK,0.9937304075235109,0.9998030255278916,0.9940828402366864,0.993421052631579,0.9937125512456638,0.9875036711157809,,157.1,True,0.9930555555555556,0.9791666666666666,40,False
42,kr-vs-kp,EBM_T,8,OK,0.987460815047022,0.9990939174283013,0.9877909270216962,0.9871375669713205,0.9874251024913276,0.9749282750644461,,187.8,True,0.9947916666666666,0.9895833333333334,40,False
42,kr-vs-kp,EBM_T,9,OK,0.9937304075235109,0.9999212536420191,0.9940476190476191,0.9934640522875817,0.9937165143397415,0.987511498906761,,170.5,True,0.9895833333333334,0.9895833333333334,40,False
42,kr-vs-kp,FIGS_T,0,OK,0.99375,0.9931900904074205,0.9940828402366864,0.9934640522875817,0.993734335839599,0.9875466986607835,,9.2,False,0.9739583333333334,0.9965277777777778,40,False
42,kr-vs-kp,FIGS_T,1,OK,0.99375,0.9982975226018551,0.993738014167743,0.993738014167743,0.993738014167743,0.9874760283354859,,7.3,False,0.9756944444444444,0.9965277777777778,40,False
42,kr-vs-kp,FIGS_T,2,OK,0.996875,0.9953817854487105,0.9970238095238095,0.9967320261437909,0.996868118424272,0.9937557928313525,,8.2,False,0.9809027777777778,0.9965277777777778,40,False
42,kr-vs-kp,FIGS_T,3,OK,0.99375,0.9958122969746782,0.9935483870967742,0.9940119760479043,0.9937411985604757,0.9875602543337462,,8.2,False,0.9722222222222222,1.0,40,False
42,kr-vs-kp,FIGS_T,4,OK,0.996875,0.9999412938828226,0.9967532467532467,0.9970059880239521,0.9968698340033845,0.9937592026375474,,8.0,False,0.9704861111111112,0.9930555555555556,40,False
42,kr-vs-kp,FIGS_T,5,OK,0.9875,0.9931118155845172,0.9872922776148583,0.9877499902156471,0.9874823971209513,0.9750421603988364,,8.1,False,0.9791666666666666,0.9947916666666666,40,False
42,kr-vs-kp,FIGS_T,6,OK,0.9968652037617555,0.9967105263157895,0.9970238095238095,0.9967105263157895,0.9968572976700655,0.9937342864569987,,9.2,False,0.9704861111111112,0.9982638888888888,40,False
42,kr-vs-kp,FIGS_T,7,OK,0.9968652037617555,0.9984242042231327,0.9970238095238095,0.9967105263157895,0.9968572976700655,0.9937342864569987,,9.2,False,0.9704861111111112,0.9982638888888888,40,False
42,kr-vs-kp,FIGS_T,8,OK,0.9968652037617555,0.9967105263157895,0.9970238095238095,0.9967105263157895,0.9968572976700655,0.9937342864569987,,9.2,False,0.9756944444444444,0.9982638888888888,40,False
42,kr-vs-kp,FIGS_T,9,OK,0.9968652037617555,0.9997637609260572,0.9967532467532467,0.9969879518072289,0.9968607614867591,0.9937411708437707,,7.8,False,0.9774305555555556,0.9947916666666666,40,False
42,kr-vs-kp,LightGBM_T,0,OK,0.99375,1.0,0.9940828402366864,0.9934640522875817,0.993734335839599,0.9875466986607835,,8.5,False,0.9965277777777778,0.9982638888888888,40,False
42,kr-vs-kp,LightGBM_T,1,OK,0.99375,0.9996477632969356,0.993738014167743,0.993738014167743,0.993738014167743,0.9874760283354859,,9.8,False,0.9930555555555556,0.9982638888888888,40,False
42,kr-vs-kp,LightGBM_T,2,OK,0.996875,0.9999608625885484,0.9970238095238095,0.9967320261437909,0.996868118424272,0.9937557928313525,,7.0,True,0.9965277777777778,0.9965277777777778,40,False
42,kr-vs-kp,LightGBM_T,3,OK,1.0,1.0,1.0,1.0,1.0,1.0,,7.6,False,0.9965277777777778,0.9982638888888888,40,False
42,kr-vs-kp,LightGBM_T,4,OK,0.996875,1.0,0.9967532467532467,0.9970059880239521,0.9968698340033845,0.9937592026375474,,10.3,False,0.9913194444444444,0.9965277777777778,40,False
42,kr-vs-kp,LightGBM_T,5,OK,0.984375,0.9987867402450002,0.9842356438741982,0.984482016359438,0.9843491700169225,0.9687176289038664,,8.4,False,0.9930555555555556,0.9965277777777778,40,False
42,kr-vs-kp,LightGBM_T,6,OK,1.0,1.0,1.0,1.0,1.0,1.0,,10.6,False,0.9947916666666666,0.9982638888888888,40,False
42,kr-vs-kp,LightGBM_T,7,OK,0.9937304075235109,1.0,0.9940828402366864,0.993421052631579,0.9937125512456638,0.9875036711157809,,10.6,False,0.9947916666666666,1.0,40,False
42,kr-vs-kp,LightGBM_T,8,OK,0.9968652037617555,0.9999212102111567,0.9970238095238095,0.9967105263157895,0.9968572976700655,0.9937342864569987,,12.5,False,0.9965277777777778,0.9982638888888888,40,False
42,kr-vs-kp,LightGBM_T,9,OK,0.9968652037617555,1.0,0.9970059880239521,0.9967320261437909,0.9968591542362034,0.9937379764037085,,9.6,False,0.9913194444444444,0.9947916666666666,40,False
42,kr-vs-kp,RuleFit_T,0,OK,0.99375,0.9999217251770968,0.9935483870967742,0.9940119760479043,0.9937411985604757,0.9875602543337462,,141.3,False,0.9635416666666666,0.9965277777777778,40,False
42,kr-vs-kp,RuleFit_T,1,OK,0.990625,0.9988258776564518,0.9904944453137224,0.9907440021916951,0.9906095020101535,0.9812384157707068,,162.2,False,0.9756944444444444,0.9965277777777778,40,False
42,kr-vs-kp,RuleFit_T,2,OK,0.99375,0.9997651755312903,0.993738014167743,0.993738014167743,0.993738014167743,0.9874760283354859,,189.4,False,0.9774305555555556,0.9965277777777778,40,False
42,kr-vs-kp,RuleFit_T,3,OK,0.98125,0.9992955265938711,0.9810089484584424,0.9817619662635513,0.9812316715542522,0.9627706202407766,,150.1,False,0.9739583333333334,0.9982638888888888,40,False
42,kr-vs-kp,RuleFit_T,4,OK,0.990625,1.0,0.9903846153846154,0.9910179640718563,0.9906139090135805,0.9814023750904909,,132.2,False,0.9600694444444444,0.9895833333333334,40,False
42,kr-vs-kp,RuleFit_T,5,OK,0.9875,0.9995303510625807,0.9872922776148583,0.9877499902156471,0.9874823971209513,0.9750421603988364,,237.3,False,0.9635416666666666,0.9965277777777778,40,False
42,kr-vs-kp,RuleFit_T,6,OK,1.0,1.0,1.0,1.0,1.0,1.0,,216.1,False,0.9618055555555556,0.9982638888888888,40,False
42,kr-vs-kp,RuleFit_T,7,OK,0.9905956112852664,0.9996060510557832,0.9911764705882353,0.9901315789473684,0.9905655727200134,0.981307493237889,,129.6,False,0.9652777777777778,0.9947916666666666,40,False
42,kr-vs-kp,RuleFit_T,8,OK,0.9968652037617555,0.999881815316735,0.9967320261437909,0.9970059880239521,0.9968591542362034,0.9937379764037085,,196.8,False,0.9635416666666666,0.9930555555555556,40,False
42,kr-vs-kp,RuleFit_T,9,OK,0.9968652037617555,0.9998031341050476,0.9967532467532467,0.9969879518072289,0.9968607614867591,0.9937411708437707,,174.9,False,0.9722222222222222,0.9947916666666666,40,False
42,kr-vs-kp,XGBoost_T,0,OK,1.0,1.0,1.0,1.0,1.0,1.0,,10.4,False,0.9947916666666666,0.9982638888888888,40,False
42,kr-vs-kp,XGBoost_T,1,OK,0.99375,0.9994520762396776,0.993738014167743,0.993738014167743,0.993738014167743,0.9874760283354859,,6.3,False,0.9895833333333334,1.0,40,False
42,kr-vs-kp,XGBoost_T,2,OK,0.996875,0.9999608625885484,0.9970238095238095,0.9967320261437909,0.996868118424272,0.9937557928313525,,14.7,False,0.9947916666666666,0.9965277777777778,40,False
42,kr-vs-kp,XGBoost_T,3,OK,1.0,1.0,1.0,1.0,1.0,1.0,,10.8,False,0.9982638888888888,1.0,40,False
42,kr-vs-kp,XGBoost_T,4,OK,1.0,1.0,1.0,1.0,1.0,1.0,,6.2,False,0.9878472222222222,0.9965277777777778,40,False
42,kr-vs-kp,XGBoost_T,5,OK,0.9875,0.9991389769480647,0.987476028335486,0.987476028335486,0.987476028335486,0.9749520566709717,,11.3,False,0.9930555555555556,0.9965277777777778,40,False
42,kr-vs-kp,XGBoost_T,6,OK,0.9968652037617555,1.0,0.9970238095238095,0.9967105263157895,0.9968572976700655,0.9937342864569987,,12.3,False,0.9965277777777778,1.0,40,False
42,kr-vs-kp,XGBoost_T,7,OK,0.9937304075235109,1.0,0.9940828402366864,0.993421052631579,0.9937125512456638,0.9875036711157809,,8.5,False,0.9947916666666666,1.0,40,False
42,kr-vs-kp,XGBoost_T,8,OK,0.9968652037617555,1.0,0.9970238095238095,0.9967105263157895,0.9968572976700655,0.9937342864569987,,8.4,False,0.9947916666666666,1.0,40,False
42,kr-vs-kp,XGBoost_T,9,OK,0.9968652037617555,1.0,0.9970059880239521,0.9967320261437909,0.9968591542362034,0.9937379764037085,,10.9,False,0.9878472222222222,0.9965277777777778,40,False
42,magic,CatBoost_T,0,OK,0.889,0.9270233846505033,0.8865108446221037,0.8667355870745701,0.875156195345688,0.7529868033722109,,138.0,False,0.8922222222222222,0.8955555555555555,40,False
42,magic,CatBoost_T,1,OK,0.87,0.9305440322389475,0.864812883790986,0.845556828607676,0.8536767652209931,0.7101086766348761,,99.3,False,0.8816666666666667,0.8877777777777778,40,False
42,magic,CatBoost_T,2,OK,0.876,0.9257942308789766,0.8835844286411283,0.8416762145575705,0.8568202077492599,0.7240488258158542,,132.4,False,0.8811111111111111,0.8905555555555555,40,False
42,magic,CatBoost_T,3,OK,0.897,0.9393851597241428,0.8951151810251019,0.8761693422710372,0.8843267197416106,0.7710517953225046,,74.9,False,0.8666666666666667,0.8794444444444445,40,False
42,magic,CatBoost_T,4,OK,0.894,0.9419839419839419,0.8895726495726496,0.8751662649967735,0.8815674216557321,0.7646032065982141,,88.7,False,0.885,0.8916666666666667,40,False
42,magic,CatBoost_T,5,OK,0.872,0.931755626670881,0.8752902059432238,0.8399027212586534,0.8531833968773943,0.7143169107947039,,140.2,False,0.8838888888888888,0.89,40,False
42,magic,CatBoost_T,6,OK,0.883,0.9373790051756155,0.8828191218850652,0.8568804077278653,0.8673997082793582,0.7392445990451753,,148.1,False,0.8844444444444445,0.8877777777777778,40,False
42,magic,CatBoost_T,7,OK,0.884,0.9421902642241625,0.8843495695247081,0.8576508237525187,0.8684306039488966,0.7415198989897379,,134.0,False,0.8766666666666667,0.8772222222222222,40,False
42,magic,CatBoost_T,8,OK,0.896,0.9380791208791209,0.8935428539810768,0.8751648351648351,0.8831166495837155,0.7684879698319538,,90.6,False,0.8794444444444445,0.8866666666666667,40,False
42,magic,CatBoost_T,9,OK,0.857,0.9225538461538463,0.8639070695466844,0.8174725274725274,0.8333082712902057,0.679795549070768,,90.4,False,0.8855555555555555,0.8927777777777778,40,False
42,magic,EBM_T,0,OK,0.893,0.9345300023266125,0.8924604949314252,0.8698172511731834,0.87929122514894,0.7619413663257999,,1086.3,True,0.8877777777777778,0.8855555555555555,40,False
42,magic,EBM_T,1,OK,0.871,0.9312507956575753,0.8636039886039886,0.84959767163157,0.8557651991614256,0.7130641144018013,,777.8,True,0.8811111111111111,0.8777777777777778,40,False
42,magic,EBM_T,2,OK,0.874,0.92612346849635,0.8802355539197644,0.8401353825082638,0.8547557129419576,0.7192539623130085,,631.5,True,0.8883333333333333,0.8855555555555555,40,False
42,magic,EBM_T,3,OK,0.891,0.940495787953415,0.8870032430055516,0.8708927607232693,0.8779492335995682,0.7577247553226363,,592.6,True,0.8738888888888889,0.8727777777777778,40,False
42,magic,EBM_T,4,OK,0.9,0.9423043999315186,0.8976183594162205,0.8804428465445414,0.8879446356855996,0.7778716102151498,,668.5,True,0.8911111111111111,0.8883333333333333,40,False
42,magic,EBM_T,5,OK,0.878,0.9317556266708809,0.880947229234283,0.8477956444058139,0.8605210567473511,0.7279884259413655,,585.5,True,0.8833333333333333,0.8772222222222222,40,False
42,magic,EBM_T,6,OK,0.885,0.9352631047546301,0.8851735699082707,0.85907532517702,0.8696663799327025,0.7437911665633197,,921.7,True,0.8827777777777778,0.8822222222222222,40,False
42,magic,EBM_T,7,OK,0.879,0.9441788594330967,0.8787999092558983,0.8518364874297077,0.8626521751468543,0.7301386978137436,,579.4,True,0.875,0.8744444444444445,40,False
42,magic,EBM_T,8,OK,0.886,0.9333098901098901,0.8832333661399046,0.8628571428571428,0.8714919558473415,0.7458122130537983,,1386.9,False,0.875,0.8755555555555555,40,False
42,magic,EBM_T,9,OK,0.872,0.9239868131868132,0.8794642857142858,0.8362637362637363,0.8516973699455451,0.7144230637176704,,1450.2,True,0.8894444444444445,0.8894444444444445,40,False
42,magic,FIGS_T,0,OK,0.857,0.8945846996694454,0.8522112975833945,0.8283464808888538,0.8379329767858823,0.6801392213092977,,49.4,False,0.8288888888888889,0.8566666666666667,40,False
42,magic,FIGS_T,1,OK,0.853,0.8867620138806579,0.8486735991195278,0.822648475190848,0.8328768711821745,0.670817427010422,,67.3,False,0.8244444444444444,0.8583333333333333,40,False
42,magic,FIGS_T,2,OK,0.84,0.8805964907659823,0.8385228806281437,0.8028217858726333,0.8155628100850255,0.6403502268932612,,75.6,False,0.82,0.8605555555555555,40,False
42,magic,FIGS_T,3,OK,0.854,0.8909169926119079,0.8507912728591263,0.8227648058156533,0.8336182336182336,0.672972739614917,,66.5,False,0.8311111111111111,0.8461111111111111,40,False
42,magic,FIGS_T,4,OK,0.86,0.894933691543861,0.8554460378564613,0.8319658997625099,0.8414560674762976,0.6870108114841843,,68.5,False,0.8288888888888889,0.8544444444444445,40,False
42,magic,FIGS_T,5,OK,0.834,0.8640160843550674,0.8305046644936496,0.7968911189250172,0.808966161692882,0.6264946916022737,,53.3,False,0.8327777777777777,0.8605555555555555,40,False
42,magic,FIGS_T,6,OK,0.847,0.8892598299377961,0.840989866908651,0.816717808243232,0.8263287834501547,0.6572596542629383,,49.4,False,0.8294444444444444,0.8516666666666667,40,False
42,magic,FIGS_T,7,OK,0.843,0.8840161721517654,0.8312655877373432,0.8195229127432517,0.8247124223068515,0.6506825508201096,,48.8,False,0.8294444444444444,0.8577777777777778,40,False
42,magic,FIGS_T,8,OK,0.853,0.9038065934065934,0.8451827875980673,0.8262637362637362,0.8341664495036839,0.6711799340733515,,71.9,False,0.8366666666666667,0.8572222222222222,40,False
42,magic,FIGS_T,9,OK,0.845,0.8639846153846154,0.853271664491232,0.800989010989011,0.8176966024527452,0.6521683491420223,,67.6,False,0.8111111111111111,0.8627777777777778,40,False
42,magic,LightGBM_T,0,OK,0.891,0.9321243728023391,0.8881987864032903,0.869584589923573,0.8775884704061705,0.7575547221994957,,57.0,False,0.8811111111111111,0.8927777777777778,40,False
42,magic,LightGBM_T,1,OK,0.874,0.9311234904455243,0.8694473409801877,0.8499466635059856,0.8581790185988087,0.7191296526139771,,79.1,False,0.8783333333333333,0.8844444444444445,40,False
42,magic,LightGBM_T,2,OK,0.865,0.9212507517592263,0.8679775280898876,0.8312393820868398,0.8447703118047003,0.6982510981769727,,69.1,False,0.8844444444444445,0.89,40,False
42,magic,LightGBM_T,3,OK,0.892,0.9395651429549734,0.8884423217210576,0.8716631767479226,0.8789802065404475,0.7599202781191902,,37.2,False,0.8744444444444445,0.8772222222222222,40,False
42,magic,LightGBM_T,4,OK,0.885,0.9365142077006483,0.8775611427746915,0.8675784353750455,0.8721527585543701,0.7450727054980214,,61.1,True,0.8872222222222222,0.8822222222222222,40,False
42,magic,LightGBM_T,5,OK,0.865,0.9245299584282637,0.8656848008325143,0.833201638286384,0.8455333390543207,0.6981311473751155,,80.4,False,0.8805555555555555,0.8861111111111111,40,False
42,magic,LightGBM_T,6,OK,0.876,0.936676631591886,0.8735990708086868,0.850179324755596,0.8597919493441881,0.7233993927149899,,77.1,False,0.8827777777777778,0.8877777777777778,40,False
42,magic,LightGBM_T,7,OK,0.875,0.9396441599831431,0.8681696982979035,0.8539875065298794,0.8602375960866526,0.7220179318558032,,46.2,True,0.8766666666666667,0.8766666666666667,40,False
42,magic,LightGBM_T,8,OK,0.899,0.943054945054945,0.901580375044227,0.8741758241758242,0.8853542949572917,0.7752719982174261,,61.1,False,0.8805555555555555,0.8811111111111111,40,False
42,magic,LightGBM_T,9,OK,0.865,0.9218153846153846,0.8712237583205324,0.8282417582417583,0.8434526687841143,0.6981436503535504,,80.5,False,0.8733333333333333,0.8866666666666667,40,False
42,magic,RuleFit_T,0,OK,0.867,0.91628145865434,0.8850947575168724,0.8236230185382728,0.8429972648470876,0.7060468195548352,,391.8,False,0.8272222222222222,0.8677777777777778,40,False
42,magic,RuleFit_T,1,OK,0.856,0.9084719423702473,0.8680706388554978,0.813186186067542,0.8307881044037395,0.6790423833210915,,321.3,False,0.8255555555555556,0.8661111111111112,40,False
42,magic,RuleFit_T,2,OK,0.842,0.8982941101585169,0.8774899291974345,0.7834318851268003,0.8061587535271746,0.6541947179511961,,464.5,False,0.8305555555555556,0.8633333333333333,40,False
42,magic,RuleFit_T,3,OK,0.86,0.920890785297565,0.8742994312496435,0.8169219355660033,0.8351886383756193,0.6888358301740444,,433.9,False,0.8238888888888889,0.8561111111111112,40,False
42,magic,RuleFit_T,4,OK,0.865,0.9150084065338302,0.876027397260274,0.8253526134882068,0.8423558344105685,0.6995469861040022,,344.4,False,0.8366666666666667,0.8688888888888889,40,False
42,magic,RuleFit_T,5,OK,0.839,0.8944025215211657,0.8788789387989656,0.7778502100535999,0.8009965007521344,0.6489116819111137,,435.2,False,0.83,0.8616666666666667,40,False
42,magic,RuleFit_T,6,OK,0.851,0.910210316989978,0.8710670462142287,0.8021391665459462,0.8221088813036435,0.6696682404768295,,324.3,False,0.8161111111111111,0.8638888888888889,40,False
42,magic,RuleFit_T,7,OK,0.853,0.9203837593668103,0.8679015456989247,0.8076045109943415,0.8261488662422491,0.6728095571817634,,424.8,False,0.8161111111111111,0.8594444444444445,40,False
42,magic,RuleFit_T,8,OK,0.861,0.9257362637362635,0.8708572561902777,0.8205494505494506,0.8373962816389987,0.6895740415765962,,396.3,False,0.8322222222222222,0.8666666666666667,40,False
42,magic,RuleFit_T,9,OK,0.831,0.8897010989010988,0.8562724014336918,0.773076923076923,0.7937452326468345,0.6238261654042379,,557.8,False,0.8433333333333334,0.865,40,False
42,magic,XGBoost_T,0,OK,0.894,0.9342358833884259,0.8919731560983045,0.872549923397381,0.8808688928449407,0.7642763094019152,,37.1,False,0.8883333333333333,0.8922222222222222,40,False
42,magic,XGBoost_T,1,OK,0.876,0.9285334878555217,0.871188992707068,0.8527956663549884,0.8606390821959684,0.7237509738182795,,60.9,False,0.8827777777777778,0.8877777777777778,40,False
42,magic,XGBoost_T,2,OK,0.868,0.9169531033937814,0.8704433425908423,0.835512886360344,0.848595378029813,0.705091526273369,,64.9,False,0.8833333333333333,0.8877777777777778,40,False
42,magic,XGBoost_T,3,OK,0.89,0.9393983292288377,0.8879851697369945,0.8675060030992234,0.876188032110071,0.7552135565303807,,62.6,False,0.8727777777777778,0.88,40,False
42,magic,XGBoost_T,4,OK,0.896,0.9402631267038047,0.8918518518518519,0.8773611824459282,0.883801998605624,0.7690765323644754,,24.4,False,0.8811111111111111,0.8872222222222222,40,False
42,magic,XGBoost_T,5,OK,0.87,0.9239417205518901,0.869875333374682,0.8403241454088912,0.8518518518518519,0.7095844043905345,,37.6,False,0.875,0.8888888888888888,40,False
42,magic,XGBoost_T,6,OK,0.886,0.9372121914494795,0.8853076307026542,0.8611539120013696,0.8710990502035278,0.7460706619409252,,51.0,False,0.8772222222222222,0.8866666666666667,40,False
42,magic,XGBoost_T,7,OK,0.875,0.9349645959815452,0.8692095588235293,0.8526793357301832,0.8598275991607598,0.7216996105059676,,43.8,False,0.8672222222222222,0.8766666666666667,40,False
42,magic,XGBoost_T,8,OK,0.89,0.9384395604395603,0.8872418387741505,0.8679120879120878,0.876188032110071,0.7549064933627577,,34.3,False,0.8672222222222222,0.8777777777777778,40,False
42,magic,XGBoost_T,9,OK,0.859,0.924443956043956,0.8683145256027542,0.8183516483516484,0.8350566597920779,0.6848460742020566,,133.0,False,0.8777777777777778,0.89,40,False
42,mfeat-factors,CatBoost_T,0,OK,0.985,0.9995555555555555,0.9857142857142858,0.985,0.9849906191369605,0.9834152880222562,,7237.6,False,0.975,0.9805555555555555,40,False
42,mfeat-factors,CatBoost_T,1,OK,0.985,0.9998611111111112,0.9854761904761904,0.985,0.984993746091307,0.9833879675158538,,7492.7,False,0.9611111111111111,0.975,37,True
42,mfeat-factors,CatBoost_T,2,OK,0.99,0.9999166666666668,0.9904761904761905,0.99,0.9899937460913071,0.9889438317391072,,7322.5,False,0.9694444444444444,0.9861111111111112,40,False
42,mfeat-factors,CatBoost_T,3,OK,0.97,0.9991944444444444,0.9718181818181817,0.97,0.9700848274532484,0.9668546844699331,,8077.6,False,0.9805555555555555,0.9833333333333333,29,True
42,mfeat-factors,CatBoost_T,4,OK,0.975,0.9962777777777779,0.9759523809523809,0.975,0.9752376485303316,0.9722762390693469,,7582.9,True,0.9888888888888889,0.9888888888888889,23,True
42,mfeat-factors,CatBoost_T,5,OK,0.98,0.9981111111111112,0.9804511278195488,0.9800000000000001,0.9798624140087554,0.9778592694458592,,7496.7,True,0.9777777777777777,0.9777777777777777,21,True
42,mfeat-factors,CatBoost_T,6,OK,0.965,0.9985555555555555,0.9654260651629073,0.9649999999999999,0.9647310819262038,0.9612179190362184,,7317.9,False,0.9722222222222222,0.9805555555555555,23,True
42,mfeat-factors,CatBoost_T,7,OK,0.96,0.999,0.9621444916639424,0.9599999999999997,0.9600552824095232,0.9557945340651204,,9408.3,False,0.9722222222222222,0.9777777777777777,14,True
42,mfeat-factors,CatBoost_T,8,OK,0.955,0.9990833333333334,0.9568398268398267,0.9549999999999998,0.954925931023492,0.9502111815075548,,7533.4,False,0.9694444444444444,0.9777777777777777,27,True
42,mfeat-factors,CatBoost_T,9,OK,0.99,0.9998888888888888,0.9902380952380951,0.99,0.9899968730456535,0.9889163591692915,,7327.9,False,0.9777777777777777,0.9888888888888889,40,False
42,mfeat-factors,EBM_T,0,OK,0.99,0.99925,0.9904761904761905,0.99,0.9899937460913073,0.9889438317391072,,40845.0,False,0.975,0.9777777777777777,40,False
42,mfeat-factors,EBM_T,1,OK,0.985,0.9998333333333334,0.9854761904761904,0.985,0.984993746091307,0.9833879675158538,,1824.7,False,0.9777777777777777,0.9805555555555555,40,False
42,mfeat-factors,EBM_T,2,OK,0.99,1.0,0.9904761904761905,0.99,0.9899937460913071,0.9889438317391072,,28428.8,True,0.975,0.975,40,False
42,mfeat-factors,EBM_T,3,OK,0.975,0.9990555555555556,0.9761904761904763,0.975,0.9749744906355946,0.9723572812243633,,2490.0,False,0.9861111111111112,0.9888888888888889,40,False
42,mfeat-factors,EBM_T,4,OK,0.98,0.9970555555555556,0.9813852813852814,0.9799999999999999,0.9801036362011972,0.9779136085456454,,26940.9,True,0.9833333333333333,0.9833333333333333,40,False
42,mfeat-factors,EBM_T,5,OK,0.98,0.9961944444444445,0.980952380952381,0.9800000000000001,0.9799776175899411,0.9778864378634362,,1432.2,False,0.9833333333333333,0.9861111111111112,40,False
42,mfeat-factors,EBM_T,6,OK,0.97,0.9990833333333333,0.9709523809523809,0.97,0.9701125703564728,0.9667472322930654,,1433.8,False,0.9777777777777777,0.9861111111111112,40,False
42,mfeat-factors,EBM_T,7,OK,0.96,0.9987222222222222,0.9610970608339029,0.96,0.9598342243977674,0.9557148546406925,,40236.6,False,0.9777777777777777,0.9833333333333333,40,False
42,mfeat-factors,EBM_T,8,OK,0.97,0.9952222222222222,0.9716233766233765,0.97,0.9698097870049089,0.9668815531129505,,26085.1,True,0.975,0.9722222222222222,40,False
42,mfeat-factors,EBM_T,9,OK,0.99,0.999611111111111,0.9904761904761905,0.99,0.9899937460913071,0.9889438317391072,,1538.3,False,0.9805555555555555,0.9861111111111112,40,False
42,mfeat-factors,FIGS_T,0,OK,0.915,0.9896805555555556,0.9245757575757576,0.9149999999999998,0.9166223782077442,0.906285913498627,,178.2,False,0.85,0.8722222222222222,40,False
42,mfeat-factors,FIGS_T,1,OK,0.895,0.9879444444444445,0.9067641203825415,0.8950000000000001,0.8978139818916736,0.8841441706273232,,161.9,False,0.8416666666666667,0.8805555555555555,40,False
42,mfeat-factors,FIGS_T,2,OK,0.855,0.9782499999999998,0.8749154079494638,0.8550000000000001,0.8604918012286434,0.8404076639719528,,172.0,False,0.8444444444444444,0.8694444444444445,40,False
42,mfeat-factors,FIGS_T,3,OK,0.885,0.9795555555555554,0.8909057492215388,0.885,0.8861486424002469,0.8727071943043001,,161.9,False,0.8833333333333333,0.9027777777777778,40,False
42,mfeat-factors,FIGS_T,4,OK,0.835,0.9729861111111111,0.8639946828533785,0.835,0.8417403776031115,0.8186931661879837,,214.6,False,0.8777777777777778,0.8805555555555555,40,False
42,mfeat-factors,FIGS_T,5,OK,0.895,0.98675,0.9067162107758083,0.8950000000000001,0.896729635646307,0.8843656958750373,,162.4,False,0.8722222222222222,0.8888888888888888,40,False
42,mfeat-factors,FIGS_T,6,OK,0.865,0.9713055555555554,0.8849354070384827,0.865,0.8668106099354569,0.8521805846996408,,171.5,False,0.875,0.8861111111111111,40,False
42,mfeat-factors,FIGS_T,7,OK,0.85,0.9720833333333333,0.8664026445423904,0.85,0.8542520639650659,0.8345629011480117,,199.0,False,0.8694444444444445,0.8805555555555555,40,False
42,mfeat-factors,FIGS_T,8,OK,0.84,0.9689444444444444,0.8734587415508468,0.8399999999999999,0.8475344072712494,0.8255078615516716,,180.8,False,0.8583333333333333,0.8722222222222222,40,False
42,mfeat-factors,FIGS_T,9,OK,0.895,0.9804999999999999,0.9148064658800703,0.8949999999999999,0.8989684879437958,0.8852534649082242,,197.1,False,0.875,0.9,40,False
42,mfeat-factors,LightGBM_T,0,OK,0.985,0.999,0.9857142857142858,0.985,0.9849906191369605,0.9834152880222562,,303.1,False,0.9722222222222222,0.9805555555555555,40,False
42,mfeat-factors,LightGBM_T,1,OK,0.985,1.0,0.9857142857142858,0.985,0.9849906191369605,0.9834152880222562,,314.8,False,0.9638888888888889,0.9861111111111112,40,False
42,mfeat-factors,LightGBM_T,2,OK,0.97,0.9998888888888888,0.9704761904761904,0.97,0.969993746091307,0.9667203748460935,,283.9,False,0.9611111111111111,0.9777777777777777,40,False
42,mfeat-factors,LightGBM_T,3,OK,0.965,0.999,0.9678467908902691,0.9649999999999999,0.9655417056100699,0.9613247625778186,,219.7,False,0.9805555555555555,0.9861111111111112,40,False
42,mfeat-factors,LightGBM_T,4,OK,0.975,0.9974722222222223,0.9761471861471861,0.9749999999999999,0.9751067631555437,0.9723302649210303,,338.8,False,0.9777777777777777,0.9944444444444445,40,False
42,mfeat-factors,LightGBM_T,5,OK,0.98,0.9978888888888889,0.981147186147186,0.9800000000000001,0.9801067631555437,0.9778864378634362,,231.3,False,0.9805555555555555,0.9888888888888889,40,False
42,mfeat-factors,LightGBM_T,6,OK,0.975,0.99925,0.9757142857142856,0.975,0.9749906191369607,0.9723032508694623,,253.5,False,0.9861111111111112,0.9888888888888889,40,False
42,mfeat-factors,LightGBM_T,7,OK,0.975,0.9994444444444444,0.9768181818181818,0.975,0.9750848274532485,0.9724113205875764,,264.5,False,0.9694444444444444,0.9861111111111112,40,False
42,mfeat-factors,LightGBM_T,8,OK,0.97,0.9979999999999999,0.9713852813852814,0.97,0.9699686834346654,0.966827818066747,,245.0,False,0.9611111111111111,0.975,40,False
42,mfeat-factors,LightGBM_T,9,OK,0.99,0.9999166666666668,0.9904761904761905,0.99,0.9899937460913071,0.9889438317391072,,233.7,False,0.9722222222222222,0.9861111111111112,40,False
42,mfeat-factors,RuleFit_T,0,OK,0.98,0.998638888888889,0.9804761904761904,0.9800000000000001,0.9799937460913071,0.9778321032926003,,2432.2,False,0.95,0.9833333333333333,40,False
42,mfeat-factors,RuleFit_T,1,OK,0.985,0.998388888888889,0.9861471861471861,0.985,0.9851067631555438,0.983442610805842,,2594.1,False,0.9555555555555556,0.9833333333333333,40,False
42,mfeat-factors,RuleFit_T,2,OK,0.985,0.9996666666666666,0.9852380952380951,0.985,0.9849968730456535,0.9833606492863181,,2708.9,False,0.9555555555555556,0.9861111111111112,40,False
42,mfeat-factors,RuleFit_T,3,OK,0.96,0.9974722222222223,0.9609273182957393,0.96,0.9598462855073894,0.955688299260517,,2350.4,False,0.9722222222222222,0.9888888888888889,40,False
42,mfeat-factors,RuleFit_T,4,OK,0.97,0.9989722222222222,0.9714285714285713,0.97,0.9703564727954973,0.9667472322930654,,2673.2,False,0.9694444444444444,0.9888888888888889,40,False
42,mfeat-factors,RuleFit_T,5,OK,0.98,0.9941388888888888,0.9804761904761905,0.9800000000000001,0.9799937460913071,0.9778321032926003,,2963.0,False,0.9694444444444444,0.9861111111111112,40,False
42,mfeat-factors,RuleFit_T,6,OK,0.975,0.998888888888889,0.9763636363636363,0.9749999999999999,0.9753479853479853,0.9723032508694623,,2440.7,False,0.9638888888888889,0.9888888888888889,40,False
42,mfeat-factors,RuleFit_T,7,OK,0.975,0.9967500000000001,0.9768181818181818,0.975,0.9750848274532485,0.9724113205875764,,2634.2,False,0.9527777777777777,0.9805555555555555,40,False
42,mfeat-factors,RuleFit_T,8,OK,0.955,0.9932777777777778,0.9558479532163743,0.9549999999999998,0.9545669991112868,0.9501847761170032,,2415.6,False,0.9472222222222222,0.9805555555555555,40,False
42,mfeat-factors,RuleFit_T,9,OK,0.985,0.9983611111111111,0.9861471861471862,0.985,0.9851067631555436,0.983442610805842,,2954.8,False,0.9555555555555556,0.9888888888888889,40,False
42,mfeat-factors,XGBoost_T,0,OK,0.985,0.9990555555555556,0.9857142857142858,0.985,0.9849906191369605,0.9834152880222562,,405.2,False,0.9666666666666667,0.9777777777777777,40,False
42,mfeat-factors,XGBoost_T,1,OK,0.98,0.9998611111111112,0.980952380952381,0.9800000000000001,0.9798525394160824,0.9779136085456454,,367.0,False,0.9694444444444444,0.9722222222222222,40,False
42,mfeat-factors,XGBoost_T,2,OK,0.975,0.9997499999999999,0.9757142857142856,0.975,0.9749906191369606,0.9723032508694623,,297.9,False,0.9611111111111111,0.9833333333333333,40,False
42,mfeat-factors,XGBoost_T,3,OK,0.95,0.9984444444444446,0.9527272727272725,0.95,0.9506959706959707,0.9446018912146379,,831.3,False,0.9777777777777777,0.9805555555555555,40,False
42,mfeat-factors,XGBoost_T,4,OK,0.965,0.9947222222222223,0.9670312143996354,0.9649999999999999,0.9652103993567408,0.9612980483522898,,668.8,False,0.9722222222222222,0.9861111111111112,40,False
42,mfeat-factors,XGBoost_T,5,OK,0.965,0.9959722222222223,0.9661221234905446,0.9649999999999999,0.964965556480319,0.9612446265817991,,341.4,False,0.9777777777777777,0.9833333333333333,40,False
42,mfeat-factors,XGBoost_T,6,OK,0.96,0.9987499999999999,0.9613602187286399,0.9599999999999997,0.9600973822925042,0.955688299260517,,458.7,False,0.9666666666666667,0.9861111111111112,40,False
42,mfeat-factors,XGBoost_T,7,OK,0.965,0.99925,0.9676024547534846,0.9650000000000001,0.9650427275702673,0.9614049186192517,,342.5,False,0.9666666666666667,0.9777777777777777,40,False
42,mfeat-factors,XGBoost_T,8,OK,0.97,0.9977777777777778,0.9713852813852814,0.97,0.9699686834346654,0.966827818066747,,440.8,False,0.9527777777777777,0.9611111111111111,40,False
42,mfeat-factors,XGBoost_T,9,OK,0.985,0.9998611111111112,0.9861471861471862,0.985,0.9851067631555436,0.983442610805842,,379.9,False,0.9666666666666667,0.9861111111111112,40,False
42,optdigits,CatBoost_T,0,OK,0.9911032028469751,0.9998376729394222,0.9913772596306665,0.9911631940352448,0.9911787188991708,0.9901352361446545,,677.6,False,0.983201581027668,0.9881422924901185,40,False
42,optdigits,CatBoost_T,1,OK,0.9733096085409253,0.9994245868700172,0.973569837603413,0.9733642098977852,0.9734226836217076,0.9703523107721133,,394.4,False,0.9851778656126482,0.9881422924901185,40,False
42,optdigits,CatBoost_T,2,OK,0.9893238434163701,0.999965094539856,0.9894088080703327,0.9893472317156528,0.9892998078404693,0.9881548350424223,,1103.8,False,0.9822134387351779,0.9861660079051383,40,False
42,optdigits,CatBoost_T,3,OK,0.9768683274021353,0.9998033971554074,0.9772416423077777,0.9769076099339256,0.9769211229440872,0.9743319126222191,,830.5,False,0.9851778656126482,0.9861660079051383,40,False
42,optdigits,CatBoost_T,4,OK,0.9804270462633452,0.9994228131263405,0.9807544483814903,0.9805451127819549,0.980463542819459,0.9782935267015015,,734.7,False,0.9901185770750988,0.9920948616600791,40,False
42,optdigits,CatBoost_T,5,OK,0.9857651245551602,0.9998254156214641,0.9863310941287645,0.9856795397584872,0.9858099465995009,0.9842278418386968,,765.6,False,0.9812252964426877,0.9881422924901185,40,False
42,optdigits,CatBoost_T,6,OK,0.9768683274021353,0.9996524194337647,0.9772480181645337,0.9768449532923217,0.976886367535043,0.9743317325937996,,748.4,False,0.9792490118577075,0.9871541501976284,40,False
42,optdigits,CatBoost_T,7,OK,0.9875444839857651,0.999943414481069,0.9879175800001573,0.9874675324675325,0.9875565958415132,0.9861913936074972,,986.0,False,0.9792490118577075,0.9871541501976284,40,False
42,optdigits,CatBoost_T,8,OK,0.9839857651245552,0.9996560768777106,0.9845279146141215,0.9839587605377078,0.9841241433054357,0.9822335124945881,,1276.3,False,0.9812252964426877,0.9881422924901185,40,False
42,optdigits,CatBoost_T,9,OK,0.9857651245551602,0.9999084641219925,0.9859238533877865,0.9857769423558898,0.9857744532507041,0.9842004724197103,,928.3,False,0.9851778656126482,0.9871541501976284,40,False
42,optdigits,EBM_T,0,OK,0.9839857651245552,0.9997094763976637,0.9843241212323621,0.9840191976807221,0.9840624110938954,0.9822298688083448,,288.0,False,0.9802371541501976,0.9822134387351779,40,False
42,optdigits,EBM_T,1,OK,0.9768683274021353,0.9996046463248962,0.9771417797781268,0.9769020906498221,0.9769458364340687,0.9743138699614797,,286.3,False,0.983201581027668,0.9861660079051383,40,False
42,optdigits,EBM_T,2,OK,0.994661921708185,0.999972097651086,0.9949999999999999,0.9947055137844611,0.9947650850305717,0.9940896476855805,,308.9,True,0.983201581027668,0.9792490118577075,40,False
42,optdigits,EBM_T,3,OK,0.9893238434163701,0.9997457248851269,0.9895243274918902,0.9892845750740488,0.9892809237210148,0.9881651397238173,,323.0,True,0.9792490118577075,0.9782608695652174,40,False
42,optdigits,EBM_T,4,OK,0.9822064056939501,0.9995976789163062,0.9824797888137272,0.982299498746867,0.982104946382138,0.9802914426731906,,511.1,True,0.9891304347826086,0.983201581027668,40,False
42,optdigits,EBM_T,5,OK,0.9875444839857651,0.9997224117365707,0.9880843408820112,0.9874977215766689,0.9876150333946194,0.9862017057680996,,581.1,True,0.9802371541501976,0.9792490118577075,40,False
42,optdigits,EBM_T,6,OK,0.9661921708185054,0.9991692088185415,0.9674362408357202,0.9661921850079744,0.9662955371611168,0.9625501449389247,,310.0,False,0.9812252964426877,0.9822134387351779,40,False
42,optdigits,EBM_T,7,OK,0.9893238434163701,0.9999086252063716,0.9896510160556271,0.9892845750740488,0.9893749749708698,0.9881581453171582,,681.9,True,0.9851778656126482,0.9822134387351779,40,False
42,optdigits,EBM_T,8,OK,0.9911032028469751,0.9998949533315541,0.9913490623109498,0.9911027568922306,0.9911636145572276,0.990128373663025,,266.4,False,0.9822134387351779,0.9841897233201581,40,False
42,optdigits,EBM_T,9,OK,0.9822064056939501,0.9997299123096358,0.9822927180368197,0.9822681704260651,0.9821863157287714,0.980249849756401,,325.2,False,0.9762845849802372,0.9772727272727273,40,False
42,optdigits,FIGS_T,0,OK,0.902135231316726,0.9823125037657962,0.906289568736575,0.9025198379962445,0.9032339807426174,0.8915564760619322,,231.4,False,0.8695652173913043,0.9021739130434783,40,False
42,optdigits,FIGS_T,1,OK,0.8434163701067615,0.9763800262978213,0.8654676972896457,0.8438775622441683,0.8493282435051116,0.8280073478534322,,203.7,False,0.8814229249011858,0.9130434782608695,40,False
42,optdigits,FIGS_T,2,OK,0.8879003558718861,0.9831561443698217,0.8892355540914314,0.8882427660059239,0.888221405083382,0.8755602978177891,,222.7,False,0.8656126482213439,0.8942687747035574,40,False
42,optdigits,FIGS_T,3,OK,0.8896797153024911,0.9858369963618067,0.8895677465917835,0.8899008885850991,0.8889211963889119,0.8775941202907546,,248.4,False,0.8646245059288538,0.8853754940711462,40,False
42,optdigits,FIGS_T,4,OK,0.8701067615658363,0.9788273741357463,0.8791886146737212,0.8703844839371155,0.8728353664991844,0.8561644709583109,,243.2,False,0.8527667984189723,0.8932806324110671,40,False
42,optdigits,FIGS_T,5,OK,0.891459074733096,0.9895656804899421,0.9020538795368008,0.8916888812941446,0.8942060912517416,0.8801728956807146,,206.4,False,0.8409090909090909,0.900197628458498,40,False
42,optdigits,FIGS_T,6,OK,0.8861209964412812,0.9815513964849079,0.8914982825449972,0.886140350877193,0.8877845562513581,0.8737424406637946,,279.8,False,0.8547430830039525,0.8863636363636364,40,False
42,optdigits,FIGS_T,7,OK,0.8683274021352313,0.9826071359686883,0.8751954813095123,0.8682889040783778,0.8703610468976393,0.8540212668614545,,223.5,False,0.8705533596837944,0.8883399209486166,40,False
42,optdigits,FIGS_T,8,OK,0.902135231316726,0.988312042153669,0.9101393655990953,0.9021223513328775,0.9044242220439755,0.8917141113379868,,227.1,False,0.8814229249011858,0.8972332015810277,40,False
42,optdigits,FIGS_T,9,OK,0.8629893238434164,0.973786865465302,0.875590011893069,0.8631220095693781,0.8668696484052045,0.8484042047385623,,270.4,False,0.8349802371541502,0.892292490118577,40,False
42,optdigits,LightGBM_T,0,OK,0.9911032028469751,0.9999054617936244,0.9913761793437421,0.9911318657144429,0.9911931567890516,0.9901281652858398,,203.2,False,0.9802371541501976,0.9891304347826086,40,False
42,optdigits,LightGBM_T,1,OK,0.9768683274021353,0.9995892824183741,0.9771737337073091,0.9769356384692138,0.9770101997092236,0.9743067433266809,,118.2,False,0.9871541501976284,0.9881422924901185,40,False
42,optdigits,LightGBM_T,2,OK,0.99644128113879,0.9999824096499221,0.9966101694915255,0.9964598997493734,0.9964900054158521,0.9960562885770738,,107.6,False,0.9851778656126482,0.9861660079051383,40,False
42,optdigits,LightGBM_T,3,OK,0.9857651245551602,0.9999048208867439,0.9858071314650262,0.9858071314650262,0.9857916059255137,0.9841866781118296,,162.3,False,0.9792490118577075,0.9861660079051383,40,False
42,optdigits,LightGBM_T,4,OK,0.9875444839857651,0.9995207445577382,0.9878933852350447,0.987625313283208,0.9875760984697115,0.9862021898569251,,105.0,False,0.9901185770750988,0.9920948616600791,40,False
42,optdigits,LightGBM_T,5,OK,0.9857651245551602,0.9999366396811045,0.9865772018021595,0.9856795397584872,0.9858512967649199,0.984248620239833,,137.9,False,0.9802371541501976,0.9891304347826086,40,False
42,optdigits,LightGBM_T,6,OK,0.9786476868327402,0.999816795820027,0.9790933170155078,0.9785668717247663,0.9785723767725291,0.9763295313999111,,141.3,False,0.9812252964426877,0.9871541501976284,40,False
42,optdigits,LightGBM_T,7,OK,0.9928825622775801,0.9999507559995685,0.9930700692408989,0.9928246753246753,0.9928859590365766,0.9921055134248902,,131.9,False,0.9851778656126482,0.9881422924901185,40,False
42,optdigits,LightGBM_T,8,OK,0.9893238434163701,0.9998597175833963,0.9894088080703325,0.9893483709273184,0.9893473892112539,0.9881443644065085,,156.5,False,0.9802371541501976,0.9891304347826086,40,False
42,optdigits,LightGBM_T,9,OK,0.9822064056939501,0.9998592221513751,0.9824713073129667,0.982174185463659,0.9821671673499033,0.9802632979572753,,149.7,False,0.9802371541501976,0.9851778656126482,40,False
42,optdigits,RuleFit_T,0,OK,0.9733096085409253,0.9994303869882326,0.9743303868965224,0.9734291449627204,0.9736683022699196,0.970390387264913,,2822.0,False,0.9515810276679841,0.9822134387351779,40,False
42,optdigits,RuleFit_T,1,OK,0.9644128113879004,0.9985360755138993,0.9649679754942913,0.9643068486262678,0.9644532247951692,0.9604963659679367,,2840.5,False,0.941699604743083,0.9812252964426877,40,False
42,optdigits,RuleFit_T,2,OK,0.9697508896797153,0.9990938692263043,0.9700047412777734,0.9697960811118704,0.969632097689022,0.9664474874747427,,3500.8,False,0.9357707509881423,0.974308300395257,40,False
42,optdigits,RuleFit_T,3,OK,0.9697508896797153,0.9994574088396362,0.9704517731747883,0.9697311460469354,0.969745525911252,0.9664676541772367,,3132.1,False,0.9258893280632411,0.9723320158102767,40,False
42,optdigits,RuleFit_T,4,OK,0.9644128113879004,0.9981654215313596,0.9654380804857821,0.9646303258145364,0.9644826259025546,0.960580530991792,,3739.8,False,0.9308300395256917,0.9851778656126482,40,False
42,optdigits,RuleFit_T,5,OK,0.9768683274021353,0.9994429703524135,0.9772032353611302,0.976877420824789,0.9769065259924599,0.9743285749304775,,4114.2,False,0.9347826086956522,0.9782608695652174,40,False
42,optdigits,RuleFit_T,6,OK,0.9750889679715302,0.9979301637090693,0.975236107073675,0.975091706539075,0.9750566897436481,0.9723445727303776,,2976.8,False,0.9278656126482213,0.9752964426877471,40,False
42,optdigits,RuleFit_T,7,OK,0.9839857651245552,0.9992826818060966,0.9842309215632756,0.9839262930052405,0.9839527827424941,0.9822335124945881,,3466.6,False,0.9288537549407114,0.9772727272727273,40,False
42,optdigits,RuleFit_T,8,OK,0.9733096085409253,0.9991212471606756,0.9737724117987275,0.9733709273182958,0.9733237816144198,0.9703981525875273,,3127.8,False,0.9258893280632411,0.9752964426877471,40,False
42,optdigits,RuleFit_T,9,OK,0.9750889679715302,0.9990651732303011,0.9755292685737332,0.9750939849624061,0.9750353278985081,0.9723821074185098,,4116.0,False,0.9239130434782609,0.9723320158102767,40,False
42,optdigits,XGBoost_T,0,OK,0.9893238434163701,0.9999231623445388,0.9899003032016035,0.9893461514287285,0.9894650485082664,0.9881753202997051,,117.4,False,0.9812252964426877,0.9891304347826086,40,False
42,optdigits,XGBoost_T,1,OK,0.9750889679715302,0.9994240633837107,0.9753444333119962,0.9751196761496216,0.9751258330663468,0.9723430167442545,,89.7,False,0.9792490118577075,0.9891304347826086,40,False
42,optdigits,XGBoost_T,2,OK,0.9928825622775801,0.9999648743478466,0.9930387409200969,0.9928873319662793,0.9929019041852649,0.9921055409953282,,178.5,False,0.9762845849802372,0.9851778656126482,40,False
42,optdigits,XGBoost_T,3,OK,0.9839857651245552,0.9998522129507036,0.9841445698886714,0.9839564821143767,0.9840017284594145,0.9822162339302258,,175.3,False,0.9723320158102767,0.983201581027668,40,False
42,optdigits,XGBoost_T,4,OK,0.9875444839857651,0.999732334339763,0.9879571810883141,0.987593984962406,0.9875585402592086,0.9862090806892565,,98.5,False,0.9841897233201581,0.991106719367589,40,False
42,optdigits,XGBoost_T,5,OK,0.9839857651245552,0.999788161608571,0.9847926267281106,0.9838938254727729,0.9840818123626921,0.982267885146876,,126.0,False,0.9733201581027668,0.9851778656126482,40,False
42,optdigits,XGBoost_T,6,OK,0.9733096085409253,0.9994999269986634,0.9738291337636904,0.9731772613351559,0.9731892489473235,0.970407876223644,,170.7,True,0.9812252964426877,0.9812252964426877,40,False
42,optdigits,XGBoost_T,7,OK,0.9893238434163701,0.9998063369455089,0.9896228736657543,0.9892207792207793,0.9893119192881701,0.9881615803686438,,137.5,False,0.9782608695652174,0.9851778656126482,40,False
42,optdigits,XGBoost_T,8,OK,0.9857651245551602,0.9998035275495513,0.9859594519213395,0.9858082706766919,0.9858230917419168,0.9841971209620312,,128.6,False,0.9802371541501976,0.9861660079051383,40,False
42,optdigits,XGBoost_T,9,OK,0.9839857651245552,0.9998699745342302,0.9843196149507477,0.9839598997493733,0.9839689851101525,0.9822439422488776,,159.2,False,0.974308300395257,0.983201581027668,40,False
42,page-blocks,CatBoost_T,0,OK,0.9726277372262774,0.9975877667685845,0.9095338488611923,0.8674119241192411,0.8805731903396377,0.8507979384049935,,1085.2,False,0.9725888324873097,0.9766497461928934,40,False
42,page-blocks,CatBoost_T,1,OK,0.9817518248175182,0.9981040852566763,0.9354070112893641,0.8816062869016026,0.8954449499820514,0.9029400777881759,,353.4,False,0.966497461928934,0.9725888324873097,40,False
42,page-blocks,CatBoost_T,2,OK,0.9616788321167883,0.994726248879973,0.8871929095693117,0.7324044929951243,0.7741944691498441,0.791293801861054,,505.0,False,0.9776649746192894,0.9796954314720813,40,False
42,page-blocks,CatBoost_T,3,OK,0.9780621572212066,0.9981467539702464,0.9287373737373738,0.9014009751280627,0.9090613281005082,0.8814210484058864,,324.2,False,0.973630831643002,0.9756592292089249,40,False
42,page-blocks,CatBoost_T,4,OK,0.9670932358318098,0.9880327193994628,0.770423735621104,0.7914954020860334,0.7677235454900428,0.8227772398044594,,687.1,False,0.9645030425963489,0.9776876267748479,40,False
42,page-blocks,CatBoost_T,5,OK,0.9707495429616088,0.9916603277050372,0.8470449509338398,0.8908761751938942,0.8632225595799561,0.8529931576673996,,250.4,False,0.9766734279918864,0.9807302231237323,40,False
42,page-blocks,CatBoost_T,6,OK,0.9744058500914077,0.98801048163745,0.9235845765605285,0.8577711946347384,0.8879959256429844,0.8588125056346538,,645.0,False,0.9776876267748479,0.9837728194726166,40,False
42,page-blocks,CatBoost_T,7,OK,0.9616087751371115,0.9954620454008237,0.7965579136310843,0.8088625563167314,0.7967576506233678,0.7962274585654521,,684.8,False,0.9787018255578094,0.9827586206896551,40,False
42,page-blocks,CatBoost_T,8,OK,0.979890310786106,0.9970564868553817,0.8711868686868687,0.8972653362897265,0.8710269705263448,0.8900039785309394,,677.9,False,0.973630831643002,0.9756592292089249,40,False
42,page-blocks,CatBoost_T,9,OK,0.9744058500914077,0.9959063480059587,0.8858198911748607,0.7775129342202514,0.8114919876580075,0.8617241295037763,,237.6,False,0.9726166328600405,0.9797160243407708,40,False
42,page-blocks,EBM_T,0,OK,0.9799270072992701,0.9980523527059418,0.9629875806563518,0.9175304878048781,0.9357269668061982,0.8908774981308846,,182.0,False,0.9746192893401016,0.9766497461928934,40,False
42,page-blocks,EBM_T,1,OK,0.9781021897810219,0.9982679552704937,0.9296248196248197,0.8589767327038202,0.877229788467111,0.8833671348285205,,134.1,False,0.9675126903553299,0.9695431472081218,40,False
42,page-blocks,EBM_T,2,OK,0.9653284671532847,0.9937212243028352,0.8914210261569415,0.7122024727931042,0.7667964233908505,0.8122468083672592,,160.8,False,0.9705583756345177,0.9776649746192894,40,False
42,page-blocks,EBM_T,3,OK,0.9817184643510055,0.9969112844249418,0.9459217171717171,0.8472628525581684,0.8855829384664657,0.9011873423948842,,212.1,True,0.973630831643002,0.9726166328600405,40,False
42,page-blocks,EBM_T,4,OK,0.9689213893967094,0.9735880213966649,0.7602525252525252,0.7474582896171491,0.7499018400463633,0.8314830530471102,,177.2,False,0.9746450304259635,0.9756592292089249,40,False
42,page-blocks,EBM_T,5,OK,0.9652650822669104,0.9881628622568595,0.8383533268489497,0.8783476310971219,0.8523172298960772,0.8234930937323167,,411.2,False,0.9776876267748479,0.9797160243407708,40,False
42,page-blocks,EBM_T,6,OK,0.9725776965265083,0.9910325642534028,0.9002776982536501,0.823427760291304,0.8579582712369598,0.8483695914954036,,295.2,True,0.9807302231237323,0.9797160243407708,40,False
42,page-blocks,EBM_T,7,OK,0.9670932358318098,0.9949118627888195,0.811647503825418,0.8609804768664239,0.831353996143912,0.829822823059352,,192.4,True,0.9797160243407708,0.9787018255578094,40,False
42,page-blocks,EBM_T,8,OK,0.9872029250457038,0.9959806213539094,0.944439527117012,0.9370657797487066,0.9387352172064027,0.9309298111374184,,128.6,False,0.9716024340770791,0.9756592292089249,40,False
42,page-blocks,EBM_T,9,OK,0.979890310786106,0.9961775890808845,0.927892237354712,0.902919438285292,0.908760824126605,0.8914626236233991,,180.3,False,0.973630831643002,0.9807302231237323,40,False
42,page-blocks,FIGS_T,0,OK,0.9671532846715328,0.9539892915966082,0.8911200716845877,0.8603489159891599,0.8723042096556528,0.8217045639880918,,37.4,False,0.9614213197969543,0.9695431472081218,40,False
42,page-blocks,FIGS_T,1,OK,0.9762773722627737,0.9970589441563582,0.9251460551460552,0.8372595609866484,0.850212981744422,0.8738195645124083,,40.0,False,0.9583756345177665,0.9604060913705583,40,False
42,page-blocks,FIGS_T,2,OK,0.9726277372262774,0.958654362662544,0.9546189601425074,0.7356466909420066,0.8007794544636649,0.8509082247759391,,38.4,False,0.966497461928934,0.9705583756345177,40,False
42,page-blocks,FIGS_T,3,OK,0.9707495429616088,0.9970226866658652,0.8498916288389973,0.8116974222880536,0.8203309380974355,0.8424947074436251,,49.5,False,0.962474645030426,0.9705882352941176,40,False
42,page-blocks,FIGS_T,4,OK,0.9616087751371115,0.9686568344705572,0.7136111111111111,0.6739163529387562,0.6923368180163313,0.7915094639657245,,44.6,False,0.9705882352941176,0.9726166328600405,40,False
42,page-blocks,FIGS_T,5,OK,0.9524680073126143,0.9255414088583553,0.7708932238193018,0.804398362443169,0.779820566281015,0.7581275671312464,,41.5,False,0.9716024340770791,0.9746450304259635,40,False
42,page-blocks,FIGS_T,6,OK,0.9689213893967094,0.9732082252059939,0.8583127806235374,0.710296447159991,0.7664249036084478,0.8256424008285805,,39.4,False,0.9665314401622718,0.9766734279918864,40,False
42,page-blocks,FIGS_T,7,OK,0.9689213893967094,0.9576119860917505,0.825939608636977,0.7894752000658314,0.8067884022019586,0.8325381986186269,,37.3,False,0.9746450304259635,0.9787018255578094,40,False
42,page-blocks,FIGS_T,8,OK,0.9689213893967094,0.9663803129491415,0.8881394327234735,0.8051367331855136,0.8272930936492537,0.8309175932769507,,77.3,False,0.9665314401622718,0.9705882352941176,40,False
42,page-blocks,FIGS_T,9,OK,0.9744058500914077,0.9591940163757326,0.9050651515666995,0.8797856614929784,0.8807639677842948,0.8608431682983826,,39.3,False,0.9645030425963489,0.9705882352941176,40,False
42,page-blocks,LightGBM_T,0,OK,0.9708029197080292,0.9968956416402973,0.9113709677419355,0.8451897018970189,0.8669028340080972,0.8416125641915221,,63.2,False,0.9675126903553299,0.9766497461928934,40,False
42,page-blocks,LightGBM_T,1,OK,0.9817518248175182,0.9978279373253803,0.918888888888889,0.8816062869016026,0.890720520182995,0.9028977040339119,,50.4,False,0.9614213197969543,0.9715736040609138,40,False
42,page-blocks,LightGBM_T,2,OK,0.9598540145985401,0.992520048764263,0.8972686116700201,0.7158355448579481,0.7714594383944229,0.7823159850168361,,54.1,False,0.9746192893401016,0.9796954314720813,40,False
42,page-blocks,LightGBM_T,3,OK,0.979890310786106,0.9979494847183978,0.9319134666503089,0.9195827933098808,0.9218934815889132,0.8919900425098142,,52.5,False,0.9695740365111561,0.9746450304259635,40,False
42,page-blocks,LightGBM_T,4,OK,0.9670932358318098,0.9853832182457406,0.7539951641925325,0.747050957641589,0.7467151421286984,0.8227146353499437,,42.3,False,0.9655172413793104,0.9756592292089249,40,False
42,page-blocks,LightGBM_T,5,OK,0.9689213893967094,0.9947579975636218,0.8992991764770906,0.8791622950482421,0.883952738990333,0.8391555665027126,,30.6,False,0.9756592292089249,0.9776876267748479,40,False
42,page-blocks,LightGBM_T,6,OK,0.9780621572212066,0.9890021853402076,0.9387025830533535,0.8480775165092883,0.8886249592701205,0.8793066991867512,,51.1,False,0.9746450304259635,0.9807302231237323,40,False
42,page-blocks,LightGBM_T,7,OK,0.9616087751371115,0.9955887560544987,0.7774784054611266,0.7700713859573329,0.7716232279062338,0.7981114010316113,,37.4,False,0.973630831643002,0.9817444219066938,40,False
42,page-blocks,LightGBM_T,8,OK,0.9835466179159049,0.9969203646617307,0.9299185005852545,0.9412047302291204,0.9347306409873595,0.9112308981756948,,62.2,False,0.9685598377281948,0.9746450304259635,40,False
42,page-blocks,LightGBM_T,9,OK,0.9744058500914077,0.9957696574949821,0.8895871194006058,0.8960458240946046,0.8877765643328075,0.8629443087500127,,36.3,False,0.9665314401622718,0.9746450304259635,40,False
42,page-blocks,RuleFit_T,0,OK,0.9744525547445255,0.9970341780693296,0.914235412474849,0.8837906504065041,0.8887996533294814,0.8609815440857216,,2820.2,False,0.9766497461928934,0.9796954314720813,40,False
42,page-blocks,RuleFit_T,1,OK,0.9835766423357665,0.9974520414390018,0.9409274193548388,0.8926196794832233,0.9068026654196867,0.9123566212945512,,2905.5,False,0.966497461928934,0.9705583756345177,40,False
42,page-blocks,RuleFit_T,2,OK,0.9653284671532847,0.9942053717830838,0.873430583501006,0.7621047542636137,0.8027530364372468,0.8124263544040303,,2736.9,False,0.966497461928934,0.9756345177664975,40,False
42,page-blocks,RuleFit_T,3,OK,0.9853747714808044,0.9969426376150251,0.9551563531672149,0.9442325495278652,0.9458739837398374,0.9219964870394123,,2943.9,False,0.9695740365111561,0.973630831643002,40,False
42,page-blocks,RuleFit_T,4,OK,0.9707495429616088,0.9758922280529099,0.8103839702887263,0.8375527165751198,0.8195660013100902,0.8459778632705427,,2564.0,False,0.9695740365111561,0.9766734279918864,40,False
42,page-blocks,RuleFit_T,5,OK,0.9670932358318098,0.9907896902396411,0.8690357053055067,0.8722870250365158,0.8644311265536461,0.8362182730711368,,2414.1,False,0.9756592292089249,0.9776876267748479,40,False
42,page-blocks,RuleFit_T,6,OK,0.9707495429616088,0.9875167621665705,0.9128117160985687,0.7551482235799953,0.8217366768618721,0.8362989120136151,,2384.6,False,0.973630831643002,0.9797160243407708,40,False
42,page-blocks,RuleFit_T,7,OK,0.9707495429616088,0.9880833540466633,0.8980645161290323,0.7898825320413915,0.836249702008463,0.8403520614482943,,2652.3,False,0.9746450304259635,0.9827586206896551,40,False
42,page-blocks,RuleFit_T,8,OK,0.9780621572212066,0.990969506183799,0.9247984573207042,0.9124168514412417,0.916926290137203,0.8792637157559641,,2475.1,False,0.9716024340770791,0.9766734279918864,40,False
42,page-blocks,RuleFit_T,9,OK,0.9780621572212066,0.995904416878935,0.9113523628074711,0.8862527716186254,0.8871397965512108,0.8807902681674532,,2925.1,False,0.9675456389452333,0.9787018255578094,40,False
42,page-blocks,XGBoost_T,0,OK,0.9762773722627737,0.9975221224809628,0.9151010101010101,0.8958841463414634,0.8958911004346831,0.8724287082119423,,48.8,False,0.966497461928934,0.9736040609137055,40,False
42,page-blocks,XGBoost_T,1,OK,0.9781021897810219,0.9979368444527523,0.8899313779073298,0.7320136188771628,0.7938835725677831,0.8814001474997579,,61.1,False,0.9634517766497462,0.9725888324873097,40,False
42,page-blocks,XGBoost_T,2,OK,0.9671532846715328,0.9952876210159797,0.9257362784471219,0.7287714209302805,0.7904385037829397,0.821230642077026,,42.0,False,0.9766497461928934,0.9786802030456853,40,False
42,page-blocks,XGBoost_T,3,OK,0.9817184643510055,0.9976505121129629,0.9484978820462692,0.8593840646793802,0.8949452866446034,0.9011971828927542,,44.0,False,0.9705882352941176,0.9746450304259635,40,False
42,page-blocks,XGBoost_T,4,OK,0.9652650822669104,0.9829362596331729,0.7450988843813386,0.7466436256660289,0.7426992710780372,0.8142378507798232,,40.9,False,0.9655172413793104,0.9787018255578094,40,False
42,page-blocks,XGBoost_T,5,OK,0.9707495429616088,0.9943360650394913,0.8853007518796993,0.8674484149025901,0.8632797926854765,0.8473458168703121,,64.0,False,0.9756592292089249,0.9787018255578094,40,False
42,page-blocks,XGBoost_T,6,OK,0.9762340036563071,0.9882287901263543,0.939103448275862,0.7854512538830257,0.8504994848775299,0.8685721072350477,,33.8,False,0.9756592292089249,0.9797160243407708,40,False
42,page-blocks,XGBoost_T,7,OK,0.9670932358318098,0.9968519781494845,0.8132049449873995,0.7890678680902713,0.8005214489002151,0.8239877635158643,,52.5,False,0.9776876267748479,0.9817444219066938,40,False
42,page-blocks,XGBoost_T,8,OK,0.979890310786106,0.9964114728029172,0.9305107526881722,0.8245380635624538,0.8568501673764832,0.8893604983628303,,44.2,False,0.9705882352941176,0.9787018255578094,40,False
42,page-blocks,XGBoost_T,9,OK,0.9744058500914077,0.9957540259381858,0.9063701531443467,0.7801921655580192,0.8209576594715913,0.8587982611553263,,39.1,False,0.9716024340770791,0.9797160243407708,40,False
42,pendigits,CatBoost_T,0,OK,0.995,0.9996271318274866,0.9951486367406179,0.9950302438789281,0.9950752399819784,0.9944465869534947,,545.5,False,0.9927777777777778,0.995,40,False
42,pendigits,CatBoost_T,1,OK,0.993,0.9999845759170636,0.9931228927575699,0.9930359701792149,0.9930217948574646,0.9922340282974088,,1454.8,False,0.9916666666666667,0.9938888888888889,40,False
42,pendigits,CatBoost_T,2,OK,0.995,0.9999221211601054,0.9950338408222505,0.9950234911778477,0.9949925000772957,0.9944512727757975,,1285.7,False,0.9944444444444445,0.995,40,False
42,pendigits,CatBoost_T,3,OK,0.999,0.9999989358872041,0.999056603773585,0.9990196078431373,0.9990334555132725,0.998889785368372,,1059.2,False,0.9933333333333333,0.995,40,False
42,pendigits,CatBoost_T,4,OK,0.993,0.9995323393478793,0.993226775246181,0.9931115983268803,0.9931321702529476,0.9922297038737665,,722.3,False,0.9905555555555555,0.9938888888888889,40,False
42,pendigits,CatBoost_T,5,OK,0.994,0.9993531274781745,0.9940420226016199,0.9940008973663342,0.9939965851506392,0.9933377192983115,,1004.8,False,0.9911111111111112,0.995,40,False
42,pendigits,CatBoost_T,6,OK,0.991,0.9999440308325551,0.9909560255714626,0.9910256410256411,0.9909711073920967,0.9900026893830289,,598.8,False,0.9933333333333333,0.995,40,False
42,pendigits,CatBoost_T,7,OK,0.992,0.9999611026857244,0.9921452177810164,0.9918833140543667,0.991970918808463,0.9911192366969682,,1905.6,False,0.995,0.9955555555555555,40,False
42,pendigits,CatBoost_T,8,OK,0.992,0.999689199305488,0.9919985621137695,0.9919162087912088,0.9919041972183333,0.9911204957259893,,1028.1,False,0.9944444444444445,0.9977777777777778,40,False
42,pendigits,CatBoost_T,9,OK,0.991,0.9998956564679762,0.9913616161135437,0.9911578914612896,0.9912105199516008,0.990010191181754,,518.7,False,0.9927777777777778,0.995,40,False
42,pendigits,EBM_T,0,OK,0.994,0.9994634528648341,0.9940100548754917,0.9937862685560054,0.993865587052609,0.9933384756043506,,2693.1,True,0.9933333333333333,0.99,40,False
42,pendigits,EBM_T,1,OK,0.988,0.9994771672837521,0.9880436332330504,0.9878748703141677,0.9879060204550797,0.9866761059191332,,907.7,False,0.9894444444444445,0.9911111111111112,40,False
42,pendigits,EBM_T,2,OK,0.994,0.9998562685133999,0.9941420545625018,0.9940577405051089,0.9940581785433423,0.9933421349397008,,1762.9,False,0.9911111111111112,0.9927777777777778,40,False
42,pendigits,EBM_T,3,OK,0.997,0.9999458546703947,0.9970927993839046,0.997014595311809,0.9970436671727733,0.996668233671663,,1882.7,False,0.9922222222222222,0.9938888888888889,40,False
42,pendigits,EBM_T,4,OK,0.991,0.999559991013905,0.9911374522784792,0.9911696677084791,0.991114487261258,0.990007234546333,,1110.5,False,0.9894444444444445,0.99,40,False
42,pendigits,EBM_T,5,OK,0.993,0.9992267117684118,0.9930262039075346,0.9929482657873867,0.9929532660484609,0.9922286098146619,,997.4,True,0.9944444444444445,0.9927777777777778,40,False
42,pendigits,EBM_T,6,OK,0.988,0.9998118956478004,0.988012001808111,0.9881410256410257,0.9880380926323618,0.986673275265795,,3718.7,False,0.99,0.9922222222222222,40,False
42,pendigits,EBM_T,7,OK,0.986,0.9991903052183465,0.9859295942578093,0.9859538268748796,0.9859107826163129,0.9844482599593781,,901.6,False,0.9877777777777778,0.9888888888888889,40,False
42,pendigits,EBM_T,8,OK,0.994,0.9993532065970534,0.9939518687998931,0.9939102564102564,0.9939043513617323,0.9933376304633881,,1199.8,True,0.9938888888888889,0.9938888888888889,40,False
42,pendigits,EBM_T,9,OK,0.991,0.999373028603444,0.9911846610787928,0.9909252125833629,0.9910124482895245,0.9900079020414565,,5066.4,True,0.9922222222222222,0.9916666666666667,40,False
42,pendigits,FIGS_T,0,OK,0.941,0.9919628810165776,0.9445904272063057,0.9406830138111383,0.9421115934080142,0.9345390739737471,,274.8,False,0.9161111111111111,0.9483333333333334,40,False
42,pendigits,FIGS_T,1,OK,0.946,0.9926166786331967,0.9477074367880608,0.9456357483833002,0.9464383291926254,0.9400368032023354,,299.6,False,0.8983333333333333,0.9388888888888889,40,False
42,pendigits,FIGS_T,2,OK,0.944,0.9928222124182662,0.9505669472708143,0.9438606181860866,0.9460066720435174,0.9381189192320037,,293.2,False,0.9016666666666666,0.9427777777777778,40,False
42,pendigits,FIGS_T,3,OK,0.944,0.9940413717267684,0.9464508758736562,0.94405434980662,0.9448306377847061,0.9378666723453818,,274.0,False,0.9105555555555556,0.9511111111111111,40,False
42,pendigits,FIGS_T,4,OK,0.922,0.9932552045853849,0.9314513649029736,0.9214941777871465,0.9244932047119476,0.9139069237064994,,276.1,False,0.9055555555555556,0.9411111111111111,40,False
42,pendigits,FIGS_T,5,OK,0.934,0.9948755535420762,0.9438121056979876,0.933883062720476,0.936515517900659,0.9273307159608088,,283.8,False,0.8922222222222222,0.9427777777777778,40,False
42,pendigits,FIGS_T,6,OK,0.938,0.9954694609694968,0.942486025130583,0.9378674470750299,0.939469456963445,0.9312816996190493,,241.4,False,0.9027777777777778,0.9433333333333334,40,False
42,pendigits,FIGS_T,7,OK,0.941,0.9944564604559668,0.9491676533279362,0.9407473997780768,0.9431269994447617,0.9349434885150306,,265.5,False,0.8983333333333333,0.9494444444444444,40,False
42,pendigits,FIGS_T,8,OK,0.94,0.9956853789947742,0.9435446079671934,0.9397669704353351,0.9409209104882306,0.9335159804190841,,310.6,False,0.9077777777777778,0.9394444444444444,40,False
42,pendigits,FIGS_T,9,OK,0.943,0.9930347691820858,0.9449349855234207,0.9432980336703458,0.9439029854089791,0.9367030539135727,,238.7,False,0.9138888888888889,0.9533333333333334,40,False
42,pendigits,LightGBM_T,0,OK,0.995,0.9996473909456143,0.9950927105239773,0.9949391507615193,0.9949846493705017,0.9944498963932477,,160.2,False,0.9905555555555555,0.995,40,False
42,pendigits,LightGBM_T,1,OK,0.994,0.9999945243219995,0.9940496816946821,0.9940100548754917,0.993994437191445,0.9933398234990661,,124.1,False,0.9888888888888889,0.9944444444444445,40,False
42,pendigits,LightGBM_T,2,OK,0.995,0.9999806857589884,0.9950128014786781,0.9950210863697706,0.9949911963962814,0.9944490501732632,,123.1,False,0.9911111111111112,0.995,40,False
42,pendigits,LightGBM_T,3,OK,0.995,0.9999890932062778,0.995034858295543,0.9951223796417853,0.995069024329772,0.9944456731090318,,117.7,False,0.9933333333333333,0.9972222222222222,40,False
42,pendigits,LightGBM_T,4,OK,0.995,0.9996344034722163,0.9950422514366573,0.9949652858764442,0.9949834235455123,0.9944478833886118,,142.0,False,0.9905555555555555,0.995,40,False
42,pendigits,LightGBM_T,5,OK,0.992,0.9993913953348175,0.9922028208690573,0.9918956342084394,0.9920048931531099,0.9911192862191188,,153.8,False,0.9916666666666667,0.9938888888888889,40,False
42,pendigits,LightGBM_T,6,OK,0.991,0.9999766598844415,0.9910531135531135,0.9911149267399267,0.9910604778797321,0.9900038006892361,,122.8,False,0.9922222222222222,0.9955555555555555,40,False
42,pendigits,LightGBM_T,7,OK,0.993,0.9997062635021414,0.9930699918830145,0.992857624831309,0.9929403204284342,0.992226171483055,,150.8,False,0.9894444444444445,0.9938888888888889,40,False
42,pendigits,LightGBM_T,8,OK,0.995,0.9998760279405328,0.9949729554996589,0.994951923076923,0.9949517270113803,0.9944456360291001,,175.3,False,0.9916666666666667,0.9961111111111111,40,False
42,pendigits,LightGBM_T,9,OK,0.993,0.9999535234725817,0.9931709977305087,0.9930903037092358,0.9930935850845254,0.9922296261455367,,172.7,False,0.9938888888888889,0.9961111111111111,40,False
42,pendigits,RuleFit_T,0,OK,0.979,0.9988162455612912,0.9799070527465172,0.9792812560246771,0.979103477106943,0.9767780029367593,,6221.6,False,0.9377777777777778,0.9894444444444445,40,False
42,pendigits,RuleFit_T,1,OK,0.981,0.9995665850590882,0.9813785963578004,0.9808245396083002,0.9810100373515717,0.9789034064074018,,5207.0,False,0.9533333333333334,0.9866666666666667,40,False
42,pendigits,RuleFit_T,2,OK,0.988,0.9998590403840538,0.9883452415471717,0.9881389921572369,0.9880854125462456,0.9867007033228409,,5332.2,False,0.9388888888888889,0.9877777777777778,40,False
42,pendigits,RuleFit_T,3,OK,0.992,0.9999544120713904,0.9920083015189862,0.9920078923927349,0.991998060660251,0.9911116741816282,,7389.7,False,0.94,0.9883333333333333,40,False
42,pendigits,RuleFit_T,4,OK,0.983,0.9996154348443383,0.983108082706767,0.9832257844078406,0.9830587257516539,0.9811335642079207,,6526.9,False,0.9411111111111111,0.9883333333333333,40,False
42,pendigits,RuleFit_T,5,OK,0.985,0.9989972692462554,0.9854310256913659,0.984985528791424,0.985041713852872,0.9833684907712557,,6712.1,False,0.9472222222222222,0.9888888888888889,40,False
42,pendigits,RuleFit_T,6,OK,0.985,0.9996917037639133,0.9850820001433936,0.9853363606458266,0.9851509849833361,0.9833440760948582,,6816.3,False,0.955,0.9894444444444445,40,False
42,pendigits,RuleFit_T,7,OK,0.982,0.9990140813495308,0.9824063427397961,0.981925486793908,0.9820055408370301,0.9800316326023507,,5260.0,False,0.9411111111111111,0.9861111111111112,40,False
42,pendigits,RuleFit_T,8,OK,0.986,0.9989065699535669,0.9863309250338625,0.9859367858125523,0.9860586869318662,0.9844575891371732,,5178.7,False,0.9566666666666667,0.99,40,False
42,pendigits,RuleFit_T,9,OK,0.978,0.9983147706717954,0.9783481605682491,0.9781348921688089,0.9781621994957991,0.9755693143769197,,6985.2,False,0.9494444444444444,0.9883333333333333,40,False
42,pendigits,XGBoost_T,0,OK,0.995,0.9996068380994281,0.9950609323487898,0.9949391507615193,0.9949793360332848,0.9944476859912845,,151.1,False,0.9894444444444445,0.995,40,False
42,pendigits,XGBoost_T,1,OK,0.994,0.9999889281689682,0.9941352331170036,0.9939189617580828,0.9940018625404294,0.9933374826542869,,135.4,False,0.9872222222222222,0.9922222222222222,40,False
42,pendigits,XGBoost_T,2,OK,0.996,0.9999775563053872,0.996042367151101,0.9959826248313091,0.9959870864711189,0.9955603169165036,,154.8,False,0.9916666666666667,0.995,40,False
42,pendigits,XGBoost_T,3,OK,0.995,0.999990234876084,0.995034858295543,0.9951223796417853,0.995069024329772,0.9944456731090318,,214.9,False,0.9927777777777778,0.9955555555555555,40,False
42,pendigits,XGBoost_T,4,OK,0.995,0.9996127988752264,0.9952014652014652,0.9950346752499574,0.995098883848633,0.9944478526083809,,112.3,False,0.9877777777777778,0.9933333333333333,40,False
42,pendigits,XGBoost_T,5,OK,0.993,0.9993147483744005,0.9931571820077532,0.9930176551609,0.993047518235581,0.9922296521502948,,130.7,False,0.9888888888888889,0.9938888888888889,40,False
42,pendigits,XGBoost_T,6,OK,0.99,0.9999443923971822,0.9899684864937868,0.9902241811586473,0.9900574119950631,0.9888960755887484,,177.8,False,0.9894444444444445,0.9944444444444445,40,False
42,pendigits,XGBoost_T,7,OK,0.993,0.9997999333068746,0.9930699918830145,0.992857624831309,0.9929403204284342,0.992226171483055,,120.4,False,0.9888888888888889,0.9938888888888889,40,False
42,pendigits,XGBoost_T,8,OK,0.994,0.9998107523662633,0.9940114170381203,0.993999542124542,0.9939901663244193,0.9933354374275787,,114.0,False,0.9922222222222222,0.9938888888888889,40,False
42,pendigits,XGBoost_T,9,OK,0.989,0.9998078450001626,0.9891941343500472,0.9891640216579537,0.9891326885565137,0.9877866362042281,,121.9,True,0.9933333333333333,0.9933333333333333,40,False
42,phoneme,CatBoost_T,0,OK,0.9279112754158965,0.9790905199380948,0.924328295549958,0.899387533339919,0.9106114719302483,0.8233381596550226,,149.2,False,0.8879753340184995,0.9116135662898253,40,False
42,phoneme,CatBoost_T,1,OK,0.9279112754158965,0.9756659751720504,0.9163814221953757,0.9085663011623695,0.9123420732289975,0.8249107043531235,,107.6,False,0.8828365878725591,0.9075025693730729,40,False
42,phoneme,CatBoost_T,2,OK,0.9205175600739371,0.9702492673449898,0.9086557975916656,0.8978234383746584,0.9029823046863596,0.8064064843728747,,123.6,False,0.9023638232271326,0.9229188078108942,40,False
42,phoneme,CatBoost_T,3,OK,0.9020332717190388,0.9539826797062795,0.8815042650918635,0.8828986795745661,0.882196575964371,0.7644016728284674,,81.0,False,0.8931140801644398,0.9146968139773896,40,False
42,phoneme,CatBoost_T,4,OK,0.9185185185185185,0.9695970574590761,0.9039768521633806,0.8978726224401882,0.9008413461538461,0.8018262394693166,,127.1,False,0.8890030832476875,0.9126413155190134,40,False
42,phoneme,CatBoost_T,5,OK,0.9037037037037037,0.96359931075618,0.8923611111111112,0.8707005103055205,0.8804882616319651,0.7627541258175663,,129.9,False,0.895169578622816,0.9239465570400822,40,False
42,phoneme,CatBoost_T,6,OK,0.8981481481481481,0.9611306249585791,0.8784666945957269,0.8741964344887003,0.8762865985479296,0.7526510152532709,,121.5,False,0.8828365878725591,0.9198355601233299,40,False
42,phoneme,CatBoost_T,7,OK,0.9222222222222223,0.9664656372191662,0.9072516025641026,0.9042017363642388,0.905705875505147,0.8114476074116657,,135.0,False,0.9023638232271326,0.9331963001027749,40,False
42,phoneme,CatBoost_T,8,OK,0.9055555555555556,0.9689166212713978,0.8868546623368017,0.8854305947605606,0.8861376518888168,0.7722839441303161,,107.2,False,0.9064748201438849,0.920863309352518,40,False
42,phoneme,CatBoost_T,9,OK,0.924074074074074,0.9707819541425247,0.9161610590182019,0.8985539543406131,0.9067047039538834,0.8145247343433633,,81.2,False,0.8879753340184995,0.9116135662898253,40,False
42,phoneme,EBM_T,0,OK,0.8909426987060998,0.9582139681912476,0.874389656832405,0.858523494352794,0.8658442786592413,0.7327413950831417,,1526.1,False,0.8797533401849948,0.8848920863309353,40,False
42,phoneme,EBM_T,1,OK,0.8798521256931608,0.954986993315552,0.8541646307697319,0.8580131054693931,0.856046929560629,0.7121673379460552,,444.3,False,0.8663926002055499,0.8715313463514902,40,False
42,phoneme,EBM_T,2,OK,0.8964879852125693,0.9443346833942508,0.8728159252095422,0.8808077315683757,0.8766409329294114,0.7535812810085213,,791.1,True,0.8931140801644398,0.8931140801644398,40,False
42,phoneme,EBM_T,3,OK,0.8595194085027726,0.9202476209292371,0.82842622637908,0.8399436925812507,0.8337484634793297,0.6682706761061126,,2607.8,False,0.8890030832476875,0.8910585817060637,40,False
42,phoneme,EBM_T,4,OK,0.8888888888888888,0.9485883756378819,0.8676401318888366,0.862084962555504,0.8647836538461539,0.7297039492530376,,772.2,False,0.8879753340184995,0.8890030832476875,40,False
42,phoneme,EBM_T,5,OK,0.8722222222222222,0.9406355623301743,0.8504699589759568,0.8354596063357412,0.8423691168693813,0.6857653081647623,,1206.3,False,0.8756423432682425,0.8797533401849948,40,False
42,phoneme,EBM_T,6,OK,0.8648148148148148,0.9358307376234344,0.8370474464086743,0.8357909735568958,0.8364145658263306,0.672837246782413,,3632.2,False,0.8715313463514902,0.880781089414183,40,False
42,phoneme,EBM_T,7,OK,0.8907407407407407,0.943303068460468,0.8714908323260526,0.8615382066405991,0.8662687469306034,0.7329614704814559,,689.0,False,0.9013360739979445,0.9085303186022611,40,False
42,phoneme,EBM_T,8,OK,0.8870370370370371,0.946879281599234,0.8653846153846154,0.8613133264002377,0.8633053221288516,0.7266865370985948,,1765.2,True,0.8961973278520041,0.8838643371017472,40,False
42,phoneme,EBM_T,9,OK,0.8944444444444445,0.953383185592367,0.8776923076923077,0.8647303521022136,0.870802009746515,0.7423094997934837,,1310.4,False,0.8766700924974307,0.8776978417266187,40,False
42,phoneme,FIGS_T,0,OK,0.8576709796672828,0.9184694919160986,0.8316794543904518,0.8202772564127894,0.8255985799034569,0.6518569955463079,,34.9,False,0.8067831449126414,0.8581706063720452,40,False
42,phoneme,FIGS_T,1,OK,0.8632162661737524,0.9279281504165432,0.8381643742570895,0.8278754651124502,0.8327177001504262,0.6659603636674,,35.4,False,0.8129496402877698,0.8478931140801644,40,False
42,phoneme,FIGS_T,2,OK,0.8595194085027726,0.9165514175639632,0.8307649247588,0.8307649247588,0.8307649247588,0.6615298495176002,,33.0,False,0.8273381294964028,0.8530318602261048,40,False
42,phoneme,FIGS_T,3,OK,0.8354898336414048,0.8899864993908262,0.804006820119352,0.7935559287431262,0.7984191378104891,0.5974713530350418,,40.7,False,0.8201438848920863,0.8725590955806783,40,False
42,phoneme,FIGS_T,4,OK,0.85,0.8967625422493207,0.8173333333333332,0.825319769368414,0.8211123425939937,0.6426034759100204,,28.2,False,0.817060637204522,0.8591983556012333,40,False
42,phoneme,FIGS_T,5,OK,0.8518518518518519,0.9029011200212076,0.8243587975730833,0.8117834183842534,0.8176014591883265,0.6360179075791561,,43.2,False,0.8108941418293937,0.8746145940390545,40,False
42,phoneme,FIGS_T,6,OK,0.8611111111111112,0.9103320299555969,0.8347179897512725,0.8257505467559149,0.8300026444033093,0.6604076564381057,,38.4,False,0.7923946557040082,0.8550873586844809,40,False
42,phoneme,FIGS_T,7,OK,0.8592592592592593,0.903588707005103,0.83000861554775,0.83000861554775,0.83000861554775,0.6600172310955,,34.1,False,0.8345323741007195,0.8715313463514902,40,False
42,phoneme,FIGS_T,8,OK,0.8629629629629629,0.9180821736905529,0.8322635857937526,0.8460852770762146,0.8385454545454545,0.6782080363775336,,38.1,False,0.8478931140801644,0.8756423432682425,40,False
42,phoneme,FIGS_T,9,OK,0.8611111111111112,0.9154162333481901,0.8353228431904504,0.8264497598177586,0.8306565924761351,0.6617131149400939,,33.1,False,0.8150051387461459,0.8602261048304214,40,False
42,phoneme,LightGBM_T,0,OK,0.9297597042513863,0.9764233264183871,0.920843946340635,0.9080394481214397,0.9140982784556243,0.8287844873308898,,30.8,False,0.9054470709146968,0.9157245632065776,40,False
42,phoneme,LightGBM_T,1,OK,0.933456561922366,0.9764727188909744,0.925437255900832,0.9124930027330502,0.9186194216948019,0.8378302719788615,,45.2,False,0.8828365878725591,0.9054470709146968,40,False
42,phoneme,LightGBM_T,2,OK,0.9131238447319778,0.9685534591194969,0.8948162729658793,0.8962593434093977,0.8955328126476497,0.791074300158474,,18.8,False,0.9023638232271326,0.9116135662898253,40,False
42,phoneme,LightGBM_T,3,OK,0.8909426987060998,0.948269617043696,0.8673816736701521,0.8713737693042247,0.869334905293494,0.7387446566281993,,22.0,False,0.894141829393628,0.9085303186022611,40,False
42,phoneme,LightGBM_T,4,OK,0.9166666666666666,0.9695639207369606,0.8999101960719097,0.8984193783550931,0.8991596638655461,0.798328182433349,,43.9,False,0.9023638232271326,0.9177800616649537,40,False
42,phoneme,LightGBM_T,5,OK,0.9111111111111111,0.9624063887600237,0.9018308080808081,0.8796474252766916,0.8896814722756601,0.7811633163039114,,27.9,False,0.9044193216855088,0.9188078108941419,40,False
42,phoneme,LightGBM_T,6,OK,0.9074074074074074,0.9617767910398304,0.8941671263099835,0.8788852806680363,0.8860009119927041,0.7729013450164812,,28.7,False,0.8982528263103803,0.9126413155190134,40,False
42,phoneme,LightGBM_T,7,OK,0.9092592592592592,0.9591258532705945,0.8932208542331661,0.8857611505069918,0.8893623070844083,0.7789462860360227,,27.9,False,0.9085303186022611,0.9280575539568345,40,False
42,phoneme,LightGBM_T,8,OK,0.8888888888888888,0.9645421680780468,0.8681189777963971,0.8626256623582429,0.8652941078644959,0.730723992079247,,30.9,False,0.9075025693730729,0.9177800616649537,40,False
42,phoneme,LightGBM_T,9,OK,0.9166666666666666,0.9695604087224946,0.9039948453608248,0.8933046105085921,0.898393955485681,0.7972277850203618,,29.6,False,0.9023638232271326,0.9177800616649537,40,False
42,phoneme,RuleFit_T,0,OK,0.8207024029574861,0.9164114722249663,0.795863309352518,0.7518769139583128,0.7679210320320896,0.545971198189816,,201.7,False,0.7800616649537513,0.8550873586844809,40,False
42,phoneme,RuleFit_T,1,OK,0.8706099815157117,0.9368270275609996,0.8674971797564865,0.8110820244328097,0.8321365248226951,0.6762300397113279,,202.9,False,0.7903391572456321,0.8622816032887975,40,False
42,phoneme,RuleFit_T,2,OK,0.8539741219963032,0.9298956172412658,0.8396640435835352,0.7956304125917877,0.8126838033878991,0.6337665858885129,,305.8,False,0.7995889003083247,0.8571428571428571,40,False
42,phoneme,RuleFit_T,3,OK,0.8280961182994455,0.9057756264611939,0.8139405891778627,0.7516052553590833,0.7721919613143347,0.5620999986040819,,305.0,False,0.7882836587872559,0.8478931140801644,40,False
42,phoneme,RuleFit_T,4,OK,0.8296296296296296,0.9217807674464842,0.8086908777158992,0.7608191397706938,0.7782142857142857,0.5674944552360712,,326.7,False,0.8088386433710175,0.8499486125385406,40,False
42,phoneme,RuleFit_T,5,OK,0.85,0.9230730996089865,0.8590900002221679,0.7677944197759958,0.7953770367563471,0.6202009295602761,,299.7,False,0.7810894141829393,0.8550873586844809,40,False
42,phoneme,RuleFit_T,6,OK,0.8537037037037037,0.9216399363774935,0.8458951276472584,0.7871131287693021,0.8082101865297553,0.6302730593159175,,253.3,False,0.7852004110996916,0.8478931140801644,40,False
42,phoneme,RuleFit_T,7,OK,0.8555555555555555,0.9248707667837498,0.8516590761223162,0.7865663728543972,0.8092771368024487,0.6348973646998404,,246.8,False,0.7841726618705036,0.8725590955806783,40,False
42,phoneme,RuleFit_T,8,OK,0.8351851851851851,0.9215239604483401,0.8288583509513743,0.7567721487644232,0.7797019604967019,0.5811769624233541,,288.8,False,0.7872559095580678,0.8581706063720452,40,False
42,phoneme,RuleFit_T,9,OK,0.8481481481481481,0.9249657472061276,0.8412438625204584,0.7787847273807755,0.8004542504866969,0.6168746296716336,,324.0,False,0.8221993833504625,0.8591983556012333,40,False
42,phoneme,XGBoost_T,0,OK,0.9205175600739371,0.9771971418222531,0.9086557975916656,0.8978234383746584,0.9029823046863596,0.8064064843728747,,19.7,False,0.894141829393628,0.9116135662898253,40,False
42,phoneme,XGBoost_T,1,OK,0.9205175600739371,0.9698870558793506,0.9048236771656146,0.9033306990681287,0.9040720809880208,0.8081529971745147,,15.0,False,0.8900308324768756,0.8982528263103803,40,False
42,phoneme,XGBoost_T,2,OK,0.9094269870609981,0.9667917942638876,0.8894100785041859,0.8936415423622773,0.8914815315149356,0.7830401877651062,,29.4,False,0.9023638232271326,0.9105858170606372,40,False
42,phoneme,XGBoost_T,3,OK,0.8983364140480592,0.9526161546313675,0.8780034372211389,0.8766093713984655,0.8773014989381662,0.7546115209253367,,24.3,False,0.9013360739979445,0.9116135662898253,40,False
42,phoneme,XGBoost_T,4,OK,0.9185185185185185,0.9667970044403208,0.9039768521633806,0.8978726224401882,0.9008413461538461,0.8018262394693166,,37.0,False,0.9054470709146968,0.9167523124357657,40,False
42,phoneme,XGBoost_T,5,OK,0.9018518518518519,0.9598051560739611,0.8892623308598865,0.8693916097819603,0.8784357200198785,0.7583936682853083,,22.4,False,0.9085303186022611,0.9177800616649537,40,False
42,phoneme,XGBoost_T,6,OK,0.8962962962962963,0.9580489098018423,0.8802054605626035,0.8654649082112797,0.8723210214318285,0.7455246575290162,,31.5,False,0.8961973278520041,0.9146968139773896,40,False
42,phoneme,XGBoost_T,7,OK,0.9,0.9601530916561735,0.8802083333333334,0.8773609914507257,0.8787646970780463,0.7575639738648998,,24.4,False,0.9136690647482014,0.9260020554984584,40,False
42,phoneme,XGBoost_T,8,OK,0.9018518518518519,0.9687845623070701,0.8845131552385438,0.8773089684544149,0.8807852676916412,0.7617880596601847,,19.9,False,0.9013360739979445,0.9157245632065776,40,False
42,phoneme,XGBoost_T,9,OK,0.924074074074074,0.9681572822265141,0.9146153846153846,0.9003862724706582,0.9070681122738091,0.8148774346001787,,34.0,False,0.894141829393628,0.9044193216855088,40,False
42,satimage,CatBoost_T,0,OK,0.9175738724727839,0.993048386134049,0.90601538996111,0.9002537543188017,0.9028557217195048,0.898300288947752,,569.9,False,0.9205526770293609,0.9214162348877375,40,False
42,satimage,CatBoost_T,1,OK,0.9393468118195957,0.9933646592527193,0.9395811239760127,0.9226851376478004,0.9296139406089546,0.9253042507351774,,569.5,False,0.92573402417962,0.9360967184801382,40,False
42,satimage,CatBoost_T,2,OK,0.9222395023328149,0.9916522770560436,0.9082381573613447,0.9027031303145513,0.904915013048452,0.9041093834115556,,988.2,False,0.9205526770293609,0.9283246977547496,40,False
42,satimage,CatBoost_T,3,OK,0.9144634525660964,0.987755260380752,0.9049901793380055,0.8927852947997225,0.8970563130178236,0.8946320852932297,,643.1,False,0.9110535405872193,0.9222797927461139,40,False
42,satimage,CatBoost_T,4,OK,0.9097978227060654,0.9890768058880841,0.8936023115939186,0.8816689992808433,0.8860676423087309,0.8889040314165874,,540.4,False,0.9205526770293609,0.9283246977547496,40,False
42,satimage,CatBoost_T,5,OK,0.9035769828926905,0.991018577426309,0.8909098668525607,0.8799811959710814,0.8849889251054855,0.8808377568540899,,736.9,False,0.9291882556131261,0.9343696027633851,40,False
42,satimage,CatBoost_T,6,OK,0.9129082426127527,0.9896395772313977,0.907611080829218,0.8916430491550288,0.8982699213452209,0.8927019092686033,,628.8,False,0.9196891191709845,0.927461139896373,40,False
42,satimage,CatBoost_T,7,OK,0.9284603421461898,0.9903853427572855,0.921488156976131,0.9010858177386761,0.9085359652164379,0.9119349494727197,,1073.4,True,0.9222797927461139,0.9222797927461139,40,False
42,satimage,CatBoost_T,8,OK,0.9284603421461898,0.9941896733021922,0.922346516443977,0.9091905463280775,0.915033928855444,0.9116732265531692,,524.8,False,0.9196891191709845,0.9291882556131261,40,False
42,satimage,CatBoost_T,9,OK,0.9393468118195957,0.9951559562823465,0.9400108070506875,0.9241189450108726,0.9284108441861895,0.925511715912387,,937.9,False,0.9145077720207254,0.92573402417962,40,False
42,satimage,EBM_T,0,OK,0.9082426127527217,0.9907801351684288,0.8910513055305804,0.8860197689331825,0.8877194869114505,0.8868037685566501,,475.2,False,0.9041450777202072,0.9067357512953368,40,False
42,satimage,EBM_T,1,OK,0.9222395023328149,0.9917726874433047,0.9162633867722464,0.9004046938621926,0.9064859033237248,0.9040925584242594,,782.2,True,0.924006908462867,0.9222797927461139,40,False
42,satimage,EBM_T,2,OK,0.9051321928460342,0.9885476190690444,0.8864546432801413,0.881877126620385,0.882741847645793,0.8832828685327591,,1520.0,False,0.918825561312608,0.9231433506044905,40,False
42,satimage,EBM_T,3,OK,0.9144634525660964,0.9887001487209462,0.9022489705175514,0.8899092477538776,0.8949691776193597,0.8944887112942983,,1137.4,True,0.9145077720207254,0.9101899827288429,40,False
42,satimage,EBM_T,4,OK,0.9051321928460342,0.9879411613365606,0.8910110302661008,0.8846709600297586,0.8871542409246945,0.8831817825512827,,814.9,True,0.917098445595855,0.917098445595855,40,False
42,satimage,EBM_T,5,OK,0.911353032659409,0.9901000876667357,0.8994562855380455,0.8916330482772131,0.8953522195835565,0.8904482230365184,,954.2,True,0.9265975820379966,0.9231433506044905,40,False
42,satimage,EBM_T,6,OK,0.9020217729393468,0.9889851539129624,0.8876031951199567,0.8853650335456423,0.8861159738383577,0.8792988167069987,,549.1,False,0.9162348877374784,0.9248704663212435,40,False
42,satimage,EBM_T,7,OK,0.9129082426127527,0.9867358842262117,0.899898953264271,0.8813645270314697,0.8880738611154385,0.8926657075574821,,598.0,False,0.9084628670120898,0.9136442141623489,40,False
42,satimage,EBM_T,8,OK,0.9300155520995335,0.9912379782936419,0.927386969741415,0.9107834479644752,0.917923911088525,0.9136614765288149,,804.4,False,0.9231433506044905,0.9248704663212435,40,False
42,satimage,EBM_T,9,OK,0.9315707620528771,0.9929802764263774,0.9198779599446761,0.9179634536261899,0.9181293036408466,0.9156502652915679,,1187.2,True,0.918825561312608,0.9162348877374784,40,False
42,satimage,FIGS_T,0,OK,0.8662519440124417,0.9695182488178128,0.8495974097596645,0.8413754042625179,0.8450769514348946,0.834830186273182,,168.7,False,0.8592400690846287,0.8773747841105354,40,False
42,satimage,FIGS_T,1,OK,0.8678071539657853,0.9691060232683063,0.8602072253818743,0.8314598020147511,0.8394671167359196,0.8371095122388426,,116.1,False,0.8721934369602763,0.8730569948186528,40,False
42,satimage,FIGS_T,2,OK,0.8569206842923794,0.9671693991605662,0.8415851101337934,0.8146595750239688,0.8247309868033108,0.8229669037128844,,98.8,False,0.8756476683937824,0.883419689119171,40,False
42,satimage,FIGS_T,3,OK,0.8444790046656299,0.9658814961191869,0.8260704800910693,0.809158990026334,0.8146272123709486,0.8082801899541914,,124.4,False,0.8575129533678757,0.8652849740932642,40,False
42,satimage,FIGS_T,4,OK,0.8538102643856921,0.9686896652724667,0.8370135991459522,0.8100928350531555,0.8197595163497294,0.8194167662289291,,122.6,False,0.8592400690846287,0.8696027633851469,40,False
42,satimage,FIGS_T,5,OK,0.864696734059098,0.9642713467217762,0.8473603391407991,0.8383623020819199,0.8422975962855226,0.8328689660082569,,176.1,False,0.8471502590673575,0.8661485319516408,40,False
42,satimage,FIGS_T,6,OK,0.8709175738724728,0.9634182691225806,0.8530098813982754,0.8489829006240118,0.850353101798668,0.840958601946214,,112.4,False,0.8540587219343696,0.8687392055267703,40,False
42,satimage,FIGS_T,7,OK,0.8818040435458787,0.962878826611928,0.8626005216120483,0.8454477737887016,0.8516893409060963,0.8541876649012043,,189.1,False,0.8506044905008635,0.8670120898100173,40,False
42,satimage,FIGS_T,8,OK,0.8989113530326595,0.9768910968216963,0.8895104780009299,0.870227497884913,0.8780288917585078,0.8752516675400281,,126.4,False,0.844559585492228,0.8644214162348878,40,False
42,satimage,FIGS_T,9,OK,0.8678071539657853,0.9688729963280746,0.8457592441186471,0.8423162661202901,0.8424953414513047,0.8368468563841074,,175.0,False,0.8549222797927462,0.8678756476683938,40,False
42,satimage,LightGBM_T,0,OK,0.9346811819595645,0.9945176769185889,0.9276187771577176,0.921645533988727,0.9244385928376163,0.9193682171257589,,163.8,False,0.9222797927461139,0.9291882556131261,40,False
42,satimage,LightGBM_T,1,OK,0.9502332814930016,0.9933983063912469,0.9508705282258716,0.9360031015760745,0.9418860167873314,0.9387766326490611,,177.2,False,0.9352331606217616,0.9360967184801382,40,False
42,satimage,LightGBM_T,2,OK,0.9300155520995335,0.9935233898458344,0.9170153110140863,0.9072639470153946,0.9115401005114289,0.9135892987531635,,120.1,False,0.9248704663212435,0.9300518134715026,40,False
42,satimage,LightGBM_T,3,OK,0.926905132192846,0.9899682397976809,0.9212315906976226,0.9023629557758629,0.9090680338937006,0.910079238573112,,110.9,False,0.9153713298791019,0.924006908462867,40,False
42,satimage,LightGBM_T,4,OK,0.9144634525660964,0.9900082816251832,0.901454824199904,0.8866864142793144,0.8915224150903582,0.8949206165685826,,145.6,False,0.9309153713298791,0.9378238341968912,40,False
42,satimage,LightGBM_T,5,OK,0.9191290824261276,0.9913783927807791,0.9089101995755878,0.8990984776674674,0.9034556413207177,0.9000977262011333,,129.3,False,0.9326424870466321,0.9395509499136442,40,False
42,satimage,LightGBM_T,6,OK,0.9144634525660964,0.9923563179640742,0.9066007048772374,0.8954531488423366,0.9000246376951275,0.8945888790287871,,135.4,False,0.92573402417962,0.9283246977547496,40,False
42,satimage,LightGBM_T,7,OK,0.9191290824261276,0.9904791839592907,0.9103929406478395,0.8925416222827157,0.8984941691383971,0.9003981832154313,,93.5,False,0.9196891191709845,0.9265975820379966,40,False
42,satimage,LightGBM_T,8,OK,0.9346811819595645,0.9927662123498098,0.9270570263979359,0.9179658342210123,0.9220752617423513,0.9193694442981996,,158.9,False,0.9248704663212435,0.9326424870466321,40,False
42,satimage,LightGBM_T,9,OK,0.9315707620528771,0.9950169231659087,0.9252241246703282,0.9193570402489675,0.9209435513972383,0.9156633083908144,,126.5,False,0.9248704663212435,0.9309153713298791,40,False
42,satimage,RuleFit_T,0,OK,0.8973561430793157,0.9837745474643146,0.8833582340316634,0.8778081925111486,0.8801502131386734,0.8733592155697616,,1758.4,False,0.8626943005181347,0.9006908462867013,40,False
42,satimage,RuleFit_T,1,OK,0.8880248833592534,0.9854371581145253,0.875068927260744,0.853166218208896,0.8610546769873859,0.8618129239483867,,1960.5,False,0.8816925734024179,0.917098445595855,40,False
42,satimage,RuleFit_T,2,OK,0.8880248833592534,0.9830970246013849,0.8684100173802825,0.8604539104880612,0.8637266339985331,0.8616773904529647,,2141.7,False,0.8721934369602763,0.917098445595855,40,False
42,satimage,RuleFit_T,3,OK,0.895800933125972,0.9779661551269073,0.882497821150399,0.8695497622389542,0.8744601350563638,0.8715225947478733,,2317.9,False,0.8644214162348878,0.9110535405872193,40,False
42,satimage,RuleFit_T,4,OK,0.895800933125972,0.9834778588534911,0.882749196093688,0.8655853220893889,0.8720607215178614,0.871759441705867,,1679.3,False,0.8756476683937824,0.9110535405872193,40,False
42,satimage,RuleFit_T,5,OK,0.8833592534992224,0.9829255120805152,0.8670393072035245,0.8563867634117557,0.8613052731550415,0.855755866171137,,2704.9,False,0.8721934369602763,0.9084628670120898,40,False
42,satimage,RuleFit_T,6,OK,0.8973561430793157,0.980160434777882,0.8796652665540489,0.8773340519571868,0.8781639157627034,0.8734894743821969,,1853.9,False,0.8609671848013817,0.9041450777202072,40,False
42,satimage,RuleFit_T,7,OK,0.8880248833592534,0.9750593517329045,0.8749784517513861,0.8556276657767959,0.863279211794227,0.8617056256520845,,2112.7,False,0.8652849740932642,0.9024179620034543,40,False
42,satimage,RuleFit_T,8,OK,0.9129082426127527,0.9864521926923321,0.9052726374865737,0.8885746066814834,0.8954802946598899,0.8925148112864819,,2392.5,False,0.8583765112262521,0.9084628670120898,40,False
42,satimage,RuleFit_T,9,OK,0.8942457231726283,0.9868267003272456,0.8790621668827269,0.8714128475615458,0.8730923707648192,0.8695542442258286,,2086.5,False,0.8618307426597582,0.9127806563039723,40,False
42,satimage,XGBoost_T,0,OK,0.9346811819595645,0.9945854416393051,0.9299230503382011,0.9199556208392631,0.9239722301451522,0.9194464731517845,,114.0,False,0.917098445595855,0.9248704663212435,40,False
42,satimage,XGBoost_T,1,OK,0.9471228615863142,0.9928883360451474,0.9466927262614594,0.9313720119560225,0.9376795759912732,0.9349482685008199,,169.0,False,0.9222797927461139,0.9343696027633851,40,False
42,satimage,XGBoost_T,2,OK,0.9222395023328149,0.9926011164878367,0.9066708308033534,0.8985763446512273,0.9017804423195389,0.9040891889434634,,109.7,False,0.9205526770293609,0.9335060449050087,40,False
42,satimage,XGBoost_T,3,OK,0.9160186625194401,0.99043714712421,0.9050233454753367,0.893393021379196,0.8973107419335732,0.8966875077465589,,165.9,False,0.9127806563039723,0.918825561312608,40,False
42,satimage,XGBoost_T,4,OK,0.9097978227060654,0.9892002209261882,0.8958040574988729,0.8826912618887488,0.8876559543443315,0.8889522043912882,,115.3,False,0.92573402417962,0.9360967184801382,40,False
42,satimage,XGBoost_T,5,OK,0.911353032659409,0.991283045531163,0.9016426302755658,0.8899369215236966,0.8952292309148348,0.890417057855011,,126.3,False,0.9343696027633851,0.9412780656303973,40,False
42,satimage,XGBoost_T,6,OK,0.911353032659409,0.9905199983133374,0.9025662446322166,0.8887549667460108,0.8940395969432737,0.8908227318406304,,144.0,False,0.918825561312608,0.9291882556131261,40,False
42,satimage,XGBoost_T,7,OK,0.9300155520995335,0.9904554686536592,0.9292633099559096,0.8994262305861311,0.9090599884287517,0.914171644476314,,141.5,False,0.917098445595855,0.9222797927461139,40,False
42,satimage,XGBoost_T,8,OK,0.9284603421461898,0.9932791880713673,0.9201806690759803,0.9094668446408298,0.9142161209647185,0.911691685951421,,110.6,False,0.9265975820379966,0.9283246977547496,40,False
42,satimage,XGBoost_T,9,OK,0.9362363919129082,0.994835378689846,0.9302627116013701,0.9222459788186573,0.9245680566112965,0.9214884507248526,,154.6,False,0.9162348877374784,0.9265975820379966,40,False
42,segment,CatBoost_T,0,OK,0.9826839826839827,0.9998906817088634,0.9829306722689076,0.9826839826839827,0.9826144005248484,0.9798622520260523,,847.6,True,0.9879807692307693,0.9855769230769231,40,False
42,segment,CatBoost_T,1,OK,1.0,0.9999781363417727,1.0,1.0,1.0,1.0,,1175.5,False,0.9759615384615384,0.9783653846153846,40,False
42,segment,CatBoost_T,2,OK,0.974025974025974,0.9978354978354979,0.9743368315067963,0.974025974025974,0.973873783152756,0.969802992698314,,1452.6,False,0.9831730769230769,0.9879807692307693,40,False
42,segment,CatBoost_T,3,OK,0.9913419913419913,0.9999562726835453,0.9918367346938776,0.9913419913419913,0.9914027149321267,0.9899639247273518,,1462.3,False,0.9783653846153846,0.9831730769230769,40,False
42,segment,CatBoost_T,4,OK,0.9783549783549783,0.9997376361012725,0.9785849823800489,0.9783549783549784,0.9782126455633918,0.9748327321144485,,1638.1,False,0.9807692307692307,0.9855769230769231,40,False
42,segment,CatBoost_T,5,OK,0.987012987012987,0.9992784992784992,0.9871323529411765,0.987012987012987,0.9870100049204528,0.9848700179453542,,551.2,False,0.9879807692307693,0.9927884615384616,40,False
42,segment,CatBoost_T,6,OK,1.0,1.0,1.0,1.0,1.0,1.0,,631.0,False,0.9783653846153846,0.9855769230769231,40,False
42,segment,CatBoost_T,7,OK,0.9653679653679653,0.9989286807468626,0.9655764578558695,0.9653679653679654,0.9648611969183027,0.9598058312078552,,2524.1,True,0.9879807692307693,0.9879807692307693,40,False
42,segment,CatBoost_T,8,OK,0.987012987012987,0.9989068170886352,0.9872676343264579,0.987012987012987,0.9870766049870527,0.9848700179453542,,873.3,False,0.9759615384615384,0.9831730769230769,40,False
42,segment,CatBoost_T,9,OK,0.9783549783549783,0.9998250907341816,0.9790970933828076,0.9783549783549784,0.9785430256018491,0.9748114156754025,,523.2,False,0.9735576923076923,0.9807692307692307,40,False
42,segment,EBM_T,0,OK,0.974025974025974,0.9989068170886354,0.9749649859943977,0.974025974025974,0.9740055248126307,0.9698666231942564,,373.5,False,0.9879807692307693,0.9903846153846154,40,False
42,segment,EBM_T,1,OK,0.9783549783549783,0.9996064541519087,0.9786016679399033,0.9783549783549784,0.9783510022315992,0.9747901006346601,,543.3,False,0.9567307692307693,0.96875,40,False
42,segment,EBM_T,2,OK,0.9696969696969697,0.9984914075823167,0.9701278751969996,0.9696969696969697,0.9696730965113317,0.9647308385174076,,395.9,False,0.9783653846153846,0.9807692307692307,40,False
42,segment,EBM_T,3,OK,0.9956709956709957,0.9995408631772269,0.9957983193277311,0.9956709956709957,0.9956700016401508,0.9949712488986399,,313.7,False,0.9783653846153846,0.9855769230769231,40,False
42,segment,EBM_T,4,OK,0.987012987012987,0.9990817263544536,0.9870050292844411,0.987012987012987,0.9869453929155422,0.9848700179453542,,665.3,True,0.9711538461538461,0.9711538461538461,40,False
42,segment,EBM_T,5,OK,0.9913419913419913,0.99919104464559,0.9913419913419913,0.9913419913419913,0.9913419913419913,0.98989898989899,,266.3,False,0.9735576923076923,0.9807692307692307,40,False
42,segment,EBM_T,6,OK,0.9913419913419913,0.9999562726835453,0.9913419913419913,0.9913419913419913,0.9913419913419913,0.98989898989899,,472.1,False,0.9783653846153846,0.9831730769230769,40,False
42,segment,EBM_T,7,OK,0.9696969696969697,0.9984914075823167,0.9711219971859711,0.9696969696969697,0.9693097817511379,0.9650052065762627,,1257.7,False,0.9783653846153846,0.9855769230769231,40,False
42,segment,EBM_T,8,OK,0.9696969696969697,0.9979010888101797,0.9705432172869148,0.9696969696969697,0.9698094651178497,0.964751935444677,,478.3,False,0.9735576923076923,0.9831730769230769,40,False
42,segment,EBM_T,9,OK,0.9783549783549783,0.9995189995189995,0.9788642729819201,0.9783549783549784,0.9784822143031099,0.9747901006346601,,1014.8,False,0.9639423076923077,0.96875,40,False
42,segment,FIGS_T,0,OK,0.9567099567099567,0.9923258559622196,0.9588010204081633,0.9567099567099567,0.957035701683126,0.9497441607720742,,25.6,False,0.9399038461538461,0.9591346153846154,40,False
42,segment,FIGS_T,1,OK,0.9653679653679653,0.9992019764747038,0.9656262505002001,0.9653679653679654,0.9650626419722117,0.9597428552661038,,30.5,False,0.9134615384615384,0.9471153846153846,40,False
42,segment,FIGS_T,2,OK,0.9437229437229437,0.9923258559622196,0.9454081632653061,0.9437229437229437,0.94414592760181,0.9344864643380485,,22.1,False,0.9567307692307693,0.9711538461538461,40,False
42,segment,FIGS_T,3,OK,0.9567099567099567,0.9969172241899515,0.9594319300201654,0.9567099567099567,0.9573097389461996,0.9497649372371743,,21.3,False,0.9663461538461539,0.9711538461538461,40,False
42,segment,FIGS_T,4,OK,0.9567099567099567,0.9984476802658621,0.956550362080316,0.9567099567099567,0.9561449579831933,0.949661068544376,,21.0,False,0.9471153846153846,0.9591346153846154,40,False
42,segment,FIGS_T,5,OK,0.974025974025974,0.9959770868861778,0.976392719249862,0.974025974025974,0.9740228597642532,0.9701000422140594,,41.1,False,0.9519230769230769,0.9639423076923077,40,False
42,segment,FIGS_T,6,OK,0.9696969696969697,0.9988630897721806,0.9698725457925106,0.9696969696969697,0.9694781787571516,0.964751935444677,,21.5,False,0.9711538461538461,0.9735576923076923,40,False
42,segment,FIGS_T,7,OK,0.9090909090909091,0.9889151252787617,0.9367354214413037,0.9090909090909092,0.911516644275265,0.8987468255040411,,19.6,True,0.9615384615384616,0.9591346153846154,40,False
42,segment,FIGS_T,8,OK,0.961038961038961,0.9963815645633828,0.9606169740623522,0.961038961038961,0.960400170923186,0.9546915770804928,,24.1,False,0.9495192307692307,0.9639423076923077,40,False
42,segment,FIGS_T,9,OK,0.9653679653679653,0.9960973370064279,0.9666041416566628,0.9653679653679654,0.9656762848652666,0.9597008781910399,,19.8,False,0.9543269230769231,0.9639423076923077,40,False
42,segment,LightGBM_T,0,OK,0.9826839826839827,0.9998688180506362,0.983065953654189,0.9826839826839827,0.9826123192727669,0.979883678912969,,38.9,True,0.9903846153846154,0.9903846153846154,40,False
42,segment,LightGBM_T,1,OK,0.9956709956709957,0.9999562726835454,0.9957983193277311,0.9956709956709957,0.9956700016401508,0.9949712488986399,,28.1,False,0.9639423076923077,0.9807692307692307,40,False
42,segment,LightGBM_T,2,OK,0.974025974025974,0.998731907822817,0.9743368315067963,0.974025974025974,0.973873783152756,0.969802992698314,,35.4,False,0.9831730769230769,0.9903846153846154,40,False
42,segment,LightGBM_T,3,OK,0.9956709956709957,0.9999562726835454,0.9957983193277311,0.9956709956709957,0.9956700016401508,0.9949712488986399,,39.3,False,0.9855769230769231,0.9879807692307693,40,False
42,segment,LightGBM_T,4,OK,0.9826839826839827,0.9996939087848179,0.9829306722689076,0.9826839826839827,0.9826800065606036,0.9798408265446843,,43.9,False,0.9759615384615384,0.9831730769230769,40,False
42,segment,LightGBM_T,5,OK,0.9913419913419913,0.9997157724430451,0.9913419913419913,0.9913419913419913,0.9913419913419913,0.98989898989899,,48.3,False,0.9879807692307693,0.9927884615384616,40,False
42,segment,LightGBM_T,6,OK,0.9956709956709957,1.0,0.9957983193277311,0.9956709956709957,0.9956700016401508,0.9949712488986399,,41.5,True,0.9903846153846154,0.9903846153846154,40,False
42,segment,LightGBM_T,7,OK,0.9696969696969697,0.9992784992784992,0.9696505875077304,0.9696969696969697,0.9694912930207049,0.9647097429741031,,35.2,False,0.9903846153846154,0.9951923076923077,40,False
42,segment,LightGBM_T,8,OK,0.9913419913419913,0.9995408631772269,0.9914693149987268,0.9913419913419913,0.9913409973111466,0.9899206334219971,,43.3,False,0.9831730769230769,0.9855769230769231,40,False
42,segment,LightGBM_T,9,OK,0.9913419913419913,0.9999562726835454,0.9915966386554622,0.9913419913419913,0.9913400032803017,0.9899422783647326,,46.8,False,0.9759615384615384,0.9783653846153846,40,False
42,segment,RuleFit_T,0,OK,0.9696969696969697,0.9984039529494074,0.9704231692677071,0.9696969696969697,0.9696811474302695,0.9647730337560622,,1033.4,False,0.9519230769230769,0.9879807692307693,40,False
42,segment,RuleFit_T,1,OK,0.9826839826839827,0.9998688180506362,0.9837662337662338,0.9826839826839827,0.9827977276346841,0.9799479680085481,,1031.7,False,0.9423076923076923,0.9807692307692307,40,False
42,segment,RuleFit_T,2,OK,0.9653679653679653,0.997398224670952,0.9654952890247008,0.9653679653679654,0.9653669713371206,0.95961694056214,,1425.0,False,0.9447115384615384,0.9927884615384616,40,False
42,segment,RuleFit_T,3,OK,0.9826839826839827,0.9995408631772269,0.9837662337662337,0.9826839826839827,0.9827977276346841,0.9799479680085481,,1140.1,False,0.9759615384615384,0.9879807692307693,40,False
42,segment,RuleFit_T,4,OK,0.9826839826839827,0.9990379990379991,0.9827866630523178,0.9826839826839827,0.9825426439232409,0.9798622520260523,,1425.4,False,0.9591346153846154,0.9759615384615384,40,False
42,segment,RuleFit_T,5,OK,0.987012987012987,0.9975512702785431,0.9871323529411765,0.987012987012987,0.9870100049204528,0.9848700179453542,,1365.9,False,0.9543269230769231,0.9807692307692307,40,False
42,segment,RuleFit_T,6,OK,0.9956709956709957,0.9999562726835453,0.9957983193277311,0.9956709956709957,0.9956700016401508,0.9949712488986399,,1347.9,False,0.9591346153846154,0.9879807692307693,40,False
42,segment,RuleFit_T,7,OK,0.9437229437229437,0.998731907822817,0.9479556680368039,0.9437229437229436,0.9421831242799626,0.9355510332357059,,1150.2,False,0.9639423076923077,0.9855769230769231,40,False
42,segment,RuleFit_T,8,OK,0.987012987012987,0.9974419519874065,0.9872676343264579,0.987012987012987,0.9870766049870527,0.9848700179453542,,1399.8,False,0.9471153846153846,0.9903846153846154,40,False
42,segment,RuleFit_T,9,OK,0.974025974025974,0.9977261795443614,0.97438330170778,0.974025974025974,0.973948253239298,0.9697817853159281,,1277.1,False,0.9471153846153846,0.9807692307692307,40,False
42,segment,XGBoost_T,0,OK,0.9826839826839827,0.9992566356202719,0.9831932773109244,0.9826839826839827,0.9826769312776775,0.979883678912969,,49.5,False,0.9831730769230769,0.9879807692307693,40,False
42,segment,XGBoost_T,1,OK,0.9956709956709957,0.9999781363417727,0.9957983193277311,0.9956709956709957,0.9956700016401508,0.9949712488986399,,64.0,False,0.9711538461538461,0.9807692307692307,40,False
42,segment,XGBoost_T,2,OK,0.9696969696969697,0.9985788622152257,0.9698004201680673,0.9696969696969697,0.969624405445301,0.9646886488146118,,61.2,False,0.9903846153846154,0.9927884615384616,40,False
42,segment,XGBoost_T,3,OK,0.987012987012987,0.9998906817088634,0.9875077303648733,0.987012987012987,0.9870737106031224,0.984913088376702,,70.0,False,0.9831730769230769,0.9903846153846154,40,False
42,segment,XGBoost_T,4,OK,0.987012987012987,0.9997376361012725,0.9871323529411765,0.987012987012987,0.9870100049204528,0.9848700179453542,,45.8,False,0.9759615384615384,0.9831730769230769,40,False
42,segment,XGBoost_T,5,OK,0.987012987012987,0.9996501814683632,0.9871323529411765,0.987012987012987,0.9870100049204528,0.9848700179453542,,61.0,False,0.9879807692307693,0.9927884615384616,40,False
42,segment,XGBoost_T,6,OK,0.9956709956709957,1.0,0.9957983193277311,0.9956709956709957,0.9956700016401508,0.9949712488986399,,92.1,False,0.9879807692307693,0.9903846153846154,40,False
42,segment,XGBoost_T,7,OK,0.974025974025974,0.9993659539114085,0.9770013268465281,0.974025974025974,0.9741265660888779,0.9701849636518037,,36.8,False,0.9855769230769231,0.9927884615384616,40,False
42,segment,XGBoost_T,8,OK,0.987012987012987,0.9994315448860903,0.9872676343264579,0.987012987012987,0.9870766049870527,0.9848700179453542,,76.7,False,0.9807692307692307,0.9855769230769231,40,False
42,segment,XGBoost_T,9,OK,0.9913419913419913,0.9999562726835454,0.9915966386554622,0.9913419913419913,0.9913400032803017,0.9899422783647326,,37.1,False,0.9783653846153846,0.9807692307692307,40,False
42,spambase,CatBoost_T,0,OK,0.9501084598698482,0.9891094568513923,0.9490173937160743,0.9463645673323093,0.9476449355869268,0.89537803115948,,395.2,False,0.9565217391304348,0.9637681159420289,40,False
42,spambase,CatBoost_T,1,OK,0.9630434782608696,0.9948018772648963,0.9601449275362319,0.9627418364720093,0.961397013451808,0.9228831102829775,,272.5,False,0.9541616405307599,0.9674306393244874,40,False
42,spambase,CatBoost_T,2,OK,0.9652173913043478,0.9906532802629755,0.9653830029346588,0.9616230024356918,0.9634187558400764,0.9269983799278952,,327.6,False,0.9638118214716526,0.9686369119420989,40,False
42,spambase,CatBoost_T,3,OK,0.9586956521739131,0.9949899998019762,0.9600313479623825,0.9533357096180122,0.9564252773276829,0.9133425153250172,,832.7,False,0.9384800965018094,0.9493365500603136,40,False
42,spambase,CatBoost_T,4,OK,0.9586956521739131,0.9897225687637379,0.9580245437883497,0.9552763421057843,0.9566035581110135,0.9132967510960069,,243.6,False,0.9613992762364294,0.9650180940892642,40,False
42,spambase,CatBoost_T,5,OK,0.9608695652173913,0.9879601576268837,0.9582371624154189,0.9599794055327828,0.959087674915013,0.9182149150626419,,419.0,False,0.9565741857659831,0.9650180940892642,40,False
42,spambase,CatBoost_T,6,OK,0.9543478260869566,0.9811877462920057,0.9554095329957399,0.9487811639834451,0.9518384644148075,0.9041664012934463,,326.1,False,0.9505428226779252,0.9577804583835947,40,False
42,spambase,CatBoost_T,7,OK,0.9521739130434783,0.9827125289609696,0.9479148302677715,0.9528109467514208,0.9501811594202898,0.9007124698982503,,1130.1,False,0.962605548854041,0.9662243667068757,40,False
42,spambase,CatBoost_T,8,OK,0.9521739130434783,0.98699501936912,0.9516694557335246,0.9480986639260021,0.9498015873015873,0.8997610341649095,,638.3,False,0.9577804583835947,0.9650180940892642,40,False
42,spambase,CatBoost_T,9,OK,0.9652173913043478,0.9926081113131473,0.9654155709618296,0.9617361056209976,0.9634920634920635,0.927144375448157,,722.9,False,0.9577804583835947,0.9674306393244874,40,False
42,spambase,EBM_T,0,OK,0.9522776572668112,0.989365473236441,0.9500669581314742,0.9500669581314742,0.9500669581314742,0.9001339162629485,,289.0,False,0.9528985507246377,0.9565217391304348,40,False
42,spambase,EBM_T,1,OK,0.9695652173913043,0.9955939721578645,0.9681181805580308,0.9681181805580308,0.9681181805580308,0.9362363611160617,,429.0,True,0.9638118214716526,0.962605548854041,40,False
42,spambase,EBM_T,2,OK,0.9543478260869566,0.9883562050733677,0.9517946082694284,0.9526624289589893,0.9522233927326142,0.9044566208941467,,316.5,False,0.9589867310012062,0.9650180940892642,40,False
42,spambase,EBM_T,3,OK,0.9608695652173913,0.9910691300817838,0.9618045112781954,0.9560981405572387,0.9587616543150849,0.9178849141257948,,286.2,False,0.9433051869722557,0.9457177322074789,40,False
42,spambase,EBM_T,4,OK,0.9630434782608696,0.9902374304441672,0.9617063492063492,0.9608012039842373,0.9612485691207588,0.9225071091356477,,473.5,True,0.9565741857659831,0.9565741857659831,40,False
42,spambase,EBM_T,5,OK,0.95,0.9800194063248777,0.948015873015873,0.9471375670805362,0.9475715935163207,0.8951530092085486,,325.8,False,0.9529553679131484,0.9565741857659831,40,False
42,spambase,EBM_T,6,OK,0.9565217391304348,0.9776035169013249,0.956199716515941,0.9525139111665577,0.9542734448000953,0.9087061527109924,,284.8,False,0.9601930036188179,0.9613992762364294,40,False
42,spambase,EBM_T,7,OK,0.9456521739130435,0.9819402364403256,0.9420289855072463,0.9445236539337413,0.9432309021350117,0.8865491295631752,,541.8,True,0.9601930036188179,0.9601930036188179,40,False
42,spambase,EBM_T,8,OK,0.9456521739130435,0.9833781326587082,0.94436271098829,0.9417542888765911,0.9430126016481747,0.8861131607100895,,452.3,True,0.9589867310012062,0.9577804583835947,40,False
42,spambase,EBM_T,9,OK,0.95,0.9897422721163728,0.9473575190862283,0.9481974859672702,0.9477724299642107,0.8955546111388242,,524.2,False,0.9529553679131484,0.9613992762364294,40,False
42,spambase,FIGS_T,0,OK,0.93058568329718,0.9699574618929457,0.9248664033457249,0.9321458111780692,0.9280221710449276,0.856981298550084,,48.1,False,0.9239130434782609,0.9468599033816425,40,False
42,spambase,FIGS_T,1,OK,0.9391304347826087,0.9616527059941782,0.9378331436785051,0.9342957286282897,0.9359828227201337,0.8721216982771866,,31.7,False,0.9034981905910736,0.9288299155609168,40,False
42,spambase,FIGS_T,2,OK,0.9369565217391305,0.9618903344620686,0.9343253968253968,0.9334739301768351,0.9338946179118826,0.8677989092814494,,48.9,False,0.9276236429433052,0.9517490952955368,40,False
42,spambase,FIGS_T,3,OK,0.9260869565217391,0.9300085150200994,0.9258423798110813,0.9186914592368165,0.9219420654408976,0.8445035640137473,,25.5,False,0.8902291917973462,0.9143546441495778,40,False
42,spambase,FIGS_T,4,OK,0.9391304347826087,0.9784946236559139,0.9378331436785051,0.9342957286282897,0.9359828227201337,0.8721216982771866,,30.0,False,0.9083232810615199,0.9203860072376358,40,False
42,spambase,FIGS_T,5,OK,0.9260869565217391,0.9514049783164025,0.9232787928189428,0.9216024079684746,0.922420634920635,0.8448795376725734,,31.8,False,0.902291917973462,0.9408926417370326,40,False
42,spambase,FIGS_T,6,OK,0.9217391304347826,0.9619002356482307,0.9221959165503146,0.9131665973583636,0.917173495518566,0.835313714145025,,44.0,False,0.9010856453558505,0.9300361881785284,40,False
42,spambase,FIGS_T,7,OK,0.9239130434782609,0.9726034178894631,0.9221750960307298,0.917869660785362,0.9198969108069516,0.8400337235382607,,39.2,False,0.9143546441495778,0.9433051869722557,40,False
42,spambase,FIGS_T,8,OK,0.9065217391304348,0.9697406909637125,0.909758602978942,0.8942011226183888,0.9005185308125997,0.8038091845627086,,36.6,False,0.9203860072376358,0.9420989143546441,40,False
42,spambase,FIGS_T,9,OK,0.9173913043478261,0.9762431812791524,0.9130434782608696,0.9145782275278678,0.9137914028131227,0.8276202827609693,,36.3,False,0.9203860072376358,0.9433051869722557,40,False
42,spambase,LightGBM_T,0,OK,0.9414316702819957,0.9902516838000708,0.9383673389157526,0.9391961085509473,0.9387767147881262,0.8775630561221975,,22.1,False,0.9541062801932367,0.967391304347826,40,False
42,spambase,LightGBM_T,1,OK,0.967391304347826,0.9934949206914989,0.9654320499644241,0.9663260658626903,0.9658738519518673,0.9317576869257737,,32.4,False,0.9650180940892642,0.9686369119420989,40,False
42,spambase,LightGBM_T,2,OK,0.9630434782608696,0.9920988534426425,0.9617063492063492,0.9608012039842373,0.9612485691207588,0.9225071091356477,,33.8,False,0.9601930036188179,0.9650180940892642,40,False
42,spambase,LightGBM_T,3,OK,0.9652173913043478,0.9909305134755144,0.9653830029346588,0.9616230024356918,0.9634187558400764,0.9269983799278952,,22.8,False,0.9396863691194209,0.9469240048250904,40,False
42,spambase,LightGBM_T,4,OK,0.9630434782608696,0.9902770351888156,0.9635883482714469,0.9588605714964653,0.9610927852490907,0.9224368041810528,,31.9,False,0.9577804583835947,0.9601930036188179,40,False
42,spambase,LightGBM_T,5,OK,0.9521739130434783,0.9857818966712213,0.9491625732378529,0.9508703142636488,0.9499960471183493,0.9000312673484625,,35.1,True,0.9601930036188179,0.9601930036188179,40,False
42,spambase,LightGBM_T,6,OK,0.9608695652173913,0.9819798411849742,0.9640826402800542,0.9541575080694666,0.958586747759283,0.9181865070842375,,31.6,False,0.9541616405307599,0.9589867310012062,40,False
42,spambase,LightGBM_T,7,OK,0.9521739130434783,0.9833165013168578,0.9485012285012285,0.9518406305075349,0.9500897595233868,0.9003356660032946,,34.2,True,0.9662243667068757,0.9662243667068757,40,False
42,spambase,LightGBM_T,8,OK,0.9586956521739131,0.9870740770021346,0.9572169745935564,0.9563404221677603,0.9567735458056985,0.9135569762380223,,31.3,False,0.9601930036188179,0.9638118214716526,40,False
42,spambase,LightGBM_T,9,OK,0.9586956521739131,0.9889714601944818,0.9564321082637943,0.9572891137639339,0.9568554856226089,0.913720820122546,,29.7,False,0.9601930036188179,0.9638118214716526,40,False
42,spambase,RuleFit_T,0,OK,0.9197396963123644,0.9855252274607114,0.9254127722649977,0.9069478908188586,0.9143144199130937,0.8321558277165263,,259.6,False,0.9251207729468599,0.9577294685990339,40,False
42,spambase,RuleFit_T,1,OK,0.9695652173913043,0.9946434582863026,0.9733908011088852,0.9632665993386007,0.9677896927016645,0.9366026832929515,,186.5,False,0.9276236429433052,0.9505428226779252,40,False
42,spambase,RuleFit_T,2,OK,0.9565217391304348,0.9835640309709104,0.9606742715386649,0.9486326461910137,0.9538847117794487,0.9092271827711901,,236.9,False,0.9312424607961399,0.962605548854041,40,False
42,spambase,RuleFit_T,3,OK,0.941304347826087,0.9881581813501258,0.9475939353988134,0.9302659458603141,0.9373913043478261,0.8776888468602316,,283.5,False,0.9059107358262968,0.9469240048250904,40,False
42,spambase,RuleFit_T,4,OK,0.9456521739130435,0.9863561654686231,0.9509261535939677,0.9357908077387671,0.9421619365189533,0.886587779535113,,335.3,False,0.9288299155609168,0.9577804583835947,40,False
42,spambase,RuleFit_T,5,OK,0.9456521739130435,0.979959999207905,0.9461659030624547,0.9396720727143112,0.9426648385890565,0.8858141732303043,,236.4,False,0.9203860072376358,0.9577804583835947,40,False
42,spambase,RuleFit_T,6,OK,0.9391304347826087,0.9769896433592744,0.9419670997783607,0.9304144636527456,0.9354385964912281,0.8723050663690143,,234.7,False,0.9095295536791315,0.9481302774427021,40,False
42,spambase,RuleFit_T,7,OK,0.941304347826087,0.9819600388126498,0.9425872093023255,0.9341472108358582,0.9379468501281532,0.8766937948228692,,293.5,False,0.9300361881785284,0.9517490952955368,40,False
42,spambase,RuleFit_T,8,OK,0.9478260869565217,0.9838623606609218,0.9501372739018088,0.9407067752391494,0.9449002814876923,0.8907941319883239,,362.8,False,0.9240048250904704,0.9553679131483716,40,False
42,spambase,RuleFit_T,9,OK,0.9456521739130435,0.9847418768282077,0.94436271098829,0.9417542888765911,0.9430126016481747,0.8861131607100895,,244.5,False,0.9264173703256936,0.9553679131483716,40,False
42,spambase,XGBoost_T,0,OK,0.9414316702819957,0.9902516838000708,0.937720329024677,0.9401512466028595,0.9388909345312615,0.8778682098894466,,68.2,False,0.9625603864734299,0.964975845410628,40,False
42,spambase,XGBoost_T,1,OK,0.9695652173913043,0.994188003722846,0.969974646144018,0.9661775480702588,0.9679914113600667,0.9361444935363468,,52.8,False,0.9589867310012062,0.9613992762364294,40,False
42,spambase,XGBoost_T,2,OK,0.9608695652173913,0.9898611853700073,0.9618045112781954,0.9560981405572387,0.9587616543150849,0.9178849141257948,,48.2,False,0.9541616405307599,0.9674306393244874,40,False
42,spambase,XGBoost_T,3,OK,0.9608695652173913,0.9941384977920356,0.9607913597252999,0.9570684568011247,0.9588461003200859,0.9178522663194438,,65.4,False,0.9348612786489746,0.9433051869722557,40,False
42,spambase,XGBoost_T,4,OK,0.9586956521739131,0.9911483395710807,0.9580245437883497,0.9552763421057843,0.9566035581110135,0.9132967510960069,,114.7,False,0.9565741857659831,0.9638118214716526,40,False
42,spambase,XGBoost_T,5,OK,0.9565217391304348,0.9860393275114359,0.953699867826636,0.9554248598982158,0.9545418610166811,0.9091230912055522,,73.8,False,0.9565741857659831,0.9601930036188179,40,False
42,spambase,XGBoost_T,6,OK,0.9478260869565217,0.9797322719261768,0.9490040482568327,0.9414641874096517,0.9449002814876923,0.8904363139660166,,83.0,False,0.9457177322074789,0.9541616405307599,40,False
42,spambase,XGBoost_T,7,OK,0.9391304347826087,0.983534327412424,0.9355506894715038,0.9372066773599477,0.9363586054233537,0.8727557957771935,,28.2,False,0.9613992762364294,0.9650180940892642,40,False
42,spambase,XGBoost_T,8,OK,0.9565217391304348,0.9883785279468733,0.9553571428571428,0.9535931694205075,0.9544545436543298,0.9089486006300648,,51.3,False,0.9529553679131484,0.9650180940892642,40,False
42,spambase,XGBoost_T,9,OK,0.9608695652173913,0.9906514348960392,0.9583333333333333,0.9600363665111866,0.9591643487009528,0.9183681207830054,,99.8,False,0.9601930036188179,0.9662243667068757,40,False
42,tic-tac-toe,CatBoost_T,0,OK,1.0,1.0,1.0,1.0,1.0,1.0,,142.8,True,1.0,1.0,40,False
42,tic-tac-toe,CatBoost_T,1,OK,0.9895833333333334,1.0,0.9920634920634921,0.9852941176470589,0.9885373134328358,0.977334166408364,,114.7,False,0.9884393063583815,1.0,40,False
42,tic-tac-toe,CatBoost_T,2,OK,0.9791666666666666,1.0,0.9846153846153847,0.9696969696969697,0.9765625,0.9541957401338105,,124.2,True,1.0,1.0,40,False
42,tic-tac-toe,CatBoost_T,3,OK,1.0,1.0,1.0,1.0,1.0,1.0,,106.3,True,1.0,1.0,40,False
42,tic-tac-toe,CatBoost_T,4,OK,1.0,1.0,1.0,1.0,1.0,1.0,,202.7,False,0.9826589595375722,1.0,40,False
42,tic-tac-toe,CatBoost_T,5,OK,0.9895833333333334,1.0,0.9921875,0.9848484848484849,0.9883706844336766,0.9770084209183943,,114.5,False,0.9942196531791907,1.0,40,False
42,tic-tac-toe,CatBoost_T,6,OK,0.9895833333333334,1.0,0.9921875,0.9848484848484849,0.9883706844336766,0.9770084209183943,,115.2,False,0.9884393063583815,1.0,40,False
42,tic-tac-toe,CatBoost_T,7,OK,0.9895833333333334,1.0,0.9921875,0.9848484848484849,0.9883706844336766,0.9770084209183943,,110.8,True,1.0,1.0,40,False
42,tic-tac-toe,CatBoost_T,8,OK,1.0,1.0,1.0,1.0,1.0,1.0,,101.1,False,0.9942196531791907,1.0,40,False
42,tic-tac-toe,CatBoost_T,9,OK,0.9894736842105263,1.0,0.9920634920634921,0.9848484848484849,0.9883076923076923,0.9768853332428297,,104.8,False,0.9942196531791907,1.0,40,False
42,tic-tac-toe,EBM_T,0,OK,1.0,1.0,1.0,1.0,1.0,1.0,,880.3,True,1.0,0.9884393063583815,40,False
42,tic-tac-toe,EBM_T,1,OK,1.0,1.0,1.0,1.0,1.0,1.0,,600.3,True,0.9884393063583815,0.9884393063583815,40,False
42,tic-tac-toe,EBM_T,2,OK,0.9895833333333334,1.0,0.9921875,0.9848484848484849,0.9883706844336766,0.9770084209183943,,619.8,True,0.9942196531791907,0.9884393063583815,40,False
42,tic-tac-toe,EBM_T,3,OK,1.0,1.0,1.0,1.0,1.0,1.0,,902.3,True,1.0,0.9942196531791907,40,False
42,tic-tac-toe,EBM_T,4,OK,1.0,1.0,1.0,1.0,1.0,1.0,,589.8,True,1.0,0.9826589595375722,40,False
42,tic-tac-toe,EBM_T,5,OK,1.0,1.0,1.0,1.0,1.0,1.0,,661.8,True,1.0,0.9942196531791907,40,False
42,tic-tac-toe,EBM_T,6,OK,1.0,1.0,1.0,1.0,1.0,1.0,,464.7,True,1.0,0.9884393063583815,40,False
42,tic-tac-toe,EBM_T,7,OK,1.0,1.0,1.0,1.0,1.0,1.0,,799.2,True,0.9942196531791907,0.9942196531791907,40,False
42,tic-tac-toe,EBM_T,8,OK,1.0,1.0,1.0,1.0,1.0,1.0,,382.9,True,1.0,0.9884393063583815,40,False
42,tic-tac-toe,EBM_T,9,OK,0.9894736842105263,0.9970674486803519,0.9920634920634921,0.9848484848484849,0.9883076923076923,0.9768853332428297,,451.3,False,0.9884393063583815,0.9942196531791907,40,False
42,tic-tac-toe,FIGS_T,0,OK,0.9375,0.9876660341555977,0.9454545454545454,0.9184060721062619,0.9296875,0.8634370542558771,,10.1,False,0.7630057803468208,0.9826589595375722,40,False
42,tic-tac-toe,FIGS_T,1,OK,0.9270833333333334,0.9781783681214422,0.9227994227994227,0.9169829222011385,0.9197611940298507,0.8397622016353391,,14.8,False,0.815028901734104,0.9710982658959537,40,False
42,tic-tac-toe,FIGS_T,2,OK,0.9166666666666666,0.9458874458874459,0.943661971830986,0.8787878787878788,0.901183736489964,0.8198872537336016,,7.8,False,0.7803468208092486,0.9710982658959537,40,False
42,tic-tac-toe,FIGS_T,3,OK,0.9583333333333334,0.9812409812409811,0.9538239538239539,0.9538239538239539,0.9538239538239539,0.9076479076479076,,13.8,False,0.7745664739884393,0.9826589595375722,40,False
42,tic-tac-toe,FIGS_T,4,OK,0.9270833333333334,0.9413179413179412,0.9287878787878787,0.9083694083694084,0.9173126614987079,0.8369082443770754,,10.5,False,0.7630057803468208,0.9710982658959537,40,False
42,tic-tac-toe,FIGS_T,5,OK,0.90625,0.9701779701779703,0.9128151260504203,0.878066378066378,0.8918783631585534,0.7901177621516875,,14.3,False,0.7861271676300579,0.9653179190751445,40,False
42,tic-tac-toe,FIGS_T,6,OK,0.9791666666666666,0.9826839826839827,0.9846153846153847,0.9696969696969697,0.9765625,0.9541957401338105,,13.8,False,0.7572254335260116,0.976878612716763,40,False
42,tic-tac-toe,FIGS_T,7,OK,0.9375,0.9783549783549783,0.9307359307359306,0.9307359307359306,0.9307359307359306,0.8614718614718615,,12.2,False,0.7687861271676301,0.9884393063583815,40,False
42,tic-tac-toe,FIGS_T,8,OK,0.9368421052631579,0.9875366568914956,0.9448798328108673,0.9161779081133921,0.9281754032258065,0.8605792425594805,,11.2,False,0.791907514450867,0.9710982658959537,40,False
42,tic-tac-toe,FIGS_T,9,OK,0.9789473684210527,0.9868035190615836,0.984375,0.9696969696969697,0.9764384920634921,0.9539590550898287,,15.8,False,0.7572254335260116,0.9826589595375722,40,False
42,tic-tac-toe,LightGBM_T,0,OK,1.0,1.0,1.0,1.0,1.0,1.0,,3.5,True,1.0,1.0,40,False
42,tic-tac-toe,LightGBM_T,1,OK,0.9895833333333334,1.0,0.9920634920634921,0.9852941176470589,0.9885373134328358,0.977334166408364,,3.2,True,1.0,1.0,40,False
42,tic-tac-toe,LightGBM_T,2,OK,1.0,1.0,1.0,1.0,1.0,1.0,,3.4,False,0.9942196531791907,1.0,40,False
42,tic-tac-toe,LightGBM_T,3,OK,1.0,1.0,1.0,1.0,1.0,1.0,,3.4,True,1.0,1.0,40,False
42,tic-tac-toe,LightGBM_T,4,OK,1.0,1.0,1.0,1.0,1.0,1.0,,3.6,False,0.9884393063583815,0.9942196531791907,40,False
42,tic-tac-toe,LightGBM_T,5,OK,1.0,1.0,1.0,1.0,1.0,1.0,,3.9,False,0.9942196531791907,1.0,40,False
42,tic-tac-toe,LightGBM_T,6,OK,1.0,1.0,1.0,1.0,1.0,1.0,,2.8,True,1.0,1.0,40,False
42,tic-tac-toe,LightGBM_T,7,OK,1.0,1.0,1.0,1.0,1.0,1.0,,3.6,True,1.0,1.0,40,False
42,tic-tac-toe,LightGBM_T,8,OK,0.9894736842105263,1.0,0.9920634920634921,0.9848484848484849,0.9883076923076923,0.9768853332428297,,3.4,True,0.9942196531791907,0.9942196531791907,40,False
42,tic-tac-toe,LightGBM_T,9,OK,0.9894736842105263,1.0,0.9920634920634921,0.9848484848484849,0.9883076923076923,0.9768853332428297,,3.3,True,1.0,1.0,40,False
42,tic-tac-toe,RuleFit_T,0,OK,1.0,1.0,1.0,1.0,1.0,1.0,,120.0,False,0.9364161849710982,1.0,40,False
42,tic-tac-toe,RuleFit_T,1,OK,1.0,1.0,1.0,1.0,1.0,1.0,,91.1,False,0.9421965317919075,1.0,40,False
42,tic-tac-toe,RuleFit_T,2,OK,1.0,1.0,1.0,1.0,1.0,1.0,,108.5,False,0.953757225433526,1.0,40,False
42,tic-tac-toe,RuleFit_T,3,OK,1.0,1.0,1.0,1.0,1.0,1.0,,94.6,False,0.9595375722543352,1.0,40,False
42,tic-tac-toe,RuleFit_T,4,OK,1.0,1.0,1.0,1.0,1.0,1.0,,104.3,False,0.9421965317919075,1.0,40,False
42,tic-tac-toe,RuleFit_T,5,OK,1.0,1.0,1.0,1.0,1.0,1.0,,129.2,False,0.8959537572254336,1.0,40,False
42,tic-tac-toe,RuleFit_T,6,OK,0.9895833333333334,0.9980759980759981,0.9921875,0.9848484848484849,0.9883706844336766,0.9770084209183943,,97.6,False,0.9595375722543352,1.0,40,False
42,tic-tac-toe,RuleFit_T,7,OK,0.9895833333333334,1.0,0.9921875,0.9848484848484849,0.9883706844336766,0.9770084209183943,,91.6,False,0.8959537572254336,1.0,40,False
42,tic-tac-toe,RuleFit_T,8,OK,1.0,1.0,1.0,1.0,1.0,1.0,,108.8,False,0.9248554913294798,1.0,40,False
42,tic-tac-toe,RuleFit_T,9,OK,1.0,1.0,1.0,1.0,1.0,1.0,,116.2,False,0.9421965317919075,1.0,40,False
42,tic-tac-toe,XGBoost_T,0,OK,1.0,1.0,1.0,1.0,1.0,1.0,,3.7,False,0.9942196531791907,1.0,40,False
42,tic-tac-toe,XGBoost_T,1,OK,0.9895833333333334,0.9990512333965844,0.9920634920634921,0.9852941176470589,0.9885373134328358,0.977334166408364,,3.1,True,1.0,1.0,40,False
42,tic-tac-toe,XGBoost_T,2,OK,1.0,1.0,1.0,1.0,1.0,1.0,,4.2,False,0.9884393063583815,1.0,40,False
42,tic-tac-toe,XGBoost_T,3,OK,1.0,1.0,1.0,1.0,1.0,1.0,,4.9,False,0.9942196531791907,1.0,40,False
42,tic-tac-toe,XGBoost_T,4,OK,1.0,1.0,1.0,1.0,1.0,1.0,,3.7,False,0.9826589595375722,1.0,40,False
42,tic-tac-toe,XGBoost_T,5,OK,0.9791666666666666,0.9961519961519962,0.9846153846153847,0.9696969696969697,0.9765625,0.9541957401338105,,4.9,True,1.0,1.0,40,False
42,tic-tac-toe,XGBoost_T,6,OK,1.0,1.0,1.0,1.0,1.0,1.0,,5.7,True,1.0,0.9942196531791907,40,False
42,tic-tac-toe,XGBoost_T,7,OK,0.9895833333333334,1.0,0.9921875,0.9848484848484849,0.9883706844336766,0.9770084209183943,,2.8,True,1.0,1.0,40,False
42,tic-tac-toe,XGBoost_T,8,OK,1.0,1.0,1.0,1.0,1.0,1.0,,2.6,False,0.9884393063583815,1.0,40,False
42,tic-tac-toe,XGBoost_T,9,OK,0.9894736842105263,0.9990224828934506,0.9920634920634921,0.9848484848484849,0.9883076923076923,0.9768853332428297,,3.6,True,1.0,1.0,40,False
42,vehicle,CatBoost_T,0,OK,0.7176470588235294,0.9260110375735375,0.7087732919254658,0.7213203463203464,0.7145373596593109,0.6238227253188107,,145.5,False,0.803921568627451,0.8235294117647058,40,False
42,vehicle,CatBoost_T,1,OK,0.788235294117647,0.9453393654956155,0.7920875420875421,0.7895021645021645,0.7844354796182038,0.7218141911166799,,442.4,False,0.7516339869281046,0.7843137254901961,40,False
42,vehicle,CatBoost_T,2,OK,0.7176470588235294,0.9196889742202241,0.7031884057971015,0.718560606060606,0.7064503271207874,0.6264691729913587,,192.1,False,0.7777777777777778,0.7908496732026143,40,False
42,vehicle,CatBoost_T,3,OK,0.7411764705882353,0.916932615995116,0.7397624434389141,0.7418290043290043,0.7385964912280703,0.6564166660181557,,88.6,False,0.7777777777777778,0.7843137254901961,40,False
42,vehicle,CatBoost_T,4,OK,0.8235294117647058,0.9471669823232323,0.8302947052947053,0.827922077922078,0.814625850340136,0.774669146607368,,182.3,False,0.8104575163398693,0.8300653594771242,40,False
42,vehicle,CatBoost_T,5,OK,0.8352941176470589,0.9516757027694528,0.8498447204968944,0.8381493506493507,0.8338698195841053,0.7877766725493786,,177.5,False,0.7254901960784313,0.7516339869281046,40,False
42,vehicle,CatBoost_T,6,OK,0.8452380952380952,0.9573053887570017,0.8459398496240602,0.8446428571428573,0.8437037253526616,0.7944703741315953,,202.0,False,0.738562091503268,0.7516339869281046,40,False
42,vehicle,CatBoost_T,7,OK,0.7023809523809523,0.9293446945702585,0.7019450800915332,0.7063681932102985,0.7039687633718442,0.6027631014660346,,236.8,False,0.7450980392156863,0.7843137254901961,40,False
42,vehicle,CatBoost_T,8,OK,0.7857142857142857,0.9422653313881352,0.7899891774891774,0.7899891774891774,0.7898255813953488,0.7143667296786389,,113.5,False,0.7712418300653595,0.803921568627451,40,False
42,vehicle,CatBoost_T,9,OK,0.75,0.9405043230126036,0.7379570158102766,0.7570346320346321,0.7428925114053633,0.6702723298349293,,167.2,False,0.738562091503268,0.803921568627451,40,False
42,vehicle,EBM_T,0,OK,0.7529411764705882,0.9316815823065823,0.7416556873078612,0.7554112554112554,0.747108447108447,0.6713497659328588,,110.2,False,0.7712418300653595,0.7908496732026143,40,False
42,vehicle,EBM_T,1,OK,0.8588235294117647,0.9685752615440115,0.8744047619047619,0.8593073593073594,0.8586440410915737,0.8171400520481812,,130.6,True,0.7777777777777778,0.7712418300653595,40,False
42,vehicle,EBM_T,2,OK,0.7058823529411765,0.9014677856865356,0.6940601668862538,0.7083333333333333,0.70006105006105,0.6085031468752673,,107.1,False,0.7450980392156863,0.7908496732026143,40,False
42,vehicle,EBM_T,3,OK,0.7176470588235294,0.9232928182928183,0.7123015873015873,0.7191017316017316,0.7147062022459689,0.6240761266198531,,204.4,True,0.7843137254901961,0.7777777777777778,40,False
42,vehicle,EBM_T,4,OK,0.8117647058823529,0.9555375180375181,0.8069828722002634,0.814935064935065,0.8085497835497835,0.750832254740989,,178.6,True,0.8169934640522876,0.8169934640522876,40,False
42,vehicle,EBM_T,5,OK,0.8588235294117647,0.9487376512376513,0.8597826086956522,0.8603354978354978,0.8573122529644268,0.8135419024123837,,102.6,False,0.7581699346405228,0.7712418300653595,40,False
42,vehicle,EBM_T,6,OK,0.8214285714285714,0.9497808898730558,0.8232738095238095,0.821969696969697,0.8140887744281169,0.7668623109570251,,142.3,False,0.7450980392156863,0.7908496732026143,40,False
42,vehicle,EBM_T,7,OK,0.7976190476190477,0.9513450370471958,0.7994417862838915,0.7999829118250171,0.7995298764882609,0.7300416193719258,,96.9,False,0.7712418300653595,0.7908496732026143,40,False
42,vehicle,EBM_T,8,OK,0.7976190476190477,0.9495744697357601,0.8112648221343873,0.8013528138528139,0.805674000795952,0.7304201864247497,,139.6,False,0.803921568627451,0.8300653594771242,40,False
42,vehicle,EBM_T,9,OK,0.7619047619047619,0.9449656301812839,0.7576145082538944,0.7661796536796537,0.7595578092518117,0.6839027417343805,,133.9,True,0.803921568627451,0.7908496732026143,40,False
42,vehicle,FIGS_T,0,OK,0.6352941176470588,0.8861657613220113,0.637374686716792,0.6389069264069264,0.630918253589061,0.5196085960754393,,18.4,False,0.6797385620915033,0.7450980392156863,40,False
42,vehicle,FIGS_T,1,OK,0.7176470588235294,0.9204005196192696,0.7190217391304348,0.7207251082251083,0.71937523071244,0.62375327492101,,13.8,False,0.6797385620915033,0.7189542483660131,40,False
42,vehicle,FIGS_T,2,OK,0.7058823529411765,0.8749524087024088,0.7138995215311005,0.7065476190476191,0.7092446560531667,0.6081418699621579,,21.0,False,0.673202614379085,0.7058823529411765,40,False
42,vehicle,FIGS_T,3,OK,0.7176470588235294,0.8705001508907759,0.7355263157894737,0.7178571428571427,0.724981573304744,0.6244004678889002,,18.1,False,0.673202614379085,0.7189542483660131,40,False
42,vehicle,FIGS_T,4,OK,0.7058823529411765,0.8928055278055278,0.7094771241830066,0.7058982683982684,0.703049603720279,0.610324973331925,,23.1,False,0.6993464052287581,0.7647058823529411,40,False
42,vehicle,FIGS_T,5,OK,0.6588235294117647,0.875848066863692,0.6684523809523809,0.6616883116883117,0.664154421047316,0.5454546944363239,,19.2,False,0.6535947712418301,0.6993464052287581,40,False
42,vehicle,FIGS_T,6,OK,0.7023809523809523,0.8953604372671193,0.6920917247004204,0.704004329004329,0.6971125364205342,0.6037097003300391,,24.1,False,0.6601307189542484,0.6993464052287581,40,False
42,vehicle,FIGS_T,7,OK,0.6666666666666666,0.8877010006481872,0.6840958605664488,0.6685178856231488,0.6701435340022297,0.5587276411753994,,17.7,False,0.7189542483660131,0.738562091503268,40,False
42,vehicle,FIGS_T,8,OK,0.7142857142857143,0.889094183845948,0.7273809523809525,0.7179112554112554,0.7210075493612078,0.6201745103390403,,17.6,False,0.6993464052287581,0.7189542483660131,40,False
42,vehicle,FIGS_T,9,OK,0.7380952380952381,0.9209412356936298,0.7420824789245842,0.7417207792207793,0.7416323986091428,0.6507186547109401,,21.3,False,0.6862745098039216,0.738562091503268,40,False
42,vehicle,LightGBM_T,0,OK,0.7411764705882353,0.9199959935897436,0.7331780538302277,0.7445887445887446,0.7383468834688347,0.6552170010157313,,19.5,False,0.7908496732026143,0.8366013071895425,40,False
42,vehicle,LightGBM_T,1,OK,0.8470588235294118,0.9689698322510822,0.8635822510822511,0.847943722943723,0.8467460317460318,0.8018480841403214,,17.9,False,0.7516339869281046,0.7973856209150327,40,False
42,vehicle,LightGBM_T,2,OK,0.7058823529411765,0.9096075105450105,0.7010188514765173,0.7077380952380952,0.7039295392953929,0.6079808803683701,,11.4,False,0.7189542483660131,0.7973856209150327,40,False
42,vehicle,LightGBM_T,3,OK,0.7529411764705882,0.9140436126373626,0.7462662337662338,0.7548160173160172,0.7498717013748211,0.6709748892171344,,21.7,False,0.738562091503268,0.7712418300653595,40,False
42,vehicle,LightGBM_T,4,OK,0.788235294117647,0.9380122828560328,0.7822244180939834,0.7916666666666666,0.7846861471861473,0.7194089452121933,,14.7,False,0.8104575163398693,0.8300653594771242,40,False
42,vehicle,LightGBM_T,5,OK,0.7764705882352941,0.9439527312964813,0.7847026162243553,0.7786255411255412,0.7811161706510544,0.7021985190763216,,15.1,False,0.6993464052287581,0.7647058823529411,40,False
42,vehicle,LightGBM_T,6,OK,0.7619047619047619,0.940876839494351,0.7528571428571429,0.7619047619047619,0.750502180520682,0.6870675614340578,,11.3,False,0.6797385620915033,0.7712418300653595,40,False
42,vehicle,LightGBM_T,7,OK,0.7261904761904762,0.9254191421939421,0.7256500936134803,0.7308897243107769,0.7277389277389277,0.6349357002883975,,21.4,False,0.7581699346405228,0.7973856209150327,40,False
42,vehicle,LightGBM_T,8,OK,0.7738095238095238,0.9407656436332271,0.7825310559006211,0.7775432900432899,0.7798151374370887,0.6983737261980535,,17.5,False,0.7973856209150327,0.8169934640522876,40,False
42,vehicle,LightGBM_T,9,OK,0.8095238095238095,0.9389889312223342,0.8144522144522145,0.8154761904761905,0.8069566527013337,0.7519133702875679,,16.5,False,0.7581699346405228,0.8235294117647058,40,False
42,vehicle,RuleFit_T,0,OK,0.6823529411764706,0.9035328040015541,0.6742581090407177,0.6850108225108225,0.6787158640817177,0.5768169001083857,,330.6,False,0.7777777777777778,0.8300653594771242,40,False
42,vehicle,RuleFit_T,1,OK,0.8,0.9368760753135752,0.8074404761904762,0.8024350649350649,0.8031358885017421,0.734663910934561,,439.1,False,0.7254901960784313,0.8104575163398693,40,False
42,vehicle,RuleFit_T,2,OK,0.6941176470588235,0.9006199356199356,0.68495670995671,0.6963744588744589,0.6900305215676741,0.5925036927621861,,364.1,False,0.7516339869281046,0.7843137254901961,40,False
42,vehicle,RuleFit_T,3,OK,0.7647058823529411,0.9163138944388944,0.7547663334108347,0.7667748917748918,0.758563074352548,0.6875129871552719,,301.1,False,0.7516339869281046,0.7973856209150327,40,False
42,vehicle,RuleFit_T,4,OK,0.7764705882352941,0.9444617188367188,0.7771739130434783,0.7769480519480519,0.7768970189701897,0.7018840523245004,,370.3,False,0.7254901960784313,0.8169934640522876,40,False
42,vehicle,RuleFit_T,5,OK,0.7411764705882353,0.9258750971250971,0.7511363636363637,0.743452380952381,0.7468072312982176,0.6548987391795481,,376.9,False,0.7058823529411765,0.7450980392156863,40,False
42,vehicle,RuleFit_T,6,OK,0.8214285714285714,0.9550655471387399,0.8196240601503759,0.8208333333333333,0.8187037253526616,0.7626460959117316,,349.5,False,0.6666666666666666,0.7450980392156863,40,False
42,vehicle,RuleFit_T,7,OK,0.75,0.9238050112049627,0.753804347826087,0.7541581225791751,0.7535460631887179,0.6666666666666666,,362.9,False,0.6928104575163399,0.7973856209150327,40,False
42,vehicle,RuleFit_T,8,OK,0.7738095238095238,0.949182696610332,0.7823796791443851,0.7786255411255412,0.7761129821044985,0.7017476358469797,,412.0,False,0.7320261437908496,0.8104575163398693,40,False
42,vehicle,RuleFit_T,9,OK,0.7738095238095238,0.9421368430783033,0.7683899646815248,0.7791666666666666,0.7704602308260844,0.7008918417469963,,379.5,False,0.738562091503268,0.7973856209150327,40,False
42,vehicle,XGBoost_T,0,OK,0.7529411764705882,0.9262302107614608,0.7456780538302277,0.7559523809523809,0.7504002016764354,0.6707294666542097,,20.6,False,0.7843137254901961,0.8366013071895425,40,False
42,vehicle,XGBoost_T,1,OK,0.8352941176470589,0.9592395278332779,0.8422619047619048,0.8371212121212122,0.8338026646924523,0.783734071313038,,19.3,False,0.7712418300653595,0.7973856209150327,40,False
42,vehicle,XGBoost_T,2,OK,0.6470588235294118,0.9087262043512043,0.6331885026737968,0.6492965367965369,0.6398060368312084,0.5303491980194692,,56.0,False,0.7254901960784313,0.7516339869281046,40,False
42,vehicle,XGBoost_T,3,OK,0.7294117647058823,0.9232301552614053,0.7250463114307507,0.7310064935064935,0.7275406504065041,0.6393867599376872,,22.0,False,0.7581699346405228,0.7973856209150327,40,False
42,vehicle,XGBoost_T,4,OK,0.8352941176470589,0.9466520632145632,0.8347727272727273,0.8387445887445888,0.8307725836329956,0.7846606899833064,,33.7,False,0.7973856209150327,0.8169934640522876,40,False
42,vehicle,XGBoost_T,5,OK,0.8470588235294118,0.949156746031746,0.8535748792270532,0.8489718614718615,0.8478167967298402,0.798558902720902,,20.1,False,0.7189542483660131,0.7647058823529411,40,False
42,vehicle,XGBoost_T,6,OK,0.7857142857142857,0.941105564089435,0.7769358178053829,0.7857142857142857,0.7759247901956776,0.7174709652801338,,13.6,False,0.7320261437908496,0.7712418300653595,40,False
42,vehicle,XGBoost_T,7,OK,0.8095238095238095,0.9407507764286809,0.8125996810207335,0.8125996810207335,0.8125996810207335,0.7457434733257662,,15.3,False,0.7777777777777778,0.7908496732026143,40,False
42,vehicle,XGBoost_T,8,OK,0.7857142857142857,0.9385612181344107,0.799901185770751,0.789448051948052,0.7942105288673638,0.7143399699403924,,17.8,False,0.7843137254901961,0.8104575163398693,40,False
42,vehicle,XGBoost_T,9,OK,0.8214285714285714,0.9441940682472076,0.8189393939393939,0.8257575757575757,0.8214285714285714,0.762570888468809,,13.7,False,0.7712418300653595,0.8169934640522876,40,False
42,wdbc,CatBoost_T,0,OK,0.9824561403508771,1.0,0.9864864864864865,0.9761904761904762,0.9809555629802873,0.962621902223779,,176.1,False,0.9514563106796117,0.970873786407767,40,False
42,wdbc,CatBoost_T,1,OK,0.9824561403508771,1.0,0.9864864864864865,0.9761904761904762,0.9809555629802873,0.962621902223779,,193.7,False,0.9320388349514563,0.941747572815534,40,False
42,wdbc,CatBoost_T,2,OK,0.9122807017543859,0.9973544973544973,0.9390243902439024,0.8809523809523809,0.8999648999648999,0.8179178119091964,,325.5,False,0.970873786407767,1.0,40,False
42,wdbc,CatBoost_T,3,OK,1.0,1.0,1.0,1.0,1.0,1.0,,296.6,False,0.9805825242718447,0.9902912621359223,40,False
42,wdbc,CatBoost_T,4,OK,0.9473684210526315,0.9642857142857142,0.9479729729729729,0.9384920634920635,0.942866688940862,0.8864143349643965,,327.6,False,0.970873786407767,0.9902912621359223,40,False
42,wdbc,CatBoost_T,5,OK,0.9473684210526315,0.9880952380952381,0.9479729729729729,0.9384920634920635,0.942866688940862,0.8864143349643965,,457.6,False,0.9611650485436893,0.970873786407767,40,False
42,wdbc,CatBoost_T,6,OK,0.9649122807017544,0.9933862433862435,0.9623015873015872,0.9623015873015872,0.9623015873015872,0.9246031746031746,,371.3,False,0.9514563106796117,0.9611650485436893,40,False
42,wdbc,CatBoost_T,7,OK,0.9473684210526315,0.9792207792207792,0.9605263157894737,0.9318181818181819,0.942866688940862,0.8918825850158447,,367.0,False,0.9805825242718447,0.9902912621359223,40,False
42,wdbc,CatBoost_T,8,OK,0.9473684210526315,0.9974025974025974,0.9418158567774936,0.9487012987012987,0.9449275362318841,0.8904905361044291,,215.1,False,0.9902912621359223,1.0,40,False
42,wdbc,CatBoost_T,9,OK,0.9464285714285714,0.9972789115646258,0.9398395721925134,0.9476190476190476,0.9433771486349849,0.8874245216579992,,166.1,False,0.970873786407767,0.9902912621359223,40,False
42,wdbc,EBM_T,0,OK,0.9824561403508771,1.0,0.9864864864864865,0.9761904761904762,0.9809555629802873,0.962621902223779,,308.6,True,0.9805825242718447,0.9805825242718447,40,False
42,wdbc,EBM_T,1,OK,0.9473684210526315,0.996031746031746,0.9479729729729729,0.9384920634920635,0.942866688940862,0.8864143349643965,,376.9,False,0.9611650485436893,0.9805825242718447,40,False
42,wdbc,EBM_T,2,OK,0.9473684210526315,0.9986772486772486,0.9615384615384616,0.9285714285714286,0.9415384615384615,0.8894991799933214,,136.6,False,0.9805825242718447,0.9902912621359223,40,False
42,wdbc,EBM_T,3,OK,1.0,1.0,1.0,1.0,1.0,1.0,,442.1,False,0.9902912621359223,1.0,40,False
42,wdbc,EBM_T,4,OK,0.9473684210526315,0.9629629629629629,0.9479729729729729,0.9384920634920635,0.942866688940862,0.8864143349643965,,180.9,False,0.9902912621359223,1.0,40,False
42,wdbc,EBM_T,5,OK,0.9649122807017544,0.9947089947089947,0.9736842105263157,0.9523809523809523,0.9614864864864865,0.9258200997725514,,119.5,False,0.970873786407767,0.9902912621359223,40,False
42,wdbc,EBM_T,6,OK,0.9824561403508771,0.9933862433862435,0.9864864864864865,0.9761904761904762,0.9809555629802873,0.962621902223779,,117.1,False,0.9611650485436893,0.9805825242718447,40,False
42,wdbc,EBM_T,7,OK,0.9649122807017544,0.9805194805194806,0.972972972972973,0.9545454545454546,0.9623015873015872,0.9273353546322172,,499.3,True,0.9805825242718447,0.9805825242718447,40,False
42,wdbc,EBM_T,8,OK,0.9649122807017544,1.0,0.9583333333333333,0.9714285714285714,0.9635549872122762,0.9296696802013683,,1133.5,True,0.9805825242718447,0.9805825242718447,40,False
42,wdbc,EBM_T,9,OK,0.9642857142857143,0.9972789115646259,0.9619047619047618,0.9619047619047618,0.9619047619047618,0.9238095238095239,,126.3,False,0.970873786407767,0.9805825242718447,40,False
42,wdbc,FIGS_T,0,OK,0.9824561403508771,1.0,0.9864864864864865,0.9761904761904762,0.9809555629802873,0.962621902223779,,1.8,False,0.912621359223301,0.9320388349514563,40,False
42,wdbc,FIGS_T,1,OK,0.9473684210526315,0.9484126984126984,0.9402597402597402,0.9484126984126984,0.9439895185063871,0.8886350389948482,,1.5,False,0.883495145631068,0.8932038834951457,40,False
42,wdbc,FIGS_T,2,OK,0.9122807017543859,0.8571428571428571,0.9390243902439024,0.8809523809523809,0.8999648999648999,0.8179178119091964,,1.6,False,0.9902912621359223,1.0,40,False
42,wdbc,FIGS_T,3,OK,0.9122807017543859,0.9285714285714285,0.9015151515151516,0.9206349206349206,0.9082125603864735,0.8219277191853159,,2.1,False,0.9514563106796117,0.9611650485436893,40,False
42,wdbc,FIGS_T,4,OK,0.8596491228070176,0.8492063492063492,0.8492063492063492,0.8492063492063492,0.8492063492063492,0.6984126984126984,,1.8,False,0.941747572815534,0.9611650485436893,40,False
42,wdbc,FIGS_T,5,OK,0.9122807017543859,0.863095238095238,0.9032467532467532,0.9107142857142857,0.9066491975106452,0.8139267835041308,,2.0,False,0.883495145631068,0.9223300970873787,40,False
42,wdbc,FIGS_T,6,OK,0.9473684210526315,0.8961640211640212,0.9479729729729729,0.9384920634920635,0.942866688940862,0.8864143349643965,,1.8,True,0.9320388349514563,0.9320388349514563,40,False
42,wdbc,FIGS_T,7,OK,0.9298245614035088,0.935064935064935,0.9259740259740259,0.9259740259740259,0.9259740259740259,0.8519480519480519,,1.6,False,0.9320388349514563,0.9805825242718447,40,False
42,wdbc,FIGS_T,8,OK,0.9122807017543859,0.9201298701298701,0.9043749999999999,0.9201298701298701,0.909495077802477,0.8243543321503594,,2.3,False,0.9320388349514563,0.9611650485436893,40,False
42,wdbc,FIGS_T,9,OK,0.9464285714285714,0.9272108843537415,0.9605263157894737,0.9285714285714286,0.9409905163329821,0.8885233166386385,,1.9,False,0.9223300970873787,0.941747572815534,40,False
42,wdbc,LightGBM_T,0,OK,0.9649122807017544,0.9973544973544973,0.9623015873015872,0.9623015873015872,0.9623015873015872,0.9246031746031746,,3.3,False,0.9611650485436893,0.9805825242718447,40,False
42,wdbc,LightGBM_T,1,OK,0.9649122807017544,1.0,0.9736842105263157,0.9523809523809523,0.9614864864864865,0.9258200997725514,,2.7,False,0.9223300970873787,0.970873786407767,40,False
42,wdbc,LightGBM_T,2,OK,0.9473684210526315,1.0,0.9615384615384616,0.9285714285714286,0.9415384615384615,0.8894991799933214,,3.4,False,0.9611650485436893,1.0,40,False
42,wdbc,LightGBM_T,3,OK,0.9824561403508771,1.0,0.9772727272727273,0.9861111111111112,0.981329839502129,0.9633432944855655,,3.1,False,0.9805825242718447,1.0,40,False
42,wdbc,LightGBM_T,4,OK,0.9298245614035088,0.9735449735449735,0.9246031746031746,0.9246031746031746,0.9246031746031746,0.8492063492063492,,3.4,True,0.9902912621359223,0.9805825242718447,40,False
42,wdbc,LightGBM_T,5,OK,0.9473684210526315,0.996031746031746,0.9479729729729729,0.9384920634920635,0.942866688940862,0.8864143349643965,,4.6,False,0.970873786407767,0.9902912621359223,40,False
42,wdbc,LightGBM_T,6,OK,0.9824561403508771,0.9841269841269842,0.9864864864864865,0.9761904761904762,0.9809555629802873,0.962621902223779,,1.9,False,0.9514563106796117,0.9902912621359223,40,False
42,wdbc,LightGBM_T,7,OK,0.9473684210526315,0.9818181818181818,0.9605263157894737,0.9318181818181819,0.942866688940862,0.8918825850158447,,3.9,False,0.970873786407767,0.9805825242718447,40,False
42,wdbc,LightGBM_T,8,OK,0.9473684210526315,1.0,0.94,0.9571428571428571,0.9456970466814862,0.896979056930221,,3.7,False,0.9805825242718447,1.0,40,False
42,wdbc,LightGBM_T,9,OK,0.9642857142857143,0.9972789115646258,0.9619047619047618,0.9619047619047618,0.9619047619047618,0.9238095238095239,,4.7,False,0.9805825242718447,0.9902912621359223,40,False
42,wdbc,RuleFit_T,0,OK,0.9649122807017544,0.9986772486772486,0.9623015873015872,0.9623015873015872,0.9623015873015872,0.9246031746031746,,93.4,False,0.912621359223301,0.9805825242718447,40,False
42,wdbc,RuleFit_T,1,OK,0.9824561403508771,0.9986772486772486,0.9772727272727273,0.9861111111111112,0.981329839502129,0.9633432944855655,,86.7,True,0.941747572815534,0.941747572815534,40,False
42,wdbc,RuleFit_T,2,OK,0.9824561403508771,0.9986772486772486,0.9864864864864865,0.9761904761904762,0.9809555629802873,0.962621902223779,,76.8,False,0.9320388349514563,0.9902912621359223,40,False
42,wdbc,RuleFit_T,3,OK,1.0,1.0,1.0,1.0,1.0,1.0,,91.9,False,0.970873786407767,1.0,40,False
42,wdbc,RuleFit_T,4,OK,0.9473684210526315,0.9748677248677249,0.9479729729729729,0.9384920634920635,0.942866688940862,0.8864143349643965,,112.6,False,0.9805825242718447,0.9902912621359223,40,False
42,wdbc,RuleFit_T,5,OK,0.9649122807017544,0.9973544973544973,0.9623015873015872,0.9623015873015872,0.9623015873015872,0.9246031746031746,,81.2,False,0.9514563106796117,0.9902912621359223,40,False
42,wdbc,RuleFit_T,6,OK,0.9824561403508771,0.9933862433862435,0.9864864864864865,0.9761904761904762,0.9809555629802873,0.962621902223779,,76.0,False,0.9320388349514563,0.9805825242718447,40,False
42,wdbc,RuleFit_T,7,OK,0.9473684210526315,0.987012987012987,0.9605263157894737,0.9318181818181819,0.942866688940862,0.8918825850158447,,94.3,False,0.9611650485436893,0.9902912621359223,40,False
42,wdbc,RuleFit_T,8,OK,0.9473684210526315,0.9935064935064936,0.9418158567774936,0.9487012987012987,0.9449275362318841,0.8904905361044291,,100.1,False,0.9902912621359223,1.0,40,False
42,wdbc,RuleFit_T,9,OK,0.9464285714285714,0.9972789115646258,0.9398395721925134,0.9476190476190476,0.9433771486349849,0.8874245216579992,,81.9,False,0.970873786407767,0.9902912621359223,40,False
42,wdbc,XGBoost_T,0,OK,0.9649122807017544,0.9986772486772486,0.9623015873015872,0.9623015873015872,0.9623015873015872,0.9246031746031746,,8.1,False,0.9611650485436893,0.9805825242718447,40,False
42,wdbc,XGBoost_T,1,OK,0.9824561403508771,0.996031746031746,0.9864864864864865,0.9761904761904762,0.9809555629802873,0.962621902223779,,6.5,False,0.912621359223301,0.9611650485436893,40,False
42,wdbc,XGBoost_T,2,OK,0.9649122807017544,1.0,0.9736842105263157,0.9523809523809523,0.9614864864864865,0.9258200997725514,,16.9,False,0.9805825242718447,0.9902912621359223,40,False
42,wdbc,XGBoost_T,3,OK,1.0,1.0,1.0,1.0,1.0,1.0,,10.3,False,0.9611650485436893,1.0,40,False
42,wdbc,XGBoost_T,4,OK,0.9473684210526315,0.9656084656084656,0.9479729729729729,0.9384920634920635,0.942866688940862,0.8864143349643965,,9.0,False,0.970873786407767,0.9902912621359223,40,False
42,wdbc,XGBoost_T,5,OK,0.9473684210526315,0.9907407407407407,0.9479729729729729,0.9384920634920635,0.942866688940862,0.8864143349643965,,12.3,False,0.970873786407767,0.9805825242718447,40,False
42,wdbc,XGBoost_T,6,OK,0.9649122807017544,0.9920634920634921,0.9623015873015872,0.9623015873015872,0.9623015873015872,0.9246031746031746,,6.1,False,0.9611650485436893,0.9805825242718447,40,False
42,wdbc,XGBoost_T,7,OK,0.9473684210526315,0.9792207792207792,0.9605263157894737,0.9318181818181819,0.942866688940862,0.8918825850158447,,7.6,False,0.9611650485436893,0.9902912621359223,40,False
42,wdbc,XGBoost_T,8,OK,0.9649122807017544,1.0,0.9583333333333333,0.9714285714285714,0.9635549872122762,0.9296696802013683,,9.3,False,0.9902912621359223,1.0,40,False
42,wdbc,XGBoost_T,9,OK,0.9642857142857143,0.9972789115646258,0.9619047619047618,0.9619047619047618,0.9619047619047618,0.9238095238095239,,10.1,False,0.9611650485436893,0.9902912621359223,40,False
42,wine-quality,CatBoost_T,0,PARTIAL,0.6448979591836734,nan,0.48204630428530343,0.4052192621894475,0.425751539109853,0.45929319135696123,,508.0,False,0.6428571428571429,0.6575963718820862,40,False
42,wine-quality,CatBoost_T,1,PARTIAL,0.710204081632653,nan,0.5785283366519064,0.4594168925353454,0.49070431808582843,0.5579016175617887,,1263.4,False,0.6394557823129252,0.6655328798185941,40,False
42,wine-quality,CatBoost_T,2,PARTIAL,0.7244897959183674,nan,0.5995772157826952,0.4704006768154841,0.5007549516211054,0.58076447879463,,624.0,False,0.6621315192743764,0.699546485260771,40,False
42,wine-quality,CatBoost_T,3,OK,0.6979591836734694,0.8559136975067935,0.496920761428497,0.40432962631238495,0.43362074815068813,0.5415641844377077,,715.6,False,0.655328798185941,0.6825396825396826,40,False
42,wine-quality,CatBoost_T,4,OK,0.7081632653061225,0.8805806458402982,0.5175697581962414,0.3658624421555456,0.39249817898296147,0.5524378117678472,,606.5,False,0.6439909297052154,0.6746031746031746,40,False
42,wine-quality,CatBoost_T,5,OK,0.6857142857142857,0.8357660310716408,0.5073700437341001,0.39799949244953275,0.4295732744722662,0.5202546253394194,,947.3,False,0.6417233560090703,0.6848072562358276,40,False
42,wine-quality,CatBoost_T,6,OK,0.6857142857142857,0.9156612211214726,0.5266935055816305,0.40925049970174865,0.4462501429490347,0.5210673946044952,,619.7,False,0.6519274376417233,0.691609977324263,40,False
42,wine-quality,CatBoost_T,7,OK,0.6938775510204082,0.8677448564414109,0.49859495103288154,0.3886310003453436,0.4202951042758727,0.5316696887114029,,1156.4,False,0.626984126984127,0.6746031746031746,40,False
42,wine-quality,CatBoost_T,8,PARTIAL,0.689161554192229,nan,0.6298760882094215,0.4420370607769883,0.48102772824108536,0.5226580248843383,,725.4,False,0.6326530612244898,0.6780045351473923,40,False
42,wine-quality,CatBoost_T,9,PARTIAL,0.689161554192229,nan,0.6224705168691681,0.4819225697751081,0.52784506085108,0.5235188965507037,,643.9,False,0.655328798185941,0.6893424036281179,40,False
42,wine-quality,EBM_T,0,PARTIAL,0.5755102040816327,nan,0.38157513005202076,0.31060606060606066,0.3226279782359046,0.3403147789877814,,960.1,False,0.5793650793650794,0.5884353741496599,40,False
42,wine-quality,EBM_T,1,PARTIAL,0.5938775510204082,nan,0.5604784665418351,0.3294815262482466,0.35099747194703373,0.36755020102635083,,430.5,False,0.5476190476190477,0.562358276643991,40,False
42,wine-quality,EBM_T,2,PARTIAL,0.6081632653061224,nan,0.47981155642445966,0.3612308002267434,0.38266252738000084,0.3940749571486054,,240.1,False,0.5657596371882087,0.5895691609977324,40,False
42,wine-quality,EBM_T,3,OK,0.5693877551020409,0.8499048837057411,0.46019217570350035,0.2831871672388914,0.3073434781651215,0.32876396921522744,,415.3,False,0.546485260770975,0.5929705215419501,40,False
42,wine-quality,EBM_T,4,OK,0.5857142857142857,0.8123791365072497,0.4499972176981931,0.2738903816490023,0.28807113182943483,0.3542227311497943,,357.0,False,0.5736961451247166,0.5816326530612245,40,False
42,wine-quality,EBM_T,5,OK,0.6122448979591837,0.8076487974740312,0.4788443006936295,0.3250336186778572,0.3607170249105733,0.3990379519124016,,809.4,True,0.5941043083900227,0.5895691609977324,40,False
42,wine-quality,EBM_T,6,OK,0.5775510204081633,0.7965758896714082,0.49412428459607,0.26463001140680437,0.28423064771051804,0.3336660745420464,,676.8,False,0.5634920634920635,0.5850340136054422,40,False
42,wine-quality,EBM_T,7,OK,0.6244897959183674,0.6984330753016236,0.4433426168470301,0.3357363929382463,0.3663351088235881,0.42059661626589745,,356.5,False,0.5736961451247166,0.5861678004535147,40,False
42,wine-quality,EBM_T,8,PARTIAL,0.5828220858895705,nan,0.4441135229121095,0.2676673346798246,0.282631771762192,0.34813559573248426,,567.8,False,0.5408163265306123,0.5600907029478458,40,False
42,wine-quality,EBM_T,9,PARTIAL,0.5991820040899796,nan,0.5478809408259777,0.3617073230288379,0.3955468556674557,0.375974703815114,,1722.1,False,0.5668934240362812,0.5827664399092971,40,False
42,wine-quality,FIGS_T,0,PARTIAL,0.5326530612244897,nan,0.2939119504161032,0.26510921927924347,0.27408341555896976,0.2873489661213926,,166.4,False,0.536281179138322,0.5476190476190477,40,False
42,wine-quality,FIGS_T,1,PARTIAL,0.5857142857142857,nan,0.4431373836891079,0.37584649883199434,0.39681246361908595,0.36918946860913887,,151.1,False,0.5158730158730159,0.5589569160997733,40,False
42,wine-quality,FIGS_T,2,PARTIAL,0.5673469387755102,nan,0.34171122840004226,0.28697303372759764,0.3041320157694397,0.33467449525123905,,154.3,False,0.5113378684807256,0.564625850340136,40,False
42,wine-quality,FIGS_T,3,OK,0.5795918367346938,0.5977954987831166,0.45107805208597435,0.4088638851569886,0.4107286350128344,0.3561233797071162,,140.2,False,0.5272108843537415,0.5657596371882087,40,False
42,wine-quality,FIGS_T,4,OK,0.5877551020408164,0.6020181307928075,0.3253156254821437,0.26809100860824997,0.2786964262495913,0.35910710642108506,,127.0,False,0.5374149659863946,0.5782312925170068,40,False
42,wine-quality,FIGS_T,5,OK,0.5816326530612245,0.6287289720420596,0.3800750558525993,0.30201097250855513,0.3243637805755932,0.3545510885776615,,160.7,False,0.5351473922902494,0.5952380952380952,40,False
42,wine-quality,FIGS_T,6,OK,0.5448979591836735,0.6224700787804398,0.3927278683376244,0.24884506106303042,0.26454143692875526,0.28443990555108184,,72.0,False,0.5453514739229025,0.5850340136054422,40,False
42,wine-quality,FIGS_T,7,OK,0.5346938775510204,0.7182259669026936,0.28346745202145895,0.24768907563025208,0.2576487071654358,0.2780703819614522,,113.2,False,0.5158730158730159,0.5668934240362812,40,False
42,wine-quality,FIGS_T,8,PARTIAL,0.5603271983640081,nan,0.43616278081504056,0.3180585060923498,0.34471659315688313,0.30985810354022975,,129.0,False,0.5090702947845805,0.5600907029478458,40,False
42,wine-quality,FIGS_T,9,PARTIAL,0.5623721881390593,nan,0.33641942918443624,0.30575965130759647,0.31193658252152423,0.3133513899624186,,120.0,False,0.5294784580498866,0.562358276643991,40,False
42,wine-quality,LightGBM_T,0,PARTIAL,0.6836734693877551,nan,0.6228667628667629,0.45872182067790446,0.5017929351262685,0.5176814155542462,,141.6,False,0.6485260770975056,0.6666666666666666,40,False
42,wine-quality,LightGBM_T,1,PARTIAL,0.7224489795918367,nan,0.59770930137768,0.45812255648073535,0.49553756352630357,0.5763823322025885,,210.9,False,0.6462585034013606,0.6609977324263039,40,False
42,wine-quality,LightGBM_T,2,PARTIAL,0.7224489795918367,nan,0.6237305638384775,0.48354300271135964,0.5246779632484228,0.576999854963079,,142.6,False,0.6666666666666666,0.6904761904761905,40,False
42,wine-quality,LightGBM_T,3,OK,0.7040816326530612,0.9282832195068583,0.5646190877717971,0.4092992735234115,0.4531479642666742,0.5473267796853141,,141.6,False,0.6587301587301587,0.6723356009070295,40,False
42,wine-quality,LightGBM_T,4,OK,0.7244897959183674,0.9096435118332049,0.5379019047028717,0.3892950440364234,0.42342441176668094,0.5789740979749413,,139.8,False,0.6746031746031746,0.6836734693877551,40,False
42,wine-quality,LightGBM_T,5,OK,0.673469387755102,0.8121194766000556,0.5817437957725727,0.36035311384827906,0.3937015636794684,0.49506245109342395,,101.9,False,0.6723356009070295,0.6848072562358276,40,False
42,wine-quality,LightGBM_T,6,OK,0.6959183673469388,0.8969383955068946,0.5860109159943047,0.4070337599547914,0.4532073910306193,0.5346040578003107,,134.5,False,0.6609977324263039,0.6802721088435374,40,False
42,wine-quality,LightGBM_T,7,OK,0.6877551020408164,0.7855758159836448,0.5291753032844894,0.39136850256914724,0.4300480048650285,0.5210653597859054,,74.5,False,0.6428571428571429,0.6666666666666666,40,False
42,wine-quality,LightGBM_T,8,PARTIAL,0.6789366053169734,nan,0.5532076101258491,0.43371929406881055,0.4672772590257599,0.5074282390629403,,95.0,False,0.6530612244897959,0.671201814058957,40,False
42,wine-quality,LightGBM_T,9,PARTIAL,0.7075664621676891,nan,0.6473002166875522,0.502790088638195,0.5520694689784819,0.5525167785134316,,192.9,False,0.6609977324263039,0.6689342403628118,40,False
42,wine-quality,RuleFit_T,0,PARTIAL,0.5836734693877551,nan,0.4693897234043219,0.2856965776486324,0.29114277972694075,0.34186196274446656,,2902.7,False,0.5510204081632653,0.5578231292517006,40,False
42,wine-quality,RuleFit_T,1,PARTIAL,0.5755102040816327,nan,0.3416810565903342,0.24950553073034945,0.2591869696564142,0.3319435449997857,,3515.5,False,0.528344671201814,0.5555555555555556,40,False
42,wine-quality,RuleFit_T,2,PARTIAL,0.5857142857142857,nan,0.4943141537192508,0.32986209286919227,0.3567874486297973,0.35238456549347097,,3845.3,False,0.5487528344671202,0.590702947845805,40,False
42,wine-quality,RuleFit_T,3,OK,0.5224489795918368,0.7044512492383659,0.35108350586611453,0.3035309996516893,0.2976740923691407,0.2539621546218174,,3417.4,False,0.5385487528344671,0.5612244897959183,40,False
42,wine-quality,RuleFit_T,4,OK,0.5653061224489796,0.7689176849565703,0.4367913016055832,0.24931022043091008,0.26142915139379097,0.3136264731827491,,2399.5,False,0.5430839002267573,0.5759637188208617,40,False
42,wine-quality,RuleFit_T,5,OK,0.5795918367346938,0.7649500668409607,0.4813578062804069,0.263317967286541,0.2837312221732394,0.3394839483133346,,3508.1,False,0.5351473922902494,0.5929705215419501,40,False
42,wine-quality,RuleFit_T,6,OK,0.5469387755102041,0.8175201179169163,0.3750318405089446,0.22824858461441863,0.2321257777564471,0.27785151565584976,,2955.3,False,0.5668934240362812,0.5827664399092971,40,False
42,wine-quality,RuleFit_T,7,OK,0.5653061224489796,0.718430953189292,0.3475619857722757,0.2593110656466821,0.27371361334870903,0.31577236858702906,,2537.5,False,0.5249433106575964,0.5600907029478458,40,False
42,wine-quality,RuleFit_T,8,PARTIAL,0.5623721881390593,nan,0.3680128205128206,0.27860886259858864,0.2855451484121467,0.30574087264672467,,2822.0,False,0.5249433106575964,0.5566893424036281,40,False
42,wine-quality,RuleFit_T,9,PARTIAL,0.5930470347648262,nan,0.5515714134085898,0.34922288965399356,0.38370700354658593,0.36254190874562026,,3045.7,False,0.5374149659863946,0.5736961451247166,40,False
42,wine-quality,XGBoost_T,0,PARTIAL,0.6857142857142857,nan,0.5708689090452405,0.4591023381817097,0.4940763295182175,0.5222038479074654,,117.4,False,0.6349206349206349,0.6621315192743764,40,False
42,wine-quality,XGBoost_T,1,PARTIAL,0.7204081632653061,nan,0.5468108453932183,0.42170564088372303,0.4537481889307447,0.57247340383654,,121.0,False,0.6383219954648526,0.6655328798185941,40,False
42,wine-quality,XGBoost_T,2,PARTIAL,0.726530612244898,nan,0.5823537408724123,0.4956327132037071,0.5279695204771606,0.5847097587695792,,125.5,False,0.6609977324263039,0.6904761904761905,40,False
42,wine-quality,XGBoost_T,3,OK,0.7061224489795919,0.9276462442715071,0.5517649846008055,0.4013335323680151,0.4442344044114154,0.549513730917994,,183.7,False,0.6485260770975056,0.68140589569161,40,False
42,wine-quality,XGBoost_T,4,OK,0.7285714285714285,0.8871701037391079,0.5483491841522151,0.3816427825048515,0.41359201334932194,0.5845312370718193,,117.8,False,0.671201814058957,0.6882086167800453,40,False
42,wine-quality,XGBoost_T,5,OK,0.6816326530612244,0.8750666793504703,0.46500634628644744,0.3963716682189688,0.420938159920334,0.5153705752225692,,158.2,False,0.6678004535147393,0.6825396825396826,40,False
42,wine-quality,XGBoost_T,6,OK,0.7020408163265306,0.8884370939119656,0.5734459167690471,0.4147744278284165,0.4611413777606468,0.5436227229091469,,150.7,False,0.6530612244897959,0.6836734693877551,40,False
42,wine-quality,XGBoost_T,7,OK,0.7020408163265306,0.8379388083537413,0.579308118781803,0.3870031761147797,0.4290585058963373,0.5427601457879122,,218.8,False,0.6473922902494331,0.6689342403628118,40,False
42,wine-quality,XGBoost_T,8,PARTIAL,0.6809815950920245,nan,0.6605963804713805,0.42363471540546477,0.46644098105091225,0.5081297224422645,,129.4,False,0.6643990929705216,0.6746031746031746,40,False
42,wine-quality,XGBoost_T,9,PARTIAL,0.7014314928425358,nan,0.625965067138148,0.4770065685053598,0.5255118227000826,0.5416011702412135,,232.3,False,0.63718820861678,0.6802721088435374,40,False
43,balance-scale,CatBoost_T,0,OK,0.873015873015873,0.9418526031102097,0.693295019157088,0.6873563218390805,0.6893088295776783,0.7751936946162259,,4.9,False,0.8849557522123894,0.9203539823008849,40,False
43,balance-scale,CatBoost_T,1,OK,0.8888888888888888,0.8623394185260311,0.5946585530764029,0.6436781609195402,0.6172231344645137,0.8053868938657187,,4.8,False,0.8584070796460177,0.911504424778761,40,False
43,balance-scale,CatBoost_T,2,OK,0.9523809523809523,0.9793103448275863,0.9673835125448029,0.7999999999999999,0.8403820285176217,0.9172293025456485,,4.8,False,0.911504424778761,0.9469026548672567,40,False
43,balance-scale,CatBoost_T,3,OK,0.8888888888888888,0.9035835023664638,0.5976190476190476,0.6436781609195402,0.6178728070175438,0.8078486017783439,,5.4,False,0.8761061946902655,0.9203539823008849,40,False
43,balance-scale,CatBoost_T,4,OK,0.9047619047619048,0.9644354293441514,0.7655172413793103,0.7655172413793103,0.7655172413793103,0.8328912466843501,,4.1,False,0.9203539823008849,0.9380530973451328,40,False
43,balance-scale,CatBoost_T,5,OK,0.967741935483871,0.985632183908046,0.978494623655914,0.8333333333333334,0.8777777777777778,0.9429528163126752,,6.0,False,0.8672566371681416,0.9203539823008849,40,False
43,balance-scale,CatBoost_T,6,OK,0.9193548387096774,0.9660818713450293,0.6138888888888889,0.6666666666666666,0.6387947269303201,0.8614167945618462,,3.6,False,0.8849557522123894,0.9203539823008849,40,False
43,balance-scale,CatBoost_T,7,OK,0.8870967741935484,0.8796623643132664,0.5923611111111111,0.6432676518883416,0.6163841807909605,0.8010006845360153,,5.4,False,0.8584070796460177,0.8938053097345132,40,False
43,balance-scale,CatBoost_T,8,OK,0.9193548387096774,0.968421052631579,0.6138888888888889,0.6666666666666666,0.6387947269303201,0.8614167945618462,,5.4,False,0.8938053097345132,0.9203539823008849,40,False
43,balance-scale,CatBoost_T,9,OK,0.9193548387096774,0.9649306282486596,0.8103448275862069,0.8317733990147783,0.8190362269309638,0.8615045503571312,,5.8,False,0.8849557522123894,0.9380530973451328,40,False
43,balance-scale,EBM_T,0,OK,0.9682539682539683,1.0,0.9047619047619048,0.9770114942528737,0.9327485380116959,0.9468641529479986,,223.9,True,0.9911504424778761,0.9911504424778761,40,False
43,balance-scale,EBM_T,1,OK,0.9682539682539683,0.9977011494252874,0.9047619047619048,0.9770114942528737,0.9327485380116959,0.9468641529479986,,250.7,True,0.9911504424778761,0.9734513274336283,40,False
43,balance-scale,EBM_T,2,OK,0.9841269841269841,0.9977011494252874,0.9444444444444445,0.9885057471264368,0.9638490164805954,0.9729158085985287,,198.7,True,0.9911504424778761,0.9911504424778761,40,False
43,balance-scale,EBM_T,3,OK,1.0,1.0,1.0,1.0,1.0,1.0,,200.7,True,0.9823008849557522,0.9823008849557522,40,False
43,balance-scale,EBM_T,4,OK,1.0,1.0,1.0,1.0,1.0,1.0,,235.2,True,0.9911504424778761,0.9911504424778761,40,False
43,balance-scale,EBM_T,5,OK,0.9838709677419355,0.9985632183908045,0.9888888888888889,0.9166666666666666,0.9467312348668281,0.9712994641252725,,223.6,False,0.9823008849557522,0.9911504424778761,40,False
43,balance-scale,EBM_T,6,OK,1.0,1.0,1.0,1.0,1.0,1.0,,143.6,False,0.9469026548672567,0.9734513274336283,40,False
43,balance-scale,EBM_T,7,OK,1.0,1.0,1.0,1.0,1.0,1.0,,222.1,True,0.9646017699115044,0.9646017699115044,40,False
43,balance-scale,EBM_T,8,OK,0.967741935483871,0.9953216374269006,0.9047619047619048,0.9766009852216749,0.9325358851674642,0.9461167392853528,,220.0,True,0.9911504424778761,0.9911504424778761,40,False
43,balance-scale,EBM_T,9,OK,0.9516129032258065,0.9988304093567252,0.875,0.9646962233169131,0.9048832908482031,0.9210500684297052,,432.1,True,0.9911504424778761,0.9911504424778761,40,False
43,balance-scale,FIGS_T,0,OK,0.8095238095238095,0.7709939148073023,0.5504201680672268,0.5862068965517241,0.5664160401002506,0.6583227098898807,,14.4,False,0.831858407079646,0.8849557522123894,40,False
43,balance-scale,FIGS_T,1,OK,0.8412698412698413,0.7408384043272481,0.5801005747126436,0.6091954022988505,0.5939325419257585,0.7157620211606373,,11.8,True,0.8672566371681416,0.8672566371681416,40,False
43,balance-scale,FIGS_T,2,OK,0.8571428571428571,0.8392832995267073,0.5905172413793104,0.6206896551724138,0.6048615036743924,0.7446677950921246,,12.8,False,0.8407079646017699,0.8495575221238938,40,False
43,balance-scale,FIGS_T,3,OK,0.8412698412698413,0.822447599729547,0.5907738095238095,0.6091954022988505,0.5991755344645767,0.7179393267742012,,26.0,True,0.8495575221238938,0.8495575221238938,40,False
43,balance-scale,FIGS_T,4,OK,0.8888888888888888,0.7876267748478701,0.5963488843813387,0.6436781609195402,0.6181353767560664,0.8053868938657187,,12.3,True,0.8761061946902655,0.8672566371681416,40,False
43,balance-scale,FIGS_T,5,OK,0.8709677419354839,0.7693747823058169,0.5848324514991182,0.6206896551724138,0.5997023809523809,0.769636998579518,,14.6,False,0.8495575221238938,0.8584070796460177,40,False
43,balance-scale,FIGS_T,6,OK,0.8709677419354839,0.9566050918525031,0.6,0.6317733990147784,0.6154295733489188,0.7695219375487934,,10.9,True,0.8761061946902655,0.8761061946902655,40,False
43,balance-scale,FIGS_T,7,OK,0.7580645161290323,0.7816736082322716,0.5263748597081931,0.5500821018062397,0.5361046057767369,0.5683099544465969,,25.7,False,0.8141592920353983,0.8230088495575221,40,False
43,balance-scale,FIGS_T,8,OK,0.8870967741935484,0.9017306350577409,0.5923611111111111,0.6432676518883416,0.6163841807909605,0.8010006845360153,,21.6,True,0.9026548672566371,0.9026548672566371,40,False
43,balance-scale,FIGS_T,9,OK,0.7903225806451613,0.7556080775267815,0.528747795414462,0.5722495894909688,0.5479166666666667,0.6221962670571586,,14.3,False,0.8672566371681416,0.8849557522123894,40,False
43,balance-scale,LightGBM_T,0,OK,0.9047619047619048,0.9699121027721432,0.6129032258064516,0.6551724137931035,0.6333333333333333,0.8311289299000418,,5.4,False,0.8584070796460177,0.9469026548672567,40,False
43,balance-scale,LightGBM_T,1,OK,0.9365079365079365,0.987762001352265,0.8844086021505376,0.8436781609195402,0.8608187134502924,0.8886554513021628,,7.3,False,0.831858407079646,0.9646017699115044,40,False
43,balance-scale,LightGBM_T,2,OK,0.9841269841269841,0.996551724137931,0.9888888888888889,0.9333333333333332,0.9573132454488387,0.9723450321743318,,6.7,False,0.831858407079646,0.9557522123893806,40,False
43,balance-scale,LightGBM_T,3,OK,0.9206349206349206,0.9708586883029073,0.8099343185550083,0.8321839080459771,0.8194467359621624,0.8626257574213675,,5.0,False,0.8672566371681416,0.9469026548672567,40,False
43,balance-scale,LightGBM_T,4,OK,0.9841269841269841,0.9985125084516566,0.9888888888888889,0.9333333333333332,0.9573132454488387,0.9723450321743318,,5.7,False,0.8672566371681416,0.9557522123893806,40,False
43,balance-scale,LightGBM_T,5,OK,0.9516129032258065,0.9813218390804598,0.9673835125448029,0.75,0.7832391713747646,0.9139967903756415,,6.0,False,0.8849557522123894,0.9203539823008849,40,False
43,balance-scale,LightGBM_T,6,OK,0.9838709677419355,0.9988304093567252,0.9888888888888889,0.9333333333333332,0.9573132454488387,0.9719410039857248,,7.6,False,0.8584070796460177,0.9469026548672567,40,False
43,balance-scale,LightGBM_T,7,OK,0.9516129032258065,0.9969605386014054,0.8936781609195402,0.8547619047619047,0.871345029239766,0.9148024955246467,,5.1,False,0.8230088495575221,0.9557522123893806,40,False
43,balance-scale,LightGBM_T,8,OK,0.9032258064516129,0.9802361295395351,0.7651067323481117,0.7651067323481117,0.7649122807017544,0.8309024612579763,,5.8,False,0.8495575221238938,0.9292035398230089,40,False
43,balance-scale,LightGBM_T,9,OK,0.9354838709677419,0.976857504262223,0.8432676518883415,0.8436781609195402,0.8432748538011695,0.8874202370100274,,6.8,False,0.8761061946902655,0.9646017699115044,40,False
43,balance-scale,RuleFit_T,0,OK,0.9682539682539683,0.9958755916159566,0.9218390804597701,0.9218390804597701,0.9218390804597701,0.9442970822281167,,266.5,False,0.911504424778761,1.0,40,False
43,balance-scale,RuleFit_T,1,OK,0.9682539682539683,0.9988505747126437,0.978494623655914,0.8666666666666667,0.9055555555555556,0.9450580240667376,,236.0,False,0.8938053097345132,0.9911504424778761,40,False
43,balance-scale,RuleFit_T,2,OK,1.0,1.0,1.0,1.0,1.0,1.0,,268.2,False,0.9203539823008849,1.0,40,False
43,balance-scale,RuleFit_T,3,OK,0.9206349206349206,0.8025016903313049,0.6176470588235294,0.6666666666666666,0.6402116402116401,0.8650451823002163,,242.2,False,0.8938053097345132,0.9823008849557522,40,False
43,balance-scale,RuleFit_T,4,OK,1.0,1.0,1.0,1.0,1.0,1.0,,267.4,False,0.8584070796460177,0.9911504424778761,40,False
43,balance-scale,RuleFit_T,5,OK,1.0,1.0,1.0,1.0,1.0,1.0,,294.2,False,0.8938053097345132,1.0,40,False
43,balance-scale,RuleFit_T,6,OK,0.9838709677419355,0.9895983427743863,0.9888888888888889,0.9333333333333332,0.9573132454488387,0.9719410039857248,,263.1,False,0.9026548672566371,0.9646017699115044,40,False
43,balance-scale,RuleFit_T,7,OK,1.0,1.0,1.0,1.0,1.0,1.0,,255.2,False,0.8584070796460177,0.9823008849557522,40,False
43,balance-scale,RuleFit_T,8,OK,0.9838709677419355,1.0,0.9888888888888889,0.9333333333333332,0.9573132454488387,0.9719410039857248,,289.7,False,0.9026548672566371,0.9911504424778761,40,False
43,balance-scale,RuleFit_T,9,OK,0.9516129032258065,0.997312508020312,0.8936781609195403,0.8551724137931034,0.8715466827989514,0.9148024955246467,,232.1,False,0.9026548672566371,0.9823008849557522,40,False
43,balance-scale,XGBoost_T,0,OK,0.9047619047619048,0.9459770114942528,0.7810245310245311,0.7103448275862069,0.722855525911553,0.8329732465419497,,7.7,False,0.8761061946902655,0.9292035398230089,40,False
43,balance-scale,XGBoost_T,1,OK,0.9206349206349206,0.9055442866801893,0.6139112903225806,0.6666666666666666,0.6391621129326047,0.8624251504904709,,6.1,False,0.8584070796460177,0.9292035398230089,40,False
43,balance-scale,XGBoost_T,2,OK,0.9523809523809523,0.961392832995267,0.9673835125448029,0.7999999999999999,0.8403820285176217,0.9172293025456485,,6.9,False,0.8938053097345132,0.9380530973451328,40,False
43,balance-scale,XGBoost_T,3,OK,0.9206349206349206,0.965449628127113,0.789605734767025,0.7218390804597702,0.733844498251278,0.8594727347691609,,6.5,False,0.8849557522123894,0.9203539823008849,40,False
43,balance-scale,XGBoost_T,4,OK,0.9841269841269841,0.9977011494252874,0.9888888888888889,0.9333333333333332,0.9573132454488387,0.9723450321743318,,7.5,False,0.8849557522123894,0.9469026548672567,40,False
43,balance-scale,XGBoost_T,5,OK,0.9354838709677419,0.9572884012539186,0.6243055555555556,0.6666666666666666,0.6446235065295916,0.8857766226454756,,7.7,False,0.9026548672566371,0.9203539823008849,40,False
43,balance-scale,XGBoost_T,6,OK,0.9354838709677419,0.9730994152046785,0.9562724014336917,0.7333333333333334,0.7551724137931034,0.8881183546067625,,6.5,False,0.8849557522123894,0.9292035398230089,40,False
43,balance-scale,XGBoost_T,7,OK,0.9516129032258065,0.9929824561403509,0.9670003707823508,0.7999999999999999,0.8401837928153717,0.9160289922307746,,6.9,False,0.831858407079646,0.9380530973451328,40,False
43,balance-scale,XGBoost_T,8,OK,0.9193548387096774,0.9373150745201562,0.6138888888888889,0.6666666666666666,0.6387947269303201,0.8614167945618462,,7.9,False,0.8849557522123894,0.9292035398230089,40,False
43,balance-scale,XGBoost_T,9,OK,0.9516129032258065,0.9747419751049516,0.8944444444444445,0.8551724137931034,0.871939736346516,0.9147680037512704,,7.0,False,0.9026548672566371,0.9646017699115044,40,False
43,bank,CatBoost_T,0,OK,0.904,0.9285606060606061,0.7793141592920354,0.7295454545454545,0.7508719481813653,0.5064199666508885,,66.6,False,0.9138888888888889,0.9194444444444444,40,False
43,bank,CatBoost_T,1,OK,0.896,0.9147348484848485,0.766978035849533,0.6602272727272727,0.6947066835752196,0.4136528136602226,,63.9,False,0.9077777777777778,0.9105555555555556,40,False
43,bank,CatBoost_T,2,OK,0.9,0.9267708333333333,0.7677912979351031,0.7200757575757576,0.740491612688922,0.4855280538352578,,73.9,True,0.905,0.905,40,False
43,bank,CatBoost_T,3,OK,0.894,0.9167140151515151,0.7547416430279771,0.6734848484848485,0.70291146761735,0.42044650239234943,,149.9,False,0.9133333333333333,0.9177777777777778,40,False
43,bank,CatBoost_T,4,OK,0.9,0.9232316964243741,0.7746062359369977,0.7008057616186689,0.7294108733534652,0.4696488660800309,,50.9,False,0.91,0.9155555555555556,40,False
43,bank,CatBoost_T,5,OK,0.919,0.942741093842552,0.8368423788729467,0.743684126402091,0.7798763502955364,0.5730031093488277,,81.0,False,0.9055555555555556,0.9105555555555556,40,False
43,bank,CatBoost_T,6,OK,0.918,0.9371468328961349,0.8282662588339768,0.7502421045703702,0.7818568768289439,0.5732226076143759,,68.7,False,0.9083333333333333,0.9094444444444445,40,False
43,bank,CatBoost_T,7,OK,0.912,0.9319850694346505,0.8150464453232779,0.7254487161406181,0.7598148390759422,0.5330171352697713,,97.2,False,0.9088888888888889,0.9116666666666666,40,False
43,bank,CatBoost_T,8,OK,0.896,0.9240120723211012,0.7598496113347599,0.7020938519542305,0.7256342070828585,0.45831870519738244,,60.8,False,0.9055555555555556,0.9105555555555556,40,False
43,bank,CatBoost_T,9,OK,0.895,0.9240026702018636,0.7565839877418119,0.7015250237403511,0.724142279530569,0.45478827698639107,,79.0,False,0.9083333333333333,0.9094444444444445,40,False
43,bank,EBM_T,0,OK,0.901,0.9227651515151516,0.7717217341821674,0.7170454545454545,0.7399055778431078,0.485699360944392,,498.6,False,0.9111111111111111,0.9155555555555556,40,False
43,bank,EBM_T,1,OK,0.902,0.9228125,0.7887864823348694,0.6780303030303031,0.7150334399534749,0.45348757407952006,,165.3,False,0.9072222222222223,0.9094444444444445,40,False
43,bank,EBM_T,2,OK,0.902,0.9212026515151515,0.7825518660659658,0.6924242424242424,0.7253332436462292,0.4663467755792871,,338.1,False,0.9016666666666666,0.9077777777777778,40,False
43,bank,EBM_T,3,OK,0.892,0.8942045454545455,0.750384024577573,0.6543560606060606,0.685955219540564,0.3931833753987328,,161.5,False,0.9083333333333333,0.9127777777777778,40,False
43,bank,EBM_T,4,OK,0.897,0.9122594232740059,0.7703140505516315,0.6741554546394758,0.7073655799417572,0.4339431592697717,,133.4,False,0.9088888888888889,0.9122222222222223,40,False
43,bank,EBM_T,5,OK,0.911,0.9249522842448687,0.8127025878101918,0.7213164847356595,0.7560246826264903,0.5261415684087145,,119.4,False,0.9044444444444445,0.9088888888888889,40,False
43,bank,EBM_T,6,OK,0.909,0.9323047414887315,0.8060603645252139,0.7166154251168213,0.7505420912248384,0.5149656142813362,,162.1,False,0.91,0.9111111111111111,40,False
43,bank,EBM_T,7,OK,0.905,0.9138389793059355,0.7976475279106858,0.6965230963059074,0.7325382681430554,0.48371319515930905,,222.5,False,0.9044444444444445,0.9066666666666666,40,False
43,bank,EBM_T,8,OK,0.918,0.934702281894339,0.8397586552866312,0.7324250886149738,0.7722222222222221,0.5620264604543086,,343.1,False,0.9072222222222223,0.9083333333333333,40,False
43,bank,EBM_T,9,OK,0.905,0.919141774555985,0.7976475279106858,0.6965230963059074,0.7325382681430554,0.48371319515930905,,294.8,False,0.9038888888888889,0.9083333333333333,40,False
43,bank,FIGS_T,0,OK,0.889,0.8725426136363637,0.7362214243402363,0.6850378787878788,0.7059439068133592,0.41813830862129203,,27.5,False,0.8927777777777778,0.9088888888888889,40,False
43,bank,FIGS_T,1,OK,0.889,0.8513304924242424,0.738633090253036,0.6490530303030303,0.6787441501046252,0.3771948315276419,,30.4,False,0.89,0.9011111111111111,40,False
43,bank,FIGS_T,2,OK,0.882,0.8953929924242424,0.7178042294542231,0.6954545454545454,0.7056798794784049,0.4126539793388776,,37.7,False,0.8872222222222222,0.9,40,False
43,bank,FIGS_T,3,OK,0.89,0.8692566287878788,0.7394836523125996,0.6820075757575758,0.7048849587912087,0.41755401562426114,,68.1,False,0.8922222222222222,0.9088888888888889,40,False
43,bank,FIGS_T,4,OK,0.881,0.8280211359640464,0.717244945337892,0.6935614287460393,0.7043265229047558,0.4101231132597021,,34.9,False,0.8877777777777778,0.9022222222222223,40,False
43,bank,FIGS_T,5,OK,0.906,0.8885190721988737,0.800284222819434,0.700655327710866,0.7365441316606689,0.49093229323904236,,49.7,False,0.8933333333333333,0.9005555555555556,40,False
43,bank,FIGS_T,6,OK,0.895,0.8991810754143984,0.7611518994382335,0.6765812014027962,0.7070304325625909,0.4294858142077593,,44.1,False,0.8927777777777778,0.9,40,False
43,bank,FIGS_T,7,OK,0.904,0.9064066040485526,0.7932490045166101,0.695954268092028,0.730938687653449,0.4794304706577092,,55.4,False,0.8922222222222222,0.895,40,False
43,bank,FIGS_T,8,OK,0.901,0.8853552590753957,0.7794914713853021,0.697811186641469,0.7286117256182307,0.47026179777182314,,47.5,False,0.8988888888888888,0.9038888888888889,40,False
43,bank,FIGS_T,9,OK,0.894,0.8840342613225021,0.7526686531721296,0.7080830019086302,0.7271388708697577,0.4585893668207638,,47.4,False,0.8916666666666667,0.9033333333333333,40,False
43,bank,LightGBM_T,0,OK,0.898,0.9223295454545455,0.7644039074960127,0.7009469696969697,0.7263478708791209,0.46100396522095843,,39.9,False,0.905,0.9161111111111111,40,False
43,bank,LightGBM_T,1,OK,0.899,0.9194223484848484,0.7796307849818431,0.665530303030303,0.702092139066929,0.43028998861068574,,20.8,False,0.9016666666666666,0.9088888888888889,40,False
43,bank,LightGBM_T,2,OK,0.899,0.9263352272727273,0.7705571004446594,0.6907196969696969,0.7206850682662286,0.45431516906132596,,32.3,False,0.8966666666666666,0.9027777777777778,40,False
43,bank,LightGBM_T,3,OK,0.9,0.9122253787878788,0.7811059907834101,0.6732954545454546,0.7092177958708927,0.44142673434336266,,40.4,False,0.9116666666666666,0.9183333333333333,40,False
43,bank,LightGBM_T,4,OK,0.9,0.9244069613290836,0.7746062359369977,0.7008057616186689,0.7294108733534652,0.4696488660800309,,37.2,False,0.91,0.915,40,False
43,bank,LightGBM_T,5,OK,0.918,0.9347116840135767,0.8397586552866312,0.7324250886149738,0.7722222222222221,0.5620264604543086,,36.3,False,0.8994444444444445,0.9111111111111111,40,False
43,bank,LightGBM_T,6,OK,0.9,0.9203264415799322,0.7746062359369977,0.7008057616186689,0.7294108733534652,0.4696488660800309,,22.3,False,0.9027777777777778,0.9094444444444445,40,False
43,bank,LightGBM_T,7,OK,0.914,0.9255634219953177,0.8284250960307298,0.7194595661862184,0.7589659076895481,0.5369395835643749,,39.0,False,0.8977777777777778,0.9111111111111111,40,False
43,bank,LightGBM_T,8,OK,0.905,0.9290986188286839,0.7900234084779401,0.7143401122613038,0.7440394879712031,0.4986527847373064,,33.4,False,0.9005555555555556,0.91,40,False
43,bank,LightGBM_T,9,OK,0.906,0.9249804906025818,0.7889533022726465,0.7291625532395002,0.7540580423020167,0.5146543559158311,,44.3,False,0.9061111111111111,0.9072222222222223,40,False
43,bank,RuleFit_T,0,OK,0.898,0.9226420454545454,0.7819148936170213,0.6505681818181819,0.6886446886446886,0.41205539899086896,,647.6,False,0.8922222222222222,0.8994444444444445,40,False
43,bank,RuleFit_T,1,OK,0.895,0.8987784090909091,0.7830925855640642,0.6200757575757576,0.6569871713202073,0.3687414089883857,,491.8,False,0.8911111111111111,0.9033333333333333,40,False
43,bank,RuleFit_T,2,OK,0.895,0.9033428030303031,0.7862129144851657,0.6164772727272727,0.6532078275947486,0.3651700957009281,,589.4,False,0.8933333333333333,0.9005555555555556,40,False
43,bank,RuleFit_T,3,OK,0.885,0.8838920454545455,0.7299142908008851,0.5856060606060606,0.6115901499262022,0.2805855071987861,,451.3,False,0.8927777777777778,0.9061111111111111,40,False
43,bank,RuleFit_T,4,OK,0.89,0.8978835829595991,0.7602420129043781,0.6095958028939723,0.6425972135579123,0.33776579075447427,,470.3,False,0.8955555555555555,0.9038888888888889,40,False
43,bank,RuleFit_T,5,OK,0.897,0.9278011263738847,0.8200842542947806,0.6100141972000489,0.6481267017173467,0.3753068732257196,,760.2,False,0.8894444444444445,0.9011111111111111,40,False
43,bank,RuleFit_T,6,OK,0.9,0.9129645822168317,0.8160567971244224,0.6331011009881627,0.6750883759617384,0.41020730209031137,,549.8,False,0.895,0.9022222222222223,40,False
43,bank,RuleFit_T,7,OK,0.899,0.9138483814251732,0.822074758922358,0.6218420632010455,0.6626935754814967,0.39619315053180537,,483.1,False,0.8955555555555555,0.9027777777777778,40,False
43,bank,RuleFit_T,8,OK,0.894,0.9228744158933424,0.7929754062921235,0.6083077125584107,0.6440038152043955,0.3562667320498555,,511.7,False,0.8883333333333333,0.8988888888888888,40,False
43,bank,RuleFit_T,9,OK,0.895,0.9144783234140975,0.7810370009737098,0.6302569599187657,0.6677961597236064,0.3826592498373593,,499.8,False,0.8955555555555555,0.9005555555555556,40,False
43,bank,XGBoost_T,0,OK,0.897,0.9250852272727271,0.7585230776129777,0.7183712121212121,0.7359238435130846,0.4752010009234077,,27.4,False,0.9016666666666666,0.9166666666666666,40,False
43,bank,XGBoost_T,1,OK,0.908,0.9253598484848484,0.8016304347826086,0.7102272727272727,0.7444444444444445,0.5036305934944355,,19.3,False,0.9022222222222223,0.9105555555555556,40,False
43,bank,XGBoost_T,2,OK,0.901,0.927689393939394,0.7761755856577892,0.6990530303030302,0.7286117256182307,0.4689289379891033,,32.6,False,0.8938888888888888,0.9066666666666666,40,False
43,bank,XGBoost_T,3,OK,0.895,0.9048674242424242,0.7649115590292062,0.6524621212121212,0.6872905963815055,0.401940185715252,,43.6,False,0.91,0.9172222222222223,40,False
43,bank,XGBoost_T,4,OK,0.904,0.9198751398565237,0.7901637582450061,0.7030810744741864,0.7356799083690349,0.48549672624174883,,26.5,False,0.9016666666666666,0.9155555555555556,40,False
43,bank,XGBoost_T,5,OK,0.914,0.9302268731372052,0.8159326089369627,0.7408399853326939,0.7712157488693802,0.5516854353796115,,37.9,False,0.9016666666666666,0.9066666666666666,40,False
43,bank,XGBoost_T,6,OK,0.905,0.9344860331518724,0.7900234084779401,0.7143401122613038,0.7440394879712031,0.4986527847373064,,18.7,False,0.9022222222222223,0.9116666666666666,40,False
43,bank,XGBoost_T,7,OK,0.915,0.924425765567559,0.8199262360446571,0.7414088135465734,0.7729209577926848,0.5558165635026061,,37.2,False,0.8961111111111111,0.91,40,False
43,bank,XGBoost_T,8,OK,0.898,0.9259301046455871,0.7658941718347658,0.7067949115730685,0.730910472331265,0.46898000704663184,,25.6,False,0.9011111111111111,0.9116666666666666,40,False
43,bank,XGBoost_T,9,OK,0.9,0.9228368074163917,0.7767299399508323,0.6936789552365104,0.7246665712177447,0.46301950564674665,,32.6,False,0.9038888888888889,0.9083333333333333,40,False
43,blood,CatBoost_T,0,OK,0.76,0.7056530214424951,0.6335616438356164,0.5190058479532164,0.4807692307692308,0.10076611127003691,,18.4,False,0.7703703703703704,0.7925925925925926,40,False
43,blood,CatBoost_T,1,OK,0.76,0.7295321637426901,0.65,0.5950292397660819,0.6048009367681498,0.23878346647045964,,14.6,False,0.7481481481481481,0.7851851851851852,40,False
43,blood,CatBoost_T,2,OK,0.7733333333333333,0.6920077972709551,0.6792929292929293,0.6038011695906433,0.6160794941282746,0.27284292741384053,,5.4,False,0.7777777777777778,0.8222222222222222,40,False
43,blood,CatBoost_T,3,OK,0.8266666666666667,0.7134502923976609,0.8403361344537814,0.6578947368421052,0.688,0.4636260751400387,,18.4,False,0.7777777777777778,0.7851851851851852,40,False
43,blood,CatBoost_T,4,OK,0.8266666666666667,0.7914230019493178,0.8403361344537814,0.6578947368421052,0.688,0.4636260751400387,,9.7,False,0.7703703703703704,0.7851851851851852,40,False
43,blood,CatBoost_T,5,OK,0.8,0.7738791423001949,0.7424242424242424,0.6403508771929824,0.6612466124661247,0.36891438072857313,,17.8,False,0.7703703703703704,0.7925925925925926,40,False
43,blood,CatBoost_T,6,OK,0.76,0.7115009746588694,0.6335616438356164,0.5190058479532164,0.4807692307692308,0.10076611127003691,,7.0,False,0.7851851851851852,0.8074074074074075,40,False
43,blood,CatBoost_T,7,OK,0.7866666666666666,0.7958089668615984,0.7043650793650793,0.6505847953216374,0.6666666666666667,0.3508519553719527,,7.9,True,0.7851851851851852,0.7851851851851852,40,False
43,blood,CatBoost_T,8,OK,0.7297297297297297,0.6403508771929824,0.5786435786435786,0.5562435500515995,0.5595238095238095,0.1330141955082543,,13.1,False,0.7777777777777778,0.8296296296296296,40,False
43,blood,CatBoost_T,9,OK,0.8513513513513513,0.868937048503612,0.8617424242424243,0.697110423116615,0.7352845528455285,0.5340531894920367,,9.0,False,0.7851851851851852,0.8,40,False
43,blood,EBM_T,0,OK,0.8,0.7037037037037037,0.7424242424242424,0.6403508771929824,0.6612466124661247,0.36891438072857313,,17.7,True,0.7777777777777778,0.7777777777777778,40,False
43,blood,EBM_T,1,OK,0.7866666666666666,0.7353801169590644,0.7693661971830985,0.5745614035087719,0.5738636363636364,0.28343832993998846,,9.2,False,0.7555555555555555,0.8,40,False
43,blood,EBM_T,2,OK,0.76,0.6910331384015594,0.6455223880597014,0.5760233918128654,0.5812655086848635,0.21036259672295876,,26.7,False,0.7777777777777778,0.8074074074074075,40,False
43,blood,EBM_T,3,OK,0.8266666666666667,0.7270955165692008,0.8403361344537814,0.6578947368421052,0.688,0.4636260751400387,,10.7,True,0.7851851851851852,0.7777777777777778,40,False
43,blood,EBM_T,4,OK,0.8133333333333334,0.8021442495126706,0.8224637681159421,0.6301169590643274,0.6527777777777778,0.4096730643606964,,10.5,True,0.762962962962963,0.762962962962963,40,False
43,blood,EBM_T,5,OK,0.76,0.8070175438596491,0.38,0.5,0.4318181818181818,0.0,,12.9,False,0.7777777777777778,0.7925925925925926,40,False
43,blood,EBM_T,6,OK,0.76,0.6949317738791423,0.6413043478260869,0.5570175438596491,0.5535714285714286,0.17951965741648493,,17.1,True,0.8074074074074075,0.8,40,False
43,blood,EBM_T,7,OK,0.7866666666666666,0.7948343079922027,0.7154850746268657,0.6125730994152047,0.6277915632754343,0.31149846053207353,,16.5,False,0.762962962962963,0.7925925925925926,40,False
43,blood,EBM_T,8,OK,0.7432432432432432,0.6155830753353974,0.5984375,0.565015479876161,0.5696357514539332,0.15999951625313868,,15.9,False,0.7777777777777778,0.8148148148148148,40,False
43,blood,EBM_T,9,OK,0.8108108108108109,0.8328173374613003,0.8057971014492754,0.608875128998968,0.6262626262626263,0.3649312201925199,,13.0,False,0.7851851851851852,0.8,40,False
43,blood,FIGS_T,0,OK,0.7466666666666667,0.5623781676413255,0.6339950372208436,0.6052631578947368,0.613716454323665,0.2375267627875967,,5.5,False,0.7555555555555555,0.7703703703703704,40,False
43,blood,FIGS_T,1,OK,0.76,0.611111111111111,0.65,0.5950292397660819,0.6048009367681498,0.23878346647045964,,2.8,False,0.7481481481481481,0.7851851851851852,40,False
43,blood,FIGS_T,2,OK,0.7466666666666667,0.783625730994152,0.6416666666666666,0.6242690058479532,0.6309246309246309,0.2653659799481466,,2.5,False,0.7111111111111111,0.7777777777777778,40,False
43,blood,FIGS_T,3,OK,0.8266666666666667,0.6851851851851852,0.8403361344537814,0.6578947368421052,0.688,0.4636260751400387,,3.0,False,0.762962962962963,0.7777777777777778,40,False
43,blood,FIGS_T,4,OK,0.8266666666666667,0.7412280701754386,0.8055555555555556,0.6769005847953217,0.7064137308039746,0.46498583404330573,,2.5,False,0.762962962962963,0.7703703703703704,40,False
43,blood,FIGS_T,5,OK,0.7466666666666667,0.6242690058479532,0.6257102272727273,0.5862573099415205,0.5939013964092335,0.20826354492980872,,7.2,False,0.7777777777777778,0.8,40,False
43,blood,FIGS_T,6,OK,0.7066666666666667,0.6569200779727096,0.5346153846153846,0.5219298245614035,0.5169789227166276,0.05510387687779838,,2.8,False,0.7777777777777778,0.8074074074074075,40,False
43,blood,FIGS_T,7,OK,0.8,0.8089668615984406,0.7270471464019852,0.6783625730994152,0.6950393060449986,0.4024759036123166,,2.3,False,0.7777777777777778,0.7851851851851852,40,False
43,blood,FIGS_T,8,OK,0.7162162162162162,0.5908152734778122,0.5618279569892473,0.5474716202270382,0.5496957403651115,0.10835263344482587,,3.1,True,0.7851851851851852,0.7851851851851852,40,False
43,blood,FIGS_T,9,OK,0.8513513513513513,0.8864809081527347,0.8617424242424243,0.697110423116615,0.7352845528455285,0.5340531894920367,,3.1,True,0.7777777777777778,0.7777777777777778,40,False
43,blood,LightGBM_T,0,OK,0.76,0.5964912280701754,0.6547619047619048,0.6140350877192983,0.625,0.2656937137768185,,2.2,False,0.7185185185185186,0.7851851851851852,40,False
43,blood,LightGBM_T,1,OK,0.8133333333333334,0.7192982456140351,0.7854477611940298,0.6491228070175439,0.674317617866005,0.41263432434118835,,1.5,False,0.725925925925926,0.7851851851851852,40,False
43,blood,LightGBM_T,2,OK,0.7333333333333333,0.6817738791423001,0.5507246376811594,0.52046783625731,0.503968253968254,0.06444295394437921,,1.9,False,0.7111111111111111,0.8074074074074075,40,False
43,blood,LightGBM_T,3,OK,0.8533333333333334,0.7280701754385965,0.8686868686868687,0.7134502923976608,0.7515808491418248,0.5610572873580383,,2.5,False,0.7481481481481481,0.7851851851851852,40,False
43,blood,LightGBM_T,4,OK,0.7866666666666666,0.7553606237816765,0.7154850746268657,0.6125730994152047,0.6277915632754343,0.31149846053207353,,2.0,False,0.7185185185185186,0.8,40,False
43,blood,LightGBM_T,5,OK,0.76,0.6764132553606237,0.6547619047619048,0.6140350877192983,0.625,0.2656937137768185,,2.5,False,0.7703703703703704,0.8,40,False
43,blood,LightGBM_T,6,OK,0.7333333333333333,0.7134502923976608,0.5755597014925373,0.5394736842105263,0.5347394540942928,0.10922673291384397,,1.4,False,0.7333333333333333,0.7925925925925926,40,False
43,blood,LightGBM_T,7,OK,0.8266666666666667,0.7719298245614036,0.8403361344537814,0.6578947368421052,0.688,0.4636260751400387,,1.7,False,0.7111111111111111,0.7851851851851852,40,False
43,blood,LightGBM_T,8,OK,0.7027027027027027,0.6248710010319917,0.5252525252525253,0.5180598555211559,0.5154761904761904,0.04271098020907248,,2.3,False,0.7111111111111111,0.8074074074074075,40,False
43,blood,LightGBM_T,9,OK,0.8243243243243243,0.8224974200206399,0.760752688172043,0.7002063983488132,0.7212402202260215,0.45696545409339606,,3.4,False,0.725925925925926,0.7925925925925926,40,False
43,blood,RuleFit_T,0,OK,0.7466666666666667,0.588206627680312,0.5857142857142857,0.5292397660818713,0.5121533721328313,0.10012523486435178,,86.7,False,0.7703703703703704,0.8074074074074075,40,False
43,blood,RuleFit_T,1,OK,0.7466666666666667,0.6983430799220274,0.6161616161616161,0.567251461988304,0.5709123757904246,0.17677147409910796,,80.9,False,0.7555555555555555,0.7777777777777778,40,False
43,blood,RuleFit_T,2,OK,0.7466666666666667,0.6764132553606238,0.3783783783783784,0.49122807017543857,0.42748091603053434,-0.06532553344640132,,77.9,False,0.7481481481481481,0.8074074074074075,40,False
43,blood,RuleFit_T,3,OK,0.7733333333333333,0.6471734892787524,0.6827731092436975,0.5847953216374269,0.592,0.24898437368631707,,187.3,False,0.762962962962963,0.7925925925925926,40,False
43,blood,RuleFit_T,4,OK,0.8,0.7948343079922028,0.8,0.6023391812865497,0.6148579253680246,0.3504383220252312,,97.9,False,0.7555555555555555,0.7925925925925926,40,False
43,blood,RuleFit_T,5,OK,0.7866666666666666,0.6920077972709553,0.7154850746268657,0.6125730994152047,0.6277915632754343,0.31149846053207353,,121.6,False,0.7703703703703704,0.7925925925925926,40,False
43,blood,RuleFit_T,6,OK,0.72,0.6681286549707602,0.375,0.47368421052631576,0.4186046511627907,-0.11470786693528089,,114.4,False,0.762962962962963,0.7851851851851852,40,False
43,blood,RuleFit_T,7,OK,0.7733333333333333,0.7670565302144249,0.7222222222222222,0.5467836257309941,0.5293466223698782,0.2039250967738327,,103.0,True,0.7703703703703704,0.7703703703703704,40,False
43,blood,RuleFit_T,8,OK,0.7297297297297297,0.6160990712074303,0.558974358974359,0.5356037151702786,0.5334174022698613,0.09164510416324143,,86.1,False,0.7777777777777778,0.8,40,False
43,blood,RuleFit_T,9,OK,0.8108108108108109,0.8116615067079463,0.767590618336887,0.6295149638802889,0.6518817204301075,0.37232775490745307,,76.9,False,0.7481481481481481,0.8074074074074075,40,False
43,blood,XGBoost_T,0,OK,0.7866666666666666,0.6120857699805069,0.7154850746268657,0.6125730994152047,0.6277915632754343,0.31149846053207353,,4.1,False,0.7185185185185186,0.8074074074074075,40,False
43,blood,XGBoost_T,1,OK,0.8,0.7246588693957116,0.7615546218487395,0.6213450292397661,0.64,0.35630522441317786,,3.1,False,0.725925925925926,0.7851851851851852,40,False
43,blood,XGBoost_T,2,OK,0.7466666666666667,0.6340155945419103,0.6257102272727273,0.5862573099415205,0.5939013964092335,0.20826354492980872,,2.9,False,0.6962962962962963,0.7851851851851852,40,False
43,blood,XGBoost_T,3,OK,0.8533333333333334,0.7085769980506822,0.8686868686868687,0.7134502923976608,0.7515808491418248,0.5610572873580383,,3.5,False,0.7555555555555555,0.8,40,False
43,blood,XGBoost_T,4,OK,0.7866666666666666,0.7495126705653021,0.7154850746268657,0.6125730994152047,0.6277915632754343,0.31149846053207353,,2.7,False,0.6814814814814815,0.8,40,False
43,blood,XGBoost_T,5,OK,0.76,0.7222222222222221,0.65,0.5950292397660819,0.6048009367681498,0.23878346647045964,,3.6,False,0.7703703703703704,0.8,40,False
43,blood,XGBoost_T,6,OK,0.7333333333333333,0.7012670565302144,0.5507246376811594,0.52046783625731,0.503968253968254,0.06444295394437921,,3.1,False,0.7185185185185186,0.7925925925925926,40,False
43,blood,XGBoost_T,7,OK,0.7866666666666666,0.7217348927875243,0.7076923076923076,0.631578947368421,0.648711943793911,0.33062326126679026,,4.9,False,0.7037037037037037,0.8,40,False
43,blood,XGBoost_T,8,OK,0.7162162162162162,0.6160990712074303,0.5618279569892473,0.5474716202270382,0.5496957403651115,0.10835263344482587,,2.5,False,0.7111111111111111,0.8222222222222222,40,False
43,blood,XGBoost_T,9,OK,0.8243243243243243,0.807017543859649,0.760752688172043,0.7002063983488132,0.7212402202260215,0.45696545409339606,,3.0,False,0.7407407407407407,0.8,40,False
43,car,CatBoost_T,0,OK,0.9942196531791907,1.0,0.9642857142857143,0.9642857142857143,0.9615384615384617,0.9874287384885251,,235.6,False,0.9710610932475884,0.9871382636655949,40,False
43,car,CatBoost_T,1,OK,0.9942196531791907,1.0,0.9642857142857143,0.9935897435897436,0.9775224775224776,0.9874607602464589,,56.9,False,0.9871382636655949,1.0,40,False
43,car,CatBoost_T,2,OK,1.0,1.0,1.0,1.0,1.0,1.0,,55.0,False,0.9871382636655949,1.0,40,False
43,car,CatBoost_T,3,OK,1.0,1.0,1.0,1.0,1.0,1.0,,67.6,False,0.9935691318327974,1.0,40,False
43,car,CatBoost_T,4,OK,0.9826589595375722,1.0,0.9817073170731707,0.993801652892562,0.9873682538001165,0.9636768591076265,,252.9,False,0.977491961414791,0.9871382636655949,40,False
43,car,CatBoost_T,5,OK,1.0,1.0,1.0,1.0,1.0,1.0,,151.6,False,0.9871382636655949,0.9967845659163987,40,False
43,car,CatBoost_T,6,OK,0.9942196531791907,0.9994235085706233,0.96875,0.993421052631579,0.98,0.9875168595946126,,77.0,False,0.9871382636655949,0.9967845659163987,40,False
43,car,CatBoost_T,7,OK,0.9942196531791907,0.9999115340622519,0.9935897435897436,0.9979338842975207,0.9957159023549065,0.9875788336733873,,319.9,False,0.9742765273311897,0.9935691318327974,40,False
43,car,CatBoost_T,8,OK,1.0,1.0,1.0,1.0,1.0,1.0,,60.8,False,0.9935897435897436,0.9967948717948718,40,False
43,car,CatBoost_T,9,OK,0.9941860465116279,0.9989087797512778,0.96875,0.993421052631579,0.98,0.987283029348207,,138.7,False,0.9935897435897436,1.0,40,False
43,car,EBM_T,0,OK,0.953757225433526,0.9965525696315205,0.9089080754252921,0.9074864529409984,0.8976190476190476,0.900636726262171,,74.8,False,0.9742765273311897,0.9903536977491961,40,False
43,car,EBM_T,1,OK,0.9653179190751445,0.9971101659534496,0.9745708836617928,0.9745708836617928,0.9745708836617928,0.9241338985528431,,73.3,False,0.9742765273311897,0.9967845659163987,40,False
43,car,EBM_T,2,OK,0.9595375722543352,0.9975399148567398,0.9426421194713878,0.93451245723973,0.9356540784495919,0.9108295967831785,,349.1,False,0.9581993569131833,0.9807073954983923,40,False
43,car,EBM_T,3,OK,0.9595375722543352,0.9960423170226427,0.966000807102502,0.9768489086670905,0.9710728859961775,0.9137756927686334,,167.8,False,0.9742765273311897,0.9967845659163987,40,False
43,car,EBM_T,4,OK,0.976878612716763,0.9991550736167961,0.9869579945799458,0.9781970421922574,0.9823881258307487,0.9493967705473423,,125.6,True,0.9614147909967846,0.954983922829582,40,False
43,car,EBM_T,5,OK,0.9595375722543352,0.9978625507931729,0.9463342044134727,0.9629730317529361,0.9532131896100007,0.9115462783309719,,312.5,False,0.9389067524115756,0.9903536977491961,40,False
43,car,EBM_T,6,OK,0.9653179190751445,0.9981024823130087,0.9681013431013431,0.9830904741191823,0.9749474789915966,0.9275560916728276,,149.6,False,0.954983922829582,0.9871382636655949,40,False
43,car,EBM_T,7,OK,0.930635838150289,0.9941829812045122,0.9457457983193277,0.9526424532405393,0.9490384615384615,0.8510787322336466,,95.9,True,0.977491961414791,0.977491961414791,40,False
43,car,EBM_T,8,OK,0.9534883720930233,0.9967740869889989,0.9357509812055267,0.9654197477163985,0.9491714346259801,0.8977338849705584,,67.6,True,0.9807692307692307,0.9743589743589743,40,False
43,car,EBM_T,9,OK,0.9244186046511628,0.993170159424712,0.9133740034475328,0.9460635058721183,0.9286255411255411,0.8359903085560255,,308.1,False,0.967948717948718,0.9839743589743589,40,False
43,car,FIGS_T,0,OK,0.953757225433526,0.9880265965557435,0.8445075757575758,0.7756296733569461,0.7901610591744572,0.8999007237589021,,17.6,False,0.9131832797427653,0.9517684887459807,40,False
43,car,FIGS_T,1,OK,0.9826589595375722,0.9939714570820406,0.9821428571428572,0.993801652892562,0.9876026654269332,0.9634991164845957,,15.6,False,0.9292604501607717,0.9710610932475884,40,False
43,car,FIGS_T,2,OK,0.976878612716763,0.9968319233963903,0.9404761904761905,0.8848386462022827,0.90928381592282,0.9499017159838281,,20.7,False,0.9260450160771704,0.9678456591639871,40,False
43,car,FIGS_T,3,OK,0.9653179190751445,0.9984026246527065,0.9086481700118063,0.8015053128689493,0.8339127202763567,0.924222564741756,,16.5,False,0.9614147909967846,0.9710610932475884,40,False
43,car,FIGS_T,4,OK,0.9421965317919075,0.9861193821028373,0.8555555555555555,0.806585161250233,0.8244591163620221,0.8785885723385238,,17.1,False,0.9196141479099679,0.9614147909967846,40,False
43,car,FIGS_T,5,OK,0.9710982658959537,0.9944178131815044,0.9339430894308943,0.9178602497980488,0.9244015741642324,0.9381976342165717,,19.5,False,0.9228295819935691,0.9646302250803859,40,False
43,car,FIGS_T,6,OK,0.9364161849710982,0.9559633290851225,0.8368011769651114,0.7909805505499286,0.8117890340112563,0.8602605708484866,,20.6,False,0.887459807073955,0.9710610932475884,40,False
43,car,FIGS_T,7,OK,0.9421965317919075,0.9785169239570577,0.8847680097680097,0.8985040079537687,0.8910189075630253,0.8783330230043002,,12.8,False,0.9389067524115756,0.954983922829582,40,False
43,car,FIGS_T,8,OK,0.9593023255813954,0.9269390440243798,0.8993765405248659,0.875567016715342,0.864528055676381,0.9108741962136311,,15.9,False,0.8974358974358975,0.967948717948718,40,False
43,car,FIGS_T,9,OK,0.9767441860465116,0.9547375398145799,0.9316239316239316,0.9080216035957663,0.9079723958614001,0.9493849703651714,,16.3,False,0.9358974358974359,0.9743589743589743,40,False
43,car,LightGBM_T,0,OK,1.0,1.0,1.0,1.0,1.0,1.0,,15.2,True,0.9935691318327974,0.9903536977491961,40,False
43,car,LightGBM_T,1,OK,1.0,1.0,1.0,1.0,1.0,1.0,,15.6,False,0.9935691318327974,1.0,40,False
43,car,LightGBM_T,2,OK,1.0,1.0,1.0,1.0,1.0,1.0,,16.2,True,1.0,1.0,40,False
43,car,LightGBM_T,3,OK,1.0,1.0,1.0,1.0,1.0,1.0,,12.2,True,0.9967845659163987,0.9967845659163987,40,False
43,car,LightGBM_T,4,OK,1.0,1.0,1.0,1.0,1.0,1.0,,14.1,True,0.9903536977491961,0.9903536977491961,40,False
43,car,LightGBM_T,5,OK,1.0,1.0,1.0,1.0,1.0,1.0,,14.7,True,0.9967845659163987,0.9967845659163987,40,False
43,car,LightGBM_T,6,OK,1.0,1.0,1.0,1.0,1.0,1.0,,12.5,True,1.0,1.0,40,False
43,car,LightGBM_T,7,OK,1.0,1.0,1.0,1.0,1.0,1.0,,7.7,False,0.9871382636655949,0.9903536977491961,40,False
43,car,LightGBM_T,8,OK,1.0,1.0,1.0,1.0,1.0,1.0,,13.2,False,0.9871794871794872,0.9903846153846154,40,False
43,car,LightGBM_T,9,OK,0.9941860465116279,1.0,0.96875,0.993421052631579,0.98,0.987283029348207,,12.3,True,1.0,1.0,40,False
43,car,RuleFit_T,0,OK,0.9826589595375722,0.9964202404141802,0.9163690476190477,0.9265053128689493,0.9188750217165575,0.9624521840212826,,592.9,False,0.9485530546623794,0.9839228295819936,40,False
43,car,RuleFit_T,1,OK,0.9942196531791907,0.9995113103299714,0.9642857142857143,0.9935897435897436,0.9775224775224776,0.9874607602464589,,567.5,False,0.9614147909967846,0.9967845659163987,40,False
43,car,RuleFit_T,2,OK,0.9942196531791907,1.0,0.99375,0.9979338842975207,0.9957980986396344,0.9875198273466141,,721.4,False,0.9678456591639871,0.9967845659163987,40,False
43,car,RuleFit_T,3,OK,0.9710982658959537,0.9973254926366146,0.8498397435897436,0.8388278388278388,0.842074592074592,0.9368421152752355,,602.9,False,0.977491961414791,1.0,40,False
43,car,RuleFit_T,4,OK,0.9942196531791907,0.9997848537005164,0.9935897435897436,0.9642857142857143,0.9775224775224776,0.9874607602464589,,669.5,False,0.9581993569131833,0.9903536977491961,40,False
43,car,RuleFit_T,5,OK,0.9884393063583815,0.9970402914917816,0.9444444444444444,0.9868421052631579,0.9619932432432432,0.9752331810676831,,578.6,False,0.9678456591639871,0.9903536977491961,40,False
43,car,RuleFit_T,6,OK,0.9942196531791907,0.9991311109098047,0.96875,0.993421052631579,0.98,0.9875168595946126,,728.4,False,0.9292604501607717,0.9967845659163987,40,False
43,car,RuleFit_T,7,OK,0.9942196531791907,1.0,0.9935897435897436,0.9979338842975207,0.9957159023549065,0.9875788336733873,,599.8,False,0.9485530546623794,0.9871382636655949,40,False
43,car,RuleFit_T,8,OK,0.9825581395348837,0.9990156102959022,0.930921052631579,0.9892888212266203,0.95562343358396,0.9625954823382022,,623.6,False,0.967948717948718,0.9967948717948718,40,False
43,car,RuleFit_T,9,OK,0.9825581395348837,0.9985450396683704,0.9514652014652014,0.9556406512148139,0.9535081101471143,0.9618582996108295,,533.7,False,0.9807692307692307,1.0,40,False
43,car,XGBoost_T,0,OK,1.0,1.0,1.0,1.0,1.0,1.0,,13.2,True,0.9742765273311897,0.9742765273311897,40,False
43,car,XGBoost_T,1,OK,1.0,1.0,1.0,1.0,1.0,1.0,,19.3,False,0.9839228295819936,0.9935691318327974,40,False
43,car,XGBoost_T,2,OK,1.0,1.0,1.0,1.0,1.0,1.0,,19.4,False,0.9967845659163987,1.0,40,False
43,car,XGBoost_T,3,OK,0.9942196531791907,1.0,0.99375,0.9642857142857143,0.9776046738072055,0.9874012301624212,,17.2,True,0.9967845659163987,0.9967845659163987,40,False
43,car,XGBoost_T,4,OK,0.9942196531791907,1.0,0.9935897435897436,0.9642857142857143,0.9775224775224776,0.9874607602464589,,13.7,False,0.9871382636655949,0.9935691318327974,40,False
43,car,XGBoost_T,5,OK,1.0,1.0,1.0,1.0,1.0,1.0,,12.3,True,0.9903536977491961,0.9903536977491961,40,False
43,car,XGBoost_T,6,OK,0.9942196531791907,0.9996386548701071,0.96875,0.993421052631579,0.98,0.9875168595946126,,15.2,True,0.9935691318327974,0.9935691318327974,40,False
43,car,XGBoost_T,7,OK,0.9942196531791907,0.9999115340622518,0.9979508196721312,0.993421052631579,0.9956378600823046,0.9874289994629426,,16.2,False,0.9807073954983923,0.9967845659163987,40,False
43,car,XGBoost_T,8,OK,0.9883720930232558,0.9999509033778475,0.9577067669172932,0.9913549369290997,0.9731529390024695,0.9746797888198101,,16.2,True,0.9871794871794872,0.9871794871794872,40,False
43,car,XGBoost_T,9,OK,0.9941860465116279,1.0,0.96875,0.993421052631579,0.98,0.987283029348207,,15.6,False,0.9935897435897436,1.0,40,False
43,credit-g,CatBoost_T,0,OK,0.81,0.8071428571428572,0.792344786015672,0.730952380952381,0.7499671009343334,0.5196834589991635,,64.0,False,0.7666666666666667,0.8,40,False
43,credit-g,CatBoost_T,1,OK,0.78,0.8,0.75,0.6904761904761905,0.7066666666666668,0.4364357804719848,,41.1,False,0.8,0.8333333333333334,40,False
43,credit-g,CatBoost_T,2,OK,0.79,0.7771428571428571,0.8138815207780725,0.669047619047619,0.6889349725966524,0.46069913718425354,,68.7,False,0.7666666666666667,0.7888888888888889,40,False
43,credit-g,CatBoost_T,3,OK,0.73,0.7652380952380952,0.6717902350813743,0.6357142857142857,0.6446900908014213,0.30538100167992077,,40.3,False,0.7555555555555555,0.7722222222222223,40,False
43,credit-g,CatBoost_T,4,OK,0.72,0.7109523809523809,0.6573426573426573,0.6285714285714286,0.6361746361746362,0.2844627935584563,,36.7,False,0.7833333333333333,0.8222222222222222,40,False
43,credit-g,CatBoost_T,5,OK,0.78,0.8161904761904762,0.782392026578073,0.6619047619047619,0.6794871794871795,0.4276475830724458,,80.9,False,0.7333333333333333,0.7666666666666667,40,False
43,credit-g,CatBoost_T,6,OK,0.8,0.8119047619047619,0.7913279132791329,0.7047619047619047,0.7258771929824561,0.4884786932235478,,63.2,True,0.8111111111111111,0.8055555555555556,40,False
43,credit-g,CatBoost_T,7,OK,0.81,0.8466666666666667,0.7851496329757199,0.7404761904761905,0.756128866640996,0.5237239633764529,,38.2,False,0.7777777777777778,0.8222222222222222,40,False
43,credit-g,CatBoost_T,8,OK,0.78,0.8285714285714285,0.7447552447552448,0.7,0.7141372141372141,0.4424976788687098,,53.4,False,0.75,0.7722222222222223,40,False
43,credit-g,CatBoost_T,9,OK,0.73,0.7552380952380953,0.6772705196697426,0.6738095238095239,0.6754417598269022,0.3510629835756814,,47.1,False,0.7444444444444445,0.7777777777777778,40,False
43,credit-g,EBM_T,0,OK,0.78,0.8247619047619048,0.7412280701754386,0.7095238095238094,0.7209538305428715,0.44963551562230825,,66.3,False,0.7388888888888889,0.7833333333333333,40,False
43,credit-g,EBM_T,1,OK,0.75,0.7785714285714286,0.7004517221908526,0.6690476190476191,0.6791169297907842,0.36816239009631835,,80.9,False,0.7666666666666667,0.8055555555555556,40,False
43,credit-g,EBM_T,2,OK,0.76,0.7738095238095237,0.7156177156177156,0.6761904761904762,0.6881496881496881,0.3898193837652919,,70.9,False,0.7666666666666667,0.7888888888888889,40,False
43,credit-g,EBM_T,3,OK,0.72,0.7466666666666666,0.661122661122661,0.6476190476190476,0.6527777777777778,0.30844625972622064,,88.2,True,0.7777777777777778,0.75,40,False
43,credit-g,EBM_T,4,OK,0.72,0.6747619047619047,0.6589912280701754,0.638095238095238,0.6448503297818367,0.2963506807510668,,106.1,True,0.7944444444444444,0.7722222222222223,40,False
43,credit-g,EBM_T,5,OK,0.79,0.8323809523809523,0.7696556205328136,0.6976190476190476,0.7161778618732261,0.46168858298562204,,97.8,True,0.7333333333333333,0.7277777777777777,40,False
43,credit-g,EBM_T,6,OK,0.75,0.7719047619047619,0.7019288728149488,0.6595238095238095,0.6710093433346493,0.35895661600973144,,95.4,False,0.7333333333333333,0.8111111111111111,40,False
43,credit-g,EBM_T,7,OK,0.79,0.879047619047619,0.7533333333333334,0.7261904761904762,0.7366771159874608,0.4787549991450212,,69.0,False,0.7944444444444444,0.8222222222222222,40,False
43,credit-g,EBM_T,8,OK,0.82,0.8385714285714286,0.7910602910602911,0.7666666666666666,0.7767857142857143,0.5571932433763985,,71.2,False,0.7,0.7444444444444445,40,False
43,credit-g,EBM_T,9,OK,0.78,0.7919047619047619,0.7390852390852392,0.719047619047619,0.7271825396825397,0.45769444991632735,,119.5,False,0.7444444444444445,0.7833333333333333,40,False
43,credit-g,FIGS_T,0,OK,0.72,0.7540476190476191,0.6700367647058824,0.6761904761904762,0.6727442730247779,0.3461725497113679,,6.4,False,0.7388888888888889,0.7833333333333333,40,False
43,credit-g,FIGS_T,1,OK,0.71,0.6857142857142858,0.6381998582565556,0.5928571428571429,0.5967181198720624,0.22656428651458624,,5.9,False,0.7111111111111111,0.7777777777777778,40,False
43,credit-g,FIGS_T,2,OK,0.77,0.7202380952380952,0.7257737189244038,0.7119047619047618,0.7178260336155073,0.4374586890348776,,10.7,False,0.6722222222222223,0.7333333333333333,40,False
43,credit-g,FIGS_T,3,OK,0.72,0.6935714285714286,0.6589912280701754,0.638095238095238,0.6448503297818367,0.2963506807510668,,15.3,False,0.6777777777777778,0.7055555555555556,40,False
43,credit-g,FIGS_T,4,OK,0.63,0.5257142857142857,0.5481988838153222,0.5452380952380952,0.5460679671205987,0.09339005720969297,,14.5,False,0.7166666666666667,0.75,40,False
43,credit-g,FIGS_T,5,OK,0.78,0.7895238095238095,0.7678571428571428,0.6714285714285715,0.6894409937888198,0.42857142857142855,,6.3,False,0.7333333333333333,0.7611111111111111,40,False
43,credit-g,FIGS_T,6,OK,0.75,0.6961904761904761,0.7004517221908526,0.6690476190476191,0.6791169297907842,0.36816239009631835,,6.5,False,0.7166666666666667,0.7444444444444445,40,False
43,credit-g,FIGS_T,7,OK,0.76,0.7321428571428572,0.7306547619047619,0.6476190476190476,0.6612083568605307,0.36904761904761907,,7.6,False,0.7444444444444445,0.7777777777777778,40,False
43,credit-g,FIGS_T,8,OK,0.66,0.654047619047619,0.5831600831600832,0.5761904761904761,0.5783730158730158,0.15919806953611387,,7.6,False,0.7,0.7277777777777777,40,False
43,credit-g,FIGS_T,9,OK,0.66,0.7361904761904761,0.5952380952380952,0.5952380952380952,0.5952380952380952,0.19047619047619047,,13.9,False,0.7055555555555556,0.7444444444444445,40,False
43,credit-g,LightGBM_T,0,OK,0.77,0.8261904761904763,0.7445074415308293,0.6642857142857144,0.6801557502433597,0.4008445069104218,,4.1,False,0.7166666666666667,0.7666666666666667,40,False
43,credit-g,LightGBM_T,1,OK,0.73,0.7704761904761905,0.6717902350813743,0.6357142857142857,0.6446900908014213,0.30538100167992077,,4.5,False,0.7777777777777778,0.8111111111111111,40,False
43,credit-g,LightGBM_T,2,OK,0.79,0.800952380952381,0.8138815207780725,0.669047619047619,0.6889349725966524,0.46069913718425354,,4.1,False,0.75,0.7722222222222223,40,False
43,credit-g,LightGBM_T,3,OK,0.66,0.7080952380952381,0.5892857142857143,0.5857142857142857,0.587178241864983,0.1749635530559413,,3.2,True,0.7833333333333333,0.7722222222222223,40,False
43,credit-g,LightGBM_T,4,OK,0.68,0.699047619047619,0.5990675990675991,0.580952380952381,0.5841995841995842,0.1791062033516206,,4.0,False,0.75,0.7944444444444444,40,False
43,credit-g,LightGBM_T,5,OK,0.81,0.8280952380952381,0.8021442495126705,0.7214285714285714,0.7432085416948236,0.5173137134658174,,6.2,True,0.7555555555555555,0.7555555555555555,40,False
43,credit-g,LightGBM_T,6,OK,0.79,0.8357142857142857,0.7569169960474309,0.7166666666666667,0.7304582210242587,0.471870105616408,,3.7,False,0.7611111111111111,0.8055555555555556,40,False
43,credit-g,LightGBM_T,7,OK,0.75,0.8533333333333333,0.7046783625730995,0.65,0.662116502230031,0.3504383220252312,,6.5,False,0.7444444444444445,0.7944444444444444,40,False
43,credit-g,LightGBM_T,8,OK,0.75,0.7771428571428571,0.7090715804394048,0.6404761904761904,0.6523432067862607,0.3427511001118099,,3.8,False,0.7277777777777777,0.7388888888888889,40,False
43,credit-g,LightGBM_T,9,OK,0.78,0.7833333333333333,0.7380952380952381,0.7285714285714285,0.7328800388538126,0.4665694748158435,,2.8,False,0.7388888888888889,0.7777777777777778,40,False
43,credit-g,RuleFit_T,0,OK,0.79,0.8257142857142857,0.7510176390773405,0.7642857142857142,0.7566909975669099,0.5151325112701336,,119.2,False,0.7222222222222222,0.7888888888888889,40,False
43,credit-g,RuleFit_T,1,OK,0.75,0.7738095238095237,0.7015541525012141,0.6976190476190476,0.6994831109508355,0.39915380324358296,,80.7,False,0.7611111111111111,0.8,40,False
43,credit-g,RuleFit_T,2,OK,0.7,0.7585714285714286,0.65625,0.6714285714285715,0.66078697421981,0.32732683535398854,,85.0,False,0.7166666666666667,0.7388888888888889,40,False
43,credit-g,RuleFit_T,3,OK,0.74,0.7795238095238095,0.6884920634920635,0.680952380952381,0.6843127731908694,0.36936750089587606,,111.2,False,0.7111111111111111,0.7555555555555555,40,False
43,credit-g,RuleFit_T,4,OK,0.69,0.7438095238095237,0.6332398316970547,0.6357142857142857,0.6343908479773559,0.26894273433173405,,70.1,False,0.75,0.7888888888888889,40,False
43,credit-g,RuleFit_T,5,OK,0.8,0.8138095238095238,0.7686403508771931,0.7333333333333334,0.7463216641298833,0.5007304605793887,,116.8,False,0.7111111111111111,0.7444444444444445,40,False
43,credit-g,RuleFit_T,6,OK,0.73,0.7852380952380952,0.6909051909051909,0.7119047619047618,0.6970037032880709,0.40226219819986864,,54.6,False,0.7277777777777777,0.8,40,False
43,credit-g,RuleFit_T,7,OK,0.75,0.8314285714285714,0.705789235639982,0.7166666666666667,0.7103464256748928,0.42231584257281224,,74.6,False,0.7611111111111111,0.8055555555555556,40,False
43,credit-g,RuleFit_T,8,OK,0.68,0.7723809523809524,0.6650563607085347,0.6952380952380952,0.6604414261460102,0.35902807395336805,,110.1,False,0.7055555555555556,0.7333333333333333,40,False
43,credit-g,RuleFit_T,9,OK,0.72,0.7619047619047619,0.6875,0.7142857142857142,0.6923076923076923,0.40089186286863654,,66.1,False,0.7222222222222222,0.7833333333333333,40,False
43,credit-g,XGBoost_T,0,OK,0.76,0.8285714285714285,0.71875,0.6666666666666667,0.6799999999999999,0.3818813079129867,,6.0,False,0.75,0.7777777777777778,40,False
43,credit-g,XGBoost_T,1,OK,0.75,0.7490476190476192,0.7046783625730995,0.65,0.662116502230031,0.3504383220252312,,6.2,False,0.7722222222222223,0.8111111111111111,40,False
43,credit-g,XGBoost_T,2,OK,0.8,0.800952380952381,0.8050595238095238,0.6952380952380952,0.717673630717109,0.4880952380952381,,14.4,False,0.7444444444444445,0.7944444444444444,40,False
43,credit-g,XGBoost_T,3,OK,0.74,0.7761904761904762,0.6934523809523809,0.6238095238095238,0.6329757199322417,0.30952380952380953,,9.1,False,0.7611111111111111,0.7722222222222223,40,False
43,credit-g,XGBoost_T,4,OK,0.72,0.7161904761904762,0.6558265582655827,0.6095238095238095,0.6162280701754386,0.26127930102654884,,12.6,False,0.7777777777777778,0.8166666666666667,40,False
43,credit-g,XGBoost_T,5,OK,0.8,0.8295238095238096,0.8050595238095238,0.6952380952380952,0.717673630717109,0.4880952380952381,,5.7,False,0.7222222222222222,0.7611111111111111,40,False
43,credit-g,XGBoost_T,6,OK,0.78,0.789047619047619,0.803030303030303,0.6523809523809524,0.6684749849306811,0.4297722474802028,,6.7,False,0.7611111111111111,0.8055555555555556,40,False
43,credit-g,XGBoost_T,7,OK,0.8,0.8380952380952381,0.78125,0.7142857142857143,0.7333333333333334,0.49099025303098287,,6.3,False,0.75,0.8055555555555556,40,False
43,credit-g,XGBoost_T,8,OK,0.78,0.8242857142857143,0.75,0.6904761904761905,0.7066666666666668,0.4364357804719848,,10.4,False,0.7055555555555556,0.7722222222222223,40,False
43,credit-g,XGBoost_T,9,OK,0.75,0.759047619047619,0.7015541525012141,0.6976190476190476,0.6994831109508355,0.39915380324358296,,8.8,False,0.7277777777777777,0.7833333333333333,40,False
43,diabetes,CatBoost_T,0,OK,0.7142857142857143,0.8066666666666666,0.6845238095238095,0.6607407407407407,0.667059748427673,0.34444444444444444,,17.1,False,0.7122302158273381,0.7913669064748201,40,False
43,diabetes,CatBoost_T,1,OK,0.8051948051948052,0.8614814814814816,0.7869532428355958,0.7818518518518518,0.7842331402951616,0.5687822180346598,,24.7,False,0.7769784172661871,0.8129496402877698,40,False
43,diabetes,CatBoost_T,2,OK,0.7012987012987013,0.768888888888889,0.673469387755102,0.6762962962962963,0.6747474747474747,0.349754259914075,,65.5,False,0.7482014388489209,0.7769784172661871,40,False
43,diabetes,CatBoost_T,3,OK,0.8181818181818182,0.8496296296296296,0.8154761904761905,0.7748148148148148,0.78812893081761,0.5888888888888889,,57.4,False,0.762589928057554,0.7697841726618705,40,False
43,diabetes,CatBoost_T,4,OK,0.7402597402597403,0.8451851851851853,0.721415607985481,0.6807407407407408,0.6900161030595813,0.4000940939272025,,22.7,False,0.7266187050359713,0.7482014388489209,40,False
43,diabetes,CatBoost_T,5,OK,0.8051948051948052,0.8296296296296297,0.8309426229508197,0.7392592592592593,0.7580138277812697,0.5627826821234976,,41.0,True,0.7769784172661871,0.7769784172661871,40,False
43,diabetes,CatBoost_T,6,OK,0.7922077922077922,0.8311111111111111,0.7718518518518518,0.7718518518518518,0.7718518518518518,0.5437037037037037,,68.4,False,0.7194244604316546,0.7769784172661871,40,False
43,diabetes,CatBoost_T,7,OK,0.7532467532467533,0.8807407407407407,0.7658730158730158,0.6737037037037037,0.6842218864666523,0.4298052003967214,,58.5,False,0.7697841726618705,0.7913669064748201,40,False
43,diabetes,CatBoost_T,8,OK,0.7368421052631579,0.8023076923076923,0.7070707070707071,0.6892307692307692,0.6955128205128205,0.3958997306599194,,67.1,False,0.7841726618705036,0.8345323741007195,40,False
43,diabetes,CatBoost_T,9,OK,0.7894736842105263,0.8223076923076924,0.7661538461538462,0.7661538461538462,0.7661538461538462,0.5323076923076923,,109.1,False,0.7410071942446043,0.762589928057554,40,False
43,diabetes,EBM_T,0,OK,0.6883116883116883,0.8185185185185184,0.6515426497277677,0.6237037037037036,0.6280193236714976,0.27383489215509355,,42.2,False,0.7122302158273381,0.8129496402877698,40,False
43,diabetes,EBM_T,1,OK,0.8051948051948052,0.8733333333333333,0.7857142857142857,0.7903703703703704,0.7878787878787878,0.5760658398584765,,58.7,False,0.7769784172661871,0.7985611510791367,40,False
43,diabetes,EBM_T,2,OK,0.6883116883116883,0.7903703703703704,0.6612787356321839,0.6662962962962963,0.6632653061224489,0.3275366019667524,,46.6,False,0.7410071942446043,0.7697841726618705,40,False
43,diabetes,EBM_T,3,OK,0.8181818181818182,0.8725925925925925,0.8262250453720508,0.7662962962962963,0.7830112721417068,0.589482896585366,,47.6,False,0.7410071942446043,0.7697841726618705,40,False
43,diabetes,EBM_T,4,OK,0.7142857142857143,0.837037037037037,0.6839774557165862,0.6692592592592592,0.6742307692307692,0.3529299526817895,,65.2,False,0.7050359712230215,0.7266187050359713,40,False
43,diabetes,EBM_T,5,OK,0.7792207792207793,0.8496296296296296,0.7787193973634652,0.7192592592592593,0.7331294597349644,0.4944160539751941,,58.2,False,0.7769784172661871,0.7985611510791367,40,False
43,diabetes,EBM_T,6,OK,0.7662337662337663,0.8444444444444444,0.7442528735632183,0.7518518518518519,0.7474489795918368,0.49604652413672967,,38.0,False,0.7338129496402878,0.7769784172661871,40,False
43,diabetes,EBM_T,7,OK,0.7792207792207793,0.8792592592592592,0.7914959016393442,0.7107407407407407,0.7257490048187722,0.49570177419236866,,49.6,True,0.7841726618705036,0.7841726618705036,40,False
43,diabetes,EBM_T,8,OK,0.75,0.8007692307692308,0.7242424242424242,0.6992307692307692,0.7073961499493414,0.4227339147785078,,67.3,False,0.7769784172661871,0.8345323741007195,40,False
43,diabetes,EBM_T,9,OK,0.7763157894736842,0.8392307692307692,0.7517006802721089,0.7561538461538462,0.753764055650848,0.507835002067562,,82.6,False,0.7410071942446043,0.762589928057554,40,False
43,diabetes,FIGS_T,0,OK,0.7142857142857143,0.7122222222222222,0.6845238095238095,0.6607407407407407,0.667059748427673,0.34444444444444444,,5.2,False,0.7194244604316546,0.7841726618705036,40,False
43,diabetes,FIGS_T,1,OK,0.7532467532467533,0.7822222222222223,0.7295918367346939,0.7333333333333334,0.7313131313131314,0.4629100498862757,,6.4,True,0.7697841726618705,0.762589928057554,40,False
43,diabetes,FIGS_T,2,OK,0.7142857142857143,0.6944444444444444,0.6846153846153846,0.6777777777777778,0.6806184012066365,0.36232865092627065,,9.1,False,0.7266187050359713,0.7697841726618705,40,False
43,diabetes,FIGS_T,3,OK,0.7012987012987013,0.7092592592592593,0.6690251572327044,0.6592592592592592,0.6628593184846754,0.32813912498853487,,6.4,False,0.7697841726618705,0.7841726618705036,40,False
43,diabetes,FIGS_T,4,OK,0.7142857142857143,0.7696296296296297,0.6889367816091954,0.6948148148148148,0.6913265306122449,0.3837065760234115,,3.7,False,0.7050359712230215,0.7482014388489209,40,False
43,diabetes,FIGS_T,5,OK,0.7272727272727273,0.7177777777777777,0.6992924528301887,0.6877777777777778,0.692175899486008,0.3868989217888074,,7.1,False,0.7266187050359713,0.7697841726618705,40,False
43,diabetes,FIGS_T,6,OK,0.7662337662337663,0.812962962962963,0.7438461538461538,0.7348148148148148,0.7386877828054299,0.4785757597651158,,5.6,False,0.762589928057554,0.7985611510791367,40,False
43,diabetes,FIGS_T,7,OK,0.7402597402597403,0.8114814814814815,0.7172619047619048,0.6892592592592592,0.6973270440251573,0.40555555555555556,,4.4,False,0.697841726618705,0.7553956834532374,40,False
43,diabetes,FIGS_T,8,OK,0.7368421052631579,0.7815384615384616,0.7089285714285715,0.6799999999999999,0.6882690730106644,0.38785122331710054,,10.1,False,0.7841726618705036,0.7985611510791367,40,False
43,diabetes,FIGS_T,9,OK,0.7105263157894737,0.7242307692307692,0.6903409090909092,0.7061538461538461,0.6933235509904623,0.39617930531268536,,12.2,False,0.7266187050359713,0.7553956834532374,40,False
43,diabetes,LightGBM_T,0,OK,0.7142857142857143,0.7874074074074074,0.6846153846153846,0.6777777777777778,0.6806184012066365,0.36232865092627065,,2.1,False,0.7266187050359713,0.7985611510791367,40,False
43,diabetes,LightGBM_T,1,OK,0.7922077922077922,0.8362962962962963,0.7719109195402298,0.7803703703703704,0.7755102040816326,0.5522164981933888,,2.7,False,0.7769784172661871,0.7913669064748201,40,False
43,diabetes,LightGBM_T,2,OK,0.7272727272727273,0.7718518518518519,0.7015306122448979,0.7048148148148148,0.703030303030303,0.4063321549001754,,3.0,False,0.7194244604316546,0.762589928057554,40,False
43,diabetes,LightGBM_T,3,OK,0.7792207792207793,0.8725925925925926,0.7914959016393442,0.7107407407407407,0.7257490048187722,0.49570177419236866,,3.3,False,0.6762589928057554,0.7697841726618705,40,False
43,diabetes,LightGBM_T,4,OK,0.7272727272727273,0.8274074074074074,0.7,0.6792592592592592,0.6857142857142857,0.378691704962503,,2.4,False,0.6906474820143885,0.7482014388489209,40,False
43,diabetes,LightGBM_T,5,OK,0.6883116883116883,0.7533333333333333,0.6577777777777778,0.6577777777777778,0.6577777777777778,0.31555555555555553,,2.8,False,0.7194244604316546,0.7913669064748201,40,False
43,diabetes,LightGBM_T,6,OK,0.7532467532467533,0.8518518518518519,0.7295918367346939,0.7333333333333334,0.7313131313131314,0.4629100498862757,,3.1,False,0.7266187050359713,0.7913669064748201,40,False
43,diabetes,LightGBM_T,7,OK,0.8051948051948052,0.8918518518518518,0.8531746031746033,0.7307407407407407,0.7507014893157782,0.5709352661986299,,3.2,False,0.7410071942446043,0.7841726618705036,40,False
43,diabetes,LightGBM_T,8,OK,0.7368421052631579,0.8015384615384615,0.7070707070707071,0.6892307692307692,0.6955128205128205,0.3958997306599194,,2.3,False,0.7410071942446043,0.8273381294964028,40,False
43,diabetes,LightGBM_T,9,OK,0.7631578947368421,0.8307692307692307,0.7369230769230769,0.7369230769230769,0.7369230769230769,0.47384615384615386,,2.5,False,0.7482014388489209,0.762589928057554,40,False
43,diabetes,RuleFit_T,0,OK,0.7142857142857143,0.794074074074074,0.696236559139785,0.6351851851851852,0.6398809523809523,0.32575006116601346,,57.8,False,0.7482014388489209,0.7913669064748201,40,False
43,diabetes,RuleFit_T,1,OK,0.7792207792207793,0.8281481481481481,0.7697368421052632,0.7277777777777779,0.7397096838337642,0.4957421042418413,,74.3,False,0.7769784172661871,0.8057553956834532,40,False
43,diabetes,RuleFit_T,2,OK,0.7792207792207793,0.7718518518518519,0.7636363636363637,0.7362962962962962,0.745578231292517,0.49918452017784487,,77.2,False,0.7410071942446043,0.7769784172661871,40,False
43,diabetes,RuleFit_T,3,OK,0.8051948051948052,0.8607407407407407,0.8149717514124294,0.7477777777777778,0.764525993883792,0.5587235474821028,,89.9,False,0.7482014388489209,0.8057553956834532,40,False
43,diabetes,RuleFit_T,4,OK,0.7532467532467533,0.7999999999999999,0.7359649122807017,0.6992592592592592,0.70908729369656,0.4336735806213181,,77.6,False,0.6906474820143885,0.7410071942446043,40,False
43,diabetes,RuleFit_T,5,OK,0.7142857142857143,0.7951851851851851,0.8472222222222222,0.5925925925925926,0.5660860655737705,0.35860956909327935,,95.8,False,0.7338129496402878,0.7913669064748201,40,False
43,diabetes,RuleFit_T,6,OK,0.7532467532467533,0.8422222222222222,0.7424670433145009,0.6907407407407408,0.7017329255861366,0.43010856046828544,,66.3,False,0.7553956834532374,0.7913669064748201,40,False
43,diabetes,RuleFit_T,7,OK,0.7662337662337663,0.8437037037037036,0.8676470588235294,0.6666666666666666,0.673728813559322,0.49507377148833714,,76.0,False,0.7553956834532374,0.7985611510791367,40,False
43,diabetes,RuleFit_T,8,OK,0.7763157894736842,0.8253846153846154,0.7852459016393443,0.7007692307692308,0.7161063502526916,0.4786171758397595,,116.2,False,0.7769784172661871,0.8129496402877698,40,False
43,diabetes,RuleFit_T,9,OK,0.8289473684210527,0.8250000000000001,0.8229437229437229,0.786923076923077,0.7997973657548125,0.6088021243721368,,60.3,False,0.7553956834532374,0.7769784172661871,40,False
43,diabetes,XGBoost_T,0,OK,0.7402597402597403,0.8081481481481482,0.7172619047619048,0.6892592592592592,0.6973270440251573,0.40555555555555556,,8.1,False,0.6762589928057554,0.7841726618705036,40,False
43,diabetes,XGBoost_T,1,OK,0.7402597402597403,0.8096296296296296,0.7148148148148148,0.7148148148148148,0.7148148148148148,0.42962962962962964,,7.7,False,0.7553956834532374,0.7985611510791367,40,False
43,diabetes,XGBoost_T,2,OK,0.7662337662337663,0.7822222222222222,0.7438461538461538,0.7348148148148148,0.7386877828054299,0.4785757597651158,,7.5,False,0.7122302158273381,0.7697841726618705,40,False
43,diabetes,XGBoost_T,3,OK,0.7402597402597403,0.8696296296296298,0.7727272727272727,0.6466666666666666,0.6506352087114338,0.4,,8.0,False,0.7050359712230215,0.7769784172661871,40,False
43,diabetes,XGBoost_T,4,OK,0.7402597402597403,0.8362962962962963,0.7172619047619048,0.6892592592592592,0.6973270440251573,0.40555555555555556,,4.5,False,0.6474820143884892,0.7410071942446043,40,False
43,diabetes,XGBoost_T,5,OK,0.7922077922077922,0.8377777777777777,0.8787878787878788,0.7037037037037037,0.720508166969147,0.5555555555555556,,4.8,False,0.7266187050359713,0.7697841726618705,40,False
43,diabetes,XGBoost_T,6,OK,0.7142857142857143,0.8362962962962963,0.6846153846153846,0.6777777777777778,0.6806184012066365,0.36232865092627065,,5.1,False,0.7122302158273381,0.7841726618705036,40,False
43,diabetes,XGBoost_T,7,OK,0.7792207792207793,0.8637037037037036,0.8095238095238095,0.7022222222222222,0.7174616878912152,0.5003702332976756,,4.0,False,0.7122302158273381,0.7841726618705036,40,False
43,diabetes,XGBoost_T,8,OK,0.7105263157894737,0.7930769230769231,0.675,0.6507692307692308,0.6570959803117309,0.32486683662457994,,3.9,False,0.7697841726618705,0.841726618705036,40,False
43,diabetes,XGBoost_T,9,OK,0.7763157894736842,0.8207692307692307,0.7517006802721089,0.7561538461538462,0.753764055650848,0.507835002067562,,4.2,False,0.7338129496402878,0.7697841726618705,40,False
43,kr-vs-kp,CatBoost_T,0,OK,0.996875,1.0,0.9970238095238095,0.9967320261437909,0.996868118424272,0.9937557928313525,,225.9,False,0.9878472222222222,0.9947916666666666,40,False
43,kr-vs-kp,CatBoost_T,1,OK,0.99375,1.0,0.9935483870967742,0.9940119760479043,0.9937411985604757,0.9875602543337462,,173.2,False,0.9826388888888888,0.9930555555555556,40,False
43,kr-vs-kp,CatBoost_T,2,OK,0.996875,1.0,0.9970238095238095,0.9967320261437909,0.996868118424272,0.9937557928313525,,625.8,False,0.9913194444444444,0.9965277777777778,40,False
43,kr-vs-kp,CatBoost_T,3,OK,1.0,1.0,1.0,1.0,1.0,1.0,,177.0,False,0.9878472222222222,0.9947916666666666,40,False
43,kr-vs-kp,CatBoost_T,4,OK,1.0,1.0,1.0,1.0,1.0,1.0,,134.0,False,0.9895833333333334,0.9930555555555556,40,False
43,kr-vs-kp,CatBoost_T,5,OK,0.996875,1.0,0.9970238095238095,0.9967320261437909,0.996868118424272,0.9937557928313525,,375.6,False,0.9965277777777778,0.9982638888888888,40,False
43,kr-vs-kp,CatBoost_T,6,OK,0.9905956112852664,1.0,0.9903225806451612,0.9910179640718563,0.9905822844602773,0.9813402983406839,,259.0,True,0.9965277777777778,0.9965277777777778,40,False
43,kr-vs-kp,CatBoost_T,7,OK,0.9968652037617555,0.9990545225338796,0.9970238095238095,0.9967105263157895,0.9968572976700655,0.9937342864569987,,167.6,False,0.9947916666666666,0.9982638888888888,40,False
43,kr-vs-kp,CatBoost_T,8,OK,0.9937304075235109,0.9998424204223132,0.9937165143397415,0.9937165143397415,0.9937165143397415,0.9874330286794831,,125.3,False,0.9947916666666666,0.9965277777777778,40,False
43,kr-vs-kp,CatBoost_T,9,OK,0.987460815047022,0.998582565556343,0.9882352941176471,0.9869281045751634,0.9874251024913276,0.9751625225600158,,209.2,False,0.9878472222222222,0.9930555555555556,40,False
43,kr-vs-kp,EBM_T,0,OK,0.99375,0.9992955265938711,0.9940828402366864,0.9934640522875817,0.993734335839599,0.9875466986607835,,181.5,True,0.9861111111111112,0.9704861111111112,40,False
43,kr-vs-kp,EBM_T,1,OK,0.99375,1.0,0.9935483870967742,0.9940119760479043,0.9937411985604757,0.9875602543337462,,204.3,True,0.9930555555555556,0.9791666666666666,40,False
43,kr-vs-kp,EBM_T,2,OK,0.990625,0.9994520762396775,0.9907581453634086,0.9904700403115339,0.9906043552728163,0.9812281433787039,,323.4,True,0.9913194444444444,0.9861111111111112,40,False
43,kr-vs-kp,EBM_T,3,OK,0.984375,0.9997651755312903,0.9844924812030075,0.9842080544792767,0.9843405921213604,0.9687004939260552,,155.2,True,0.9895833333333334,0.9861111111111112,40,False
43,kr-vs-kp,EBM_T,4,OK,1.0,1.0,1.0,1.0,1.0,1.0,,780.5,True,0.9878472222222222,0.9739583333333334,40,False
43,kr-vs-kp,EBM_T,5,OK,0.99375,0.9999608625885484,0.9940828402366864,0.9934640522875817,0.993734335839599,0.9875466986607835,,117.0,True,0.9878472222222222,0.9791666666666666,40,False
43,kr-vs-kp,EBM_T,6,OK,0.987460815047022,0.9996060510557832,0.9872294372294372,0.9877284903876458,0.9874399559020395,0.974957799891535,,109.0,True,0.9930555555555556,0.9826388888888888,40,False
43,kr-vs-kp,EBM_T,7,OK,0.9905956112852664,0.9994484714780965,0.9907363607694734,0.990427040655531,0.9905718930101965,0.9811633526671037,,173.8,True,0.9947916666666666,0.9670138888888888,40,False
43,kr-vs-kp,EBM_T,8,OK,0.987460815047022,0.9986999684840844,0.9872294372294372,0.9877284903876458,0.9874399559020395,0.974957799891535,,148.5,True,0.9913194444444444,0.984375,40,False
43,kr-vs-kp,EBM_T,9,OK,0.9937304075235109,0.9986219387353334,0.9937199779510197,0.9937199779510197,0.9937199779510197,0.9874399559020395,,294.0,True,0.9809027777777778,0.9739583333333334,40,False
43,kr-vs-kp,FIGS_T,0,OK,0.996875,1.0,0.9967532467532467,0.9970059880239521,0.9968698340033845,0.9937592026375474,,8.0,False,0.9791666666666666,0.9930555555555556,40,False
43,kr-vs-kp,FIGS_T,1,OK,1.0,1.0,1.0,1.0,1.0,1.0,,7.9,False,0.96875,0.9947916666666666,40,False
43,kr-vs-kp,FIGS_T,2,OK,1.0,1.0,1.0,1.0,1.0,1.0,,10.1,False,0.9704861111111112,1.0,40,False
43,kr-vs-kp,FIGS_T,3,OK,1.0,1.0,1.0,1.0,1.0,1.0,,9.1,False,0.9704861111111112,0.9947916666666666,40,False
43,kr-vs-kp,FIGS_T,4,OK,1.0,1.0,1.0,1.0,1.0,1.0,,8.5,False,0.9704861111111112,0.9947916666666666,40,False
43,kr-vs-kp,FIGS_T,5,OK,0.996875,0.9967320261437909,0.9970238095238095,0.9967320261437909,0.996868118424272,0.9937557928313525,,9.0,False,0.9826388888888888,0.9982638888888888,40,False
43,kr-vs-kp,FIGS_T,6,OK,0.9937304075235109,0.9997242357390482,0.9935064935064934,0.9940119760479043,0.9937199779510197,0.9875183401833406,,9.3,False,0.9722222222222222,0.9965277777777778,40,False
43,kr-vs-kp,FIGS_T,7,OK,0.9937304075235109,0.9934210526315789,0.9940828402366864,0.993421052631579,0.9937125512456638,0.9875036711157809,,7.4,False,0.9652777777777778,0.9930555555555556,40,False
43,kr-vs-kp,FIGS_T,8,OK,0.9905956112852664,0.9901118815001576,0.9907363607694734,0.990427040655531,0.9905718930101965,0.9811633526671037,,8.1,False,0.9756944444444444,0.9947916666666666,40,False
43,kr-vs-kp,FIGS_T,9,OK,0.9905956112852664,0.9904520040948106,0.9907225023636936,0.9904520040948106,0.9905774627086102,0.9811744691719083,,8.2,False,0.9618055555555556,0.9913194444444444,40,False
43,kr-vs-kp,LightGBM_T,0,OK,0.996875,1.0,0.9970238095238095,0.9967320261437909,0.996868118424272,0.9937557928313525,,7.5,False,0.9930555555555556,0.9947916666666666,40,False
43,kr-vs-kp,LightGBM_T,1,OK,0.996875,0.9994520762396776,0.9970238095238095,0.9967320261437909,0.996868118424272,0.9937557928313525,,11.5,True,0.9947916666666666,0.9930555555555556,40,False
43,kr-vs-kp,LightGBM_T,2,OK,0.990625,0.9993933701225001,0.9907581453634086,0.9904700403115339,0.9906043552728163,0.9812281433787039,,10.7,False,0.9982638888888888,1.0,40,False
43,kr-vs-kp,LightGBM_T,3,OK,1.0,1.0,1.0,1.0,1.0,1.0,,8.2,False,0.9878472222222222,0.9965277777777778,40,False
43,kr-vs-kp,LightGBM_T,4,OK,1.0,1.0,1.0,1.0,1.0,1.0,,12.2,False,0.9878472222222222,0.9930555555555556,40,False
43,kr-vs-kp,LightGBM_T,5,OK,0.996875,0.9999608625885484,0.9970238095238095,0.9967320261437909,0.996868118424272,0.9937557928313525,,11.5,False,0.9947916666666666,0.9982638888888888,40,False
43,kr-vs-kp,LightGBM_T,6,OK,0.9937304075235109,0.9998818153167349,0.9935064935064934,0.9940119760479043,0.9937199779510197,0.9875183401833406,,10.4,True,0.9965277777777778,0.9965277777777778,40,False
43,kr-vs-kp,LightGBM_T,7,OK,0.9937304075235109,0.9992121021115664,0.9937165143397415,0.9937165143397415,0.9937165143397415,0.9874330286794831,,7.2,False,0.9895833333333334,0.9965277777777778,40,False
43,kr-vs-kp,LightGBM_T,8,OK,0.987460815047022,0.9998424204223132,0.9874330286794831,0.9874330286794831,0.9874330286794831,0.9748660573589663,,9.2,False,0.9913194444444444,0.9947916666666666,40,False
43,kr-vs-kp,LightGBM_T,9,OK,0.9843260188087775,0.9990550437042287,0.9848323471400394,0.9839160563823923,0.9842864883503275,0.9687479701854903,,9.2,False,0.9878472222222222,0.9895833333333334,40,False
43,kr-vs-kp,RuleFit_T,0,OK,0.996875,1.0,0.9967532467532467,0.9970059880239521,0.9968698340033845,0.9937592026375474,,181.9,False,0.9774305555555556,0.9930555555555556,40,False
43,kr-vs-kp,RuleFit_T,1,OK,0.99375,0.9996869007083872,0.993738014167743,0.993738014167743,0.993738014167743,0.9874760283354859,,141.7,False,0.9618055555555556,0.9895833333333334,40,False
43,kr-vs-kp,RuleFit_T,2,OK,0.99375,0.9998630190599194,0.993738014167743,0.993738014167743,0.993738014167743,0.9874760283354859,,153.4,False,0.9704861111111112,0.9861111111111112,40,False
43,kr-vs-kp,RuleFit_T,3,OK,0.99375,1.0,0.9935483870967742,0.9940119760479043,0.9937411985604757,0.9875602543337462,,185.5,False,0.9670138888888888,0.9913194444444444,40,False
43,kr-vs-kp,RuleFit_T,4,OK,0.99375,1.0,0.9935483870967742,0.9940119760479043,0.9937411985604757,0.9875602543337462,,138.9,False,0.96875,0.9826388888888888,40,False
43,kr-vs-kp,RuleFit_T,5,OK,0.99375,0.9994129388282259,0.993738014167743,0.993738014167743,0.993738014167743,0.9874760283354859,,213.8,False,0.9826388888888888,0.9965277777777778,40,False
43,kr-vs-kp,RuleFit_T,6,OK,0.987460815047022,0.999251497005988,0.9871794871794872,0.9880239520958084,0.9874458874458875,0.9752030736484428,,163.3,False,0.9548611111111112,0.9965277777777778,40,False
43,kr-vs-kp,RuleFit_T,7,OK,0.9905956112852664,0.9986605735896628,0.9907363607694734,0.990427040655531,0.9905718930101965,0.9811633526671037,,132.6,False,0.9253472222222222,0.9895833333333334,40,False
43,kr-vs-kp,RuleFit_T,8,OK,0.987460815047022,0.9989363378506145,0.9872294372294372,0.9877284903876458,0.9874399559020395,0.974957799891535,,152.9,False,0.96875,0.9947916666666666,40,False
43,kr-vs-kp,RuleFit_T,9,OK,0.9937304075235109,0.9997637609260572,0.9937199779510197,0.9937199779510197,0.9937199779510197,0.9874399559020395,,146.0,False,0.9565972222222222,0.9913194444444444,40,False
43,kr-vs-kp,XGBoost_T,0,OK,0.99375,0.9999608625885484,0.9940828402366864,0.9934640522875817,0.993734335839599,0.9875466986607835,,11.6,False,0.984375,0.9930555555555556,40,False
43,kr-vs-kp,XGBoost_T,1,OK,1.0,1.0,1.0,1.0,1.0,1.0,,12.5,False,0.9913194444444444,0.9965277777777778,40,False
43,kr-vs-kp,XGBoost_T,2,OK,0.996875,1.0,0.9970238095238095,0.9967320261437909,0.996868118424272,0.9937557928313525,,12.0,False,0.9965277777777778,1.0,40,False
43,kr-vs-kp,XGBoost_T,3,OK,1.0,1.0,1.0,1.0,1.0,1.0,,7.6,False,0.9826388888888888,0.9947916666666666,40,False
43,kr-vs-kp,XGBoost_T,4,OK,1.0,1.0,1.0,1.0,1.0,1.0,,9.6,False,0.9895833333333334,0.9930555555555556,40,False
43,kr-vs-kp,XGBoost_T,5,OK,0.996875,1.0,0.9970238095238095,0.9967320261437909,0.996868118424272,0.9937557928313525,,10.8,False,0.9947916666666666,0.9982638888888888,40,False
43,kr-vs-kp,XGBoost_T,6,OK,1.0,1.0,1.0,1.0,1.0,1.0,,8.4,False,0.9947916666666666,0.9965277777777778,40,False
43,kr-vs-kp,XGBoost_T,7,OK,0.9968652037617555,0.9995272612669398,0.9970238095238095,0.9967105263157895,0.9968572976700655,0.9937342864569987,,11.0,False,0.9930555555555556,0.9982638888888888,40,False
43,kr-vs-kp,XGBoost_T,8,OK,0.9905956112852664,0.9996060510557833,0.9907363607694734,0.990427040655531,0.9905718930101965,0.9811633526671037,,12.2,False,0.9913194444444444,0.9947916666666666,40,False
43,kr-vs-kp,XGBoost_T,9,OK,0.987460815047022,0.999251909599181,0.9882352941176471,0.9869281045751634,0.9874251024913276,0.9751625225600158,,7.3,False,0.9861111111111112,0.9965277777777778,40,False
43,magic,CatBoost_T,0,OK,0.88,0.9433799094816044,0.8789476900226085,0.8539150742540573,0.8641052006939695,0.7324351161782319,,105.5,False,0.8805555555555555,0.8894444444444445,40,False
43,magic,CatBoost_T,1,OK,0.879,0.928283267266318,0.8825470698194292,0.8485660604304672,0.861552103893132,0.7303230108826568,,130.8,False,0.8761111111111111,0.8788888888888889,40,False
43,magic,CatBoost_T,2,OK,0.893,0.9473132015504897,0.8851561522372584,0.8783203613712088,0.8815426905751158,0.7634459108509101,,167.2,False,0.8766666666666667,0.8822222222222222,40,False
43,magic,CatBoost_T,3,OK,0.892,0.936566885719428,0.8896638046103893,0.8703550059482263,0.878621136106166,0.7597734943370668,,118.9,False,0.8822222222222222,0.8866666666666667,40,False
43,magic,CatBoost_T,4,OK,0.878,0.9297670314619466,0.8817432694025131,0.8471415590059658,0.860294252368127,0.7280630568307193,,105.5,False,0.8777777777777778,0.8855555555555555,40,False
43,magic,CatBoost_T,5,OK,0.876,0.9371112252468186,0.8785430941218897,0.8456007269566592,0.858234516694029,0.7233941346539882,,122.6,False,0.8755555555555555,0.8777777777777778,40,False
43,magic,CatBoost_T,6,OK,0.869,0.9270102151458084,0.8728542446941323,0.8356292169851491,0.8493697099734501,0.7075048500081985,,82.2,False,0.8861111111111111,0.8961111111111111,40,False
43,magic,CatBoost_T,7,OK,0.888,0.9453421656811488,0.8876493426814476,0.8633488294505243,0.8733604703753958,0.7506049157861122,,104.3,False,0.8666666666666667,0.8727777777777778,40,False
43,magic,CatBoost_T,8,OK,0.88,0.9308043956043957,0.8809523809523809,0.8516483516483516,0.8632478632478633,0.732014417394684,,72.9,False,0.8766666666666667,0.8805555555555555,40,False
43,magic,CatBoost_T,9,OK,0.885,0.9316527472527472,0.8865275025071412,0.8574725274725274,0.869050181109293,0.7434324804819102,,142.8,False,0.8711111111111111,0.8783333333333333,40,False
43,magic,EBM_T,0,OK,0.875,0.9343587987655784,0.8721131369798971,0.8494089087309427,0.8587696691481778,0.7211647387846792,,1484.7,False,0.885,0.8866666666666667,40,False
43,magic,EBM_T,1,OK,0.88,0.9325501867874748,0.8818028711969046,0.8512987326546648,0.8632478632478633,0.7324666948752955,,658.7,True,0.8777777777777778,0.8738888888888889,40,False
43,magic,EBM_T,2,OK,0.893,0.9422385524080439,0.8892935011634512,0.8730876781724239,0.8801886972032459,0.7622089174935854,,483.2,False,0.8794444444444445,0.8827777777777778,40,False
43,magic,EBM_T,3,OK,0.892,0.9368083266388352,0.8903023983315954,0.8697009205483781,0.8784391587989788,0.7597240445199311,,551.7,True,0.8833333333333333,0.8788888888888889,40,False
43,magic,EBM_T,4,OK,0.863,0.9219048371590745,0.8625614250614251,0.8316608062370774,0.8434985052393731,0.6935341795364839,,866.4,False,0.8805555555555555,0.8844444444444445,40,False
43,magic,EBM_T,5,OK,0.877,0.9316195417890333,0.8785971051071721,0.8476793137810087,0.8597169932903664,0.7256180309312553,,2525.5,False,0.87,0.875,40,False
43,magic,EBM_T,6,OK,0.872,0.925245501516688,0.873734823897103,0.8412108920583496,0.8536614365873847,0.7142055520792336,,1211.7,False,0.8861111111111111,0.8877777777777778,40,False
43,magic,EBM_T,7,OK,0.899,0.9478794902523715,0.8967830882352941,0.87901834512004,0.8867407001218939,0.775598013082963,,583.3,True,0.8694444444444445,0.8694444444444445,40,False
43,magic,EBM_T,8,OK,0.873,0.9327604395604395,0.8722688796049411,0.8442857142857143,0.855385852181567,0.7160079807408007,,614.5,True,0.8744444444444445,0.8738888888888889,40,False
43,magic,EBM_T,9,OK,0.882,0.9279252747252749,0.8825973927399002,0.8545054945054945,0.8657406564599225,0.736567384316659,,572.1,True,0.8783333333333333,0.8783333333333333,40,False
43,magic,FIGS_T,0,OK,0.858,0.9008555788216804,0.8536855761292605,0.8291168969135071,0.838940911730546,0.6823603133205454,,70.0,False,0.8294444444444444,0.855,40,False
43,magic,FIGS_T,1,OK,0.853,0.8890952111291094,0.8526226323457989,0.8187239627917594,0.8312515282068236,0.6704902169347877,,59.2,False,0.8122222222222222,0.8272222222222222,40,False
43,magic,FIGS_T,2,OK,0.869,0.9173767224614683,0.8603912601626016,0.8487109249821114,0.8539509609692305,0.7090059793450816,,67.1,False,0.8188888888888889,0.8505555555555555,40,False
43,magic,FIGS_T,3,OK,0.848,0.901926698536868,0.8393233692503765,0.8214127366669739,0.8289143716430074,0.6604933087498212,,64.5,False,0.8227777777777778,0.8461111111111111,40,False
43,magic,FIGS_T,4,OK,0.848,0.8906799415273993,0.8455377961004291,0.8142177972686446,0.8259403799996335,0.6590117606347824,,67.4,False,0.8255555555555556,0.8583333333333333,40,False
43,magic,FIGS_T,5,OK,0.821,0.8781711069846665,0.814333645443196,0.7829511982054356,0.7941769319484545,0.5964598280334891,,62.2,False,0.8133333333333334,0.8461111111111111,40,False
43,magic,FIGS_T,6,OK,0.832,0.8690248859740386,0.8262282103393177,0.7966584576754068,0.8076183147364371,0.6221844026636161,,47.1,False,0.8322222222222222,0.86,40,False
43,magic,FIGS_T,7,OK,0.866,0.9060860671030162,0.8591229015047943,0.8424751645090629,0.849624060150376,0.7014005268655745,,63.0,False,0.8105555555555556,0.84,40,False
43,magic,FIGS_T,8,OK,0.856,0.8978945054945056,0.853018222145739,0.8246153846153845,0.8356344510190664,0.6770380962931949,,77.5,False,0.8255555555555556,0.845,40,False
43,magic,FIGS_T,9,OK,0.823,0.8559758241758242,0.817750146616004,0.7834065934065935,0.7954492662175796,0.6001749298559124,,33.3,False,0.8216666666666667,0.8533333333333334,40,False
43,magic,LightGBM_T,0,OK,0.887,0.9460928274487597,0.8882524198427102,0.8606161572263267,0.8717330230710292,0.748358458701445,,43.8,False,0.8805555555555555,0.89,40,False
43,magic,LightGBM_T,1,OK,0.882,0.9242665683343649,0.884188378761349,0.8534936501038196,0.8655270655270655,0.7370431529722477,,87.7,False,0.8733333333333333,0.8783333333333333,40,False
43,magic,LightGBM_T,2,OK,0.889,0.9374360730292934,0.8798458913240548,0.8752386972725956,0.8774497626831215,0.7550705329299674,,59.0,False,0.8783333333333333,0.8827777777777778,40,False
43,magic,LightGBM_T,3,OK,0.888,0.931558084100457,0.8876493426814476,0.8633488294505243,0.8733604703753958,0.7506049157861122,,52.9,False,0.8744444444444445,0.8816666666666667,40,False
43,magic,LightGBM_T,4,OK,0.868,0.9210751583632939,0.8661306589769451,0.8394373987594327,0.8500483934730155,0.7050629432588587,,48.3,False,0.8788888888888889,0.8827777777777778,40,False
43,magic,LightGBM_T,5,OK,0.893,0.9363430041396144,0.8945913620010925,0.867854994973639,0.8787330665460797,0.7619774366358973,,33.4,False,0.8666666666666667,0.8738888888888889,40,False
43,magic,LightGBM_T,6,OK,0.868,0.9298153196458281,0.864232222893513,0.8413996549589771,0.8507462686567164,0.7052623773342416,,52.7,True,0.8894444444444445,0.8883333333333333,40,False
43,magic,LightGBM_T,7,OK,0.89,0.9404123810903473,0.889991054660241,0.8655437468996792,0.8756218905472637,0.7551391696312993,,39.9,False,0.8683333333333333,0.8727777777777778,40,False
43,magic,LightGBM_T,8,OK,0.877,0.9263692307692307,0.8736950424446632,0.851978021978022,0.8610293544418068,0.7253480319478796,,50.5,False,0.8727777777777778,0.88,40,False
43,magic,LightGBM_T,9,OK,0.876,0.9208967032967033,0.8747920447670902,0.8485714285714285,0.859136369626166,0.7228880922014733,,39.9,False,0.8716666666666667,0.8772222222222222,40,False
43,magic,RuleFit_T,0,OK,0.861,0.9130198113248961,0.882,0.8144219245914162,0.8346810593257128,0.6931354130151509,,447.0,False,0.8238888888888889,0.8616666666666667,40,False
43,magic,RuleFit_T,1,OK,0.864,0.9109521990877922,0.8853717307006952,0.8180413434650723,0.8384022737750654,0.7001832416318149,,316.1,False,0.8105555555555556,0.8561111111111112,40,False
43,magic,RuleFit_T,2,OK,0.868,0.9281603518891655,0.8813863298434937,0.8276638615621666,0.8454470093996318,0.7070120722690423,,346.2,False,0.8033333333333333,0.8511111111111112,40,False
43,magic,RuleFit_T,3,OK,0.862,0.9174140360581039,0.8814917112455091,0.8165005114157657,0.8363346553065523,0.69495991743432,,397.4,False,0.8177777777777778,0.8583333333333333,40,False
43,magic,RuleFit_T,4,OK,0.833,0.9119223526003187,0.8479161245554688,0.7817308241037055,0.8002332605640121,0.62615875459816,,415.3,False,0.82,0.8533333333333334,40,False
43,magic,RuleFit_T,5,OK,0.842,0.9113780130729284,0.8699075096709882,0.786702312126041,0.8081593006313745,0.6513166305122514,,420.1,False,0.8305555555555556,0.8577777777777778,40,False
43,magic,RuleFit_T,6,OK,0.859,0.9096352486182995,0.8844883229028108,0.809610665542869,0.8310063750148319,0.6900483622106519,,397.1,False,0.8233333333333334,0.8688888888888889,40,False
43,magic,RuleFit_T,7,OK,0.858,0.9189065799235291,0.8727900833163991,0.8140729327170004,0.8325274206864017,0.6843486677271943,,574.8,False,0.8222222222222222,0.8522222222222222,40,False
43,magic,RuleFit_T,8,OK,0.854,0.9012703296703296,0.8674857393593682,0.8092307692307692,0.8274916817906836,0.6742044137008757,,533.6,False,0.8305555555555556,0.8522222222222222,40,False
43,magic,RuleFit_T,9,OK,0.848,0.8913076923076924,0.8675513921415561,0.798021978021978,0.817999817999818,0.6619316971131032,,446.8,False,0.8238888888888889,0.8561111111111112,40,False
43,magic,XGBoost_T,0,OK,0.89,0.9430287226897397,0.889303198166876,0.8661978322995272,0.8758123004529464,0.7551476339789014,,64.6,False,0.8816666666666667,0.89,40,False
43,magic,XGBoost_T,1,OK,0.88,0.9252191625072981,0.8849839326479869,0.8486823910552724,0.8623594345725571,0.7327676798373739,,44.3,False,0.8738888888888889,0.875,40,False
43,magic,XGBoost_T,2,OK,0.888,0.9434018586560958,0.8793550488890078,0.873160110448246,0.8760924881070915,0.7524896595768529,,54.9,False,0.8744444444444445,0.8822222222222222,40,False
43,magic,XGBoost_T,3,OK,0.885,0.937190242274988,0.8851735699082707,0.85907532517702,0.8696663799327025,0.7437911665633197,,37.9,False,0.8666666666666667,0.8788888888888889,40,False
43,magic,XGBoost_T,4,OK,0.882,0.9269048591082488,0.8834357577745142,0.8541477355036677,0.8657406564599225,0.7370017783614284,,63.3,False,0.875,0.8877777777777778,40,False
43,magic,XGBoost_T,5,OK,0.879,0.9349689858164435,0.8825470698194292,0.8485660604304672,0.861552103893132,0.7303230108826568,,36.2,False,0.8672222222222222,0.8788888888888889,40,False
43,magic,XGBoost_T,6,OK,0.866,0.9298372688203197,0.8651043182457931,0.8359343105105816,0.8472934472934472,0.7004314881966301,,90.7,False,0.8833333333333333,0.8872222222222222,40,False
43,magic,XGBoost_T,7,OK,0.884,0.9426468070535867,0.8823029788266699,0.8596130799520629,0.869038425932198,0.7415690168573849,,33.4,False,0.86,0.875,40,False
43,magic,XGBoost_T,8,OK,0.879,0.9303736263736264,0.8779926878169595,0.8521978021978023,0.8626521751468543,0.7297347295996625,,32.6,False,0.8711111111111111,0.8794444444444445,40,False
43,magic,XGBoost_T,9,OK,0.883,0.927978021978022,0.8813477957465143,0.8579120879120878,0.8676049739792853,0.738888315772573,,32.5,False,0.8705555555555555,0.8777777777777778,40,False
43,mfeat-factors,CatBoost_T,0,OK,0.975,0.9992500000000002,0.9770562770562771,0.975,0.9750817004989021,0.9724383436480823,,7558.0,False,0.9694444444444444,0.9833333333333333,33,True
43,mfeat-factors,CatBoost_T,1,OK,0.98,0.9998888888888888,0.980952380952381,0.9800000000000001,0.9799874921826142,0.9778864378634362,,5571.7,False,0.9583333333333334,0.975,40,False
43,mfeat-factors,CatBoost_T,2,OK,0.97,0.9998888888888888,0.9706892230576442,0.97,0.9697243342878774,0.9668009539030812,,7416.4,True,0.975,0.975,20,True
43,mfeat-factors,CatBoost_T,3,OK,0.975,0.9977500000000001,0.9749498746867168,0.975,0.974737335834897,0.9722762390693469,,6856.5,False,0.9666666666666667,0.9805555555555555,40,False
43,mfeat-factors,CatBoost_T,4,OK,0.985,0.9998333333333334,0.985645933014354,0.985,0.984981684981685,0.9834152880222562,,10071.3,False,0.9777777777777777,0.9805555555555555,24,True
43,mfeat-factors,CatBoost_T,5,OK,0.98,0.9954166666666667,0.9804761904761904,0.9799999999999999,0.9799937460913071,0.9778321032926003,,7423.1,False,0.9722222222222222,0.9833333333333333,23,True
43,mfeat-factors,CatBoost_T,6,OK,0.97,0.9991944444444446,0.9714285714285713,0.97,0.9699713636812483,0.966827818066747,,9850.7,False,0.9722222222222222,0.9833333333333333,14,True
43,mfeat-factors,CatBoost_T,7,OK,0.965,0.9988888888888889,0.9666233766233766,0.9650000000000001,0.9646847088310502,0.9613514790306154,,7439.9,True,0.9888888888888889,0.9861111111111112,18,True
43,mfeat-factors,CatBoost_T,8,OK,0.97,0.9992777777777778,0.9708840282524493,0.97,0.9698436052608068,0.9668009539030812,,8646.5,False,0.9611111111111111,0.9805555555555555,36,True
43,mfeat-factors,CatBoost_T,9,OK,0.98,0.9999444444444444,0.981147186147186,0.9800000000000001,0.9799718103890118,0.9779136085456454,,8374.0,False,0.9833333333333333,0.9972222222222222,19,True
43,mfeat-factors,EBM_T,0,OK,0.975,0.9957222222222223,0.9763852813852815,0.975,0.9749686834346655,0.9723842997797743,,14785.7,True,0.9777777777777777,0.9777777777777777,40,False
43,mfeat-factors,EBM_T,1,OK,0.98,0.99975,0.9804761904761905,0.9799999999999999,0.9799937460913071,0.9778321032926003,,1489.4,False,0.9666666666666667,0.9722222222222222,40,False
43,mfeat-factors,EBM_T,2,OK,0.98,0.9997777777777778,0.9804511278195488,0.9800000000000001,0.9797274612422239,0.9778864378634362,,1818.8,True,0.9833333333333333,0.9833333333333333,40,False
43,mfeat-factors,EBM_T,3,OK,0.965,0.9976666666666668,0.9667931191615402,0.9650000000000001,0.9649534953706969,0.9613247625778186,,45996.2,False,0.9638888888888889,0.975,40,False
43,mfeat-factors,EBM_T,4,OK,0.995,0.9999444444444444,0.9952380952380953,0.9949999999999999,0.9949968730456537,0.9944720690522652,,14591.5,False,0.975,0.9805555555555555,40,False
43,mfeat-factors,EBM_T,5,OK,0.97,0.9936388888888891,0.9708840282524493,0.97,0.9699785580273386,0.9667740919786244,,1818.8,False,0.9805555555555555,0.9916666666666667,40,False
43,mfeat-factors,EBM_T,6,OK,0.975,0.9985277777777778,0.9770562770562771,0.975,0.9749467477323703,0.9724653689616051,,20535.3,False,0.975,0.9833333333333333,40,False
43,mfeat-factors,EBM_T,7,OK,0.975,0.9991944444444444,0.9761471861471861,0.975,0.9749718103890122,0.9723572812243633,,29446.1,True,0.9888888888888889,0.9861111111111112,40,False
43,mfeat-factors,EBM_T,8,OK,0.96,0.9995833333333334,0.9621444916639424,0.96,0.9597744347602545,0.9558476647544005,,1259.6,False,0.9805555555555555,0.9861111111111112,40,False
43,mfeat-factors,EBM_T,9,OK,0.985,0.999861111111111,0.9857142857142858,0.985,0.9849906191369605,0.9834152880222562,,27090.3,False,0.9861111111111112,0.9916666666666667,40,False
43,mfeat-factors,FIGS_T,0,OK,0.85,0.9696666666666666,0.8731418128654971,0.85,0.855186538765486,0.8352379915398013,,192.8,False,0.8416666666666667,0.8833333333333333,40,False
43,mfeat-factors,FIGS_T,1,OK,0.88,0.99025,0.8954717602086022,0.8800000000000001,0.8841971187465958,0.8676312375457998,,194.3,False,0.8583333333333333,0.8722222222222222,40,False
43,mfeat-factors,FIGS_T,2,OK,0.915,0.9942222222222222,0.9277406413261009,0.9149999999999998,0.9169112322229873,0.9068916859141727,,167.5,False,0.8805555555555555,0.9,40,False
43,mfeat-factors,FIGS_T,3,OK,0.87,0.9799444444444445,0.8966468253968255,0.8699999999999999,0.8762063992359244,0.8579420470965903,,171.2,False,0.8305555555555556,0.8527777777777777,40,False
43,mfeat-factors,FIGS_T,4,OK,0.875,0.9793055555555557,0.9001319251783647,0.875,0.8799303478301711,0.8637785469538911,,195.2,True,0.9083333333333333,0.9083333333333333,40,False
43,mfeat-factors,FIGS_T,5,OK,0.86,0.9811111111111112,0.8923541027256198,0.86,0.8666816491252043,0.8475578751125487,,172.8,False,0.8472222222222222,0.875,40,False
43,mfeat-factors,FIGS_T,6,OK,0.85,0.9789444444444445,0.861832903938167,0.85,0.8521376131913609,0.8341911374896527,,166.5,False,0.8722222222222222,0.9138888888888889,40,False
43,mfeat-factors,FIGS_T,7,OK,0.89,0.9800277777777777,0.894279159691059,0.89,0.8906379123558275,0.8781193350571344,,179.7,False,0.8777777777777778,0.8944444444444445,40,False
43,mfeat-factors,FIGS_T,8,OK,0.865,0.9884444444444446,0.8826223982415933,0.865,0.866758606076812,0.8519903021060664,,180.9,False,0.8944444444444445,0.9138888888888889,40,False
43,mfeat-factors,FIGS_T,9,OK,0.88,0.9761805555555556,0.8942324657713673,0.8799999999999999,0.8809754597483446,0.8681389282419181,,173.1,False,0.8888888888888888,0.8944444444444445,40,False
43,mfeat-factors,LightGBM_T,0,OK,0.975,0.9978333333333333,0.9763852813852815,0.975,0.9751036362011973,0.9723572812243633,,296.6,False,0.9694444444444444,0.9777777777777777,40,False
43,mfeat-factors,LightGBM_T,1,OK,0.985,0.9998055555555556,0.9857142857142858,0.985,0.9849906191369605,0.9834152880222562,,297.3,False,0.9694444444444444,0.9833333333333333,40,False
43,mfeat-factors,LightGBM_T,2,OK,0.985,0.9999166666666668,0.9857142857142858,0.985,0.984855666370429,0.983442610805842,,328.9,False,0.975,0.9888888888888889,40,False
43,mfeat-factors,LightGBM_T,3,OK,0.97,0.9977500000000001,0.9713602187286398,0.9700000000000001,0.9697023985855822,0.9668815531129505,,295.4,False,0.975,0.9888888888888889,40,False
43,mfeat-factors,LightGBM_T,4,OK,0.985,0.9999166666666668,0.9857142857142858,0.985,0.9849807445442874,0.9834152880222562,,295.4,False,0.975,0.9861111111111112,40,False
43,mfeat-factors,LightGBM_T,5,OK,0.97,0.9964166666666667,0.9704511278195488,0.97,0.9698624140087556,0.9667472322930654,,359.0,False,0.9722222222222222,0.9861111111111112,40,False
43,mfeat-factors,LightGBM_T,6,OK,0.97,0.9993333333333334,0.9713602187286398,0.9700000000000001,0.9698373513521139,0.9668546844699331,,270.8,False,0.9638888888888889,0.9833333333333333,40,False
43,mfeat-factors,LightGBM_T,7,OK,0.975,0.9990833333333334,0.9759523809523809,0.975,0.9748525394160825,0.9723572812243633,,392.6,False,0.9916666666666667,0.9972222222222222,40,False
43,mfeat-factors,LightGBM_T,8,OK,0.965,0.9996944444444444,0.9672727272727272,0.9649999999999999,0.965042075042075,0.9613514790306154,,229.4,False,0.9694444444444444,0.9833333333333333,40,False
43,mfeat-factors,LightGBM_T,9,OK,0.975,0.9998333333333335,0.9759523809523809,0.975,0.975112570356473,0.9723032508694623,,254.8,False,0.9777777777777777,0.9888888888888889,40,False
43,mfeat-factors,RuleFit_T,0,OK,0.96,0.994361111111111,0.9631469979296068,0.96,0.9602955641645673,0.9558476647544005,,2561.0,False,0.9527777777777777,0.9722222222222222,40,False
43,mfeat-factors,RuleFit_T,1,OK,0.985,0.9992777777777778,0.9852380952380951,0.985,0.9849968730456535,0.9833606492863181,,2869.4,False,0.9416666666666667,0.9777777777777777,40,False
43,mfeat-factors,RuleFit_T,2,OK,0.99,0.9998055555555556,0.9904761904761905,0.99,0.9898587933247753,0.9889713065986531,,3185.8,False,0.9666666666666667,0.9833333333333333,40,False
43,mfeat-factors,RuleFit_T,3,OK,0.965,0.9967499999999999,0.9670312143996356,0.9650000000000001,0.9648154156498189,0.9613781977109899,,2663.0,False,0.9611111111111111,0.975,40,False
43,mfeat-factors,RuleFit_T,4,OK,0.985,1.0,0.9861471861471861,0.985,0.9851067631555438,0.983442610805842,,3370.6,False,0.9666666666666667,0.9805555555555555,40,False
43,mfeat-factors,RuleFit_T,5,OK,0.965,0.9943055555555557,0.9654260651629072,0.9650000000000001,0.9645961291596722,0.9612446265817991,,2292.7,False,0.9666666666666667,0.9861111111111112,40,False
43,mfeat-factors,RuleFit_T,6,OK,0.96,0.9967777777777778,0.9619845067213488,0.96,0.9600633854805871,0.9557679720426867,,3559.4,False,0.95,0.9722222222222222,40,False
43,mfeat-factors,RuleFit_T,7,OK,0.965,0.9984166666666667,0.9675108225108225,0.9649999999999999,0.9653197957369972,0.9613247625778186,,2889.0,False,0.9694444444444444,0.9972222222222222,40,False
43,mfeat-factors,RuleFit_T,8,OK,0.975,0.999,0.9765550239234451,0.975,0.9749566223250433,0.9724113205875764,,2577.7,False,0.9694444444444444,0.9805555555555555,40,False
43,mfeat-factors,RuleFit_T,9,OK,0.955,0.9992777777777778,0.9556349206349207,0.9549999999999998,0.9548364109147164,0.9501055731514068,,2981.5,False,0.9444444444444444,0.9888888888888889,40,False
43,mfeat-factors,XGBoost_T,0,OK,0.955,0.9980833333333334,0.9559273182957394,0.9549999999999998,0.95510631644778,0.9500791765638746,,356.5,False,0.9694444444444444,0.9833333333333333,40,False
43,mfeat-factors,XGBoost_T,1,OK,0.975,0.9997777777777779,0.9761471861471861,0.975,0.9749718103890117,0.9723572812243633,,266.1,False,0.9527777777777777,0.9694444444444444,40,False
43,mfeat-factors,XGBoost_T,2,OK,0.985,0.9998055555555556,0.9857142857142858,0.985,0.984855666370429,0.983442610805842,,552.1,False,0.9722222222222222,0.9861111111111112,40,False
43,mfeat-factors,XGBoost_T,3,OK,0.975,0.9975555555555558,0.9766233766233766,0.975,0.9748306037137873,0.9724383436480823,,435.1,False,0.95,0.9805555555555555,40,False
43,mfeat-factors,XGBoost_T,4,OK,0.98,0.9998333333333335,0.980952380952381,0.9800000000000001,0.9799776175899411,0.9778864378634362,,378.4,False,0.9833333333333333,0.9861111111111112,40,False
43,mfeat-factors,XGBoost_T,5,OK,0.965,0.9953611111111111,0.9658840282524492,0.9649999999999999,0.9649785580273385,0.9612179190362184,,426.2,False,0.9694444444444444,0.9777777777777777,40,False
43,mfeat-factors,XGBoost_T,6,OK,0.975,0.9989444444444444,0.9763852813852815,0.975,0.9749686834346655,0.9723842997797743,,254.6,False,0.9555555555555556,0.9833333333333333,40,False
43,mfeat-factors,XGBoost_T,7,OK,0.965,0.9986666666666666,0.9663602187286398,0.9649999999999999,0.9648373513521138,0.9612980483522898,,306.9,False,0.9833333333333333,0.9944444444444445,40,False
43,mfeat-factors,XGBoost_T,8,OK,0.97,0.99975,0.9726024547534845,0.97,0.9698968326875302,0.9669890500895584,,370.2,False,0.9527777777777777,0.9777777777777777,40,False
43,mfeat-factors,XGBoost_T,9,OK,0.98,0.9998611111111112,0.981147186147186,0.9799999999999999,0.9801067631555437,0.9778864378634362,,382.4,False,0.9694444444444444,0.9833333333333333,40,False
43,optdigits,CatBoost_T,0,OK,0.9928825622775801,0.9999273031464545,0.9930408465641017,0.9928235361130099,0.9928691582363601,0.9921053467825536,,653.8,False,0.9733201581027668,0.9822134387351779,40,False
43,optdigits,CatBoost_T,1,OK,0.9822064056939501,0.9998435411518971,0.9824474351358445,0.9822906207525082,0.9821515497809011,0.9802769535612684,,976.0,False,0.9851778656126482,0.9881422924901185,40,False
43,optdigits,CatBoost_T,2,OK,0.9857651245551602,0.9998905333348309,0.9858309487123045,0.9857120072909547,0.9856951319882354,0.9842005278019333,,708.5,False,0.9752964426877471,0.9841897233201581,40,False
43,optdigits,CatBoost_T,3,OK,0.9875444839857651,0.9995055294729932,0.9877431154928926,0.9875928457507406,0.9875920427055934,0.9861776606077579,,541.9,False,0.9792490118577075,0.9871541501976284,40,False
43,optdigits,CatBoost_T,4,OK,0.9911032028469751,0.999936525525472,0.9912885662431943,0.9910378218272955,0.9910833380514026,0.9901317876468538,,442.4,False,0.9782608695652174,0.9822134387351779,40,False
43,optdigits,CatBoost_T,5,OK,0.9857651245551602,0.9996451370228954,0.9859627517068533,0.9858071314650262,0.9857598878491529,0.9842110818916442,,781.5,False,0.974308300395257,0.9802371541501976,40,False
43,optdigits,CatBoost_T,6,OK,0.9750889679715302,0.9996295384679955,0.975518643588409,0.9749003189792662,0.9749261756520516,0.972378007797665,,953.0,False,0.9792490118577075,0.9841897233201581,40,False
43,optdigits,CatBoost_T,7,OK,0.9786476868327402,0.9998310996104512,0.9786876194317211,0.9786967418546366,0.9785987918757607,0.9762956813935413,,1218.8,False,0.9782608695652174,0.9822134387351779,40,False
43,optdigits,CatBoost_T,8,OK,0.9839857651245552,0.999626894216045,0.9843170280276521,0.9839251537935748,0.9839173581924173,0.9822509785314786,,790.5,False,0.9782608695652174,0.9891304347826086,40,False
43,optdigits,CatBoost_T,9,OK,0.9928825622775801,0.999894127611519,0.9929478280340349,0.9928246753246753,0.99285502138414,0.9920985327883729,,778.8,False,0.9762845849802372,0.9812252964426877,40,False
43,optdigits,EBM_T,0,OK,0.99644128113879,0.999965519419187,0.9965193704600483,0.9964274322169059,0.9964420112995253,0.9960527288441702,,380.3,True,0.9782608695652174,0.9772727272727273,40,False
43,optdigits,EBM_T,1,OK,0.9857651245551602,0.9996877512696045,0.9860664112388251,0.9857366771159874,0.9857024377441463,0.984227674362319,,310.3,True,0.9881422924901185,0.9841897233201581,40,False
43,optdigits,EBM_T,2,OK,0.9857651245551602,0.9998480722536197,0.985798481179837,0.9857120072909547,0.9856947048860386,0.9841970097720297,,305.4,True,0.9812252964426877,0.9812252964426877,40,False
43,optdigits,EBM_T,3,OK,0.9822064056939501,0.9997522407655672,0.9827159984600999,0.9823296878560036,0.9822794638653978,0.9802844064153476,,276.8,False,0.9802371541501976,0.9812252964426877,40,False
43,optdigits,EBM_T,4,OK,0.9893238434163701,0.9998127122007595,0.9895028519574799,0.9892834358623833,0.9893138389237597,0.988154710191716,,317.1,True,0.983201581027668,0.9812252964426877,40,False
43,optdigits,EBM_T,5,OK,0.9839857651245552,0.9997579615342316,0.9842322968438044,0.9839889496468442,0.983987231706182,0.9822338242035122,,319.6,True,0.974308300395257,0.9693675889328063,40,False
43,optdigits,EBM_T,6,OK,0.9750889679715302,0.9996468332799224,0.9755370514112709,0.9748689906584642,0.9748761501813072,0.9723880786133605,,304.5,True,0.9802371541501976,0.9782608695652174,40,False
43,optdigits,EBM_T,7,OK,0.9822064056939501,0.999650896358024,0.9824652540442014,0.9822368421052632,0.9822317785522255,0.9802566083007688,,406.8,True,0.9772727272727273,0.9762845849802372,40,False
43,optdigits,EBM_T,8,OK,0.9715302491103203,0.9997186992446224,0.9718670721804425,0.9715179995443153,0.9714286243989978,0.9684244614297222,,424.3,True,0.9841897233201581,0.9812252964426877,40,False
43,optdigits,EBM_T,9,OK,0.9893238434163701,0.9998733283207695,0.9894368366056205,0.9892845750740487,0.989282596513718,0.9881547935358819,,661.8,False,0.9782608695652174,0.9792490118577075,40,False
43,optdigits,FIGS_T,0,OK,0.895017793594306,0.9884921440274697,0.8986706210878428,0.8954967159277503,0.8963061445795585,0.8835329820305287,,261.5,False,0.8725296442687747,0.8853754940711462,40,False
43,optdigits,FIGS_T,1,OK,0.8861209964412812,0.9881875306816836,0.8897054902765682,0.8862659195009467,0.8870793570853592,0.8736632708435987,,154.5,False,0.8705533596837944,0.9021739130434783,40,False
43,optdigits,FIGS_T,2,OK,0.8985765124555161,0.9906605852396048,0.90527928235839,0.8989223057644111,0.8999261649851642,0.8879010836866346,,290.1,False,0.8794466403162056,0.9090909090909091,40,False
43,optdigits,FIGS_T,3,OK,0.9092526690391459,0.9849841617884956,0.9125563814243061,0.9094833675096833,0.9100533226163069,0.8994208382184822,,262.8,False,0.866600790513834,0.9011857707509882,40,False
43,optdigits,FIGS_T,4,OK,0.891459074733096,0.9865727739294876,0.9006184426869964,0.8914650262018682,0.894279659891264,0.8798593075807112,,161.9,False,0.8675889328063241,0.8913043478260869,40,False
43,optdigits,FIGS_T,5,OK,0.8736654804270463,0.9836198924921691,0.8803165131478101,0.8740174299384824,0.87515048433003,0.8601191430653023,,164.4,False,0.857707509881423,0.8804347826086957,40,False
43,optdigits,FIGS_T,6,OK,0.8825622775800712,0.9773945813054004,0.8869429131720652,0.8826651856915015,0.8836302069669488,0.8697981176687175,,262.0,False,0.8725296442687747,0.9041501976284585,40,False
43,optdigits,FIGS_T,7,OK,0.8932384341637011,0.9888095201626779,0.8989803295911185,0.8930997949419004,0.8943447176525339,0.8818023208146671,,244.4,False,0.8537549407114624,0.8764822134387352,40,False
43,optdigits,FIGS_T,8,OK,0.8807829181494662,0.9826988201667521,0.8879703103420885,0.8806567555251765,0.8828340437739335,0.8679389630403042,,236.5,False,0.8527667984189723,0.8962450592885376,40,False
43,optdigits,FIGS_T,9,OK,0.8790035587188612,0.9880381128721435,0.8908361315755673,0.8789707222601958,0.8824301330571341,0.8661676870223946,,270.1,False,0.8656126482213439,0.9031620553359684,40,False
43,optdigits,LightGBM_T,0,OK,0.9893238434163701,0.9999584671397329,0.989471523636678,0.9893450122170631,0.9893449962707883,0.9881511086446639,,162.4,False,0.9762845849802372,0.9822134387351779,40,False
43,optdigits,LightGBM_T,1,OK,0.9804270462633452,0.9998633406206929,0.9807416769894084,0.9804724389343263,0.9803605430544255,0.9783063789214349,,144.4,False,0.9851778656126482,0.9891304347826086,40,False
43,optdigits,LightGBM_T,2,OK,0.9857651245551602,0.9999010716151184,0.9858664883211163,0.9857758031442241,0.9857436353444434,0.98420058334212,,130.0,False,0.9841897233201581,0.9851778656126482,40,False
43,optdigits,LightGBM_T,3,OK,0.9911032028469751,0.9999439751101622,0.9913146029890625,0.9911016176805652,0.9911475255830604,0.9901283388544506,,128.4,False,0.9752964426877471,0.9861660079051383,40,False
43,optdigits,LightGBM_T,4,OK,0.9911032028469751,0.9998834629967153,0.9912885662431943,0.9910378218272955,0.9910833380514026,0.9901317876468538,,179.7,False,0.9802371541501976,0.983201581027668,40,False
43,optdigits,LightGBM_T,5,OK,0.9857651245551602,0.9997743408282578,0.9859627517068533,0.9858071314650262,0.9857598878491529,0.9842110818916442,,124.9,False,0.9733201581027668,0.9802371541501976,40,False
43,optdigits,LightGBM_T,6,OK,0.9733096085409253,0.9996181541695336,0.9740554829667843,0.97308327637275,0.9731983514710624,0.9704210158730469,,153.2,False,0.9772727272727273,0.983201581027668,40,False
43,optdigits,LightGBM_T,7,OK,0.9822064056939501,0.9997324505252093,0.982408292388221,0.9822368421052632,0.98223097916162,0.9802496415466575,,157.4,False,0.9762845849802372,0.9851778656126482,40,False
43,optdigits,LightGBM_T,8,OK,0.9857651245551602,0.9996654368219957,0.9863530099357101,0.9856157439052176,0.9856323809986336,0.9842591206969934,,114.0,False,0.9812252964426877,0.9881422924901185,40,False
43,optdigits,LightGBM_T,9,OK,0.9928825622775801,0.9999471739017641,0.9929175800001572,0.992888471177945,0.9928721062897671,0.9920986160510683,,129.1,False,0.9772727272727273,0.9812252964426877,40,False
43,optdigits,RuleFit_T,0,OK,0.9822064056939501,0.9998170142967183,0.9825144758447845,0.9822010158625403,0.9822619145831745,0.9802491552579344,,3961.0,False,0.9278656126482213,0.9713438735177866,40,False
43,optdigits,RuleFit_T,1,OK,0.9679715302491103,0.9986160735230358,0.9691142902994677,0.9680305976540098,0.9680366151864002,0.9645333997581209,,3824.0,False,0.9258893280632411,0.9762845849802372,40,False
43,optdigits,RuleFit_T,2,OK,0.9822064056939501,0.9988849313294332,0.9825661994130727,0.9821405787195261,0.9821662223285447,0.9802702646395757,,3492.7,False,0.9239130434782609,0.9752964426877471,40,False
43,optdigits,RuleFit_T,3,OK,0.9697508896797153,0.999543935513382,0.9701712614870509,0.9698274094326725,0.9697866571063649,0.9664369330508449,,4215.5,False,0.9288537549407114,0.9733201581027668,40,False
43,optdigits,RuleFit_T,4,OK,0.9786476868327402,0.9992766128851696,0.9791753435475175,0.9785668717247663,0.9786715501525185,0.9763192256742425,,3457.4,False,0.9239130434782609,0.9782608695652174,40,False
43,optdigits,RuleFit_T,5,OK,0.9768683274021353,0.9981890018006716,0.9774349667271627,0.9769412166780589,0.9769550627265133,0.97434950314305,,4318.0,False,0.9357707509881423,0.9683794466403162,40,False
43,optdigits,RuleFit_T,6,OK,0.9626334519572953,0.9983503008497345,0.9632519079658781,0.9622715880610618,0.9622588957430352,0.958590346277906,,3775.0,False,0.9298418972332015,0.9733201581027668,40,False
43,optdigits,RuleFit_T,7,OK,0.9839857651245552,0.999373475268416,0.9840750103227418,0.9839912280701755,0.9839553801190363,0.9822233326578452,,3539.3,False,0.9298418972332015,0.9703557312252964,40,False
43,optdigits,RuleFit_T,8,OK,0.9590747330960854,0.9987349079351822,0.9597405526148698,0.9590795169742539,0.9590308516746869,0.9546113442190827,,4295.0,False,0.9367588932806324,0.974308300395257,40,False
43,optdigits,RuleFit_T,9,OK,0.9839857651245552,0.9996272917309449,0.984197550888006,0.9840214171793118,0.9839882751564877,0.982233949207386,,3546.9,False,0.9367588932806324,0.974308300395257,40,False
43,optdigits,XGBoost_T,0,OK,0.9875444839857651,0.9999372315245925,0.987655561317086,0.9875906262521509,0.987575219771055,0.9861704785472226,,102.9,False,0.9713438735177866,0.9772727272727273,40,False
43,optdigits,XGBoost_T,1,OK,0.9857651245551602,0.9998731194643437,0.986047119951731,0.9858631885356024,0.9857385628165837,0.984231303254776,,142.0,False,0.9782608695652174,0.9881422924901185,40,False
43,optdigits,XGBoost_T,2,OK,0.9857651245551602,0.9996832024651502,0.9860189775618581,0.9857758031442241,0.9857735835153211,0.984210915453221,,194.7,False,0.9772727272727273,0.983201581027668,40,False
43,optdigits,XGBoost_T,3,OK,0.9857651245551602,0.9998810572050993,0.9860774818401937,0.9858395989974935,0.9858206313050684,0.9842143226450193,,192.5,False,0.9683794466403162,0.9812252964426877,40,False
43,optdigits,XGBoost_T,4,OK,0.9875444839857651,0.9998263698668797,0.9877160573848413,0.9874339257233993,0.9875103574765671,0.9861738997713687,,161.1,False,0.974308300395257,0.9802371541501976,40,False
43,optdigits,XGBoost_T,5,OK,0.9857651245551602,0.9996047656539835,0.9860254083484573,0.9858071314650262,0.985791493411732,0.9842110818916442,,144.1,False,0.967391304347826,0.9782608695652174,40,False
43,optdigits,XGBoost_T,6,OK,0.9750889679715302,0.9995467694281572,0.9761785966962995,0.9748689906584642,0.9750597201108769,0.9724187776004194,,143.0,False,0.9772727272727273,0.983201581027668,40,False
43,optdigits,XGBoost_T,7,OK,0.9839857651245552,0.9996834837946036,0.9840750103227418,0.9839912280701755,0.9839392926029487,0.982226850700126,,117.0,False,0.9713438735177866,0.9812252964426877,40,False
43,optdigits,XGBoost_T,8,OK,0.9822064056939501,0.9995881212690152,0.9826473497280045,0.9821069719753931,0.9821274782482787,0.9802840609157609,,142.8,False,0.974308300395257,0.983201581027668,40,False
43,optdigits,XGBoost_T,9,OK,0.9911032028469751,0.9999718224110742,0.991248465422925,0.9910389610389612,0.9910667877368358,0.9901318224680495,,114.3,False,0.9713438735177866,0.983201581027668,40,False
43,page-blocks,CatBoost_T,0,OK,0.9799270072992701,0.9982461827461396,0.94917056334892,0.8748814363143632,0.905721732385642,0.890045051989284,,291.6,False,0.9705583756345177,0.9746192893401016,40,False
43,page-blocks,CatBoost_T,1,OK,0.9781021897810219,0.9967284817169911,0.875060975609756,0.9131148552737148,0.8887341389135038,0.8856320428843176,,492.4,False,0.9725888324873097,0.9756345177664975,40,False
43,page-blocks,CatBoost_T,2,OK,0.9708029197080292,0.9795412299592655,0.8630563701531443,0.8566469172375486,0.8542459695476937,0.8441897755952629,,687.5,True,0.9807106598984772,0.9796954314720813,40,False
43,page-blocks,CatBoost_T,3,OK,0.9744058500914077,0.9940411524076266,0.7422156790577843,0.7211956633545229,0.731050245663563,0.8621048946781208,,477.4,False,0.9665314401622718,0.9695740365111561,40,False
43,page-blocks,CatBoost_T,4,OK,0.9725776965265083,0.9970407199819895,0.8457259001161439,0.8420004525910839,0.840701440834048,0.8547281139480842,,234.3,False,0.9695740365111561,0.9746450304259635,40,False
43,page-blocks,CatBoost_T,5,OK,0.9652650822669104,0.9950561652637852,0.8567280163599182,0.8646135489312679,0.8586606267220847,0.8201783011709687,,489.5,False,0.9716024340770791,0.9756592292089249,40,False
43,page-blocks,CatBoost_T,6,OK,0.9670932358318098,0.9862397783215673,0.8110056387164821,0.745438087596947,0.7731278405899236,0.8184699144296249,,264.7,False,0.9685598377281948,0.9705882352941176,40,False
43,page-blocks,CatBoost_T,7,OK,0.979890310786106,0.9968623106675587,0.9136537541846007,0.8912999650270527,0.9010212754471116,0.8932589232619901,,583.2,False,0.9766734279918864,0.9797160243407708,40,False
43,page-blocks,CatBoost_T,8,OK,0.9780621572212066,0.9948866056943741,0.8199138260993187,0.9187730968218772,0.860147977040737,0.8858064700331042,,266.9,False,0.9675456389452333,0.9695740365111561,40,False
43,page-blocks,CatBoost_T,9,OK,0.9744058500914077,0.997212014871069,0.894996427720886,0.7748337028824833,0.8169928983149897,0.8606108412468759,,319.2,False,0.962474645030426,0.9705882352941176,40,False
43,page-blocks,EBM_T,0,OK,0.9835766423357665,0.9972824972146925,0.9717935871743487,0.8815379403794038,0.9199673340903043,0.9104658611718516,,963.6,False,0.9715736040609138,0.9746192893401016,40,False
43,page-blocks,EBM_T,1,OK,0.9708029197080292,0.9962578078987511,0.8849926389400075,0.8839196445102759,0.8680589995097074,0.8453781830604277,,160.9,False,0.9736040609137055,0.9766497461928934,40,False
43,page-blocks,EBM_T,2,OK,0.9726277372262774,0.9829526420332474,0.8779202995752293,0.824633298360386,0.8389242336610756,0.8522752359796136,,119.2,False,0.9746192893401016,0.9786802030456853,40,False
43,page-blocks,EBM_T,3,OK,0.9762340036563071,0.9904870340789454,0.8753799403774047,0.8484683906272501,0.8612275051586386,0.8729345193739045,,405.8,False,0.9675456389452333,0.973630831643002,40,False
43,page-blocks,EBM_T,4,OK,0.9652650822669104,0.9961657258855545,0.8351710261569416,0.7652327758234072,0.7967531007004691,0.8090693543535907,,176.2,False,0.9726166328600405,0.973630831643002,40,False
43,page-blocks,EBM_T,5,OK,0.9762340036563071,0.9951271255288139,0.9053287981859409,0.9001789792013823,0.8986463632822248,0.8759524304309595,,152.9,False,0.9695740365111561,0.9716024340770791,40,False
43,page-blocks,EBM_T,6,OK,0.9689213893967094,0.9831406980073615,0.8062172499521896,0.7337242074512951,0.7651269244015684,0.8285727004871386,,129.4,False,0.9675456389452333,0.9746450304259635,40,False
43,page-blocks,EBM_T,7,OK,0.979890310786106,0.9972596592519528,0.9540365111561865,0.9074615811886687,0.922101197052819,0.892577504225034,,195.8,False,0.9787018255578094,0.9797160243407708,40,False
43,page-blocks,EBM_T,8,OK,0.9744058500914077,0.9950179904357179,0.8238285491835187,0.8714523281596452,0.8376238949663852,0.8618387234478225,,129.9,False,0.9634888438133874,0.9685598377281948,40,False
43,page-blocks,EBM_T,9,OK,0.9707495429616088,0.9956496575206856,0.8957287157287158,0.8271064301552107,0.8555039036891353,0.8395033737028075,,190.0,False,0.9665314401622718,0.9685598377281948,40,False
43,page-blocks,FIGS_T,0,OK,0.9799270072992701,0.975535084957945,0.9460862396601832,0.8203082655826558,0.8730941582902121,0.8907140149434427,,37.8,True,0.9705583756345177,0.9705583756345177,40,False
43,page-blocks,FIGS_T,1,OK,0.9671532846715328,0.9898524567296588,0.7977774558099101,0.7456335246559279,0.7626922399254952,0.8269465823138179,,34.5,False,0.966497461928934,0.9675126903553299,40,False
43,page-blocks,FIGS_T,2,OK,0.9635036496350365,0.9205903705692086,0.8203346720214189,0.7561418667324981,0.782824401752612,0.8013366018947283,,50.5,False,0.9573604060913705,0.965482233502538,40,False
43,page-blocks,FIGS_T,3,OK,0.9744058500914077,0.954271215732061,0.9491487455197133,0.8246332983603859,0.8779087412379027,0.8604238197542288,,35.8,False,0.9614604462474645,0.9665314401622718,40,False
43,page-blocks,FIGS_T,4,OK,0.9689213893967094,0.9718495397711753,0.8369528328688027,0.7337242074512951,0.7791965192724206,0.827567853114266,,39.2,False,0.9665314401622718,0.9705882352941176,40,False
43,page-blocks,FIGS_T,5,OK,0.9670932358318098,0.9915791504139578,0.8391911550771021,0.8528996687856158,0.8363616174649557,0.8267532941308838,,45.1,False,0.960446247464503,0.9634888438133874,40,False
43,page-blocks,FIGS_T,6,OK,0.9597806215722121,0.9668888901384548,0.7381979198846669,0.7026065131971445,0.713427038287452,0.7778371279004646,,48.1,False,0.9574036511156186,0.9634888438133874,40,False
43,page-blocks,FIGS_T,7,OK,0.9707495429616088,0.9650805359288492,0.943450602605532,0.7882696619967495,0.8458172099658168,0.8394588812818873,,39.8,False,0.9655172413793104,0.9726166328600405,40,False
43,page-blocks,FIGS_T,8,OK,0.9689213893967094,0.9686569138792347,0.7775938869345184,0.8729120473022911,0.8133285357893165,0.8351809865065434,,40.4,False,0.9594320486815415,0.9614604462474645,40,False
43,page-blocks,FIGS_T,9,OK,0.9652650822669104,0.9702836300595388,0.672734281659231,0.6380081300813008,0.6513802272177907,0.8121982184306156,,56.6,False,0.9614604462474645,0.9645030425963489,40,False
43,page-blocks,LightGBM_T,0,OK,0.9835766423357665,0.9977983637635622,0.9745713649521264,0.8919546070460704,0.9289638338007119,0.9104592720300841,,47.7,False,0.9675126903553299,0.9725888324873097,40,False
43,page-blocks,LightGBM_T,1,OK,0.9799270072992701,0.9965302940277814,0.9343890320206111,0.8972628525581682,0.9094644548611954,0.8937448313055693,,37.0,False,0.9695431472081218,0.9756345177664975,40,False
43,page-blocks,LightGBM_T,2,OK,0.9726277372262774,0.9853409650407997,0.8685253456221197,0.8570542492131086,0.8563605539667142,0.8539714299846777,,28.9,False,0.9725888324873097,0.9776649746192894,40,False
43,page-blocks,LightGBM_T,3,OK,0.9817184643510055,0.995100009815698,0.9628339850114044,0.7769631138266577,0.834290373789748,0.9006510638167956,,63.4,False,0.9655172413793104,0.9695740365111561,40,False
43,page-blocks,LightGBM_T,4,OK,0.9689213893967094,0.9946956653667554,0.8120191219732972,0.8169433643975396,0.8142069703567977,0.8364439698906252,,51.7,False,0.9675456389452333,0.9726166328600405,40,False
43,page-blocks,LightGBM_T,5,OK,0.9689213893967094,0.9956433159533196,0.8754504225932799,0.875121891007838,0.8673554048663741,0.8378009953047184,,41.3,False,0.9726166328600405,0.973630831643002,40,False
43,page-blocks,LightGBM_T,6,OK,0.9707495429616088,0.9913634991798839,0.8199605294602866,0.7519060256331132,0.781518270448661,0.8395801903069525,,38.6,False,0.9645030425963489,0.9726166328600405,40,False
43,page-blocks,LightGBM_T,7,OK,0.9744058500914077,0.9967101151332549,0.9041921356936837,0.7963504700775575,0.8415768574268105,0.8620918861784501,,59.5,False,0.9746450304259635,0.9776876267748479,40,False
43,page-blocks,LightGBM_T,8,OK,0.9762340036563071,0.9956920095675018,0.8286291391209325,0.8964523281596453,0.8456944010471815,0.8739978423174654,,49.9,False,0.9665314401622718,0.9695740365111561,40,False
43,page-blocks,LightGBM_T,9,OK,0.9817184643510055,0.9967702675787768,0.9571774193548386,0.7821138211382114,0.8454266888941812,0.8993899375519294,,42.0,False,0.9655172413793104,0.9716024340770791,40,False
43,page-blocks,RuleFit_T,0,OK,0.9799270072992701,0.9949895685192711,0.9564,0.8794546070460705,0.9147245579975616,0.8898198499246907,,2872.2,False,0.9685279187817258,0.9756345177664975,40,False
43,page-blocks,RuleFit_T,1,OK,0.9799270072992701,0.9950486581432705,0.9094784916373511,0.9191754613343208,0.9112966734555329,0.895962143465641,,2756.4,False,0.9675126903553299,0.9766497461928934,40,False
43,page-blocks,RuleFit_T,2,OK,0.9653284671532847,0.9706633621597598,0.8564457831325301,0.8172529778436092,0.8265405548805299,0.811427893554086,,3226.6,False,0.965482233502538,0.9796954314720813,40,False
43,page-blocks,RuleFit_T,3,OK,0.9780621572212066,0.9727250390360072,0.9253734095519086,0.7761484498755374,0.816731946112661,0.882646680833759,,2852.5,False,0.960446247464503,0.9705882352941176,40,False
43,page-blocks,RuleFit_T,4,OK,0.9725776965265083,0.9925777632123204,0.8826425217974514,0.8549363286634162,0.8609234247005146,0.8497246472649461,,2691.1,False,0.9645030425963489,0.973630831643002,40,False
43,page-blocks,RuleFit_T,5,OK,0.9670932358318098,0.9930220374522858,0.8353851157949519,0.8747145590322779,0.8503085810422227,0.831334098900069,,3261.5,False,0.9655172413793104,0.9746450304259635,40,False
43,page-blocks,RuleFit_T,6,OK,0.9689213893967094,0.9877166411482673,0.7937536329085624,0.7216029953300829,0.7527215474583896,0.8293530739433567,,2867.9,False,0.960446247464503,0.9685598377281948,40,False
43,page-blocks,RuleFit_T,7,OK,0.9780621572212066,0.996042033379369,0.9078111531931565,0.9135221872492748,0.9020898057326056,0.8820774497429877,,2844.5,False,0.9756592292089249,0.9787018255578094,40,False
43,page-blocks,RuleFit_T,8,OK,0.9762340036563071,0.990611038566437,0.8955648822721993,0.8025129342202513,0.8220748068161796,0.8728068913718214,,2587.4,False,0.9594320486815415,0.9695740365111561,40,False
43,page-blocks,RuleFit_T,9,OK,0.9670932358318098,0.9957069275013233,0.8931736392262708,0.7512934220251294,0.7993923626422083,0.8207392145106873,,2649.0,False,0.960446247464503,0.973630831643002,40,False
43,page-blocks,XGBoost_T,0,OK,0.9762773722627737,0.9974188561742681,0.9067198935462407,0.7915481029810298,0.8319900505725872,0.8688435793583165,,37.7,False,0.966497461928934,0.9746192893401016,40,False
43,page-blocks,XGBoost_T,1,OK,0.9781021897810219,0.9966659245028824,0.8843841047390744,0.8968555205826082,0.8806879171320763,0.8848342406777948,,70.9,False,0.9715736040609138,0.9776649746192894,40,False
43,page-blocks,XGBoost_T,2,OK,0.968978102189781,0.9858721047308583,0.8267863828305254,0.839980250570882,0.8284207649372624,0.8355435837593955,,52.9,False,0.9736040609137055,0.9796954314720813,40,False
43,page-blocks,XGBoost_T,3,OK,0.9744058500914077,0.9952360519572612,0.9229178191652837,0.7818017239605835,0.8180755846154136,0.8630936996426808,,41.3,False,0.9645030425963489,0.9685598377281948,40,False
43,page-blocks,XGBoost_T,4,OK,0.9707495429616088,0.9952801408898437,0.8280734470208154,0.8116974222880536,0.8194651372316347,0.8425743606580235,,73.7,False,0.9695740365111561,0.973630831643002,40,False
43,page-blocks,XGBoost_T,5,OK,0.9689213893967094,0.9952921606354999,0.8648137819916961,0.871081486967434,0.8627606282787715,0.8391990493232067,,76.3,False,0.9726166328600405,0.9776876267748479,40,False
43,page-blocks,XGBoost_T,6,OK,0.9670932358318098,0.9868906673057192,0.8142379998091421,0.727663601390689,0.7650372578241431,0.8173466474194961,,40.2,False,0.962474645030426,0.9716024340770791,40,False
43,page-blocks,XGBoost_T,7,OK,0.9780621572212066,0.9967097579503166,0.9339715474583896,0.8973605710876587,0.9140058137012452,0.881940780731738,,49.2,False,0.9756592292089249,0.9787018255578094,40,False
43,page-blocks,XGBoost_T,8,OK,0.9780621572212066,0.9946355775510944,0.8481231175855923,0.8968588322246859,0.857768548428447,0.8816850206129638,,37.6,False,0.9665314401622718,0.9675456389452333,40,False
43,page-blocks,XGBoost_T,9,OK,0.9725776965265083,0.9964923555686447,0.8733081160325742,0.7498337028824833,0.7940021209763862,0.8506106266462247,,44.2,False,0.9645030425963489,0.9675456389452333,40,False
43,pendigits,CatBoost_T,0,OK,0.99,0.999942689691836,0.9901785940260661,0.9900618912646021,0.9901007979584457,0.9888909758009862,,656.5,False,0.9961111111111111,0.9966666666666667,40,False
43,pendigits,CatBoost_T,1,OK,0.994,0.9999719467919641,0.9940912790235421,0.9940609514149779,0.9940568803363986,0.9933364969197401,,1330.1,False,0.9916666666666667,0.9927777777777778,40,False
43,pendigits,CatBoost_T,2,OK,0.996,0.9999956388933805,0.995975874886037,0.9959022705455153,0.9959127538557017,0.9955603070635084,,787.7,False,0.9916666666666667,0.9944444444444445,40,False
43,pendigits,CatBoost_T,3,OK,0.994,0.9999863428956568,0.9940157041733506,0.9938990654173102,0.993942495320774,0.9933353264009626,,715.6,False,0.9922222222222222,0.9938888888888889,40,False
43,pendigits,CatBoost_T,4,OK,0.994,0.999922381748571,0.9939460620600957,0.9939820436710098,0.9939429690315638,0.9933366746425781,,440.1,False,0.9944444444444445,0.9972222222222222,40,False
43,pendigits,CatBoost_T,5,OK,0.994,0.9999902858741792,0.9942069231952075,0.9940200331144604,0.9940894462128582,0.9933376232145399,,967.0,False,0.9961111111111111,0.9977777777777778,40,False
43,pendigits,CatBoost_T,6,OK,0.992,0.9996028220812425,0.9922650123358887,0.9921474358974359,0.9921445476602748,0.9911238001604136,,648.2,False,0.9955555555555555,0.9966666666666667,40,False
43,pendigits,CatBoost_T,7,OK,0.992,0.998437270307304,0.9922645441370671,0.9918376619085381,0.9919776015092717,0.9911257182115352,,931.1,False,0.9905555555555555,0.9966666666666667,40,False
43,pendigits,CatBoost_T,8,OK,0.998,0.9999841661126293,0.9980059523809525,0.9980675877520537,0.998027074225566,0.9977796102204155,,531.9,False,0.9888888888888889,0.9933333333333333,40,False
43,pendigits,CatBoost_T,9,OK,0.997,0.999949396360354,0.9971060492905153,0.9971060492905153,0.9971014492753623,0.9966671704621731,,1267.4,False,0.9933333333333333,0.9938888888888889,40,False
43,pendigits,EBM_T,0,OK,0.985,0.9993816532440165,0.9855141945011825,0.985245089712706,0.9853464386173197,0.9833373715195727,,978.4,False,0.9916666666666667,0.9927777777777778,40,False
43,pendigits,EBM_T,1,OK,0.991,0.9998867436395544,0.9910911098837213,0.9910542038441885,0.9910268655740928,0.9900080571521745,,2733.6,False,0.985,0.9877777777777778,40,False
43,pendigits,EBM_T,2,OK,0.99,0.9999469014310792,0.990035886025538,0.98967757418924,0.9897485778370431,0.9889086475481913,,1401.5,True,0.9911111111111112,0.9905555555555555,40,False
43,pendigits,EBM_T,3,OK,0.995,0.9999710097278041,0.9949895164123246,0.9951103720840564,0.9950307075232907,0.9944479080936086,,1372.1,True,0.9916666666666667,0.9916666666666667,40,False
43,pendigits,EBM_T,4,OK,0.99,0.9991363258043788,0.9898342306996677,0.9898337785383363,0.9898286921741359,0.988888110979477,,1103.9,True,0.9927777777777778,0.9894444444444445,40,False
43,pendigits,EBM_T,5,OK,0.995,0.9999943415700434,0.9950732061262253,0.994849638966568,0.9949308868624245,0.9944500260800433,,1041.1,True,0.9916666666666667,0.9916666666666667,40,False
43,pendigits,EBM_T,6,OK,0.992,0.999388677346764,0.9922632531977194,0.9919979183187946,0.9920877822773877,0.9911192366969682,,824.3,False,0.9888888888888889,0.99,40,False
43,pendigits,EBM_T,7,OK,0.989,0.9982758456724964,0.9890564357249639,0.9888729183187946,0.9888826353317445,0.9877941173446899,,2644.7,False,0.9888888888888889,0.9916666666666667,40,False
43,pendigits,EBM_T,8,OK,0.993,0.9995153374593517,0.9931428142337145,0.9929975810044155,0.9930414682644872,0.9922273431316373,,1784.6,True,0.9866666666666667,0.985,40,False
43,pendigits,EBM_T,9,OK,0.992,0.9999433929809504,0.9920093028203174,0.9920470074551577,0.9920032156672454,0.9911150772582167,,700.3,False,0.9888888888888889,0.9905555555555555,40,False
43,pendigits,FIGS_T,0,OK,0.928,0.9944835559081564,0.930330762942206,0.9275982013318445,0.9276032676520491,0.9202893362192575,,253.6,False,0.8977777777777778,0.9455555555555556,40,False
43,pendigits,FIGS_T,1,OK,0.947,0.9941910650969679,0.9514318117808523,0.9470869062182956,0.9486020288290608,0.94127918522733,,266.4,False,0.8983333333333333,0.9372222222222222,40,False
43,pendigits,FIGS_T,2,OK,0.95,0.9940305790290681,0.9542595903810753,0.9496609883779883,0.9510399179484775,0.9446770017975132,,289.8,False,0.8883333333333333,0.9488888888888889,40,False
43,pendigits,FIGS_T,3,OK,0.95,0.9959900955693486,0.954186335057052,0.9502644884386411,0.9516036265603354,0.9446104871956122,,321.7,False,0.9027777777777778,0.9455555555555556,40,False
43,pendigits,FIGS_T,4,OK,0.943,0.9946760784585115,0.9463429132747271,0.9425297806839252,0.9438597294957509,0.9368034706071869,,286.5,False,0.9066666666666666,0.9411111111111111,40,False
43,pendigits,FIGS_T,5,OK,0.937,0.9939596429968663,0.9436455337971941,0.9365544797993491,0.9386722825348128,0.9303902076793513,,301.4,False,0.9072222222222223,0.935,40,False
43,pendigits,FIGS_T,6,OK,0.939,0.9949654039471435,0.9409106463575079,0.9384669115014388,0.939316555516359,0.9322831747358374,,243.2,False,0.9005555555555556,0.9361111111111111,40,False
43,pendigits,FIGS_T,7,OK,0.941,0.9930163367039511,0.9444930335453069,0.9409159395253491,0.942205911402192,0.9345551001996386,,286.8,False,0.9127777777777778,0.9461111111111111,40,False
43,pendigits,FIGS_T,8,OK,0.936,0.9951555324307761,0.9379634524375626,0.9362172456078024,0.9366287506277773,0.9289787165863234,,280.2,False,0.9133333333333333,0.9472222222222222,40,False
43,pendigits,FIGS_T,9,OK,0.944,0.9960902014212355,0.9489496173595553,0.9440631767163806,0.94551787621893,0.9380303194523298,,272.2,False,0.8955555555555555,0.9511111111111111,40,False
43,pendigits,LightGBM_T,0,OK,0.988,0.999912267224877,0.9884161126150375,0.988029454470755,0.9881792021502122,0.9866734837734349,,133.1,False,0.9933333333333333,0.9955555555555555,40,False
43,pendigits,LightGBM_T,1,OK,0.995,0.9999707258035329,0.9950623358555356,0.9949313967591074,0.9949807617654531,0.9944466548883287,,150.4,False,0.9883333333333333,0.9922222222222222,40,False
43,pendigits,LightGBM_T,2,OK,0.994,0.9999942916509686,0.9939655483405485,0.9938187111315162,0.9938336813414352,0.9933442911088569,,153.5,False,0.9916666666666667,0.9938888888888889,40,False
43,pendigits,LightGBM_T,3,OK,0.996,0.9999966905799746,0.9960007670664325,0.9959933636629241,0.9959871095983355,0.9955569335957756,,149.0,False,0.9911111111111112,0.995,40,False
43,pendigits,LightGBM_T,4,OK,0.997,0.9996190728891567,0.9969672705434892,0.9968855127509496,0.9969051584961323,0.996670515533486,,154.6,False,0.9933333333333333,0.9966666666666667,40,False
43,pendigits,LightGBM_T,5,OK,0.996,0.9999955303050413,0.9960949764521192,0.9959716599190284,0.9960134743935927,0.9955591859251262,,98.6,False,0.9944444444444445,0.9961111111111111,40,False
43,pendigits,LightGBM_T,6,OK,0.99,0.9996077822284549,0.990304430117324,0.9900748413957177,0.9901155235399497,0.98890433695903,,140.0,False,0.995,0.9966666666666667,40,False
43,pendigits,LightGBM_T,7,OK,0.991,0.9984128452919638,0.9910762196287587,0.9907959952418715,0.990892875277463,0.9900078356184604,,121.0,False,0.9911111111111112,0.9955555555555555,40,False
43,pendigits,LightGBM_T,8,OK,0.996,0.9999955274511582,0.9960406130454516,0.9961445108289769,0.996064153671273,0.9955614628006553,,143.2,False,0.9877777777777778,0.9905555555555555,40,False
43,pendigits,LightGBM_T,9,OK,0.994,0.999979375001679,0.9940132657853606,0.9942214339058999,0.9940876823198224,0.9933389419023319,,139.6,False,0.9922222222222222,0.9927777777777778,40,False
43,pendigits,RuleFit_T,0,OK,0.977,0.9994136327279337,0.9771375666286497,0.9771066517582231,0.9770189967394909,0.9744624432875905,,7038.3,False,0.9572222222222222,0.9922222222222222,40,False
43,pendigits,RuleFit_T,1,OK,0.986,0.9995831562787053,0.9863267512939743,0.9860860290455744,0.9861320021240105,0.9844587692377997,,7051.6,False,0.9444444444444444,0.985,40,False
43,pendigits,RuleFit_T,2,OK,0.99,0.9997346315056401,0.9900620830856613,0.9899628610991957,0.9899648801555921,0.9888968410339561,,5870.1,False,0.9511111111111111,0.9861111111111112,40,False
43,pendigits,RuleFit_T,3,OK,0.989,0.9998577827149354,0.9891008140216773,0.9890719807372843,0.9890517761537264,0.987783220795747,,6210.3,False,0.9438888888888889,0.99,40,False
43,pendigits,RuleFit_T,4,OK,0.986,0.9986381427956887,0.9860545458126104,0.9859427891111368,0.9858941998661003,0.9844638529470436,,7168.8,False,0.94,0.9838888888888889,40,False
43,pendigits,RuleFit_T,5,OK,0.99,0.9999352441412934,0.9901532399707789,0.9901113360323887,0.9900628216754248,0.9889024346014985,,7328.0,False,0.9566666666666667,0.99,40,False
43,pendigits,RuleFit_T,6,OK,0.986,0.999664316110238,0.9864335446629913,0.9860590958144382,0.9861869806261782,0.9844553836388124,,6233.6,False,0.9383333333333334,0.9883333333333333,40,False
43,pendigits,RuleFit_T,7,OK,0.983,0.997875690797603,0.9831276598539155,0.9828430026970294,0.9828667970507367,0.981134571870597,,7710.9,False,0.9588888888888889,0.9911111111111112,35,True
43,pendigits,RuleFit_T,8,OK,0.99,0.9999333050195982,0.9902935946452303,0.9902951518546178,0.9901618087504092,0.988917992925996,,7915.8,False,0.9511111111111111,0.9855555555555555,32,True
43,pendigits,RuleFit_T,9,OK,0.991,0.9998740189991941,0.9910476226573103,0.9911765621110282,0.9910683996735088,0.9900083014852101,,6908.5,False,0.9388888888888889,0.9861111111111112,40,False
43,pendigits,XGBoost_T,0,OK,0.989,0.999894011125984,0.9892230462799482,0.9892514999691162,0.9892172351224954,0.9877798325225371,,130.1,False,0.9938888888888889,0.9961111111111111,40,False
43,pendigits,XGBoost_T,1,OK,0.991,0.9999695736954909,0.9911550399398479,0.9910051147078255,0.9910317114825873,0.9900090465120998,,196.5,False,0.9894444444444445,0.9916666666666667,40,False
43,pendigits,XGBoost_T,2,OK,0.995,0.9999899776095409,0.9949756493506493,0.9948713427104637,0.9948817438422655,0.9944523163077215,,183.3,False,0.9911111111111112,0.9927777777777778,40,False
43,pendigits,XGBoost_T,3,OK,0.996,0.9999841661126293,0.9960007670664325,0.9959933636629241,0.9959871095983355,0.9955569335957756,,172.8,False,0.9905555555555555,0.9933333333333333,40,False
43,pendigits,XGBoost_T,4,OK,0.997,0.9997985552450235,0.996985763377516,0.9968855127509496,0.9969144944746594,0.9966705081529859,,161.3,False,0.9933333333333333,0.995,40,False
43,pendigits,XGBoost_T,5,OK,0.994,0.9999857261960085,0.9941810570381999,0.9939666473877,0.9940433606623171,0.9933387050186595,,186.7,False,0.9938888888888889,0.9955555555555555,40,False
43,pendigits,XGBoost_T,6,OK,0.99,0.9993965529848005,0.9904308845452491,0.990154969600846,0.9902297761951366,0.9889021142700423,,145.4,False,0.9916666666666667,0.9961111111111111,40,False
43,pendigits,XGBoost_T,7,OK,0.99,0.9989794166635747,0.9900128977692283,0.9898942847483113,0.989889764554779,0.9889011629820138,,143.2,False,0.9933333333333333,0.9938888888888889,40,False
43,pendigits,XGBoost_T,8,OK,0.995,0.9999825320879868,0.9950224898765164,0.9950918792500294,0.9950521912091025,0.9944445864746136,,121.7,False,0.9877777777777778,0.99,40,False
43,pendigits,XGBoost_T,9,OK,0.993,0.9999674619950143,0.9931572130894762,0.9931905060708484,0.9931305666867182,0.9922308324099778,,150.7,False,0.99,0.9927777777777778,40,False
43,phoneme,CatBoost_T,0,OK,0.9186691312384473,0.9723566795087095,0.9070640176600442,0.8946787842866081,0.9005348487380913,0.8016471333869749,,107.9,False,0.8828365878725591,0.9085303186022611,40,False
43,phoneme,CatBoost_T,1,OK,0.9094269870609981,0.9597615989989793,0.8868808247159453,0.8991488030557476,0.8926261214735606,0.7859338855415005,,149.2,False,0.8890030832476875,0.9177800616649537,40,False
43,phoneme,CatBoost_T,2,OK,0.9168207024029574,0.9660344430175507,0.9015234765234765,0.8970413908920281,0.8992363568634755,0.7985522890698735,,126.3,False,0.895169578622816,0.9188078108941419,40,False
43,phoneme,CatBoost_T,3,OK,0.922365988909427,0.9668741150515328,0.9131454595260924,0.8972965853337285,0.9046863988724454,0.8102870610243029,,52.8,False,0.8797533401849948,0.9044193216855088,40,False
43,phoneme,CatBoost_T,4,OK,0.9092592592592592,0.9706574325667705,0.8932208542331661,0.8857611505069918,0.8893623070844083,0.7789462860360227,,119.4,False,0.8890030832476875,0.9177800616649537,40,False
43,phoneme,CatBoost_T,5,OK,0.9074074074074074,0.9621910000662734,0.8903505820604266,0.8844522499834316,0.8873197115384616,0.774780380638212,,81.0,False,0.9033915724563206,0.9177800616649537,40,False
43,phoneme,CatBoost_T,6,OK,0.9259259259259259,0.9739048313340845,0.909375,0.9123865067267546,0.9108601990788887,0.8217559885787634,,106.6,False,0.8982528263103803,0.9136690647482014,40,False
43,phoneme,CatBoost_T,7,OK,0.9148148148148149,0.9595731990191531,0.902051282051282,0.8896878520776725,0.8955319292106857,0.7916425974583191,,135.9,False,0.8931140801644398,0.9146968139773896,40,False
43,phoneme,CatBoost_T,8,OK,0.9074074074074074,0.9636837848099176,0.8945227346847697,0.8794136581983856,0.8864477491420497,0.7737888962997067,,150.9,False,0.8961973278520041,0.9157245632065776,40,False
43,phoneme,CatBoost_T,9,OK,0.9296296296296296,0.9749748262599249,0.9130364029877462,0.9189818253850344,0.9159278257591897,0.8319969857500078,,141.7,False,0.9003083247687564,0.9167523124357657,40,False
43,phoneme,EBM_T,0,OK,0.8853974121996303,0.9530442227271231,0.8668333105054102,0.8527610392176233,0.859298969764086,0.7194567390289136,,851.9,True,0.8715313463514902,0.869475847893114,40,False
43,phoneme,EBM_T,1,OK,0.8946395563770795,0.9426718034838157,0.8717873546369588,0.8758273239158352,0.8737642305377823,0.7476037628555807,,682.0,False,0.8869475847893115,0.8900308324768756,40,False
43,phoneme,EBM_T,2,OK,0.8853974121996303,0.9456024235239882,0.8637054989135885,0.8582682999110935,0.8609093020169851,0.7219533247075948,,3793.7,False,0.8787255909558068,0.8961973278520041,40,False
43,phoneme,EBM_T,3,OK,0.8946395563770795,0.9395765418683526,0.8778005115089513,0.8648128025288946,0.8708976500584031,0.7424997330650845,,950.9,False,0.8746145940390545,0.8828365878725591,40,False
43,phoneme,EBM_T,4,OK,0.8796296296296297,0.9459540062297038,0.8542316644381717,0.855540459937703,0.8548813210347666,0.7097709176878004,,913.5,False,0.8838643371017472,0.8859198355601233,40,False
43,phoneme,EBM_T,5,OK,0.8814814814814815,0.9440320763470078,0.8568493604612633,0.8568493604612633,0.8568493604612633,0.7136987209225264,,1058.6,True,0.894141829393628,0.8838643371017472,40,False
43,phoneme,EBM_T,6,OK,0.8925925925925926,0.9503446219100007,0.8686067019400353,0.87398104579495,0.8712171052631579,0.742568299561897,,1403.9,False,0.8735868448098664,0.8766700924974307,40,False
43,phoneme,EBM_T,7,OK,0.8759259259259259,0.9412154549671946,0.8490879889870369,0.8529226588905825,0.8509633010516603,0.7020001745300963,,1214.1,False,0.8848920863309353,0.8910585817060637,40,False
43,phoneme,EBM_T,8,OK,0.8814814814814815,0.9447993529110749,0.8610122746386557,0.8500470460060416,0.8552157519899455,0.7109747683544987,,975.1,False,0.8735868448098664,0.880781089414183,40,False
43,phoneme,EBM_T,9,OK,0.8777777777777778,0.9449479192459433,0.8521935790491486,0.8547516466102114,0.8534539473684211,0.7069405974853309,,638.0,False,0.880781089414183,0.8828365878725591,40,False
43,phoneme,FIGS_T,0,OK,0.8502772643253235,0.9249810662188416,0.8198929173414417,0.8187131614475287,0.8192985711634813,0.6386049890521178,,41.7,False,0.8232271325796505,0.8591983556012333,40,False
43,phoneme,FIGS_T,1,OK,0.8521256931608133,0.905545128255787,0.8209010939072289,0.8255293226645593,0.8231448185681596,0.6464138480631006,,26.2,False,0.817060637204522,0.869475847893114,40,False
43,phoneme,FIGS_T,2,OK,0.8632162661737524,0.9109453719253187,0.8373424971363116,0.8297112186769402,0.8333583083583083,0.6670100624198574,,34.4,False,0.8365878725590956,0.8838643371017472,40,False
43,phoneme,FIGS_T,3,OK,0.844731977818854,0.8821577924857585,0.8134371682590233,0.8111149527478678,0.8122583203886704,0.6245478037503024,,22.4,False,0.8335046248715313,0.8571428571428571,40,False
43,phoneme,FIGS_T,4,OK,0.8703703703703703,0.9129995360858902,0.841593149974053,0.848995957319902,0.8451302053458759,0.6905494287568861,,32.5,False,0.7934224049331963,0.8591983556012333,40,False
43,phoneme,FIGS_T,5,OK,0.8537037037037037,0.8995211743654319,0.8309890740773964,0.8056696931539532,0.8165563682805062,0.6361551028186408,,32.8,False,0.8211716341212744,0.8633093525179856,40,False
43,phoneme,FIGS_T,6,OK,0.8796296296296297,0.9280436079263039,0.8507345599771787,0.8666743985684936,0.8579401729811114,0.7172318560599975,,40.7,False,0.817060637204522,0.8653648509763617,40,False
43,phoneme,FIGS_T,7,OK,0.8444444444444444,0.9071011995493404,0.8204353523587653,0.7917025647822917,0.8037077426390404,0.6114632094573449,,30.2,False,0.8047276464542652,0.8581706063720452,40,False
43,phoneme,FIGS_T,8,OK,0.8425925925925926,0.9024662011588174,0.8137755102040816,0.8005001733273907,0.8065829228312215,0.6141322176932814,,35.0,False,0.8180883864337102,0.8499486125385406,40,False
43,phoneme,FIGS_T,9,OK,0.8648148148148148,0.9174383862394558,0.8460714285714286,0.8199128410835438,0.831191466219023,0.6654703417347054,,35.8,False,0.8242548818088387,0.8633093525179856,40,False
43,phoneme,LightGBM_T,0,OK,0.9001848428835489,0.968602851592084,0.8817900718702991,0.8760825183575356,0.8788564888535032,0.7578510980737222,,15.6,False,0.8931140801644398,0.9146968139773896,40,False
43,phoneme,LightGBM_T,1,OK,0.9131238447319778,0.9603213803549673,0.8911974977658623,0.9036023576673582,0.8970087287603541,0.7947030449466597,,29.9,False,0.9033915724563206,0.9136690647482014,40,False
43,phoneme,LightGBM_T,2,OK,0.9186691312384473,0.9672857189897593,0.9043957880661875,0.8983502914155883,0.9012904723991508,0.8027233147813816,,22.4,False,0.9033915724563206,0.9167523124357657,40,False
43,phoneme,LightGBM_T,3,OK,0.9260628465804066,0.9675820738252824,0.9193860285230844,0.899914386380849,0.9088673269995283,0.8190689989335709,,23.0,False,0.8910585817060637,0.9075025693730729,40,False
43,phoneme,LightGBM_T,4,OK,0.9148148148148149,0.9755119623566837,0.9007053716766142,0.8915435085161376,0.8959363217427734,0.7921959028107238,,28.8,False,0.9013360739979445,0.9126413155190134,40,False
43,phoneme,LightGBM_T,5,OK,0.9074074074074074,0.9625057989263702,0.8892227564102564,0.8863079064218968,0.8877450898870799,0.7755251850471551,,30.3,False,0.9075025693730729,0.9146968139773896,40,False
43,phoneme,LightGBM_T,6,OK,0.9148148148148149,0.97117105175956,0.9007053716766142,0.8915435085161376,0.8959363217427734,0.7921959028107238,,24.1,False,0.894141829393628,0.9013360739979445,40,False
43,phoneme,LightGBM_T,7,OK,0.9074074074074074,0.9582808668566506,0.8892227564102564,0.8863079064218968,0.8877450898870799,0.7755251850471551,,34.2,False,0.9023638232271326,0.9095580678314491,40,False
43,phoneme,LightGBM_T,8,OK,0.9018518518518519,0.9550999521286254,0.8910984848484849,0.8681473778041896,0.8784357200198785,0.7588988909206845,,17.9,False,0.9013360739979445,0.9126413155190134,40,False
43,phoneme,LightGBM_T,9,OK,0.9296296296296296,0.9725812575314878,0.9178885630498534,0.9116525528648542,0.9146862683141808,0.8295176762251609,,30.9,False,0.8972250770811921,0.9136690647482014,40,False
43,phoneme,RuleFit_T,0,OK,0.844731977818854,0.927442457769436,0.8323396300669028,0.778071388587046,0.7976309226932667,0.6079938894930075,,267.5,False,0.8036998972250771,0.8540596094552929,40,False
43,phoneme,RuleFit_T,1,OK,0.8391866913123844,0.9147321281570022,0.8287018255578094,0.7668016727584049,0.7879148360932747,0.5922776271228382,,215.9,False,0.8078108941418294,0.8591983556012333,40,False
43,phoneme,RuleFit_T,2,OK,0.8428835489833642,0.9334848035826007,0.8427743563424857,0.763912213112055,0.7886767307736495,0.6015391557676211,,308.3,False,0.8006166495375129,0.868448098663926,40,False
43,phoneme,RuleFit_T,3,OK,0.8613678373382625,0.9153824623794001,0.8534075965034424,0.8008660146860285,0.8205574989938837,0.6521605174180931,,277.9,False,0.7995889003083247,0.8581706063720452,40,False
43,phoneme,RuleFit_T,4,OK,0.8444444444444444,0.9185168003181126,0.8298690093340655,0.7787129697130359,0.7975,0.6064281365761142,,218.7,False,0.7852004110996916,0.8468653648509764,40,False
43,phoneme,RuleFit_T,5,OK,0.8407407407407408,0.9221121346676386,0.8297007156798959,0.7686725429120551,0.7897158175001359,0.5952529871630788,,267.0,False,0.7882836587872559,0.868448098663926,40,False
43,phoneme,RuleFit_T,6,OK,0.8537037037037037,0.9245062628404798,0.8440107299946744,0.7889687852077673,0.809109580765978,0.6305818352759562,,299.1,False,0.7923946557040082,0.8509763617677287,40,False
43,phoneme,RuleFit_T,7,OK,0.837037037037037,0.9130823778911791,0.8242111255692908,0.7641990854264696,0.7848254876745575,0.5853418927788885,,343.7,False,0.7934224049331963,0.8581706063720452,40,False
43,phoneme,RuleFit_T,8,OK,0.8388888888888889,0.9214826920219878,0.8391661594643944,0.7575645025503888,0.7824748234749392,0.5911249043793454,,322.2,False,0.7769784172661871,0.8509763617677287,40,False
43,phoneme,RuleFit_T,9,OK,0.8592592592592593,0.9309496690272206,0.8480105241082152,0.8013172881691675,0.819273925067376,0.6476467783556655,,232.4,False,0.7965056526207606,0.8612538540596094,40,False
43,phoneme,XGBoost_T,0,OK,0.9038817005545287,0.9681253910237413,0.8852259156050956,0.8823718265336362,0.8837789602406054,0.7675924360701134,,19.5,False,0.8961973278520041,0.9167523124357657,40,False
43,phoneme,XGBoost_T,1,OK,0.9038817005545287,0.958856070334881,0.8788090600653431,0.8970578550495572,0.8870200803212851,0.7756522748316644,,23.6,False,0.9095580678314491,0.9188078108941419,40,False
43,phoneme,XGBoost_T,2,OK,0.911275415896488,0.9655405182916791,0.8965787345866182,0.8876074286278771,0.891908091908092,0.784134844428218,,32.0,False,0.9033915724563206,0.9167523124357657,40,False
43,phoneme,XGBoost_T,3,OK,0.9149722735674677,0.9611775165464783,0.9011353682366418,0.8920609832394877,0.8964119214119214,0.7931444430442457,,28.2,False,0.8869475847893115,0.8982528263103803,40,False
43,phoneme,XGBoost_T,4,OK,0.9055555555555556,0.9686692292398437,0.8886608907128744,0.8812876930214064,0.8848464828837719,0.7699132792400889,,21.1,False,0.9044193216855088,0.9146968139773896,40,False
43,phoneme,XGBoost_T,5,OK,0.9074074074074074,0.9613625820133873,0.8941671263099835,0.8788852806680363,0.8860009119927041,0.7729013450164812,,28.6,False,0.9075025693730729,0.9157245632065776,40,False
43,phoneme,XGBoost_T,6,OK,0.9166666666666666,0.9667141626350322,0.9010892333472978,0.896563721916628,0.8987799442664879,0.797640117338368,,22.1,False,0.895169578622816,0.9003083247687564,40,False
43,phoneme,XGBoost_T,7,OK,0.8944444444444445,0.9580986148850156,0.8739421868454127,0.8697229770031148,0.8717879294042179,0.7436531948362516,,27.2,False,0.9033915724563206,0.9085303186022611,40,False
43,phoneme,XGBoost_T,8,OK,0.9037037037037037,0.9631555489526074,0.8927106067219555,0.8712920318922399,0.8809685295713511,0.7637023480792217,,38.6,False,0.8992805755395683,0.9126413155190134,40,False
43,phoneme,XGBoost_T,9,OK,0.924074074074074,0.973769788210436,0.9104567307692308,0.9058832268607934,0.9081232492997199,0.8163271461156912,,26.5,False,0.9013360739979445,0.9116135662898253,40,False
43,satimage,CatBoost_T,0,OK,0.9315707620528771,0.9914207963565723,0.9229271618936306,0.9116912597759241,0.9156394186299727,0.9157253468852581,,905.6,False,0.9110535405872193,0.917098445595855,40,False
43,satimage,CatBoost_T,1,OK,0.911353032659409,0.9906766721517712,0.9080052795336847,0.8788808497727771,0.8883770838882142,0.8911283540668881,,1080.5,False,0.8998272884283247,0.9222797927461139,40,False
43,satimage,CatBoost_T,2,OK,0.9331259720062208,0.9933362468156929,0.9287221766238667,0.9079870674211196,0.9159626983756973,0.9176668530045771,,1338.0,False,0.9136442141623489,0.9248704663212435,40,False
43,satimage,CatBoost_T,3,OK,0.9440124416796267,0.9949680863214928,0.9395343738028279,0.9300509591846536,0.934226691738728,0.9309666719990057,,859.7,False,0.918825561312608,0.9265975820379966,40,False
43,satimage,CatBoost_T,4,OK,0.9222395023328149,0.9914876271380472,0.9118357445558883,0.8952421710333106,0.9021522373249805,0.9040923705754851,,949.7,False,0.9196891191709845,0.9300518134715026,40,False
43,satimage,CatBoost_T,5,OK,0.9129082426127527,0.9918001853637466,0.9076592966259242,0.8900391301086805,0.8973976694780353,0.892424045025539,,733.9,False,0.9162348877374784,0.9317789291882557,40,False
43,satimage,CatBoost_T,6,OK,0.9175738724727839,0.9919688966317453,0.9071464358316476,0.9032097938797438,0.9048119056180077,0.8982570290062143,,595.4,False,0.9162348877374784,0.927461139896373,40,False
43,satimage,CatBoost_T,7,OK,0.911353032659409,0.9906529182711972,0.899939855874777,0.8899745532015623,0.8936995593877525,0.8906873627826222,,759.6,False,0.9196891191709845,0.9265975820379966,40,False
43,satimage,CatBoost_T,8,OK,0.9129082426127527,0.9919447567488985,0.9009519570865349,0.8919454417134616,0.8958839634574797,0.8924460957186495,,589.1,False,0.9093264248704663,0.9214162348877375,40,False
43,satimage,CatBoost_T,9,OK,0.911353032659409,0.9894469496030517,0.9062620638097988,0.8989470737771214,0.9008744446023561,0.8910004639046614,,404.3,False,0.9196891191709845,0.9291882556131261,40,False
43,satimage,EBM_T,0,OK,0.9160186625194401,0.9882504779604323,0.8979783995689977,0.8963179791499142,0.8968944524008754,0.8964119961628809,,544.9,False,0.9032815198618307,0.9084628670120898,40,False
43,satimage,EBM_T,1,OK,0.9082426127527217,0.9877844492453037,0.900671006754505,0.8814352490159182,0.8893339935000193,0.8868066973868518,,1123.2,True,0.9136442141623489,0.9067357512953368,40,False
43,satimage,EBM_T,2,OK,0.9191290824261276,0.9920591767473361,0.9051950122593734,0.9009733146787045,0.9028845292642806,0.9001689639829016,,708.0,True,0.9179620034542314,0.917098445595855,40,False
43,satimage,EBM_T,3,OK,0.9331259720062208,0.9934865645964704,0.9216669575472944,0.9217260326523066,0.9216069757305468,0.9175322859872906,,541.3,False,0.9145077720207254,0.9179620034542314,40,False
43,satimage,EBM_T,4,OK,0.9144634525660964,0.989859759522957,0.9002841043999917,0.8891247500197274,0.8940038016753483,0.8943852922019568,,770.4,True,0.9196891191709845,0.9110535405872193,40,False
43,satimage,EBM_T,5,OK,0.9097978227060654,0.9902953396138937,0.8975037308370641,0.8871165816440695,0.8916330897012458,0.8885506162578533,,626.1,True,0.9222797927461139,0.9145077720207254,40,False
43,satimage,EBM_T,6,OK,0.9175738724727839,0.9913513300259954,0.9076693275495206,0.8993832315664329,0.9025701837904953,0.898216599414727,,671.4,True,0.9145077720207254,0.9067357512953368,40,False
43,satimage,EBM_T,7,OK,0.9097978227060654,0.987130682203026,0.8942808049307102,0.8876053488688119,0.8903863365731919,0.8886938987128364,,767.2,True,0.9231433506044905,0.9205526770293609,40,False
43,satimage,EBM_T,8,OK,0.9082426127527217,0.9875929043468467,0.8900278875946285,0.8870083902105445,0.8881612148126389,0.8868493696481314,,1878.8,False,0.9006908462867013,0.9041450777202072,40,False
43,satimage,EBM_T,9,OK,0.9066874027993779,0.9858396772667158,0.8914003253527513,0.8916798380301382,0.8907756880867398,0.8852093688696423,,520.2,False,0.9145077720207254,0.9162348877374784,40,False
43,satimage,FIGS_T,0,OK,0.8460342146189735,0.9539762060223796,0.8251001887192047,0.8126708274676071,0.8155531215062454,0.8099640384298727,,124.0,False,0.8575129533678757,0.8696027633851469,40,False
43,satimage,FIGS_T,1,OK,0.8491446345256609,0.9689282830942684,0.8287976544561372,0.8103853195110778,0.8167743362738576,0.8136074709784772,,108.6,False,0.8644214162348878,0.8739205526770294,40,False
43,satimage,FIGS_T,2,OK,0.8662519440124417,0.9711053873875689,0.8429145188501058,0.8332553403084759,0.8372711549421834,0.8346609496463608,,132.6,False,0.8601036269430051,0.8739205526770294,40,False
43,satimage,FIGS_T,3,OK,0.8864696734059098,0.9778583002405004,0.8710947250539927,0.8635725537547575,0.8664305976279962,0.859990760085491,,120.4,False,0.8583765112262521,0.8713298791018999,40,False
43,satimage,FIGS_T,4,OK,0.864696734059098,0.9693407824911912,0.8507101582158089,0.8225881443271587,0.8332184123961258,0.8328039071824855,,100.2,False,0.8739205526770294,0.8825561312607945,40,False
43,satimage,FIGS_T,5,OK,0.8398133748055988,0.9647157443346092,0.8160700173459934,0.8054323424114057,0.8101559059325196,0.8018956242061457,,152.3,False,0.8566493955094991,0.8678756476683938,40,False
43,satimage,FIGS_T,6,OK,0.864696734059098,0.9600282363318456,0.8511259251536095,0.8304062557417401,0.8377326498851291,0.83291875919411,,154.0,False,0.8411053540587219,0.8678756476683938,40,False
43,satimage,FIGS_T,7,OK,0.8709175738724728,0.966624908836878,0.8526465505136814,0.8369470746044897,0.8428683085126952,0.8405506935909455,,128.4,False,0.8635578583765112,0.8721934369602763,40,False
43,satimage,FIGS_T,8,OK,0.8491446345256609,0.9634909845689125,0.8225967725890574,0.8176013597927433,0.8196312696809303,0.8137326939372378,,116.1,False,0.842832469775475,0.8549222797927462,40,False
43,satimage,FIGS_T,9,OK,0.8709175738724728,0.9677693934325319,0.8508100792909735,0.8408373100956467,0.8447798668227485,0.8409441591366749,,119.0,False,0.8609671848013817,0.8747841105354058,40,False
43,satimage,LightGBM_T,0,OK,0.9253499222395023,0.9915463603073063,0.9133867005212356,0.9065104642872118,0.9096184553334504,0.9078256065716641,,159.6,False,0.9145077720207254,0.9214162348877375,40,False
43,satimage,LightGBM_T,1,OK,0.9253499222395023,0.991009707301962,0.9244535459328982,0.8970782671665675,0.9067251232670538,0.9082674489157706,,118.2,False,0.9248704663212435,0.9283246977547496,40,False
43,satimage,LightGBM_T,2,OK,0.9346811819595645,0.9928617960768594,0.9287127690503701,0.9131203252425494,0.9192693969794777,0.9194974190894356,,88.5,False,0.9222797927461139,0.9291882556131261,40,False
43,satimage,LightGBM_T,3,OK,0.9440124416796267,0.9961773830177859,0.9381610057421533,0.9300365310440082,0.9336336412040197,0.9309794443913989,,135.0,False,0.9179620034542314,0.92573402417962,40,False
43,satimage,LightGBM_T,4,OK,0.9331259720062208,0.9921648668203314,0.9271954548989187,0.909780071263103,0.9172476416192539,0.9175378744343047,,169.6,False,0.9248704663212435,0.9352331606217616,40,False
43,satimage,LightGBM_T,5,OK,0.9206842923794712,0.9914913598366882,0.9132089042503652,0.9030084222512803,0.9070804463959425,0.9021655700390109,,140.0,False,0.9265975820379966,0.9360967184801382,40,False
43,satimage,LightGBM_T,6,OK,0.9346811819595645,0.9921417837669709,0.9280454552112233,0.9180721293869653,0.9219430675174699,0.9194146553861616,,108.9,False,0.9309153713298791,0.9326424870466321,40,False
43,satimage,LightGBM_T,7,OK,0.9097978227060654,0.9911616170874936,0.8968610572810477,0.8877314760019814,0.8911910030758806,0.8887634358096888,,122.6,False,0.927461139896373,0.9360967184801382,40,False
43,satimage,LightGBM_T,8,OK,0.9222395023328149,0.9923188499302494,0.9114007524543107,0.8996171692464153,0.9042067503782315,0.904088389115862,,140.5,False,0.9119170984455959,0.9222797927461139,40,False
43,satimage,LightGBM_T,9,OK,0.9206842923794712,0.9893336822195611,0.9141377565381936,0.9116933054559592,0.9120823158954009,0.9023970943346112,,157.1,False,0.927461139896373,0.9283246977547496,40,False
43,satimage,RuleFit_T,0,OK,0.8849144634525661,0.9828375100212657,0.8632475971702199,0.8601199728441298,0.8609887537635702,0.8580305059282973,,2064.2,False,0.8618307426597582,0.8903281519861831,40,False
43,satimage,RuleFit_T,1,OK,0.8895800933125972,0.9791095801836217,0.869600358206173,0.8513588623170149,0.855551019278979,0.8641466281257759,,2171.3,False,0.8592400690846287,0.8955094991364422,40,False
43,satimage,RuleFit_T,2,OK,0.8895800933125972,0.9829770915360085,0.877912203621984,0.8541493805573549,0.8634216669088985,0.8635702756793829,,2091.3,False,0.8756476683937824,0.9101899827288429,40,False
43,satimage,RuleFit_T,3,OK,0.9129082426127527,0.9886914403158941,0.8978620473482523,0.8993843416070971,0.8982615494515329,0.8927851678986481,,2033.9,False,0.8678756476683938,0.9093264248704663,40,False
43,satimage,RuleFit_T,4,OK,0.895800933125972,0.9839878082508297,0.8742872943889456,0.8678114249448493,0.8706400066886197,0.8712531228885173,,2334.2,False,0.8583765112262521,0.9075993091537133,40,False
43,satimage,RuleFit_T,5,OK,0.8771384136858476,0.982087803517936,0.8653865073924458,0.8499379156251156,0.8563659918362002,0.848145487793534,,3040.8,False,0.8549222797927462,0.9058721934369602,40,False
43,satimage,RuleFit_T,6,OK,0.8864696734059098,0.9820844961118583,0.8722456998513781,0.8527915042240126,0.860380593634953,0.8596474537891399,,2446.6,False,0.8730569948186528,0.9119170984455959,40,False
43,satimage,RuleFit_T,7,OK,0.8926905132192846,0.9818140265900684,0.8773968338526618,0.8658207195241164,0.8699298590818844,0.8677945241550707,,2394.6,False,0.8825561312607945,0.9084628670120898,40,False
43,satimage,RuleFit_T,8,OK,0.8880248833592534,0.9824050539454591,0.8730720570174698,0.8576243188981382,0.8638886727452442,0.8616576426827356,,3199.9,False,0.8506044905008635,0.8903281519861831,40,False
43,satimage,RuleFit_T,9,OK,0.895800933125972,0.983036977092033,0.8920214981419913,0.8700695286388384,0.877966989616188,0.8718347476129766,,2185.9,False,0.8747841105354058,0.9101899827288429,40,False
43,satimage,XGBoost_T,0,OK,0.9191290824261276,0.9907292123811674,0.9045239789616107,0.9024908186560872,0.9032818532917554,0.9002471631748595,,126.4,False,0.9093264248704663,0.9179620034542314,40,False
43,satimage,XGBoost_T,1,OK,0.9253499222395023,0.9917179667808146,0.9253888071992175,0.8990153824590911,0.9088029047953637,0.9081666942441452,,142.7,False,0.917098445595855,0.927461139896373,40,False
43,satimage,XGBoost_T,2,OK,0.9300155520995335,0.9927405507321548,0.919634495046565,0.9116249269859459,0.9150164838931717,0.9136337624922397,,173.5,False,0.9162348877374784,0.9291882556131261,40,False
43,satimage,XGBoost_T,3,OK,0.9455676516329704,0.9963658169768569,0.9406245459103785,0.9333841390919844,0.9365328312788597,0.932865084538639,,105.7,False,0.9196891191709845,0.9214162348877375,40,False
43,satimage,XGBoost_T,4,OK,0.9362363919129082,0.9922360721575073,0.9309442535381875,0.91214284875914,0.9199967187983354,0.9214442208691331,,188.4,False,0.9291882556131261,0.9352331606217616,40,False
43,satimage,XGBoost_T,5,OK,0.9284603421461898,0.9913961115526687,0.9262035746103011,0.9085127579075443,0.9160838538023279,0.9116880829774653,,128.6,False,0.9231433506044905,0.9335060449050087,40,False
43,satimage,XGBoost_T,6,OK,0.9300155520995335,0.9931146293149246,0.9227613806884992,0.9125807606088907,0.9169425094068461,0.9135857679978199,,149.7,False,0.9231433506044905,0.9335060449050087,40,False
43,satimage,XGBoost_T,7,OK,0.9129082426127527,0.9902383981962894,0.8958003133131102,0.8908919201483411,0.8924370334927176,0.8926514758300567,,114.9,False,0.9283246977547496,0.9326424870466321,40,False
43,satimage,XGBoost_T,8,OK,0.9129082426127527,0.9919928810685303,0.898058701002911,0.8918979015706441,0.8945607293458918,0.8924950244139632,,109.3,False,0.9067357512953368,0.917098445595855,40,False
43,satimage,XGBoost_T,9,OK,0.9206842923794712,0.9893946862282998,0.9183733427466155,0.9087741553661474,0.9116501117093674,0.9024807802281829,,150.7,False,0.9153713298791019,0.924006908462867,40,False
43,segment,CatBoost_T,0,OK,0.974025974025974,0.9992129083038174,0.974765768376316,0.974025974025974,0.9735673465970089,0.9699727018592418,,1685.4,False,0.9711538461538461,0.9783653846153846,40,False
43,segment,CatBoost_T,1,OK,1.0,1.0,1.0,1.0,1.0,1.0,,719.0,False,0.9903846153846154,0.9951923076923077,40,False
43,segment,CatBoost_T,2,OK,0.9826839826839827,0.9978136341772705,0.983178726035869,0.9826839826839827,0.9826760249554367,0.979883678912969,,1698.7,False,0.9855769230769231,0.9927884615384616,40,False
43,segment,CatBoost_T,3,OK,0.974025974025974,0.9990161353797717,0.9745048019207684,0.974025974025974,0.9740171154569751,0.9697817853159281,,819.1,False,0.9831730769230769,0.9879807692307693,40,False
43,segment,CatBoost_T,4,OK,0.987012987012987,0.9998906817088635,0.9876350540216087,0.987012987012987,0.9870040352535963,0.9849561644592252,,1807.0,False,0.9783653846153846,0.9831730769230769,40,False
43,segment,CatBoost_T,5,OK,0.974025974025974,0.9997594997594997,0.9748954127105388,0.974025974025974,0.9741443459233187,0.969802992698314,,785.8,False,0.9831730769230769,0.9879807692307693,40,False
43,segment,CatBoost_T,6,OK,0.9826839826839827,0.9994971358607722,0.9831932773109244,0.9826839826839827,0.98253629810133,0.9799265369040632,,1066.3,False,0.9807692307692307,0.9855769230769231,40,False
43,segment,CatBoost_T,7,OK,0.987012987012987,0.9996064541519087,0.9880952380952381,0.987012987012987,0.9871267319636885,0.9849992461941592,,1911.5,False,0.9855769230769231,0.9951923076923077,40,False
43,segment,CatBoost_T,8,OK,0.9913419913419913,0.9999781363417727,0.9915966386554622,0.9913419913419913,0.9913400032803017,0.9899422783647326,,641.6,False,0.9927884615384616,0.9951923076923077,40,False
43,segment,CatBoost_T,9,OK,0.9826839826839827,0.9995845904936813,0.983178726035869,0.9826839826839827,0.9826760249554367,0.979883678912969,,580.5,False,0.9879807692307693,0.9927884615384616,40,False
43,segment,EBM_T,0,OK,0.974025974025974,0.9992129083038174,0.9746657283603097,0.974025974025974,0.9735700731905667,0.9699514833416928,,426.7,False,0.9639423076923077,0.9759615384615384,40,False
43,segment,EBM_T,1,OK,0.9826839826839827,0.9995627268354541,0.9826839826839827,0.9826839826839827,0.9826839826839827,0.9797979797979798,,343.6,False,0.9831730769230769,0.9879807692307693,40,False
43,segment,EBM_T,2,OK,0.974025974025974,0.9992129083038174,0.9747680890538034,0.974025974025974,0.9741453399541635,0.9697817853159281,,1111.2,True,0.9855769230769231,0.9831730769230769,40,False
43,segment,EBM_T,3,OK,0.9696969696969697,0.9989068170886354,0.9702791600511173,0.9696969696969697,0.9696124661115881,0.9647730337560622,,253.7,False,0.9759615384615384,0.9807692307692307,40,False
43,segment,EBM_T,4,OK,0.9783549783549783,0.9994096812278631,0.9796918767507002,0.9783549783549784,0.9782574207489615,0.9750033139840975,,304.3,False,0.9759615384615384,0.9783653846153846,40,False
43,segment,EBM_T,5,OK,0.9826839826839827,0.99919104464559,0.9831932773109244,0.9826839826839827,0.9828112186321142,0.9798408265446843,,393.8,True,0.9783653846153846,0.9783653846153846,40,False
43,segment,EBM_T,6,OK,0.9783549783549783,0.9991473173291355,0.9791043690203354,0.9783549783549784,0.9782700054241508,0.9748966898229371,,621.5,False,0.9711538461538461,0.9831730769230769,40,False
43,segment,EBM_T,7,OK,0.9783549783549783,0.9992347719620448,0.9796918767507004,0.9783549783549784,0.9781756415278845,0.9750246430147587,,263.2,False,0.9831730769230769,0.9855769230769231,40,False
43,segment,EBM_T,8,OK,0.9783549783549783,0.9994971358607723,0.9784663865546219,0.9783549783549784,0.9782844021649992,0.9747901006346601,,201.8,False,0.96875,0.9783653846153846,40,False
43,segment,EBM_T,9,OK,0.9653679653679653,0.9976168612532248,0.9659663865546219,0.9653679653679654,0.9650570209947238,0.9598058312078552,,259.8,False,0.9831730769230769,0.9855769230769231,40,False
43,segment,FIGS_T,0,OK,0.948051948051948,0.9895710350255804,0.9517842101875715,0.9480519480519481,0.9479831322946689,0.9400724472031617,,27.8,False,0.9471153846153846,0.9591346153846154,40,False
43,segment,FIGS_T,1,OK,0.9653679653679653,0.9972233154051336,0.9685063097626765,0.9653679653679654,0.9658551961117353,0.9599948334409962,,20.5,False,0.9591346153846154,0.9735576923076923,40,False
43,segment,FIGS_T,2,OK,0.9653679653679653,0.9927631291267655,0.966123949579832,0.9653679653679654,0.9656224372642284,0.9596379229045877,,27.0,False,0.9591346153846154,0.96875,40,False
43,segment,FIGS_T,3,OK,0.9567099567099567,0.9950588132406314,0.9599162033234346,0.9567099567099567,0.9567723027101268,0.9500351554225199,,24.4,False,0.9423076923076923,0.9615384615384616,40,False
43,segment,FIGS_T,4,OK,0.974025974025974,0.9986007258734529,0.9750058644147314,0.974025974025974,0.9735644522130785,0.9700151430722337,,26.2,False,0.9519230769230769,0.9567307692307693,40,False
43,segment,FIGS_T,5,OK,0.961038961038961,0.9930910840001749,0.96127769289534,0.961038961038961,0.9610329968538924,0.9545871969945635,,21.0,False,0.9591346153846154,0.9711538461538461,40,False
43,segment,FIGS_T,6,OK,0.9653679653679653,0.9986225895316805,0.9653215831787261,0.9653679653679654,0.9651622886917005,0.9596589066234533,,22.2,False,0.9543269230769231,0.9711538461538461,40,False
43,segment,FIGS_T,7,OK,0.961038961038961,0.9977043158861341,0.9613970588235295,0.961038961038961,0.9610956207971133,0.9545871969945635,,26.3,False,0.9591346153846154,0.9711538461538461,40,False
43,segment,FIGS_T,8,OK,0.9653679653679653,0.9979666797848615,0.9666193750227363,0.9653679653679654,0.9656801732800416,0.9597008781910399,,25.7,False,0.9471153846153846,0.9711538461538461,40,False
43,segment,FIGS_T,9,OK,0.961038961038961,0.9916371507280598,0.963241902073038,0.961038961038961,0.9611229818396748,0.9549004400152546,,25.5,False,0.9519230769230769,0.96875,40,False
43,segment,LightGBM_T,0,OK,0.9783549783549783,0.9995627268354541,0.9799319727891156,0.9783549783549784,0.9778775373299712,0.975152646600591,,52.1,False,0.9783653846153846,0.9807692307692307,40,False
43,segment,LightGBM_T,1,OK,0.987012987012987,0.9998906817088635,0.9871403106697224,0.987012987012987,0.9870119929821423,0.9848700179453542,,38.3,False,0.9903846153846154,0.9951923076923077,40,False
43,segment,LightGBM_T,2,OK,0.9913419913419913,0.9987756351392714,0.9918367346938776,0.9913419913419913,0.9914027149321267,0.9899639247273518,,48.5,True,0.9951923076923077,0.9951923076923077,40,False
43,segment,LightGBM_T,3,OK,0.9826839826839827,0.9990161353797717,0.983426097711812,0.9826839826839827,0.9828033486121722,0.979883678912969,,61.5,False,0.9903846153846154,0.9927884615384616,40,False
43,segment,LightGBM_T,4,OK,0.9913419913419913,0.9998250907341816,0.9918367346938776,0.9913419913419913,0.9914027149321267,0.9899639247273518,,60.0,False,0.9831730769230769,0.9879807692307693,40,False
43,segment,LightGBM_T,5,OK,0.9826839826839827,0.9999125453670908,0.9837662337662338,0.9826839826839827,0.9827977276346841,0.9799479680085481,,30.6,True,0.9927884615384616,0.9927884615384616,40,False
43,segment,LightGBM_T,6,OK,0.9826839826839827,0.9996064541519087,0.9826760249554367,0.9826839826839827,0.9826163885865379,0.9798194024687114,,40.8,False,0.9831730769230769,0.9903846153846154,40,False
43,segment,LightGBM_T,7,OK,0.9956709956709957,0.9999562726835454,0.9957983193277311,0.9956709956709957,0.9956700016401508,0.9949712488986399,,47.5,False,0.9855769230769231,0.9951923076923077,40,False
43,segment,LightGBM_T,8,OK,0.9913419913419913,0.9999781363417727,0.9915966386554622,0.9913419913419913,0.9912713219616204,0.9899639247273518,,41.4,False,0.9855769230769231,0.9927884615384616,40,False
43,segment,LightGBM_T,9,OK,0.9783549783549783,0.9994534085443176,0.9787144403215832,0.9783549783549784,0.9783491018785136,0.9748114156754025,,43.4,False,0.9879807692307693,0.9927884615384616,40,False
43,segment,RuleFit_T,0,OK,0.974025974025974,0.9980541344177709,0.9746657283603097,0.974025974025974,0.9735700731905667,0.9699514833416928,,1365.3,False,0.9519230769230769,0.9807692307692307,40,False
43,segment,RuleFit_T,1,OK,0.9913419913419913,0.9989942717215445,0.9913419913419913,0.9913419913419913,0.9913419913419913,0.98989898989899,,1541.5,False,0.9615384615384616,0.9879807692307693,40,False
43,segment,RuleFit_T,2,OK,0.9913419913419913,0.9996064541519087,0.9918367346938776,0.9913419913419913,0.9914027149321267,0.9899639247273518,,1465.6,False,0.9639423076923077,0.9879807692307693,40,False
43,segment,RuleFit_T,3,OK,0.974025974025974,0.9978792251519524,0.9740100585688821,0.974025974025974,0.9739563918668397,0.9697181715154257,,1369.7,False,0.9254807692307693,0.9879807692307693,40,False
43,segment,RuleFit_T,4,OK,0.987012987012987,0.999344090253181,0.9876350540216087,0.987012987012987,0.9870040352535963,0.9849561644592252,,1872.4,False,0.9543269230769231,0.9807692307692307,40,False
43,segment,RuleFit_T,5,OK,0.974025974025974,0.9991254536709082,0.9755102040816327,0.974025974025974,0.9741927540246869,0.9698878361430061,,1208.0,False,0.9615384615384616,0.9903846153846154,40,False
43,segment,RuleFit_T,6,OK,0.9653679653679653,0.9982509073418164,0.964912064532558,0.9653679653679654,0.9649560638366609,0.9596589066234533,,1836.1,False,0.9591346153846154,0.9927884615384616,40,False
43,segment,RuleFit_T,7,OK,0.9826839826839827,0.9987319078228171,0.9836309523809524,0.9826839826839827,0.9827998088867654,0.9799265369040632,,1475.5,False,0.9639423076923077,0.9975961538461539,40,False
43,segment,RuleFit_T,8,OK,0.9913419913419913,0.9990161353797717,0.9915966386554622,0.9913419913419913,0.9912713219616204,0.9899639247273518,,1435.8,False,0.9543269230769231,0.9831730769230769,40,False
43,segment,RuleFit_T,9,OK,0.9696969696969697,0.99814158905068,0.9703031212484995,0.9696969696969697,0.9696840418142,0.964751935444677,,1096.4,False,0.9639423076923077,0.9903846153846154,40,False
43,segment,XGBoost_T,0,OK,0.9783549783549783,0.9996064541519087,0.9799319727891156,0.9783549783549784,0.9778775373299712,0.975152646600591,,39.1,False,0.96875,0.9807692307692307,40,False
43,segment,XGBoost_T,1,OK,0.9956709956709957,0.9999125453670908,0.9957983193277311,0.9956709956709957,0.9956700016401508,0.9949712488986399,,55.1,False,0.9831730769230769,0.9951923076923077,40,False
43,segment,XGBoost_T,2,OK,0.9913419913419913,0.9966548602912239,0.9918367346938776,0.9913419913419913,0.9913340336134454,0.98998557251001,,48.8,True,0.9951923076923077,0.9951923076923077,40,False
43,segment,XGBoost_T,3,OK,0.9826839826839827,0.9992784992784992,0.9828033486121722,0.9826839826839827,0.9826810005914484,0.9798194024687114,,54.6,False,0.9807692307692307,0.9879807692307693,40,False
43,segment,XGBoost_T,4,OK,0.9913419913419913,0.9999125453670908,0.9918367346938776,0.9913419913419913,0.9914027149321267,0.9899639247273518,,50.5,False,0.9711538461538461,0.9879807692307693,40,False
43,segment,XGBoost_T,5,OK,0.987012987012987,0.999846954392409,0.9875077303648733,0.987012987012987,0.9870737106031224,0.984913088376702,,44.0,False,0.9879807692307693,0.9903846153846154,40,False
43,segment,XGBoost_T,6,OK,0.974025974025974,0.9995189995189995,0.9742501546072975,0.974025974025974,0.9739534974829093,0.9697605793247528,,54.2,False,0.9783653846153846,0.9903846153846154,40,False
43,segment,XGBoost_T,7,OK,0.9913419913419913,0.9997813634177269,0.9918367346938776,0.9913419913419913,0.9913340336134454,0.98998557251001,,64.0,True,0.9927884615384616,0.9927884615384616,40,False
43,segment,XGBoost_T,8,OK,0.9913419913419913,0.9999562726835454,0.9915966386554622,0.9913419913419913,0.9912713219616204,0.9899639247273518,,40.8,False,0.9735576923076923,0.9879807692307693,40,False
43,segment,XGBoost_T,9,OK,0.9783549783549783,0.9996064541519087,0.9784823020117138,0.9783549783549784,0.9783539843241336,0.9747687869920686,,57.0,False,0.9927884615384616,0.9951923076923077,40,False
43,spambase,CatBoost_T,0,OK,0.9544468546637744,0.9878490684942298,0.9566172928709056,0.9480385206191657,0.951904016692749,0.9046151367007053,,460.3,False,0.9528985507246377,0.9589371980676329,40,False
43,spambase,CatBoost_T,1,OK,0.9565217391304348,0.9856036753203035,0.953022113022113,0.9563951761421019,0.9546270541121699,0.9094110337333596,,698.3,False,0.9638118214716526,0.9674306393244874,40,False
43,spambase,CatBoost_T,2,OK,0.9739130434782609,0.9927127269846927,0.9745662893533769,0.9707320937048258,0.9725640668800573,0.9452906071447982,,632.3,False,0.9396863691194209,0.9601930036188179,40,False
43,spambase,CatBoost_T,3,OK,0.95,0.9919206320917245,0.9488604669694796,0.9461672508366502,0.9474674650817532,0.8950236657363374,,262.8,False,0.9553679131483716,0.9613992762364294,40,False
43,spambase,CatBoost_T,4,OK,0.9369565217391305,0.9865244856333788,0.9379441214470284,0.9295926652012911,0.9333503205080165,0.8674965875245085,,515.9,False,0.9577804583835947,0.9650180940892642,40,False
43,spambase,CatBoost_T,5,OK,0.9847826086956522,0.9984752173310363,0.9845238095238096,0.9835739321570725,0.9840435284614889,0.9680972756808129,,818.5,False,0.9553679131483716,0.9650180940892642,40,False
43,spambase,CatBoost_T,6,OK,0.9608695652173913,0.9866333986811621,0.9598600369788663,0.9580387730450108,0.9589285714285714,0.9178970031767905,,269.4,False,0.9577804583835947,0.9674306393244874,40,False
43,spambase,CatBoost_T,7,OK,0.9630434782608696,0.9900790114655735,0.9594812024173927,0.9637121527158954,0.9614685318130978,0.923183659962539,,807.9,False,0.9384800965018094,0.9469240048250904,40,False
43,spambase,CatBoost_T,8,OK,0.967391304347826,0.9891888686852716,0.9655066974413604,0.9663807415605976,0.9659385412810071,0.9318870291062678,,410.0,False,0.9565741857659831,0.962605548854041,40,False
43,spambase,CatBoost_T,9,OK,0.9586956521739131,0.9860265633646929,0.9572169745935564,0.9563404221677603,0.9567735458056985,0.9135569762380223,,338.8,False,0.9565741857659831,0.9722557297949337,40,False
43,spambase,EBM_T,0,OK,0.9436008676789588,0.9857615502776793,0.9445212062958068,0.9371676710386387,0.9405149481875571,0.8816582115165131,,487.9,True,0.9553140096618358,0.9528985507246377,40,False
43,spambase,EBM_T,1,OK,0.9565217391304348,0.9879205528822352,0.953699867826636,0.9554248598982158,0.9545418610166811,0.9091230912055522,,486.6,True,0.9613992762364294,0.9589867310012062,40,False
43,spambase,EBM_T,2,OK,0.9739130434782609,0.9882571932117468,0.9726727261925978,0.9726727261925978,0.9726727261925978,0.9453454523851957,,310.9,False,0.9529553679131484,0.9541616405307599,40,False
43,spambase,EBM_T,3,OK,0.9565217391304348,0.9912869561773501,0.9544545436543298,0.9544545436543298,0.9544545436543298,0.9089090873086596,,460.6,True,0.9601930036188179,0.9577804583835947,40,False
43,spambase,EBM_T,4,OK,0.9456521739130435,0.9842967187469058,0.9451824583866837,0.9406423889581972,0.9427835077192511,0.8858132127842563,,461.6,True,0.962605548854041,0.9601930036188179,40,False
43,spambase,EBM_T,5,OK,0.9739130434782609,0.9983960078417394,0.9745662893533769,0.9707320937048258,0.9725640668800573,0.9452906071447982,,426.8,True,0.9650180940892642,0.9613992762364294,40,False
43,spambase,EBM_T,6,OK,0.9543478260869566,0.9814253747598963,0.952579365079365,0.9516921127151032,0.9521305853844667,0.9042710425175816,,445.4,True,0.9577804583835947,0.9565741857659831,40,False
43,spambase,EBM_T,7,OK,0.9521739130434783,0.98643537495792,0.9479148302677715,0.9528109467514208,0.9501811594202898,0.9007124698982503,,346.0,False,0.9445114595898673,0.9493365500603136,40,False
43,spambase,EBM_T,8,OK,0.9608695652173913,0.987410071942446,0.959087674915013,0.959087674915013,0.959087674915013,0.9181753498300261,,308.7,False,0.9577804583835947,0.9638118214716526,40,False
43,spambase,EBM_T,9,OK,0.9543478260869566,0.9869159617361056,0.953508022028271,0.9508459166732548,0.9521305853844667,0.9043500205341081,,486.3,True,0.9613992762364294,0.9577804583835947,40,False
43,spambase,FIGS_T,0,OK,0.913232104121475,0.9551774390484068,0.9203799833887043,0.8987061325771004,0.9070377092155677,0.8187993096961818,,22.7,False,0.9021739130434783,0.927536231884058,40,False
43,spambase,FIGS_T,1,OK,0.9173913043478261,0.9619200380205549,0.911872441284206,0.9163745816748847,0.9139492753623188,0.8282347866230318,,39.9,False,0.9047044632086851,0.9384800965018094,40,False
43,spambase,FIGS_T,2,OK,0.9239130434782609,0.9753559476425275,0.9206349206349207,0.9198102932731341,0.9202176423074446,0.8404448093543503,,30.9,False,0.8914354644149578,0.9131483715319663,40,False
43,spambase,FIGS_T,3,OK,0.9195652173913044,0.9754648606903107,0.9132462686567164,0.9210776451018832,0.9165813038214781,0.834287158364817,,39.0,False,0.9047044632086851,0.9408926417370326,40,False
43,spambase,FIGS_T,4,OK,0.9130434782608695,0.9611279431275866,0.9187768752986144,0.8992059248697994,0.9069183917116899,0.8177486406412866,,23.1,False,0.9191797346200241,0.9445114595898673,40,False
43,spambase,FIGS_T,5,OK,0.9804347826086957,0.9913958692251332,0.9809347358355247,0.9780490702786193,0.9794437906841643,0.9589794644951809,,38.6,False,0.9143546441495778,0.9348612786489746,40,False
43,spambase,FIGS_T,6,OK,0.941304347826087,0.9739994851383196,0.9396963901506096,0.9370581595675163,0.9383313720524928,0.8767505803766679,,40.4,False,0.9010856453558505,0.9288299155609168,40,False
43,spambase,FIGS_T,7,OK,0.9108695652173913,0.9602170340006733,0.9057971014492754,0.9080872888572051,0.9068986795014192,0.8138811681235707,,48.6,False,0.9107358262967431,0.9288299155609168,40,False
43,spambase,FIGS_T,8,OK,0.9347826086956522,0.9764902363823226,0.931159420289855,0.9327614831211954,0.9319405811682547,0.8639194179697838,,46.3,False,0.9276236429433052,0.9408926417370326,40,False
43,spambase,FIGS_T,9,OK,0.908695652173913,0.9599671910822991,0.9035005101640374,0.9064352913273777,0.9048913043478262,0.8099304844226226,,43.9,False,0.9179734620024126,0.9420989143546441,40,False
43,spambase,LightGBM_T,0,OK,0.9436008676789588,0.9838709677419355,0.9467657165959167,0.9352573949348143,0.9402611642743222,0.8819480301054575,,30.7,False,0.9541062801932367,0.9601449275362319,40,False
43,spambase,LightGBM_T,1,OK,0.9521739130434783,0.9845343472147964,0.9507147259388855,0.9489296817758768,0.9498015873015873,0.8996426368007362,,23.4,False,0.9662243667068757,0.9674306393244874,40,False
43,spambase,LightGBM_T,2,OK,0.9630434782608696,0.9919206320917245,0.9617063492063492,0.9608012039842373,0.9612485691207588,0.9225071091356477,,36.3,False,0.9493365500603136,0.9553679131483716,40,False
43,spambase,LightGBM_T,3,OK,0.9608695652173913,0.9905542684013545,0.9590090892888968,0.9590090892888968,0.9590090892888968,0.9180181785777937,,43.1,False,0.9601930036188179,0.9698431845597105,40,False
43,spambase,LightGBM_T,4,OK,0.941304347826087,0.9845145448424721,0.9396963901506096,0.9370581595675163,0.9383313720524928,0.8767505803766679,,37.1,False,0.9577804583835947,0.962605548854041,40,False
43,spambase,LightGBM_T,5,OK,0.9826086956521739,0.9988316600328719,0.9827233145788186,0.9808115012178459,0.9817460317460318,0.9635329191169262,,35.9,False,0.9650180940892642,0.9686369119420989,40,False
43,spambase,LightGBM_T,6,OK,0.9586956521739131,0.9872274698508882,0.958986875800256,0.9543060258618983,0.9565154658666308,0.9132809063318537,,29.5,True,0.9638118214716526,0.9589867310012062,40,False
43,spambase,LightGBM_T,7,OK,0.9652173913043478,0.9841977068852849,0.962063882063882,0.9655042674112359,0.9637016432897358,0.9275617691934895,,22.0,False,0.9408926417370326,0.9493365500603136,40,False
43,spambase,LightGBM_T,8,OK,0.967391304347826,0.9854731599335916,0.9672259885882424,0.9644833583682504,0.9658075609889047,0.9317053102701361,,34.8,False,0.9517490952955368,0.9613992762364294,40,False
43,spambase,LightGBM_T,9,OK,0.9478260869565217,0.9876867736579966,0.9462301587301587,0.9445015416238438,0.9453454523851957,0.8907300230139501,,33.6,False,0.9589867310012062,0.9674306393244874,40,False
43,spambase,RuleFit_T,0,OK,0.9262472885032538,0.9805230611682224,0.9332445600561543,0.9132793729567923,0.9211696306429549,0.8462884617361831,,233.7,False,0.9190821256038647,0.9492753623188406,40,False
43,spambase,RuleFit_T,1,OK,0.941304347826087,0.9821976672805403,0.9415440880958121,0.9351175270797442,0.9380780256761809,0.8766380591987334,,330.9,False,0.9276236429433052,0.9577804583835947,40,False
43,spambase,RuleFit_T,2,OK,0.9565217391304348,0.9863957702132715,0.9594285598656387,0.9496029624348997,0.9539852752880922,0.9089784189798806,,227.3,False,0.9143546441495778,0.9457177322074789,40,False
43,spambase,RuleFit_T,3,OK,0.9456521739130435,0.9884750193073131,0.9472302971576227,0.9387017564704252,0.9425433797482901,0.88589100212123,,320.0,False,0.9083232810615199,0.9481302774427021,40,False
43,spambase,RuleFit_T,4,OK,0.9282608695652174,0.9739796827659953,0.9286579457364341,0.9204835739321571,0.9241572612677429,0.8491021729277872,,268.0,False,0.9276236429433052,0.9601930036188179,40,False
43,spambase,RuleFit_T,5,OK,0.9652173913043478,0.9949899998019763,0.970027857418817,0.9577417374601478,0.9631077694235589,0.9276882409722781,,363.5,False,0.9240048250904704,0.9553679131483716,40,False
43,spambase,RuleFit_T,6,OK,0.9478260869565217,0.9827125289609695,0.9513206856585128,0.9395235549218797,0.9446616541353383,0.8907661245701022,,232.8,False,0.9288299155609168,0.9589867310012062,40,False
43,spambase,RuleFit_T,7,OK,0.941304347826087,0.9859205132774906,0.9396963901506096,0.9370581595675163,0.9383313720524928,0.8767505803766679,,378.2,False,0.9179734620024126,0.9396863691194209,40,False
43,spambase,RuleFit_T,8,OK,0.9478260869565217,0.9860463277729464,0.9525848010437051,0.9388093920468021,0.9446616541353383,0.891287745670524,,354.9,False,0.9131483715319663,0.9577804583835947,40,False
43,spambase,RuleFit_T,9,OK,0.9456521739130435,0.9807494663609773,0.9452496456449262,0.9408055972804175,0.942899418567123,0.8860440981969372,,321.9,False,0.9107358262967431,0.9517490952955368,40,False
43,spambase,XGBoost_T,0,OK,0.9370932754880694,0.9829453700421442,0.9403724568371565,0.9279707747449683,0.9332954131553082,0.8682546666248169,,42.8,False,0.9516908212560387,0.9601449275362319,40,False
43,spambase,XGBoost_T,1,OK,0.9543478260869566,0.9841184973959881,0.952579365079365,0.9516921127151032,0.9521305853844667,0.9042710425175816,,168.4,False,0.9565741857659831,0.9698431845597105,40,False
43,spambase,XGBoost_T,2,OK,0.9695652173913043,0.9921582605596151,0.9690053480188473,0.9671478643141449,0.9680555555555556,0.9361513695528447,,84.6,False,0.9457177322074789,0.9529553679131484,40,False
43,spambase,XGBoost_T,3,OK,0.9521739130434783,0.9920790510703182,0.9498999980197628,0.9498999980197628,0.9498999980197628,0.8997999960395255,,52.1,False,0.9589867310012062,0.962605548854041,40,False
43,spambase,XGBoost_T,4,OK,0.9478260869565217,0.9859997227667875,0.9446252786490699,0.9463157686290817,0.9454502332200174,0.8909394434913729,,64.6,False,0.9493365500603136,0.9601930036188179,40,False
43,spambase,XGBoost_T,5,OK,0.9804347826086957,0.9987128457989267,0.9809347358355247,0.9780490702786193,0.9794437906841643,0.9589794644951809,,104.6,False,0.9601930036188179,0.9650180940892642,40,False
43,spambase,XGBoost_T,6,OK,0.9521739130434783,0.9903562446781125,0.9498999980197628,0.9498999980197628,0.9498999980197628,0.8997999960395255,,29.7,False,0.9565741857659831,0.962605548854041,40,False
43,spambase,XGBoost_T,7,OK,0.9608695652173913,0.9906334778906513,0.9575429975429975,0.9609497217766688,0.9591643487009528,0.9184864014634246,,45.4,False,0.9420989143546441,0.9469240048250904,40,False
43,spambase,XGBoost_T,8,OK,0.967391304347826,0.9848011700529686,0.9663260658626903,0.9654320499644241,0.9658738519518673,0.9317576869257737,,44.8,False,0.9565741857659831,0.9613992762364294,40,False
43,spambase,XGBoost_T,9,OK,0.9521739130434783,0.9831014309431575,0.9507936507936507,0.9490473555221757,0.9498999980197628,0.8998393118220075,,97.9,False,0.962605548854041,0.9698431845597105,40,False
43,tic-tac-toe,CatBoost_T,0,OK,1.0,1.0,1.0,1.0,1.0,1.0,,113.7,True,1.0,1.0,40,False
43,tic-tac-toe,CatBoost_T,1,OK,0.9895833333333334,1.0,0.9920634920634921,0.9852941176470589,0.9885373134328358,0.977334166408364,,78.1,True,1.0,1.0,40,False
43,tic-tac-toe,CatBoost_T,2,OK,0.9791666666666666,0.9990379990379991,0.9846153846153847,0.9696969696969697,0.9765625,0.9541957401338105,,36.4,False,0.9884393063583815,1.0,40,False
43,tic-tac-toe,CatBoost_T,3,OK,0.9791666666666666,0.9995189995189996,0.9714285714285714,0.9841269841269842,0.9772296015180266,0.9554711769949041,,147.9,False,0.976878612716763,1.0,40,False
43,tic-tac-toe,CatBoost_T,4,OK,0.9791666666666666,1.0,0.9846153846153847,0.9696969696969697,0.9765625,0.9541957401338105,,84.9,False,0.9942196531791907,1.0,40,False
43,tic-tac-toe,CatBoost_T,5,OK,0.9895833333333334,1.0,0.9921875,0.9848484848484849,0.9883706844336766,0.9770084209183943,,122.5,True,1.0,1.0,40,False
43,tic-tac-toe,CatBoost_T,6,OK,0.9895833333333334,1.0,0.9921875,0.9848484848484849,0.9883706844336766,0.9770084209183943,,124.1,False,0.9942196531791907,1.0,40,False
43,tic-tac-toe,CatBoost_T,7,OK,1.0,1.0,1.0,1.0,1.0,1.0,,103.5,False,0.9942196531791907,1.0,40,False
43,tic-tac-toe,CatBoost_T,8,OK,0.9894736842105263,1.0,0.9920634920634921,0.9848484848484849,0.9883076923076923,0.9768853332428297,,76.1,True,1.0,1.0,40,False
43,tic-tac-toe,CatBoost_T,9,OK,1.0,1.0,1.0,1.0,1.0,1.0,,51.0,False,0.9942196531791907,1.0,40,False
43,tic-tac-toe,EBM_T,0,OK,1.0,1.0,1.0,1.0,1.0,1.0,,481.6,True,1.0,0.9942196531791907,40,False
43,tic-tac-toe,EBM_T,1,OK,0.9895833333333334,0.9990512333965844,0.9920634920634921,0.9852941176470589,0.9885373134328358,0.977334166408364,,610.8,True,0.9942196531791907,0.9942196531791907,40,False
43,tic-tac-toe,EBM_T,2,OK,1.0,1.0,1.0,1.0,1.0,1.0,,685.5,True,1.0,0.9884393063583815,40,False
43,tic-tac-toe,EBM_T,3,OK,1.0,1.0,1.0,1.0,1.0,1.0,,688.8,True,0.9942196531791907,0.9710982658959537,40,False
43,tic-tac-toe,EBM_T,4,OK,1.0,1.0,1.0,1.0,1.0,1.0,,871.7,True,0.9826589595375722,0.976878612716763,40,False
43,tic-tac-toe,EBM_T,5,OK,1.0,1.0,1.0,1.0,1.0,1.0,,533.0,True,1.0,0.9884393063583815,40,False
43,tic-tac-toe,EBM_T,6,OK,1.0,1.0,1.0,1.0,1.0,1.0,,500.7,True,0.9942196531791907,0.9884393063583815,40,False
43,tic-tac-toe,EBM_T,7,OK,1.0,1.0,1.0,1.0,1.0,1.0,,764.0,True,1.0,0.9826589595375722,40,False
43,tic-tac-toe,EBM_T,8,OK,1.0,1.0,1.0,1.0,1.0,1.0,,672.5,True,1.0,0.9942196531791907,40,False
43,tic-tac-toe,EBM_T,9,OK,1.0,1.0,1.0,1.0,1.0,1.0,,790.3,True,0.9942196531791907,0.9826589595375722,40,False
43,tic-tac-toe,FIGS_T,0,OK,0.9479166666666666,0.9456831119544592,0.9407494145199062,0.9463946869070209,0.9434429126899965,0.8871261396195388,,9.5,False,0.791907514450867,0.976878612716763,40,False
43,tic-tac-toe,FIGS_T,1,OK,0.9479166666666666,0.9729601518026566,0.9626865671641791,0.9264705882352942,0.94093761535622,0.8884192984555803,,13.7,False,0.8497109826589595,0.9710982658959537,40,False
43,tic-tac-toe,FIGS_T,2,OK,0.90625,0.934102934102934,0.9045454545454545,0.8852813852813852,0.893687707641196,0.7895918772038132,,10.7,False,0.7572254335260116,0.9653179190751445,40,False
43,tic-tac-toe,FIGS_T,3,OK,0.9791666666666666,0.9862914862914862,0.9846153846153847,0.9696969696969697,0.9765625,0.9541957401338105,,17.0,False,0.7630057803468208,0.953757225433526,40,False
43,tic-tac-toe,FIGS_T,4,OK,0.9166666666666666,0.9547859547859547,0.913151364764268,0.9004329004329004,0.90625,0.8134848475795159,,12.3,False,0.7861271676300579,0.9826589595375722,40,False
43,tic-tac-toe,FIGS_T,5,OK,0.9166666666666666,0.9812409812409812,0.913151364764268,0.9004329004329004,0.90625,0.8134848475795159,,13.7,False,0.861271676300578,0.9826589595375722,40,False
43,tic-tac-toe,FIGS_T,6,OK,0.9583333333333334,0.988936988936989,0.9607940446650125,0.9466089466089466,0.953125,0.9072921092823789,,7.9,False,0.791907514450867,0.976878612716763,40,False
43,tic-tac-toe,FIGS_T,7,OK,0.9791666666666666,0.985088985088985,0.9846153846153847,0.9696969696969697,0.9765625,0.9541957401338105,,10.1,False,0.7687861271676301,0.9653179190751445,40,False
43,tic-tac-toe,FIGS_T,8,OK,0.9263157894736842,0.9657869012707723,0.9282051282051282,0.9081133919843598,0.9168853893263342,0.8360771431797248,,14.7,False,0.6878612716763006,0.9884393063583815,40,False
43,tic-tac-toe,FIGS_T,9,OK,0.968421052631579,0.9863147605083088,0.976923076923077,0.9545454545454546,0.9643794525684289,0.9311996924037653,,17.0,False,0.7861271676300579,0.9884393063583815,40,False
43,tic-tac-toe,LightGBM_T,0,OK,1.0,1.0,1.0,1.0,1.0,1.0,,2.7,True,1.0,1.0,40,False
43,tic-tac-toe,LightGBM_T,1,OK,1.0,1.0,1.0,1.0,1.0,1.0,,3.4,False,0.9826589595375722,1.0,40,False
43,tic-tac-toe,LightGBM_T,2,OK,1.0,1.0,1.0,1.0,1.0,1.0,,3.6,True,1.0,1.0,40,False
43,tic-tac-toe,LightGBM_T,3,OK,1.0,1.0,1.0,1.0,1.0,1.0,,4.0,False,0.9884393063583815,1.0,40,False
43,tic-tac-toe,LightGBM_T,4,OK,1.0,1.0,1.0,1.0,1.0,1.0,,3.7,False,0.9826589595375722,1.0,40,False
43,tic-tac-toe,LightGBM_T,5,OK,0.9895833333333334,1.0,0.9921875,0.9848484848484849,0.9883706844336766,0.9770084209183943,,3.7,True,1.0,1.0,40,False
43,tic-tac-toe,LightGBM_T,6,OK,1.0,1.0,1.0,1.0,1.0,1.0,,3.3,True,1.0,1.0,40,False
43,tic-tac-toe,LightGBM_T,7,OK,0.9895833333333334,1.0,0.9921875,0.9848484848484849,0.9883706844336766,0.9770084209183943,,2.8,True,1.0,1.0,40,False
43,tic-tac-toe,LightGBM_T,8,OK,1.0,1.0,1.0,1.0,1.0,1.0,,2.4,True,1.0,1.0,40,False
43,tic-tac-toe,LightGBM_T,9,OK,1.0,1.0,1.0,1.0,1.0,1.0,,3.8,False,0.9826589595375722,1.0,40,False
43,tic-tac-toe,RuleFit_T,0,OK,1.0,1.0,1.0,1.0,1.0,1.0,,108.3,False,0.9364161849710982,1.0,40,False
43,tic-tac-toe,RuleFit_T,1,OK,1.0,1.0,1.0,1.0,1.0,1.0,,100.6,False,0.930635838150289,1.0,40,False
43,tic-tac-toe,RuleFit_T,2,OK,1.0,1.0,1.0,1.0,1.0,1.0,,127.3,False,0.9364161849710982,1.0,40,False
43,tic-tac-toe,RuleFit_T,3,OK,1.0,1.0,1.0,1.0,1.0,1.0,,110.8,False,0.9364161849710982,1.0,40,False
43,tic-tac-toe,RuleFit_T,4,OK,0.96875,0.9983164983164983,0.9625237191650854,0.968975468975469,0.9656119402985075,0.9314768448173557,,125.6,False,0.9017341040462428,1.0,40,False
43,tic-tac-toe,RuleFit_T,5,OK,1.0,1.0,1.0,1.0,1.0,1.0,,121.0,False,0.8786127167630058,1.0,40,False
43,tic-tac-toe,RuleFit_T,6,OK,1.0,1.0,1.0,1.0,1.0,1.0,,124.5,False,0.9248554913294798,1.0,40,False
43,tic-tac-toe,RuleFit_T,7,OK,1.0,1.0,1.0,1.0,1.0,1.0,,129.8,False,0.8786127167630058,1.0,40,False
43,tic-tac-toe,RuleFit_T,8,OK,1.0,1.0,1.0,1.0,1.0,1.0,,127.9,False,0.9479768786127167,1.0,40,False
43,tic-tac-toe,RuleFit_T,9,OK,1.0,1.0,1.0,1.0,1.0,1.0,,113.0,False,0.953757225433526,1.0,40,False
43,tic-tac-toe,XGBoost_T,0,OK,1.0,1.0,1.0,1.0,1.0,1.0,,3.9,True,1.0,1.0,40,False
43,tic-tac-toe,XGBoost_T,1,OK,0.9791666666666666,0.9990512333965844,0.9772296015180266,0.9772296015180266,0.9772296015180266,0.9544592030360531,,5.2,False,0.9942196531791907,1.0,40,False
43,tic-tac-toe,XGBoost_T,2,OK,1.0,1.0,1.0,1.0,1.0,1.0,,4.3,False,0.9884393063583815,1.0,40,False
43,tic-tac-toe,XGBoost_T,3,OK,1.0,1.0,1.0,1.0,1.0,1.0,,3.4,False,0.9826589595375722,1.0,40,False
43,tic-tac-toe,XGBoost_T,4,OK,0.9791666666666666,1.0,0.9846153846153847,0.9696969696969697,0.9765625,0.9541957401338105,,5.4,False,0.9826589595375722,0.9942196531791907,40,False
43,tic-tac-toe,XGBoost_T,5,OK,0.9895833333333334,1.0,0.9921875,0.9848484848484849,0.9883706844336766,0.9770084209183943,,4.1,True,1.0,1.0,40,False
43,tic-tac-toe,XGBoost_T,6,OK,1.0,1.0,1.0,1.0,1.0,1.0,,2.6,False,0.9884393063583815,1.0,40,False
43,tic-tac-toe,XGBoost_T,7,OK,1.0,1.0,1.0,1.0,1.0,1.0,,4.1,False,0.9884393063583815,1.0,40,False
43,tic-tac-toe,XGBoost_T,8,OK,0.9894736842105263,1.0,0.9920634920634921,0.9848484848484849,0.9883076923076923,0.9768853332428297,,3.9,True,1.0,1.0,40,False
43,tic-tac-toe,XGBoost_T,9,OK,0.9894736842105263,1.0,0.9920634920634921,0.9848484848484849,0.9883076923076923,0.9768853332428297,,3.7,False,0.9826589595375722,1.0,40,False
43,vehicle,CatBoost_T,0,OK,0.8,0.9471650051337552,0.8046474882859321,0.8002164502164502,0.8021978021978022,0.7332349177095292,,89.6,False,0.8104575163398693,0.8169934640522876,40,False
43,vehicle,CatBoost_T,1,OK,0.7294117647058823,0.9125236742424243,0.709101430976431,0.7332251082251082,0.715152428108599,0.6431588816014718,,160.2,False,0.7647058823529411,0.803921568627451,40,False
43,vehicle,CatBoost_T,2,OK,0.8235294117647058,0.940058778027528,0.8227813852813852,0.8251623376623376,0.8233337139321257,0.7651403249630724,,96.4,False,0.7581699346405228,0.7973856209150327,40,False
43,vehicle,CatBoost_T,3,OK,0.788235294117647,0.9440555104617605,0.7913043478260869,0.790530303030303,0.78998223998224,0.7181670040740049,,152.0,False,0.7777777777777778,0.7908496732026143,40,False
43,vehicle,CatBoost_T,4,OK,0.8352941176470589,0.9459700195637696,0.8390567765567765,0.8387445887445888,0.8326482396962828,0.7850597055230139,,119.4,False,0.803921568627451,0.8235294117647058,40,False
43,vehicle,CatBoost_T,5,OK,0.8,0.9454421446608947,0.794534632034632,0.8024891774891775,0.7976190476190477,0.7339364844903988,,197.0,False,0.7320261437908496,0.7712418300653595,40,False
43,vehicle,CatBoost_T,6,OK,0.7976190476190477,0.9438712029950869,0.7946451406649617,0.7970238095238096,0.7933479532163743,0.7318069736737426,,105.7,False,0.738562091503268,0.7777777777777778,40,False
43,vehicle,CatBoost_T,7,OK,0.8095238095238095,0.9562055224982705,0.8324689927763391,0.8098940533151059,0.7953924396928979,0.7586866029914762,,127.8,True,0.7908496732026143,0.7843137254901961,40,False
43,vehicle,CatBoost_T,8,OK,0.8095238095238095,0.9429877771917663,0.8086007130124777,0.8143939393939393,0.8067300916138126,0.7493388067718235,,132.6,False,0.7647058823529411,0.7843137254901961,40,False
43,vehicle,CatBoost_T,9,OK,0.7857142857142857,0.9390022952810971,0.7867063492063493,0.7916666666666666,0.7869579945799459,0.7162068040526739,,219.6,False,0.7189542483660131,0.7516339869281046,40,False
43,vehicle,EBM_T,0,OK,0.8,0.9426556256243757,0.806935817805383,0.8013528138528139,0.8039072039072039,0.7332349177095292,,190.6,True,0.803921568627451,0.803921568627451,40,False
43,vehicle,EBM_T,1,OK,0.7529411764705882,0.9148629148629148,0.7479506572756001,0.7570346320346321,0.7514337934077016,0.6713468609111688,,150.1,True,0.7843137254901961,0.7516339869281046,40,False
43,vehicle,EBM_T,2,OK,0.7764705882352941,0.9562832480019979,0.769295761782974,0.7791666666666666,0.7709543019723295,0.7042404245707163,,216.3,False,0.7777777777777778,0.7908496732026143,40,False
43,vehicle,EBM_T,3,OK,0.7647058823529411,0.9328212239149739,0.7724481658692185,0.7666666666666666,0.7683594183594185,0.6870614206972566,,131.6,False,0.7712418300653595,0.7843137254901961,40,False
43,vehicle,EBM_T,4,OK,0.8117647058823529,0.9515898337773339,0.8074162679425837,0.8143939393939393,0.8094225211355104,0.75009240433942,,122.6,False,0.7320261437908496,0.7973856209150327,40,False
43,vehicle,EBM_T,5,OK,0.8117647058823529,0.9501431727994228,0.8099933155080214,0.814935064935065,0.8086080586080586,0.7518523348056885,,92.9,False,0.7189542483660131,0.7712418300653595,40,False
43,vehicle,EBM_T,6,OK,0.8095238095238095,0.9459561602418745,0.8086080586080586,0.8095238095238095,0.8030040938707259,0.7503924330025361,,149.2,False,0.7516339869281046,0.7843137254901961,40,False
43,vehicle,EBM_T,7,OK,0.7619047619047619,0.9358920178105238,0.7519021739130435,0.7644395078605605,0.7523291925465839,0.686176205446889,,170.8,False,0.803921568627451,0.8104575163398693,40,False
43,vehicle,EBM_T,8,OK,0.7976190476190477,0.9286755932466259,0.7891414141414141,0.8014069264069263,0.7937614710870524,0.7311261550139309,,124.5,False,0.7581699346405228,0.8104575163398693,40,False
43,vehicle,EBM_T,9,OK,0.7738095238095238,0.9492924330706949,0.7738095238095237,0.7792207792207793,0.7762944656024633,0.6985447110210815,,111.5,False,0.7516339869281046,0.7581699346405228,40,False
43,vehicle,FIGS_T,0,OK,0.7411764705882353,0.8958226755883006,0.7522824620078624,0.745021645021645,0.7352510234863177,0.6652968271460529,,18.0,False,0.738562091503268,0.7450980392156863,40,False
43,vehicle,FIGS_T,1,OK,0.5882352941176471,0.8502021416083916,0.5808760683760683,0.5917748917748917,0.5823068309070549,0.45391350794093993,,16.0,False,0.7189542483660131,0.7516339869281046,40,False
43,vehicle,FIGS_T,2,OK,0.7176470588235294,0.8642268321955822,0.7237750172532781,0.7183982683982684,0.7200106944598988,0.6237757118479786,,20.7,False,0.6470588235294118,0.6928104575163399,40,False
43,vehicle,FIGS_T,3,OK,0.6470588235294118,0.8785336711899212,0.6751633986928104,0.6496753246753246,0.6560122024518309,0.535260051425248,,31.4,False,0.6666666666666666,0.7254901960784313,40,False
43,vehicle,FIGS_T,4,OK,0.6588235294117647,0.8426552267177267,0.6695601851851852,0.6627705627705628,0.660922006102212,0.549102588006679,,18.4,False,0.6209150326797386,0.7058823529411765,40,False
43,vehicle,FIGS_T,5,OK,0.7058823529411765,0.9073195467726718,0.7028508771929824,0.7065476190476191,0.7040337485231317,0.6078361493565111,,16.3,False,0.6601307189542484,0.7254901960784313,40,False
43,vehicle,FIGS_T,6,OK,0.7380952380952381,0.8968063527494331,0.751578947368421,0.7369047619047618,0.7422768878718535,0.652011393275751,,17.9,False,0.6666666666666666,0.7254901960784313,40,False
43,vehicle,FIGS_T,7,OK,0.6428571428571429,0.8757622804630445,0.6439210299504418,0.6443381180223285,0.6419710950004708,0.5248701861621181,,31.1,False,0.6274509803921569,0.7320261437908496,40,False
43,vehicle,FIGS_T,8,OK,0.6666666666666666,0.8966615646951188,0.6912955465587044,0.6713744588744589,0.6790176135920817,0.5572646046350374,,26.7,False,0.6797385620915033,0.7581699346405228,40,False
43,vehicle,FIGS_T,9,OK,0.7023809523809523,0.9025001877176417,0.7011363636363637,0.7082792207792208,0.7037179591065014,0.6038948869521089,,13.6,False,0.6928104575163399,0.7124183006535948,40,False
43,vehicle,LightGBM_T,0,OK,0.7764705882352941,0.9288751526251526,0.79,0.7769480519480519,0.782119738890558,0.7024443669511182,,11.4,False,0.7908496732026143,0.8300653594771242,40,False
43,vehicle,LightGBM_T,1,OK,0.6941176470588235,0.909051452020202,0.6783583959899748,0.6985930735930737,0.6868188894654904,0.5931208512392221,,16.2,False,0.7973856209150327,0.8104575163398693,40,False
43,vehicle,LightGBM_T,2,OK,0.8117647058823529,0.9402053328615829,0.8196859903381642,0.8137987012987014,0.8135776662950576,0.7513452416511524,,14.5,False,0.7450980392156863,0.803921568627451,40,False
43,vehicle,LightGBM_T,3,OK,0.7647058823529411,0.9224333999334,0.7732213438735178,0.7661255411255411,0.768812976768913,0.6863220487083438,,14.4,False,0.7189542483660131,0.7712418300653595,40,False
43,vehicle,LightGBM_T,4,OK,0.788235294117647,0.93903252997003,0.7848237120935331,0.7916666666666666,0.7849280800500312,0.7201575537462963,,18.9,False,0.7516339869281046,0.803921568627451,40,False
43,vehicle,LightGBM_T,5,OK,0.8117647058823529,0.9288118305305806,0.8069828722002634,0.814935064935065,0.8085497835497835,0.750832254740989,,12.6,False,0.738562091503268,0.7908496732026143,40,False
43,vehicle,LightGBM_T,6,OK,0.7857142857142857,0.9395250200774754,0.7913043478260869,0.7851190476190477,0.7876584797316505,0.7145291489578555,,14.0,False,0.7516339869281046,0.7908496732026143,40,False
43,vehicle,LightGBM_T,7,OK,0.8333333333333334,0.9461051519109972,0.8419080919080919,0.8342447026657552,0.8284407665505227,0.7831063313694264,,12.3,False,0.7712418300653595,0.7908496732026143,40,False
43,vehicle,LightGBM_T,8,OK,0.8095238095238095,0.9359163834970287,0.805622009569378,0.8133116883116883,0.8085497835497835,0.7465961199647753,,18.8,False,0.7647058823529411,0.7908496732026143,40,False
43,vehicle,LightGBM_T,9,OK,0.7738095238095238,0.9332466368756691,0.779399585921325,0.7792207792207793,0.778389293633196,0.6991301559041981,,15.2,False,0.7581699346405228,0.7647058823529411,40,False
43,vehicle,RuleFit_T,0,OK,0.7647058823529411,0.921725808913309,0.7710035959463877,0.7655844155844156,0.768070818070818,0.6861260983555534,,433.2,False,0.7320261437908496,0.8366013071895425,40,False
43,vehicle,RuleFit_T,1,OK,0.6823529411764706,0.886856077949828,0.6795289855072464,0.6855519480519481,0.6813870308435526,0.5767675424560738,,315.3,False,0.7124183006535948,0.7908496732026143,40,False
43,vehicle,RuleFit_T,2,OK,0.7647058823529411,0.9321872745310247,0.7601674641148326,0.7655844155844156,0.762012987012987,0.6867381333006559,,453.5,False,0.7254901960784313,0.7712418300653595,40,False
43,vehicle,RuleFit_T,3,OK,0.7529411764705882,0.9200706585081585,0.7591614906832298,0.7547619047619047,0.7567644887412329,0.6705447944442279,,441.0,False,0.7189542483660131,0.7647058823529411,40,False
43,vehicle,RuleFit_T,4,OK,0.7764705882352941,0.9497817633755133,0.7700828157349897,0.7792207792207793,0.7740611691831203,0.7023084145611123,,375.3,False,0.7124183006535948,0.8104575163398693,40,False
43,vehicle,RuleFit_T,5,OK,0.7529411764705882,0.9387586718836719,0.7403102545365973,0.7553571428571428,0.7439434512235321,0.6731464978091184,,492.3,False,0.7058823529411765,0.7843137254901961,40,False
43,vehicle,RuleFit_T,6,OK,0.7857142857142857,0.93140589569161,0.7870588235294118,0.7857142857142857,0.7837528604118993,0.7163476271899187,,505.3,False,0.6928104575163399,0.7843137254901961,40,False
43,vehicle,RuleFit_T,7,OK,0.75,0.9351173930272887,0.7412302371541503,0.7536169970380496,0.7435362191459751,0.6688187466882304,,478.3,False,0.738562091503268,0.7973856209150327,40,False
43,vehicle,RuleFit_T,8,OK,0.7619047619047619,0.9399219134440189,0.7540442014126225,0.7661796536796537,0.7590393133997785,0.6832451320751604,,481.4,False,0.7254901960784313,0.7712418300653595,40,False
43,vehicle,RuleFit_T,9,OK,0.7857142857142857,0.9392716358955198,0.7902691511387163,0.7905844155844156,0.7894625699503748,0.7150151797332359,,353.8,False,0.7124183006535948,0.7712418300653595,40,False
43,vehicle,XGBoost_T,0,OK,0.8,0.9320267406204906,0.8110119047619048,0.8002164502164502,0.8046474882859321,0.7335437020150984,,23.6,False,0.7908496732026143,0.8104575163398693,40,False
43,vehicle,XGBoost_T,1,OK,0.7176470588235294,0.908070661976912,0.6996336996336996,0.7213203463203464,0.7078252032520325,0.625071842241077,,19.4,False,0.7647058823529411,0.803921568627451,40,False
43,vehicle,XGBoost_T,2,OK,0.8,0.9421827998390497,0.8066919191919193,0.8024350649350649,0.8016798418972333,0.7355680607562421,,18.4,False,0.7254901960784313,0.7973856209150327,40,False
43,vehicle,XGBoost_T,3,OK,0.7764705882352941,0.9337283723221224,0.778310276679842,0.7791666666666666,0.7780844155844155,0.7024381713131777,,20.8,False,0.738562091503268,0.7843137254901961,40,False
43,vehicle,XGBoost_T,4,OK,0.7764705882352941,0.9408813755688755,0.7713077984817116,0.7797619047619048,0.7735741561961074,0.703457790036028,,24.8,False,0.7712418300653595,0.803921568627451,40,False
43,vehicle,XGBoost_T,5,OK,0.8,0.9356690878565879,0.7961133069828722,0.803030303030303,0.7971861471861472,0.7351205999765912,,17.4,False,0.7254901960784313,0.7777777777777778,40,False
43,vehicle,XGBoost_T,6,OK,0.7857142857142857,0.9416036292989418,0.7809523809523808,0.7857142857142857,0.7831010452961672,0.7143667296786389,,17.3,False,0.7450980392156863,0.7843137254901961,40,False
43,vehicle,XGBoost_T,7,OK,0.8214285714285714,0.9466053558643907,0.8288740245261983,0.8210868079289132,0.8158730158730159,0.7666846917921266,,19.4,False,0.7908496732026143,0.803921568627451,40,False
43,vehicle,XGBoost_T,8,OK,0.7619047619047619,0.9372087307094148,0.7604852876592008,0.7678571428571428,0.7619588744588746,0.6843304941672168,,20.3,False,0.7450980392156863,0.7647058823529411,40,False
43,vehicle,XGBoost_T,9,OK,0.75,0.9363397525839923,0.7560300207039339,0.7559523809523809,0.7551208953647978,0.6673601082461226,,17.3,False,0.7450980392156863,0.7516339869281046,40,False
43,wdbc,CatBoost_T,0,OK,0.9473684210526315,0.9894179894179895,0.9402597402597402,0.9484126984126984,0.9439895185063871,0.8886350389948482,,154.2,False,0.970873786407767,0.9805825242718447,40,False
43,wdbc,CatBoost_T,1,OK,0.9824561403508771,0.9986772486772486,0.9864864864864865,0.9761904761904762,0.9809555629802873,0.962621902223779,,268.7,True,0.9902912621359223,0.9902912621359223,40,False
43,wdbc,CatBoost_T,2,OK,0.8947368421052632,0.9761904761904763,0.8836317135549872,0.8968253968253967,0.888961038961039,0.7803455823319942,,422.8,False,0.941747572815534,0.9514563106796117,40,False
43,wdbc,CatBoost_T,3,OK,1.0,1.0,1.0,1.0,1.0,1.0,,478.6,False,0.970873786407767,0.9902912621359223,40,False
43,wdbc,CatBoost_T,4,OK,1.0,1.0,1.0,1.0,1.0,1.0,,280.0,False,0.9514563106796117,0.9611650485436893,40,False
43,wdbc,CatBoost_T,5,OK,0.9473684210526315,0.9973544973544973,0.9402597402597402,0.9484126984126984,0.9439895185063871,0.8886350389948482,,559.2,False,0.970873786407767,0.9805825242718447,40,False
43,wdbc,CatBoost_T,6,OK,0.9824561403508771,0.9986772486772486,0.9864864864864865,0.9761904761904762,0.9809555629802873,0.962621902223779,,733.9,False,0.9514563106796117,0.9805825242718447,40,False
43,wdbc,CatBoost_T,7,OK,0.9649122807017544,0.9753246753246754,0.972972972972973,0.9545454545454546,0.9623015873015872,0.9273353546322172,,188.7,False,0.941747572815534,0.9611650485436893,40,False
43,wdbc,CatBoost_T,8,OK,0.9473684210526315,0.9896103896103896,0.9605263157894737,0.9318181818181819,0.942866688940862,0.8918825850158447,,302.4,False,0.9805825242718447,0.9902912621359223,40,False
43,wdbc,CatBoost_T,9,OK,0.9464285714285714,0.9959183673469387,0.9472222222222222,0.9380952380952381,0.9422878735829612,0.8852704127574261,,377.5,True,1.0,1.0,40,False
43,wdbc,EBM_T,0,OK,0.9824561403508771,0.9907407407407407,0.9864864864864865,0.9761904761904762,0.9809555629802873,0.962621902223779,,105.9,False,0.9805825242718447,0.9902912621359223,40,False
43,wdbc,EBM_T,1,OK,0.9824561403508771,0.9973544973544973,0.9864864864864865,0.9761904761904762,0.9809555629802873,0.962621902223779,,161.8,True,0.9902912621359223,0.9902912621359223,40,False
43,wdbc,EBM_T,2,OK,0.9122807017543859,0.988095238095238,0.9032467532467532,0.9107142857142857,0.9066491975106452,0.8139267835041308,,510.3,False,0.9514563106796117,0.9611650485436893,40,False
43,wdbc,EBM_T,3,OK,1.0,1.0,1.0,1.0,1.0,1.0,,116.6,False,0.9805825242718447,0.9902912621359223,40,False
43,wdbc,EBM_T,4,OK,1.0,1.0,1.0,1.0,1.0,1.0,,220.3,True,0.970873786407767,0.970873786407767,40,False
43,wdbc,EBM_T,5,OK,0.9649122807017544,1.0,0.9736842105263157,0.9523809523809523,0.9614864864864865,0.9258200997725514,,219.2,False,0.970873786407767,0.9805825242718447,40,False
43,wdbc,EBM_T,6,OK,1.0,1.0,1.0,1.0,1.0,1.0,,120.8,False,0.9902912621359223,1.0,40,False
43,wdbc,EBM_T,7,OK,0.9824561403508771,0.9857142857142858,0.9861111111111112,0.9772727272727273,0.981329839502129,0.9633432944855655,,755.6,True,0.9611650485436893,0.9611650485436893,40,False
43,wdbc,EBM_T,8,OK,0.9649122807017544,0.9935064935064934,0.972972972972973,0.9545454545454546,0.9623015873015872,0.9273353546322172,,151.0,True,0.9902912621359223,0.9902912621359223,40,False
43,wdbc,EBM_T,9,OK,0.9821428571428571,0.998639455782313,0.9772727272727273,0.9857142857142858,0.9811257162116616,0.9629500128629354,,226.8,True,1.0,1.0,40,False
43,wdbc,FIGS_T,0,OK,0.9298245614035088,0.9411375661375662,0.9246031746031746,0.9246031746031746,0.9246031746031746,0.8492063492063492,,1.6,False,0.9805825242718447,0.9902912621359223,40,False
43,wdbc,FIGS_T,1,OK,0.9473684210526315,0.9477513227513227,0.9402597402597402,0.9484126984126984,0.9439895185063871,0.8886350389948482,,1.8,False,0.941747572815534,0.9514563106796117,40,False
43,wdbc,FIGS_T,2,OK,0.8596491228070176,0.8888888888888888,0.8620689655172413,0.8888888888888888,0.8574999999999999,0.7504787743864564,,1.2,False,0.941747572815534,0.9514563106796117,40,False
43,wdbc,FIGS_T,3,OK,0.9298245614035088,0.8511904761904762,0.9342105263157894,0.9146825396825397,0.922972972972973,0.8486684247915055,,2.3,False,0.912621359223301,0.9320388349514563,40,False
43,wdbc,FIGS_T,4,OK,1.0,1.0,1.0,1.0,1.0,1.0,,1.8,False,0.941747572815534,0.9514563106796117,40,False
43,wdbc,FIGS_T,5,OK,0.9649122807017544,0.9642857142857143,0.9623015873015872,0.9623015873015872,0.9623015873015872,0.9246031746031746,,1.8,True,0.912621359223301,0.912621359223301,40,False
43,wdbc,FIGS_T,6,OK,0.9122807017543859,0.9279100529100529,0.9094594594594595,0.9007936507936507,0.9047778149014367,0.810206767705014,,1.7,True,0.941747572815534,0.941747572815534,40,False
43,wdbc,FIGS_T,7,OK,0.8947368421052632,0.8889610389610391,0.888961038961039,0.888961038961039,0.888961038961039,0.7779220779220779,,2.0,False,0.8932038834951457,0.912621359223301,40,False
43,wdbc,FIGS_T,8,OK,0.9473684210526315,0.9318181818181819,0.9605263157894737,0.9318181818181819,0.942866688940862,0.8918825850158447,,1.7,False,0.941747572815534,0.970873786407767,40,False
43,wdbc,FIGS_T,9,OK,0.9464285714285714,0.9476190476190476,0.9398395721925134,0.9476190476190476,0.9433771486349849,0.8874245216579992,,2.2,False,0.9805825242718447,0.9902912621359223,40,False
43,wdbc,LightGBM_T,0,OK,0.9649122807017544,0.9933862433862435,0.9623015873015872,0.9623015873015872,0.9623015873015872,0.9246031746031746,,3.7,False,0.9805825242718447,0.9902912621359223,40,False
43,wdbc,LightGBM_T,1,OK,0.9824561403508771,0.9986772486772486,0.9864864864864865,0.9761904761904762,0.9809555629802873,0.962621902223779,,3.8,False,0.970873786407767,0.9805825242718447,40,False
43,wdbc,LightGBM_T,2,OK,0.9473684210526315,0.9933862433862434,0.9402597402597402,0.9484126984126984,0.9439895185063871,0.8886350389948482,,3.5,False,0.941747572815534,0.9611650485436893,40,False
43,wdbc,LightGBM_T,3,OK,1.0,1.0,1.0,1.0,1.0,1.0,,3.6,False,0.9611650485436893,0.9805825242718447,40,False
43,wdbc,LightGBM_T,4,OK,1.0,1.0,1.0,1.0,1.0,1.0,,4.9,False,0.9611650485436893,0.9805825242718447,40,False
43,wdbc,LightGBM_T,5,OK,0.9473684210526315,0.9973544973544973,0.9479729729729729,0.9384920634920635,0.942866688940862,0.8864143349643965,,3.4,False,0.970873786407767,0.9902912621359223,40,False
43,wdbc,LightGBM_T,6,OK,0.9824561403508771,0.9986772486772486,0.9864864864864865,0.9761904761904762,0.9809555629802873,0.962621902223779,,3.0,True,0.970873786407767,0.970873786407767,40,False
43,wdbc,LightGBM_T,7,OK,0.9649122807017544,0.9766233766233767,0.9629870129870131,0.9629870129870131,0.9629870129870131,0.925974025974026,,2.8,False,0.9611650485436893,0.9805825242718447,40,False
43,wdbc,LightGBM_T,8,OK,0.9473684210526315,0.9909090909090909,0.9605263157894737,0.9318181818181819,0.942866688940862,0.8918825850158447,,3.2,False,0.9805825242718447,0.9902912621359223,40,False
43,wdbc,LightGBM_T,9,OK,0.9464285714285714,0.9945578231292517,0.9472222222222222,0.9380952380952381,0.9422878735829612,0.8852704127574261,,4.1,False,0.9902912621359223,1.0,40,False
43,wdbc,RuleFit_T,0,OK,0.9649122807017544,0.9801587301587301,0.9736842105263157,0.9523809523809523,0.9614864864864865,0.9258200997725514,,71.1,False,0.9611650485436893,0.9902912621359223,40,False
43,wdbc,RuleFit_T,1,OK,1.0,1.0,1.0,1.0,1.0,1.0,,88.6,False,0.941747572815534,0.9902912621359223,40,False
43,wdbc,RuleFit_T,2,OK,0.9122807017543859,0.9814814814814815,0.9032467532467532,0.9107142857142857,0.9066491975106452,0.8139267835041308,,122.3,False,0.941747572815534,0.9514563106796117,40,False
43,wdbc,RuleFit_T,3,OK,1.0,1.0,1.0,1.0,1.0,1.0,,86.3,False,0.941747572815534,0.9902912621359223,40,False
43,wdbc,RuleFit_T,4,OK,1.0,1.0,1.0,1.0,1.0,1.0,,75.0,False,0.941747572815534,0.9805825242718447,40,False
43,wdbc,RuleFit_T,5,OK,0.9649122807017544,0.9973544973544973,0.9736842105263157,0.9523809523809523,0.9614864864864865,0.9258200997725514,,86.9,False,0.970873786407767,0.9805825242718447,40,False
43,wdbc,RuleFit_T,6,OK,1.0,1.0,1.0,1.0,1.0,1.0,,77.6,False,0.9320388349514563,0.9805825242718447,40,False
43,wdbc,RuleFit_T,7,OK,0.9824561403508771,0.9792207792207792,0.9861111111111112,0.9772727272727273,0.981329839502129,0.9633432944855655,,83.1,False,0.941747572815534,0.9805825242718447,40,False
43,wdbc,RuleFit_T,8,OK,0.9298245614035088,0.9857142857142858,0.9487179487179487,0.9090909090909092,0.922972972972973,0.8568930704969753,,69.4,False,0.970873786407767,0.9902912621359223,40,False
43,wdbc,RuleFit_T,9,OK,0.9285714285714286,0.9918367346938776,0.9238095238095239,0.9238095238095239,0.9238095238095239,0.8476190476190476,,92.7,False,0.9805825242718447,1.0,40,False
43,wdbc,XGBoost_T,0,OK,0.9649122807017544,0.9880952380952381,0.9623015873015872,0.9623015873015872,0.9623015873015872,0.9246031746031746,,7.3,True,0.9805825242718447,0.9805825242718447,40,False
43,wdbc,XGBoost_T,1,OK,0.9824561403508771,1.0,0.9864864864864865,0.9761904761904762,0.9809555629802873,0.962621902223779,,15.8,False,0.970873786407767,0.9902912621359223,40,False
43,wdbc,XGBoost_T,2,OK,0.9122807017543859,0.9907407407407407,0.9032467532467532,0.9107142857142857,0.9066491975106452,0.8139267835041308,,6.7,False,0.941747572815534,0.9514563106796117,40,False
43,wdbc,XGBoost_T,3,OK,0.9824561403508771,1.0,0.9864864864864865,0.9761904761904762,0.9809555629802873,0.962621902223779,,7.8,False,0.9514563106796117,0.9805825242718447,40,False
43,wdbc,XGBoost_T,4,OK,1.0,1.0,1.0,1.0,1.0,1.0,,7.4,False,0.9611650485436893,0.9805825242718447,40,False
43,wdbc,XGBoost_T,5,OK,0.9649122807017544,0.9973544973544973,0.9623015873015872,0.9623015873015872,0.9623015873015872,0.9246031746031746,,8.7,False,0.9611650485436893,0.9805825242718447,40,False
43,wdbc,XGBoost_T,6,OK,1.0,1.0,1.0,1.0,1.0,1.0,,8.1,False,0.912621359223301,0.9902912621359223,40,False
43,wdbc,XGBoost_T,7,OK,0.9649122807017544,0.977922077922078,0.972972972972973,0.9545454545454546,0.9623015873015872,0.9273353546322172,,9.1,False,0.9514563106796117,0.970873786407767,40,False
43,wdbc,XGBoost_T,8,OK,0.9473684210526315,0.9870129870129871,0.9605263157894737,0.9318181818181819,0.942866688940862,0.8918825850158447,,14.4,False,0.9805825242718447,0.9902912621359223,40,False
43,wdbc,XGBoost_T,9,OK,0.9464285714285714,0.9972789115646259,0.9472222222222222,0.9380952380952381,0.9422878735829612,0.8852704127574261,,12.2,True,1.0,1.0,40,False
43,wine-quality,CatBoost_T,0,PARTIAL,0.7163265306122449,nan,0.6013245979420309,0.45767251483407806,0.49513706571139693,0.5680894342643006,,801.8,False,0.6077097505668935,0.6564625850340136,40,False
43,wine-quality,CatBoost_T,1,PARTIAL,0.6775510204081633,nan,0.5757402057208425,0.45022393556841583,0.4829756105353375,0.5086641703997054,,763.5,False,0.6303854875283447,0.6632653061224489,40,False
43,wine-quality,CatBoost_T,2,PARTIAL,0.6877551020408164,nan,0.6095426655746353,0.4772066506853525,0.5185705224094331,0.5250355923396244,,1231.6,False,0.6383219954648526,0.671201814058957,40,False
43,wine-quality,CatBoost_T,3,OK,0.6877551020408164,0.7621327295977116,0.5446894704725744,0.4031484798726178,0.4452482713649113,0.5221469499569885,,405.3,False,0.645124716553288,0.68140589569161,40,False
43,wine-quality,CatBoost_T,4,OK,0.7122448979591837,0.8505945496072117,0.5152354200107009,0.42512750659302384,0.45685905186536047,0.5629655567561593,,859.2,False,0.6485260770975056,0.68140589569161,40,False
43,wine-quality,CatBoost_T,5,OK,0.6959183673469388,0.861966552053876,0.5055854859426289,0.3857382243059116,0.4151887017433236,0.5349935831724718,,833.5,False,0.6519274376417233,0.6825396825396826,40,False
43,wine-quality,CatBoost_T,6,OK,0.6877551020408164,0.8693583226091176,0.4823294889310161,0.39833306298858273,0.42616979284211604,0.52470161670299,,482.4,False,0.6587301587301587,0.691609977324263,40,False
43,wine-quality,CatBoost_T,7,OK,0.7142857142857143,0.8806747099267034,0.5296637515294284,0.423226712852015,0.4595561293674501,0.5638902417529794,,517.7,False,0.655328798185941,0.6927437641723356,40,False
43,wine-quality,CatBoost_T,8,PARTIAL,0.7034764826175869,nan,0.6902381242890319,0.46314281005054575,0.5159316840218118,0.5444754533332441,,892.9,False,0.6587301587301587,0.6961451247165533,40,False
43,wine-quality,CatBoost_T,9,PARTIAL,0.6871165644171779,nan,0.6054864559132093,0.4703345908724635,0.5122036504411204,0.5232153299953619,,927.9,False,0.6405895691609977,0.6746031746031746,40,False
43,wine-quality,EBM_T,0,PARTIAL,0.5959183673469388,nan,0.506615981811258,0.31365291377378407,0.32617138001035345,0.372645970021906,,941.5,False,0.5532879818594104,0.5816326530612245,40,False
43,wine-quality,EBM_T,1,PARTIAL,0.6163265306122448,nan,0.4223876934914634,0.36343745675937456,0.3801047993330952,0.4121047099311986,,687.1,False,0.5634920634920635,0.5748299319727891,40,False
43,wine-quality,EBM_T,2,PARTIAL,0.5755102040816327,nan,0.577751938411856,0.3362270439349547,0.3657156879617059,0.34183642668717595,,853.6,False,0.5759637188208617,0.5975056689342404,40,False
43,wine-quality,EBM_T,3,OK,0.5408163265306123,0.792983452545538,0.47038359788359785,0.2633664228491815,0.2858331849486206,0.27539925026722056,,221.9,False,0.5782312925170068,0.5884353741496599,40,False
43,wine-quality,EBM_T,4,OK,0.6265306122448979,0.7215986646996823,0.401920938251913,0.2897994725580932,0.30647537204798797,0.42023862564081377,,261.7,False,0.5827664399092971,0.5941043083900227,40,False
43,wine-quality,EBM_T,5,OK,0.6183673469387755,0.81450009940869,0.44137534081181357,0.3230040708686962,0.3497077859483874,0.40971711614336453,,321.7,False,0.5555555555555556,0.5770975056689343,40,False
43,wine-quality,EBM_T,6,OK,0.5979591836734693,0.8101054501632883,0.47431375583819657,0.2978710350890045,0.3231599499987862,0.37456591650874366,,591.6,False,0.5498866213151927,0.5850340136054422,40,False
43,wine-quality,EBM_T,7,OK,0.573469387755102,0.815260660368002,0.39298505002003614,0.2704404177611269,0.2898850041778139,0.33343600365914916,,311.3,False,0.5612244897959183,0.5736961451247166,40,False
43,wine-quality,EBM_T,8,PARTIAL,0.588957055214724,nan,0.5435644536479997,0.3302761702439381,0.3566627119621654,0.35809645398501805,,795.6,False,0.608843537414966,0.6167800453514739,40,False
43,wine-quality,EBM_T,9,PARTIAL,0.5807770961145194,nan,0.45728209412419935,0.32444952140258343,0.34587738587363875,0.34485425320841884,,302.0,False,0.5668934240362812,0.5759637188208617,40,False
43,wine-quality,FIGS_T,0,PARTIAL,0.5408163265306123,nan,0.31798548415648786,0.2909743079465078,0.29840958119646643,0.29347715581935063,,127.6,False,0.5294784580498866,0.5634920634920635,40,False
43,wine-quality,FIGS_T,1,PARTIAL,0.5857142857142857,nan,0.3750499424576032,0.3063333054267784,0.3270665620952742,0.36450588329491623,,167.0,False,0.5385487528344671,0.5634920634920635,40,False
43,wine-quality,FIGS_T,2,PARTIAL,0.573469387755102,nan,0.38056785764159035,0.29570904641898554,0.31687749059418063,0.34595717230688217,,161.1,False,0.5544217687074829,0.5782312925170068,40,False
43,wine-quality,FIGS_T,3,OK,0.536734693877551,0.6010199217988922,0.40315823327584066,0.27417338408717723,0.3011465301402257,0.2783189694936201,,141.5,False,0.5260770975056689,0.5714285714285714,40,False
43,wine-quality,FIGS_T,4,OK,0.6163265306122448,0.6703995053231366,0.4058912517312859,0.34874856943822463,0.36969645953447566,0.4145205396700955,,147.8,False,0.5453514739229025,0.5804988662131519,40,False
43,wine-quality,FIGS_T,5,OK,0.5857142857142857,0.6228873437944354,0.3799889877957221,0.3242760865242734,0.3444331667403895,0.3637235687989021,,152.3,False,0.5396825396825397,0.5770975056689343,40,False
43,wine-quality,FIGS_T,6,OK,0.573469387755102,0.7194011521830387,0.33382007096292815,0.30245534079136016,0.3140804401666659,0.3496529391691357,,126.7,False,0.518140589569161,0.562358276643991,40,False
43,wine-quality,FIGS_T,7,OK,0.5387755102040817,0.6178511690451298,0.32587984545997434,0.2714985558357839,0.28764824473096157,0.2837123323981726,,155.2,False,0.5430839002267573,0.5714285714285714,40,False
43,wine-quality,FIGS_T,8,PARTIAL,0.5623721881390593,nan,0.3919532627865961,0.31056882279686476,0.32929701333260053,0.31883620219993386,,145.7,False,0.5793650793650794,0.5963718820861678,40,False
43,wine-quality,FIGS_T,9,PARTIAL,0.5848670756646217,nan,0.3359355855447969,0.30274491490244915,0.3095644941865984,0.35482133962963963,,130.1,False,0.5374149659863946,0.5975056689342404,40,False
43,wine-quality,LightGBM_T,0,PARTIAL,0.710204081632653,nan,0.5826499211558639,0.45875912631553245,0.49570607682472284,0.5586633740100988,,90.2,False,0.6428571428571429,0.6530612244897959,40,False
43,wine-quality,LightGBM_T,1,PARTIAL,0.6816326530612244,nan,0.5669564752276499,0.45967328400849755,0.4928274952299052,0.5155757600499365,,85.7,False,0.6587301587301587,0.6666666666666666,40,False
43,wine-quality,LightGBM_T,2,PARTIAL,0.6979591836734694,nan,0.6420894105688778,0.4867924512194288,0.5335397824393743,0.5386036775525588,,153.2,False,0.6462585034013606,0.6802721088435374,40,False
43,wine-quality,LightGBM_T,3,OK,0.636734693877551,0.8159105170920938,0.5674050736408333,0.31776384535005225,0.3477445069717295,0.43638370401629367,,168.9,False,0.6587301587301587,0.6700680272108843,40,False
43,wine-quality,LightGBM_T,4,OK,0.7204081632653061,0.7987528899213296,0.5666422879027424,0.4214273274618102,0.4625845827166742,0.5733776754971392,,152.8,False,0.6609977324263039,0.6893424036281179,40,False
43,wine-quality,LightGBM_T,5,OK,0.689795918367347,0.8319514801781068,0.5167893381649603,0.38443507540002303,0.41724645961559753,0.5247964833075701,,105.3,False,0.6575963718820862,0.6780045351473923,40,False
43,wine-quality,LightGBM_T,6,OK,0.6918367346938775,0.8824501946116389,0.5132928498654133,0.3989601756019967,0.43230458552801654,0.5286791597939222,,194.2,False,0.6700680272108843,0.6859410430839002,40,False
43,wine-quality,LightGBM_T,7,OK,0.710204081632653,0.9032608053325459,0.5173268260218513,0.4311946011281225,0.4626841208331359,0.5593470540369967,,144.0,False,0.6666666666666666,0.6961451247165533,40,False
43,wine-quality,LightGBM_T,8,PARTIAL,0.7116564417177914,nan,0.6369293019368625,0.47392788684589654,0.5220364083823376,0.558001989398097,,106.5,True,0.6984126984126984,0.6984126984126984,40,False
43,wine-quality,LightGBM_T,9,PARTIAL,0.6809815950920245,nan,0.5957904548844146,0.43816142895514365,0.4795337890480776,0.5110024756954534,,120.3,False,0.6689342403628118,0.671201814058957,40,False
43,wine-quality,RuleFit_T,0,PARTIAL,0.5448979591836735,nan,0.32529057453791127,0.26948117354039997,0.2737484737484737,0.28214963078422245,,2896.7,False,0.546485260770975,0.5589569160997733,40,False
43,wine-quality,RuleFit_T,1,PARTIAL,0.5755102040816327,nan,0.3932211280450734,0.3283548959918823,0.34606466381580536,0.3417725616199541,,3161.1,False,0.5385487528344671,0.5748299319727891,40,False
43,wine-quality,RuleFit_T,2,PARTIAL,0.5591836734693878,nan,0.5741181841296258,0.32178085793704453,0.3535437133555413,0.311311653578608,,3261.5,False,0.5453514739229025,0.5963718820861678,40,False
43,wine-quality,RuleFit_T,3,OK,0.5326530612244897,0.7183212108860391,0.39664707306870967,0.23836642284918147,0.2537541182060585,0.25655281575271816,,2945.4,False,0.5589569160997733,0.5952380952380952,40,False
43,wine-quality,RuleFit_T,4,OK,0.5897959183673469,0.7819872010501899,0.44775042155349815,0.26890829477036376,0.2886440778188189,0.3571387391576158,,2569.6,False,0.5419501133786848,0.590702947845805,40,False
43,wine-quality,RuleFit_T,5,OK,0.6020408163265306,0.7754431018715382,0.4985689933026291,0.27729234906914196,0.29630705125954054,0.37689396430845074,,3143.3,False,0.536281179138322,0.5657596371882087,40,False
43,wine-quality,RuleFit_T,6,OK,0.5877551020408164,0.7951402122719653,0.6294732625203984,0.3525584206285254,0.4049581676658073,0.35384427834528215,,3491.3,False,0.5249433106575964,0.5714285714285714,40,False
43,wine-quality,RuleFit_T,7,OK,0.5489795918367347,0.7958231294669176,0.3537398610432108,0.24869423485458939,0.26251215653168186,0.28850592737927766,,3956.4,False,0.528344671201814,0.572562358276644,40,False
43,wine-quality,RuleFit_T,8,PARTIAL,0.5664621676891616,nan,0.5595027517968186,0.29812376382682587,0.3189917347942115,0.3146302442612489,,3513.7,False,0.5612244897959183,0.5873015873015873,40,False
43,wine-quality,RuleFit_T,9,PARTIAL,0.5725971370143149,nan,0.43031559728742835,0.31426375967572584,0.33537578932315776,0.32973380905082145,,2889.7,False,0.5566893424036281,0.5714285714285714,40,False
43,wine-quality,XGBoost_T,0,PARTIAL,0.7224489795918367,nan,0.6510007278468288,0.45428244980017746,0.5030273534277868,0.5765842496845961,,263.4,False,0.63718820861678,0.6609977324263039,40,False
43,wine-quality,XGBoost_T,1,PARTIAL,0.6714285714285714,nan,0.5289855948720491,0.450783180990675,0.4737279712013755,0.49975197877195776,,227.6,False,0.63718820861678,0.6689342403628118,40,False
43,wine-quality,XGBoost_T,2,PARTIAL,0.6938775510204082,nan,0.689182701540116,0.47740650248256733,0.5299033902369221,0.5306665811355946,,211.4,False,0.6485260770975056,0.6791383219954649,40,False
43,wine-quality,XGBoost_T,3,OK,0.6795918367346939,0.8450455854228079,0.5914370356437505,0.35556364133950336,0.3984265784030167,0.5047573174265867,,152.2,False,0.655328798185941,0.6927437641723356,40,False
43,wine-quality,XGBoost_T,4,OK,0.7081632653061225,0.846203020566195,0.5375396881020343,0.42384435487883765,0.45626081906261245,0.5559901986461956,,141.1,False,0.6768707482993197,0.6904761904761905,40,False
43,wine-quality,XGBoost_T,5,OK,0.6816326530612244,0.8504058930796975,0.5660484174492412,0.3599469426624946,0.39593715794218015,0.508990273059307,,159.4,False,0.655328798185941,0.6882086167800453,40,False
43,wine-quality,XGBoost_T,6,OK,0.6938775510204082,0.8784164458561557,0.513165785754101,0.41727502956350665,0.44766413518292814,0.53341670316233,,112.5,False,0.6678004535147393,0.6882086167800453,40,False
43,wine-quality,XGBoost_T,7,OK,0.7040816326530612,0.8811097706889726,0.5044028764923395,0.43405179631005575,0.46155193386501026,0.5499208094700824,,164.9,False,0.6666666666666666,0.6870748299319728,40,False
43,wine-quality,XGBoost_T,8,PARTIAL,0.7280163599182005,nan,0.7128671650283253,0.46105428784216057,0.5138409239571541,0.5817340843606721,,134.4,False,0.6780045351473923,0.6984126984126984,40,False
43,wine-quality,XGBoost_T,9,PARTIAL,0.6850715746421268,nan,0.5736530122559534,0.44895169462554635,0.48674336970566046,0.5179647087066884,,115.3,False,0.6417233560090703,0.6848072562358276,40,False
44,balance-scale,CatBoost_T,0,OK,0.9682539682539683,0.9873563218390805,0.9777777777777779,0.8666666666666667,0.9053672316384181,0.9446203958774616,,4.4,False,0.8672566371681416,0.9203539823008849,40,False
44,balance-scale,CatBoost_T,1,OK,0.9047619047619048,0.9879648411088572,0.6061528059499662,0.6551724137931035,0.628717387338077,0.8352160380829675,,5.4,False,0.8849557522123894,0.9203539823008849,40,False
44,balance-scale,CatBoost_T,2,OK,0.9047619047619048,0.8581473968897905,0.603494623655914,0.6551724137931035,0.6282331511839708,0.832686352197696,,3.9,False,0.8495575221238938,0.9203539823008849,40,False
44,balance-scale,CatBoost_T,3,OK,0.9206349206349206,0.9700473292765381,0.7996168582375479,0.7770114942528736,0.7863714093988787,0.8596871249982713,,4.9,False,0.911504424778761,0.9469026548672567,40,False
44,balance-scale,CatBoost_T,4,OK,0.9206349206349206,0.9515212981744422,0.6151515151515151,0.6666666666666666,0.6395115728084564,0.8632958474820323,,3.5,False,0.8938053097345132,0.9203539823008849,40,False
44,balance-scale,CatBoost_T,5,OK,0.9354838709677419,0.9252873563218391,0.6243055555555556,0.6666666666666666,0.6446235065295916,0.8857766226454756,,4.9,False,0.8761061946902655,0.9203539823008849,40,False
44,balance-scale,CatBoost_T,6,OK,0.8548387096774194,0.9462116898676096,0.6750410509031198,0.6750410509031198,0.6748538011695905,0.7461257976298997,,3.9,False,0.8849557522123894,0.9380530973451328,40,False
44,balance-scale,CatBoost_T,7,OK,0.9193548387096774,0.9426900584795321,0.6131944444444445,0.6666666666666666,0.6387789711701526,0.8604423411743327,,3.9,False,0.8672566371681416,0.9292035398230089,40,False
44,balance-scale,CatBoost_T,8,OK,0.9193548387096774,0.968421052631579,0.6138888888888889,0.6666666666666666,0.6387947269303201,0.8614167945618462,,4.1,False,0.8672566371681416,0.9203539823008849,40,False
44,balance-scale,CatBoost_T,9,OK,0.9516129032258065,0.9869090214318142,0.8773946360153256,0.9099343185550083,0.8915360501567399,0.9165614152830454,,4.3,False,0.8938053097345132,0.9292035398230089,40,False
44,balance-scale,EBM_T,0,OK,1.0,1.0,1.0,1.0,1.0,1.0,,172.7,True,0.9823008849557522,0.9823008849557522,40,False
44,balance-scale,EBM_T,1,OK,0.9523809523809523,1.0,0.875,0.9655172413793104,0.9053242079557869,0.9221475326454103,,184.5,True,0.9911504424778761,0.9823008849557522,40,False
44,balance-scale,EBM_T,2,OK,0.9523809523809523,1.0,0.875,0.9655172413793104,0.9053242079557869,0.9221475326454103,,190.5,True,0.9734513274336283,0.9734513274336283,40,False
44,balance-scale,EBM_T,3,OK,1.0,1.0,1.0,1.0,1.0,1.0,,218.3,True,0.9823008849557522,0.9823008849557522,40,False
44,balance-scale,EBM_T,4,OK,0.9841269841269841,0.9988505747126437,0.9444444444444445,0.9885057471264368,0.9638490164805954,0.9729158085985287,,229.8,True,0.9911504424778761,0.9911504424778761,40,False
44,balance-scale,EBM_T,5,OK,1.0,1.0,1.0,1.0,1.0,1.0,,186.6,True,0.9734513274336283,0.9734513274336283,40,False
44,balance-scale,EBM_T,6,OK,0.967741935483871,0.9976608187134502,0.9047619047619048,0.9766009852216749,0.932535885167464,0.9461167392853528,,126.3,False,0.9557522123893806,0.9646017699115044,40,False
44,balance-scale,EBM_T,7,OK,0.9838709677419355,1.0,0.9444444444444445,0.9885057471264368,0.9638490164805954,0.9725376779825632,,246.0,True,0.9823008849557522,0.9823008849557522,40,False
44,balance-scale,EBM_T,8,OK,1.0,1.0,1.0,1.0,1.0,1.0,,231.3,True,0.9911504424778761,0.9911504424778761,40,False
44,balance-scale,EBM_T,9,OK,0.9838709677419355,0.9988304093567252,0.9444444444444445,0.9885057471264368,0.9638490164805954,0.9725376779825632,,215.3,True,0.9734513274336283,0.9734513274336283,40,False
44,balance-scale,FIGS_T,0,OK,0.8095238095238095,0.7485463150777553,0.5771889400921659,0.5862068965517241,0.5812865497076024,0.6631356388871125,,15.3,False,0.8407079646017699,0.8584070796460177,40,False
44,balance-scale,FIGS_T,1,OK,0.8253968253968254,0.8177146720757268,0.5788690476190476,0.5977011494252874,0.5874796280318282,0.6893849217320455,,16.8,False,0.831858407079646,0.8495575221238938,40,False
44,balance-scale,FIGS_T,2,OK,0.873015873015873,0.8275862068965517,0.5828282828282828,0.632183908045977,0.6061600145799161,0.7739893805011324,,21.2,False,0.8407079646017699,0.8672566371681416,40,False
44,balance-scale,FIGS_T,3,OK,0.8571428571428571,0.8081135902636917,0.5715725806451614,0.6206896551724138,0.5950819672131148,0.7434699573193714,,11.8,True,0.8938053097345132,0.8849557522123894,40,False
44,balance-scale,FIGS_T,4,OK,0.9047619047619048,0.8504394861392832,0.603494623655914,0.6551724137931035,0.6282331511839708,0.832686352197696,,16.4,True,0.8761061946902655,0.8761061946902655,40,False
44,balance-scale,FIGS_T,5,OK,0.9354838709677419,0.9163618948101707,0.6262626262626263,0.6666666666666666,0.6451612903225806,0.8871639008998208,,17.1,True,0.8938053097345132,0.8938053097345132,40,False
44,balance-scale,FIGS_T,6,OK,0.8387096774193549,0.7914519187205213,0.5881226053639846,0.6079638752052545,0.5977011494252874,0.7128804485950723,,19.6,False,0.8407079646017699,0.8584070796460177,40,False
44,balance-scale,FIGS_T,7,OK,0.8548387096774194,0.786745953949968,0.5721288515406163,0.6194581280788177,0.5939153439153438,0.7417326862144382,,17.8,False,0.8584070796460177,0.8672566371681416,40,False
44,balance-scale,FIGS_T,8,OK,0.9032258064516129,0.8597848114662464,0.6032741205154998,0.6547619047619048,0.6276174306734578,0.8310465858073471,,15.7,False,0.831858407079646,0.8672566371681416,40,False
44,balance-scale,FIGS_T,9,OK,0.7903225806451613,0.7893464279513709,0.5681089743589743,0.5730706075533661,0.5695203400121432,0.6303372666589449,,27.9,True,0.8495575221238938,0.8495575221238938,40,False
44,balance-scale,LightGBM_T,0,OK,0.9365079365079365,0.9977011494252874,0.9595959595959597,0.7333333333333334,0.7562724014336917,0.8914429266262773,,5.0,False,0.8584070796460177,0.9380530973451328,40,False
44,balance-scale,LightGBM_T,1,OK,0.9365079365079365,0.9475997295469912,0.9576388888888889,0.7333333333333334,0.7557346176407026,0.890133585023683,,3.9,False,0.831858407079646,0.9203539823008849,40,False
44,balance-scale,LightGBM_T,2,OK,0.8888888888888888,0.896686950642326,0.5939393939393939,0.6436781609195402,0.6174594496081648,0.8037582028280991,,4.7,False,0.8584070796460177,0.9203539823008849,40,False
44,balance-scale,LightGBM_T,3,OK,0.9047619047619048,0.940973630831643,0.6031586021505376,0.6551724137931035,0.6280510018214936,0.832686352197696,,3.8,False,0.8672566371681416,0.9203539823008849,40,False
44,balance-scale,LightGBM_T,4,OK,0.9365079365079365,0.9822177146720757,0.8566308243727598,0.7885057471264368,0.8111111111111112,0.8880286605454689,,6.0,False,0.8849557522123894,0.9557522123893806,40,False
44,balance-scale,LightGBM_T,5,OK,0.9354838709677419,0.9540229885057472,0.6243055555555556,0.6666666666666666,0.6446235065295916,0.8857766226454756,,6.9,False,0.8495575221238938,0.9380530973451328,40,False
44,balance-scale,LightGBM_T,6,OK,0.9193548387096774,0.9266769596250753,0.7888394512421208,0.7214285714285715,0.7332497911445279,0.857388003569641,,5.0,False,0.8495575221238938,0.9292035398230089,40,False
44,balance-scale,LightGBM_T,7,OK,0.9516129032258065,0.9860859121187935,0.8936507936507937,0.8547619047619047,0.8713344094700027,0.9147680037512704,,7.1,False,0.8495575221238938,0.9469026548672567,40,False
44,balance-scale,LightGBM_T,8,OK,0.9193548387096774,0.9415204678362573,0.6129032258064516,0.6666666666666666,0.6386064030131827,0.860481517060815,,4.9,False,0.8584070796460177,0.9292035398230089,40,False
44,balance-scale,LightGBM_T,9,OK,0.967741935483871,0.9953216374269006,0.9773946360153257,0.8666666666666667,0.9051689959361681,0.9438201227145492,,6.1,False,0.8761061946902655,0.9557522123893806,40,False
44,balance-scale,RuleFit_T,0,OK,1.0,1.0,1.0,1.0,1.0,1.0,,300.9,False,0.8938053097345132,1.0,40,False
44,balance-scale,RuleFit_T,1,OK,1.0,1.0,1.0,1.0,1.0,1.0,,251.3,False,0.8849557522123894,0.9734513274336283,40,False
44,balance-scale,RuleFit_T,2,OK,1.0,1.0,1.0,1.0,1.0,1.0,,248.4,False,0.9203539823008849,0.9734513274336283,40,False
44,balance-scale,RuleFit_T,3,OK,1.0,1.0,1.0,1.0,1.0,1.0,,284.8,False,0.9026548672566371,0.9911504424778761,40,False
44,balance-scale,RuleFit_T,4,OK,0.9841269841269841,0.9988505747126437,0.9888888888888889,0.9333333333333332,0.9573132454488387,0.9723450321743318,,264.0,False,0.9026548672566371,0.9911504424778761,40,False
44,balance-scale,RuleFit_T,5,OK,1.0,1.0,1.0,1.0,1.0,1.0,,260.2,False,0.8849557522123894,0.9734513274336283,40,False
44,balance-scale,RuleFit_T,6,OK,1.0,1.0,1.0,1.0,1.0,1.0,,284.4,False,0.9026548672566371,0.9911504424778761,40,False
44,balance-scale,RuleFit_T,7,OK,1.0,1.0,1.0,1.0,1.0,1.0,,255.8,False,0.8849557522123894,0.9646017699115044,40,False
44,balance-scale,RuleFit_T,8,OK,1.0,1.0,1.0,1.0,1.0,1.0,,292.1,False,0.911504424778761,0.9734513274336283,40,False
44,balance-scale,RuleFit_T,9,OK,1.0,1.0,1.0,1.0,1.0,1.0,,301.6,False,0.9026548672566371,0.9911504424778761,40,False
44,balance-scale,XGBoost_T,0,OK,0.9047619047619048,0.9488843813387424,0.6031586021505376,0.6551724137931035,0.6280510018214936,0.832686352197696,,4.3,False,0.8672566371681416,0.911504424778761,40,False
44,balance-scale,XGBoost_T,1,OK,0.9365079365079365,0.9400270453008789,0.9576388888888889,0.7333333333333334,0.7557346176407026,0.890133585023683,,8.1,False,0.8495575221238938,0.9203539823008849,40,False
44,balance-scale,XGBoost_T,2,OK,0.9206349206349206,0.9423258958755917,0.6151515151515151,0.6666666666666666,0.6395115728084564,0.8632958474820323,,8.5,False,0.8584070796460177,0.9203539823008849,40,False
44,balance-scale,XGBoost_T,3,OK,0.9206349206349206,0.9442866801893172,0.6139112903225806,0.6666666666666666,0.6391621129326047,0.8624251504904709,,7.7,False,0.8849557522123894,0.9203539823008849,40,False
44,balance-scale,XGBoost_T,4,OK,0.9047619047619048,0.9728870858688303,0.7333333333333334,0.7103448275862069,0.7161016949152543,0.8306144860301817,,7.6,False,0.8849557522123894,0.9203539823008849,40,False
44,balance-scale,XGBoost_T,5,OK,0.9516129032258065,0.9712643678160919,0.96875,0.75,0.7836065573770492,0.9149204862054872,,6.5,False,0.8495575221238938,0.9380530973451328,40,False
44,balance-scale,XGBoost_T,6,OK,0.9516129032258065,0.9368421052631578,0.9670003707823508,0.7999999999999999,0.8401837928153717,0.9160289922307746,,6.7,False,0.8672566371681416,0.9203539823008849,40,False
44,balance-scale,XGBoost_T,7,OK,0.9193548387096774,0.9112302815863188,0.9457614942528735,0.7214285714285715,0.7438404755057041,0.8587739959102213,,7.0,False,0.8407079646017699,0.9380530973451328,40,False
44,balance-scale,XGBoost_T,8,OK,0.9193548387096774,0.9637426900584796,0.6161616161616162,0.6666666666666666,0.639344262295082,0.8632539109179078,,5.7,False,0.8672566371681416,0.9292035398230089,40,False
44,balance-scale,XGBoost_T,9,OK,0.9193548387096774,0.9645639700086162,0.6147683733890631,0.6666666666666666,0.6393133371062064,0.8613019518202981,,8.9,False,0.8849557522123894,0.9469026548672567,40,False
44,bank,CatBoost_T,0,OK,0.909,0.9205492424242424,0.8024529962817464,0.7179924242424243,0.7505420912248384,0.5135463440775051,,175.7,False,0.8994444444444445,0.9077777777777778,40,False
44,bank,CatBoost_T,1,OK,0.909,0.9295265151515151,0.7979809815118588,0.7287878787878788,0.7568918489309919,0.522204698099235,,58.6,False,0.9022222222222223,0.9066666666666666,40,False
44,bank,CatBoost_T,2,OK,0.917,0.9176609848484849,0.8119351451981254,0.7729166666666667,0.7905473779307595,0.5835487984518691,,74.7,False,0.905,0.9122222222222223,40,False
44,bank,CatBoost_T,3,OK,0.905,0.9293276515151516,0.7937907163259276,0.6977272727272728,0.7325382681430554,0.48203915646643275,,97.9,False,0.9027777777777778,0.9094444444444445,40,False
44,bank,CatBoost_T,4,OK,0.914,0.9393939393939394,0.8111660366385578,0.7515301949059319,0.7768227869124731,0.5595271355128463,,105.6,False,0.8955555555555555,0.9055555555555556,40,False
44,bank,CatBoost_T,5,OK,0.904,0.9347398903712897,0.7850984841944277,0.7173346872385036,0.7446129289704708,0.49784250479270004,,126.8,True,0.9033333333333333,0.9027777777777778,40,False
44,bank,CatBoost_T,6,OK,0.893,0.9198563356180484,0.7523653566229986,0.6825703513571959,0.7092193763163258,0.42929911171137963,,59.0,False,0.9016666666666666,0.9077777777777778,40,False
44,bank,CatBoost_T,7,OK,0.906,0.93595276375295,0.8041701762941289,0.6935285213287075,0.7317075955292209,0.4852446988911679,,102.5,False,0.9038888888888889,0.9061111111111111,40,False
44,bank,CatBoost_T,8,OK,0.898,0.9025846425784372,0.7710386343957448,0.685414492426593,0.7166666666666667,0.4483502685378205,,72.0,False,0.91,0.9122222222222223,40,False
44,bank,CatBoost_T,9,OK,0.895,0.917251948589212,0.7640684865900383,0.6658909918295584,0.6989255944785822,0.41860044506116756,,147.2,False,0.8988888888888888,0.9077777777777778,40,False
44,bank,EBM_T,0,OK,0.914,0.9230776515151515,0.8178935329590351,0.7316287878787878,0.7652735927333072,0.5427091070317756,,140.9,False,0.9005555555555556,0.9088888888888889,40,False
44,bank,EBM_T,1,OK,0.904,0.9216950757575758,0.784209454989568,0.7115530303030303,0.7402344384193266,0.49040950824312446,,150.6,False,0.8977777777777778,0.905,40,False
44,bank,EBM_T,2,OK,0.905,0.9116003787878788,0.8036265617251364,0.6797348484848486,0.7197896357560223,0.46721418671801007,,162.7,False,0.9061111111111111,0.9072222222222223,40,False
44,bank,EBM_T,3,OK,0.904,0.9281344696969698,0.7880434782608696,0.7007575757575757,0.7333333333333334,0.4809445307244159,,210.7,True,0.905,0.9011111111111111,40,False
44,bank,EBM_T,4,OK,0.91,0.9408794742334923,0.8021615348348021,0.7350012692860971,0.7625680638217045,0.5329478181421282,,273.1,True,0.9111111111111111,0.9072222222222223,40,False
44,bank,EBM_T,5,OK,0.904,0.9260053215994886,0.782087816225647,0.7280248968117413,0.7508719481813653,0.5072397665274386,,185.4,False,0.9005555555555556,0.9105555555555556,40,False
44,bank,EBM_T,6,OK,0.896,0.9156441861995694,0.7641666323066563,0.6807134328077549,0.711111111111111,0.4369826493461717,,199.4,False,0.9033333333333333,0.9088888888888889,40,False
44,bank,EBM_T,7,OK,0.901,0.923701802386258,0.7783582865460594,0.7013745898325483,0.7309599836945444,0.473515726369056,,189.1,False,0.9,0.9072222222222223,40,False
44,bank,EBM_T,8,OK,0.9,0.8918568245282487,0.7767299399508323,0.6936789552365104,0.7246665712177447,0.46301950564674665,,225.3,False,0.9111111111111111,0.9138888888888889,40,False
44,bank,EBM_T,9,OK,0.897,0.908658411605976,0.7645794107170119,0.6955358737859514,0.7224849185371991,0.45490555617764444,,155.4,False,0.9005555555555556,0.9177777777777778,40,False
44,bank,FIGS_T,0,OK,0.899,0.877277462121212,0.7687238829958213,0.6979166666666667,0.7255248318499898,0.46123718486807325,,34.3,False,0.9033333333333333,0.9061111111111111,40,False
44,bank,FIGS_T,1,OK,0.889,0.8502320075757576,0.7361013015840985,0.6994318181818182,0.7154130740772077,0.43398669034895776,,36.7,False,0.8883333333333333,0.9033333333333333,40,False
44,bank,FIGS_T,2,OK,0.901,0.8923910984848485,0.7797202797202798,0.6882575757575757,0.7212767215385525,0.4589529899689982,,39.4,False,0.8927777777777778,0.9022222222222223,40,False
44,bank,FIGS_T,3,OK,0.89,0.8926751893939394,0.7433097702600353,0.6460227272727272,0.6770936076276362,0.37698146493147944,,32.2,False,0.8916666666666667,0.8961111111111111,40,False
44,bank,FIGS_T,4,OK,0.899,0.9116999971793642,0.7672382005899705,0.7180539493601857,0.7389580549532063,0.4827933100553594,,39.9,False,0.8888888888888888,0.9,40,False
44,bank,FIGS_T,5,OK,0.906,0.8918051128724414,0.785129792178328,0.7434161660038172,0.7618540925627539,0.5268973365866022,,34.2,False,0.8933333333333333,0.9033333333333333,40,False
44,bank,FIGS_T,6,OK,0.887,0.8500126928609709,0.7330737410831117,0.7076646076025537,0.7192344293129194,0.4400053044429514,,56.4,False,0.89,0.8983333333333333,40,False
44,bank,FIGS_T,7,OK,0.89,0.8825816339002811,0.7445045045045044,0.6594834475690821,0.688899950223992,0.39494010343113317,,32.3,False,0.9,0.9044444444444445,40,False
44,bank,FIGS_T,8,OK,0.888,0.8587049520962025,0.7358839747705556,0.6761628070967196,0.6995192307692308,0.40769588246492194,,37.0,False,0.8955555555555555,0.9,40,False
44,bank,FIGS_T,9,OK,0.889,0.8646658956928892,0.7416187739463602,0.6517878129730441,0.6817213427345011,0.38301323878187993,,37.7,False,0.8816666666666667,0.8961111111111111,40,False
44,bank,LightGBM_T,0,OK,0.903,0.9157575757575758,0.7827449383137786,0.7037878787878789,0.7340943170198826,0.4800832895112037,,29.9,False,0.9033333333333333,0.9038888888888889,40,False
44,bank,LightGBM_T,1,OK,0.901,0.9225757575757576,0.7797202797202798,0.6882575757575757,0.7212767215385525,0.4589529899689982,,38.9,False,0.9016666666666666,0.9044444444444445,40,False
44,bank,LightGBM_T,2,OK,0.915,0.9298295454545455,0.8182636502121339,0.7393939393939394,0.770982699763708,0.5520521315606978,,29.1,False,0.9005555555555556,0.91,40,False
44,bank,LightGBM_T,3,OK,0.897,0.9101704545454545,0.7656498431146319,0.6787878787878788,0.7100151749340495,0.4358668234715637,,46.0,False,0.8966666666666666,0.9066666666666666,40,False
44,bank,LightGBM_T,4,OK,0.916,0.9444052689476208,0.8140225787284611,0.7633580609069284,0.7854954034729316,0.5751534661807083,,28.5,False,0.8988888888888888,0.9138888888888889,40,False
44,bank,LightGBM_T,5,OK,0.898,0.9304807303566224,0.7710386343957448,0.685414492426593,0.7166666666666667,0.4483502685378205,,32.8,False,0.8944444444444445,0.9055555555555556,40,False
44,bank,LightGBM_T,6,OK,0.893,0.9217649658232966,0.7529225782453903,0.6790069481661167,0.7066813600116231,0.42555798126231004,,29.8,False,0.8977777777777778,0.9038888888888889,40,False
44,bank,LightGBM_T,7,OK,0.901,0.9188879173365677,0.7745403179467535,0.7156282025968653,0.7399055778431078,0.48661539350592015,,25.2,False,0.8944444444444445,0.9061111111111111,40,False
44,bank,LightGBM_T,8,OK,0.9,0.9021615472127418,0.7870934715490074,0.6687351328989555,0.7064487342069419,0.44019429835582485,,42.3,False,0.905,0.91,40,False
44,bank,LightGBM_T,9,OK,0.895,0.9164715726924848,0.7611518994382335,0.6765812014027962,0.7070304325625909,0.4294858142077593,,30.4,False,0.8994444444444445,0.9088888888888889,40,False
44,bank,RuleFit_T,0,OK,0.893,0.9018655303030303,0.8042711142181831,0.5865530303030303,0.61676080501721,0.32456485927631284,,487.8,False,0.8911111111111111,0.9,40,False
44,bank,RuleFit_T,1,OK,0.898,0.9172537878787879,0.8206040048145311,0.6109848484848485,0.6495278934564797,0.37726482421755875,,546.1,False,0.8905555555555555,0.8983333333333333,40,False
44,bank,RuleFit_T,2,OK,0.897,0.9181628787878788,0.7880224798033018,0.6320075757575758,0.6706729462621379,0.38998025243603907,,522.9,False,0.89,0.9016666666666666,40,False
44,bank,RuleFit_T,3,OK,0.891,0.9279071969696969,0.8168528325397179,0.5674242424242424,0.5895327074648561,0.29232558693324007,,537.9,False,0.8938888888888888,0.8988888888888888,40,False
44,bank,RuleFit_T,4,OK,0.903,0.9334141915587775,0.8177707305614282,0.6526246015851973,0.6962818003913894,0.4404526360342282,,490.3,False,0.8905555555555555,0.9005555555555556,40,False
44,bank,RuleFit_T,5,OK,0.893,0.9209845899265694,0.7688317281340538,0.6291193034910069,0.6649706457925636,0.37261972837171536,,417.2,False,0.8872222222222222,0.8977777777777778,40,False
44,bank,RuleFit_T,6,OK,0.891,0.9033368121174513,0.766999361954243,0.6101646311078517,0.6439200159419296,0.3430095404837653,,380.6,False,0.8911111111111111,0.9,40,False
44,bank,RuleFit_T,7,OK,0.892,0.9057249504038211,0.7690079186248633,0.6178602657038896,0.652844744455159,0.3561198942242722,,444.0,False,0.89,0.9,40,False
44,bank,RuleFit_T,8,OK,0.895,0.885952293646988,0.7933149486496767,0.6160033471544486,0.6532078275947486,0.3689201312685319,,468.7,False,0.8972222222222223,0.9055555555555556,40,False
44,bank,RuleFit_T,9,OK,0.886,0.8980434189866396,0.7391506689936009,0.5966302804652168,0.6255468986086111,0.30403418372476404,,526.0,False,0.8988888888888888,0.9044444444444445,40,False
44,bank,XGBoost_T,0,OK,0.908,0.9129166666666667,0.8016304347826086,0.7102272727272727,0.7444444444444445,0.5036305934944355,,42.2,False,0.9016666666666666,0.9088888888888889,40,False
44,bank,XGBoost_T,1,OK,0.902,0.9196022727272727,0.7710765796703296,0.7392045454545455,0.7536599099099099,0.509284792717843,,27.1,False,0.9005555555555556,0.9055555555555556,40,False
44,bank,XGBoost_T,2,OK,0.916,0.9244223484848486,0.8186813186813187,0.7471590909090909,0.776536312849162,0.5613020043256037,,19.3,False,0.9061111111111111,0.9133333333333333,40,False
44,bank,XGBoost_T,3,OK,0.901,0.9259469696969698,0.7797202797202798,0.6882575757575757,0.7212767215385525,0.4589529899689982,,44.9,False,0.8972222222222223,0.9072222222222223,40,False
44,bank,XGBoost_T,4,OK,0.913,0.9442454329205804,0.8075682153392331,0.7509613666920524,0.7751420869398906,0.5556536319419478,,25.4,False,0.9038888888888889,0.9122222222222223,40,False
44,bank,XGBoost_T,5,OK,0.903,0.92688912080783,0.7825458532695375,0.7132024558335449,0.7408627400692992,0.4908746064022861,,23.6,False,0.8877777777777778,0.9061111111111111,40,False
44,bank,XGBoost_T,6,OK,0.891,0.9152304929531115,0.7458671241422332,0.6778692917383577,0.7037842244717712,0.41824495804696055,,17.7,False,0.8938888888888888,0.9088888888888889,40,False
44,bank,XGBoost_T,7,OK,0.897,0.9301328519448283,0.7691672362724995,0.677718857830555,0.7100151749340495,0.4374292802076959,,37.3,False,0.8916666666666667,0.905,40,False
44,bank,XGBoost_T,8,OK,0.894,0.8961253866621537,0.7598380399284774,0.665322163615679,0.697457501341462,0.41452134782485245,,20.0,False,0.8977777777777778,0.9127777777777778,40,False
44,bank,XGBoost_T,9,OK,0.895,0.9092789514756626,0.7620471633629529,0.6730177982117169,0.7043844016317982,0.4258583014697926,,23.1,False,0.8955555555555555,0.9083333333333333,40,False
44,blood,CatBoost_T,0,OK,0.7866666666666666,0.6544834307992202,0.7318840579710144,0.5935672514619883,0.6031746031746031,0.29459636088859065,,6.4,False,0.7777777777777778,0.8074074074074075,40,False
44,blood,CatBoost_T,1,OK,0.7733333333333333,0.5867446393762183,0.6928571428571428,0.5657894736842105,0.563505648750428,0.2252817784447915,,7.1,False,0.8148148148148148,0.8222222222222222,40,False
44,blood,CatBoost_T,2,OK,0.7866666666666666,0.7889863547758285,0.7318840579710144,0.5935672514619883,0.6031746031746031,0.29459636088859065,,6.6,False,0.7851851851851852,0.8,40,False
44,blood,CatBoost_T,3,OK,0.7466666666666667,0.6973684210526315,0.6416666666666666,0.6242690058479532,0.6309246309246309,0.2653659799481466,,9.9,False,0.8,0.8222222222222222,40,False
44,blood,CatBoost_T,4,OK,0.7866666666666666,0.7841130604288499,0.7037470725995316,0.6695906432748537,0.6822033898305084,0.3717719575628205,,12.2,False,0.8074074074074075,0.8222222222222222,40,False
44,blood,CatBoost_T,5,OK,0.7333333333333333,0.6734892787524367,0.5507246376811594,0.52046783625731,0.503968253968254,0.06444295394437921,,8.4,False,0.7703703703703704,0.8296296296296296,40,False
44,blood,CatBoost_T,6,OK,0.7866666666666666,0.7772904483430799,0.7037470725995316,0.6695906432748537,0.6822033898305084,0.3717719575628205,,13.0,False,0.8,0.8074074074074075,40,False
44,blood,CatBoost_T,7,OK,0.7866666666666666,0.7305068226120858,0.7076923076923076,0.631578947368421,0.648711943793911,0.33062326126679026,,9.5,False,0.8,0.837037037037037,40,False
44,blood,CatBoost_T,8,OK,0.8513513513513513,0.7549019607843137,0.8617424242424243,0.697110423116615,0.7352845528455285,0.5340531894920367,,7.7,False,0.7407407407407407,0.762962962962963,40,False
44,blood,CatBoost_T,9,OK,0.7837837837837838,0.7291021671826625,0.6854256854256854,0.6326109391124871,0.6476190476190476,0.3136206261066179,,6.4,False,0.8074074074074075,0.8222222222222222,40,False
44,blood,EBM_T,0,OK,0.7733333333333333,0.7519493177387915,0.8851351351351351,0.5277777777777778,0.4877460827641623,0.20686418924693753,,31.9,False,0.7777777777777778,0.8148148148148148,40,False
44,blood,EBM_T,1,OK,0.76,0.6072124756335282,0.6335616438356164,0.5190058479532164,0.4807692307692308,0.10076611127003691,,28.3,False,0.8222222222222222,0.8296296296296296,40,False
44,blood,EBM_T,2,OK,0.7866666666666666,0.7597465886939571,0.8904109589041096,0.5555555555555556,0.5384615384615384,0.2945470944816464,,13.3,False,0.762962962962963,0.7925925925925926,40,False
44,blood,EBM_T,3,OK,0.7466666666666667,0.7217348927875243,0.6257102272727273,0.5862573099415205,0.5939013964092335,0.20826354492980872,,18.6,False,0.7851851851851852,0.8074074074074075,40,False
44,blood,EBM_T,4,OK,0.76,0.8279727095516569,0.6455223880597014,0.5760233918128654,0.5812655086848635,0.21036259672295876,,9.5,False,0.7703703703703704,0.7851851851851852,40,False
44,blood,EBM_T,5,OK,0.76,0.7514619883040937,0.6413043478260869,0.5570175438596491,0.5535714285714286,0.17951965741648493,,19.7,False,0.7925925925925926,0.8296296296296296,40,False
44,blood,EBM_T,6,OK,0.8,0.7977582846003898,0.8,0.6023391812865497,0.6148579253680246,0.3504383220252312,,10.3,True,0.762962962962963,0.762962962962963,40,False
44,blood,EBM_T,7,OK,0.7866666666666666,0.7305068226120858,0.7154850746268657,0.6125730994152047,0.6277915632754343,0.31149846053207353,,10.6,False,0.762962962962963,0.8148148148148148,40,False
44,blood,EBM_T,8,OK,0.7972972972972973,0.7765737874097007,0.8958333333333333,0.5588235294117647,0.5471236230110159,0.3051839689465369,,15.3,False,0.7407407407407407,0.7703703703703704,40,False
44,blood,EBM_T,9,OK,0.8108108108108109,0.763157894736842,0.7487179487179487,0.6501547987616099,0.6733921815889029,0.3865032653841051,,26.2,False,0.7777777777777778,0.837037037037037,40,False
44,blood,FIGS_T,0,OK,0.8133333333333334,0.7441520467836258,0.7854477611940298,0.6491228070175439,0.674317617866005,0.41263432434118835,,2.8,False,0.7777777777777778,0.8222222222222222,40,False
44,blood,FIGS_T,1,OK,0.7733333333333333,0.6086744639376218,0.6928571428571428,0.5657894736842105,0.563505648750428,0.2252817784447915,,3.0,True,0.8074074074074075,0.8074074074074075,40,False
44,blood,FIGS_T,2,OK,0.8,0.7577972709551658,0.7615546218487395,0.6213450292397661,0.64,0.35630522441317786,,2.5,False,0.7851851851851852,0.7925925925925926,40,False
44,blood,FIGS_T,3,OK,0.7466666666666667,0.655458089668616,0.6257102272727273,0.5862573099415205,0.5939013964092335,0.20826354492980872,,2.6,False,0.7851851851851852,0.8,40,False
44,blood,FIGS_T,4,OK,0.76,0.7573099415204678,0.6652542372881356,0.652046783625731,0.657707910750507,0.31702602580977074,,3.7,False,0.8,0.8148148148148148,40,False
44,blood,FIGS_T,5,OK,0.7866666666666666,0.7134502923976609,0.7043650793650793,0.6505847953216374,0.6666666666666667,0.3508519553719527,,3.3,False,0.8,0.8074074074074075,40,False
44,blood,FIGS_T,6,OK,0.7733333333333333,0.7100389863547758,0.6871196754563895,0.6798245614035088,0.6832298136645962,0.36687171364885646,,4.8,False,0.7703703703703704,0.8,40,False
44,blood,FIGS_T,7,OK,0.7733333333333333,0.7280701754385965,0.6789772727272727,0.6228070175438596,0.6366486178398404,0.29651080973057514,,2.5,False,0.7777777777777778,0.8148148148148148,40,False
44,blood,FIGS_T,8,OK,0.8513513513513513,0.7941176470588235,0.8617424242424243,0.697110423116615,0.7352845528455285,0.5340531894920367,,4.0,False,0.7407407407407407,0.762962962962963,40,False
44,blood,FIGS_T,9,OK,0.7972972972972973,0.7481940144478845,0.7152777777777778,0.7239422084623324,0.7193426042983565,0.43913451692354477,,2.4,False,0.8148148148148148,0.8222222222222222,40,False
44,blood,LightGBM_T,0,OK,0.8,0.7358674463937622,0.8958333333333333,0.5833333333333334,0.584717607973422,0.36324157862838946,,2.0,False,0.762962962962963,0.8148148148148148,40,False
44,blood,LightGBM_T,1,OK,0.7466666666666667,0.5916179337231968,0.6339950372208436,0.6052631578947368,0.613716454323665,0.2375267627875967,,3.6,False,0.7851851851851852,0.8074074074074075,40,False
44,blood,LightGBM_T,2,OK,0.7333333333333333,0.7402534113060429,0.5755597014925373,0.5394736842105263,0.5347394540942928,0.10922673291384397,,2.0,False,0.725925925925926,0.7925925925925926,40,False
44,blood,LightGBM_T,3,OK,0.7333333333333333,0.6549707602339182,0.5923076923076923,0.5584795321637427,0.5608899297423888,0.146943671674129,,2.0,False,0.762962962962963,0.8148148148148148,40,False
44,blood,LightGBM_T,4,OK,0.7733333333333333,0.7061403508771931,0.6805210918114144,0.6418128654970761,0.6543778801843317,0.32000133319995666,,2.6,False,0.8074074074074075,0.8148148148148148,40,False
44,blood,LightGBM_T,5,OK,0.72,0.6881091617933723,0.5252100840336134,0.5116959064327485,0.496,0.034342672232595454,,2.6,False,0.762962962962963,0.8222222222222222,40,False
44,blood,LightGBM_T,6,OK,0.84,0.7772904483430799,0.823076923076923,0.7046783625730995,0.7365339578454333,0.5143028508594515,,1.8,False,0.7481481481481481,0.8296296296296296,40,False
44,blood,LightGBM_T,7,OK,0.7466666666666667,0.7417153996101364,0.6161616161616161,0.567251461988304,0.5709123757904246,0.17677147409910796,,1.4,False,0.762962962962963,0.8296296296296296,40,False
44,blood,LightGBM_T,8,OK,0.7702702702702703,0.7879256965944272,0.38513513513513514,0.5,0.4351145038167939,0.0,,1.8,False,0.7407407407407407,0.762962962962963,40,False
44,blood,LightGBM_T,9,OK,0.7432432432432432,0.7084623323013416,0.6226190476190476,0.6062951496388029,0.612351805900193,0.22833142591622524,,3.2,False,0.8,0.837037037037037,40,False
44,blood,RuleFit_T,0,OK,0.7733333333333333,0.7563352826510722,0.6928571428571428,0.5657894736842105,0.563505648750428,0.2252817784447915,,86.7,False,0.7703703703703704,0.7925925925925926,40,False
44,blood,RuleFit_T,1,OK,0.76,0.5964912280701754,0.6335616438356164,0.5190058479532164,0.4807692307692308,0.10076611127003691,,69.2,False,0.8,0.8222222222222222,40,False
44,blood,RuleFit_T,2,OK,0.7733333333333333,0.702729044834308,0.6928571428571428,0.5657894736842105,0.563505648750428,0.2252817784447915,,103.8,False,0.7703703703703704,0.7925925925925926,40,False
44,blood,RuleFit_T,3,OK,0.76,0.6807992202729045,0.6455223880597014,0.5760233918128654,0.5812655086848635,0.21036259672295876,,86.2,False,0.7851851851851852,0.8148148148148148,40,False
44,blood,RuleFit_T,4,OK,0.7866666666666666,0.7948343079922027,0.7043650793650793,0.6505847953216374,0.6666666666666667,0.3508519553719527,,92.0,False,0.7703703703703704,0.8,40,False
44,blood,RuleFit_T,5,OK,0.76,0.6510721247563352,0.6413043478260869,0.5570175438596491,0.5535714285714286,0.17951965741648493,,70.5,False,0.7777777777777778,0.8148148148148148,40,False
44,blood,RuleFit_T,6,OK,0.7466666666666667,0.706140350877193,0.6161616161616161,0.567251461988304,0.5709123757904246,0.17677147409910796,,99.1,False,0.7925925925925926,0.8148148148148148,40,False
44,blood,RuleFit_T,7,OK,0.76,0.6111111111111112,0.6413043478260869,0.5570175438596491,0.5535714285714286,0.17951965741648493,,94.0,False,0.7777777777777778,0.8222222222222222,40,False
44,blood,RuleFit_T,8,OK,0.7972972972972973,0.7301341589267286,0.8958333333333333,0.5588235294117647,0.5471236230110159,0.3051839689465369,,110.9,False,0.7407407407407407,0.7777777777777778,40,False
44,blood,RuleFit_T,9,OK,0.7837837837837838,0.6929824561403508,0.6886993603411513,0.5913312693498451,0.6021505376344086,0.262557819197686,,99.1,False,0.8148148148148148,0.8222222222222222,40,False
44,blood,XGBoost_T,0,OK,0.8,0.7412280701754386,0.8958333333333333,0.5833333333333334,0.584717607973422,0.36324157862838946,,3.9,False,0.7555555555555555,0.8074074074074075,40,False
44,blood,XGBoost_T,1,OK,0.7466666666666667,0.5692007797270955,0.6161616161616161,0.567251461988304,0.5709123757904246,0.17677147409910796,,3.9,False,0.7925925925925926,0.8222222222222222,40,False
44,blood,XGBoost_T,2,OK,0.7866666666666666,0.75682261208577,0.7154850746268657,0.6125730994152047,0.6277915632754343,0.31149846053207353,,2.5,False,0.7333333333333333,0.7925925925925926,40,False
44,blood,XGBoost_T,3,OK,0.7333333333333333,0.6963937621832359,0.6159250585480094,0.5964912280701754,0.6027542372881356,0.2115254241305703,,3.5,False,0.7703703703703704,0.8296296296296296,40,False
44,blood,XGBoost_T,4,OK,0.76,0.8084795321637427,0.6652542372881356,0.652046783625731,0.657707910750507,0.31702602580977074,,3.1,False,0.8,0.8444444444444444,40,False
44,blood,XGBoost_T,5,OK,0.7466666666666667,0.6832358674463938,0.6039915966386554,0.5482456140350878,0.544,0.14166352295945625,,4.0,False,0.7703703703703704,0.837037037037037,40,False
44,blood,XGBoost_T,6,OK,0.84,0.7826510721247564,0.8035714285714286,0.7236842105263157,0.75,0.521168438562221,,2.4,False,0.7555555555555555,0.8222222222222222,40,False
44,blood,XGBoost_T,7,OK,0.7466666666666667,0.7363547758284601,0.6161616161616161,0.567251461988304,0.5709123757904246,0.17677147409910796,,3.5,False,0.7481481481481481,0.8296296296296296,40,False
44,blood,XGBoost_T,8,OK,0.7702702702702703,0.7693498452012384,0.38513513513513514,0.5,0.4351145038167939,0.0,,4.0,False,0.7333333333333333,0.762962962962963,40,False
44,blood,XGBoost_T,9,OK,0.7972972972972973,0.7332301341589267,0.7140625,0.6413828689370485,0.660238751147842,0.3479354559790476,,2.7,False,0.8148148148148148,0.837037037037037,40,False
44,car,CatBoost_T,0,OK,0.9884393063583815,0.9990040311761389,0.9623397435897436,0.9915236278872643,0.9758857325247366,0.9750236506570226,,281.9,False,0.9839228295819936,1.0,40,False
44,car,CatBoost_T,1,OK,1.0,1.0,1.0,1.0,1.0,1.0,,318.0,False,0.977491961414791,0.9967845659163987,40,False
44,car,CatBoost_T,2,OK,0.9826589595375722,0.999497827294087,0.9017857142857143,0.9514652014652014,0.9219924812030075,0.9625388973267098,,128.6,False,0.9871382636655949,0.9903536977491961,40,False
44,car,CatBoost_T,3,OK,1.0,1.0,1.0,1.0,1.0,1.0,,110.4,False,0.9903536977491961,0.9967845659163987,40,False
44,car,CatBoost_T,4,OK,1.0,1.0,1.0,1.0,1.0,1.0,,77.2,False,0.9839228295819936,1.0,40,False
44,car,CatBoost_T,5,OK,0.9942196531791907,1.0,0.96875,0.993421052631579,0.98,0.9875168595946126,,73.5,False,0.9903536977491961,0.9967845659163987,40,False
44,car,CatBoost_T,6,OK,1.0,1.0,1.0,1.0,1.0,1.0,,48.3,False,0.9871382636655949,0.9967845659163987,40,False
44,car,CatBoost_T,7,OK,1.0,1.0,1.0,1.0,1.0,1.0,,190.9,False,0.9710610932475884,0.9903536977491961,40,False
44,car,CatBoost_T,8,OK,1.0,1.0,1.0,1.0,1.0,1.0,,71.8,False,0.9903846153846154,1.0,40,False
44,car,CatBoost_T,9,OK,0.9941860465116279,0.999685356539245,0.96875,0.993421052631579,0.98,0.987283029348207,,55.9,False,0.9903846153846154,1.0,40,False
44,car,EBM_T,0,OK,0.9248554913294798,0.9891404389369111,0.9125839438339438,0.9514197923288832,0.9306048345264031,0.8408731272340165,,50.9,False,0.9710610932475884,0.9839228295819936,40,False
44,car,EBM_T,1,OK,0.953757225433526,0.9981131769632448,0.9589371980676329,0.9791269336723882,0.9677158999192897,0.9051250416563754,,97.7,False,0.977491961414791,0.9967845659163987,40,False
44,car,EBM_T,2,OK,0.976878612716763,0.9983115700867986,0.9538461538461538,0.9830472557745285,0.9674007873177998,0.9499412578594516,,339.2,False,0.9517684887459807,0.9678456591639871,40,False
44,car,EBM_T,3,OK,0.9595375722543352,0.9973169356649683,0.966000807102502,0.9768489086670905,0.9710728859961775,0.9137756927686334,,153.1,True,0.9903536977491961,0.9614147909967846,40,False
44,car,EBM_T,4,OK,0.9942196531791907,0.9995974033055373,0.9979508196721312,0.993421052631579,0.9956378600823046,0.9874289994629426,,88.3,True,0.977491961414791,0.9678456591639871,40,False
44,car,EBM_T,5,OK,0.9942196531791907,1.0,0.9979508196721312,0.993421052631579,0.9956378600823046,0.9874289994629426,,81.2,True,0.9742765273311897,0.9742765273311897,40,False
44,car,EBM_T,6,OK,0.9653179190751445,0.9981639484031828,0.9826470588235294,0.9650391474554154,0.9730691056910569,0.9240317098005913,,88.7,True,0.9903536977491961,0.9903536977491961,40,False
44,car,EBM_T,7,OK,0.976878612716763,0.998712743928055,0.9827098738581992,0.9827098738581992,0.9827098738581992,0.9496580823512294,,211.6,True,0.9614147909967846,0.9614147909967846,40,False
44,car,EBM_T,8,OK,0.9825581395348837,0.9982974347997494,0.9850961538461538,0.9892888212266203,0.9871477070647195,0.9618582996108295,,170.2,True,0.9647435897435898,0.9551282051282052,40,False
44,car,EBM_T,9,OK,0.9418604651162791,0.9912159372393209,0.9600271002710027,0.9522618529795563,0.955970314576872,0.8705036100032572,,500.2,False,0.9647435897435898,0.9711538461538461,40,False
44,car,FIGS_T,0,OK,0.9479768786127167,0.9931017294269489,0.8923754429851991,0.9287719855901675,0.9018525592055004,0.8906301868702111,,15.4,False,0.9196141479099679,0.9614147909967846,40,False
44,car,FIGS_T,1,OK,0.9479768786127167,0.9495132271285043,0.9232229123533472,0.9434126479581024,0.9292543614577513,0.8929529144347259,,11.1,False,0.932475884244373,0.9614147909967846,40,False
44,car,FIGS_T,2,OK,0.9421965317919075,0.9803200751853227,0.8358512807442334,0.9239699694245149,0.8727889142607332,0.8778503289515034,,13.6,False,0.9389067524115756,0.9807073954983923,40,False
44,car,FIGS_T,3,OK,0.9595375722543352,0.9872376899243588,0.9032738095238095,0.9768489086670905,0.9372233642275836,0.9161021076075416,,14.1,False,0.932475884244373,0.9710610932475884,40,False
44,car,FIGS_T,4,OK,0.9479768786127167,0.9499154843526348,0.8602272727272727,0.775003106940906,0.806859756097561,0.8886232533386343,,16.7,False,0.9163987138263665,0.9678456591639871,40,False
44,car,FIGS_T,5,OK,0.930635838150289,0.9841565419644482,0.8238636363636364,0.8270754365251973,0.8235249879275813,0.8552223478137424,,15.7,False,0.9292604501607717,0.977491961414791,40,False
44,car,FIGS_T,6,OK,0.9710982658959537,0.9614705188287795,0.9102787456445993,0.9223730814639906,0.9159396823715451,0.9389341911608144,,17.7,False,0.9067524115755627,0.9581993569131833,40,False
44,car,FIGS_T,7,OK,0.9826589595375722,0.9991798438532744,0.9458333333333333,0.8928571428571429,0.9166666666666667,0.9622943198512858,,18.8,False,0.9260450160771704,0.954983922829582,40,False
44,car,FIGS_T,8,OK,0.9709302325581395,0.9986865917642043,0.9332032266458496,0.9716180948238364,0.9485402925756807,0.9362787552908366,,17.1,False,0.9294871794871795,0.967948717948718,40,False
44,car,FIGS_T,9,OK,0.9767441860465116,0.9944205387906528,0.9356215719852083,0.9431093228940118,0.933956611570248,0.9490384447989048,,16.6,False,0.9391025641025641,0.9903846153846154,40,False
44,car,LightGBM_T,0,OK,0.9884393063583815,0.9999521622655951,0.9623397435897436,0.9915236278872643,0.9758857325247366,0.9750236506570226,,11.0,True,1.0,1.0,40,False
44,car,LightGBM_T,1,OK,1.0,1.0,1.0,1.0,1.0,1.0,,15.6,True,1.0,1.0,40,False
44,car,LightGBM_T,2,OK,1.0,1.0,1.0,1.0,1.0,1.0,,13.8,True,0.9935691318327974,0.9935691318327974,40,False
44,car,LightGBM_T,3,OK,0.9942196531791907,1.0,0.99375,0.9642857142857143,0.9776046738072055,0.9874012301624212,,10.7,False,0.9967845659163987,1.0,40,False
44,car,LightGBM_T,4,OK,0.9942196531791907,0.9999115340622518,0.9935897435897436,0.9979338842975207,0.9957159023549065,0.9875788336733873,,9.5,True,1.0,1.0,40,False
44,car,LightGBM_T,5,OK,1.0,1.0,1.0,1.0,1.0,1.0,,14.1,False,0.9935691318327974,0.9967845659163987,40,False
44,car,LightGBM_T,6,OK,1.0,1.0,1.0,1.0,1.0,1.0,,14.7,False,0.9871382636655949,0.9935691318327974,40,False
44,car,LightGBM_T,7,OK,1.0,1.0,1.0,1.0,1.0,1.0,,13.5,True,0.9903536977491961,0.9903536977491961,40,False
44,car,LightGBM_T,8,OK,1.0,1.0,1.0,1.0,1.0,1.0,,12.8,False,0.9967948717948718,1.0,40,False
44,car,LightGBM_T,9,OK,0.9941860465116279,1.0,0.96875,0.993421052631579,0.98,0.987283029348207,,12.2,True,1.0,1.0,40,False
44,car,RuleFit_T,0,OK,0.9884393063583815,0.999497827294087,0.9623397435897436,0.9915236278872643,0.9758857325247366,0.9750236506570226,,544.5,False,0.9581993569131833,0.9935691318327974,40,False
44,car,RuleFit_T,1,OK,0.9942196531791907,1.0,0.99375,0.9979338842975207,0.9957980986396344,0.9875198273466141,,635.0,False,0.9614147909967846,0.9935691318327974,40,False
44,car,RuleFit_T,2,OK,0.9826589595375722,0.998401224134033,0.9017857142857143,0.9514652014652014,0.9241902834008098,0.9624661375642692,,622.2,False,0.9742765273311897,0.9935691318327974,40,False
44,car,RuleFit_T,3,OK,0.9884393063583815,0.9995218696666278,0.9580357142857143,0.9622195985832349,0.9600838129253487,0.9749496757660856,,615.1,False,0.9646302250803859,0.9935691318327974,40,False
44,car,RuleFit_T,4,OK,0.976878612716763,0.9972067048477955,0.9316239316239316,0.9535745355123346,0.9376956376956378,0.950800504000837,,637.0,False,0.954983922829582,0.9967845659163987,40,False
44,car,RuleFit_T,5,OK,0.9942196531791907,0.9999025341130604,0.9935897435897436,0.9979338842975207,0.9957159023549065,0.9875788336733873,,464.0,False,0.954983922829582,0.9839228295819936,40,False
44,car,RuleFit_T,6,OK,0.976878612716763,0.9988957500847164,0.9059294871794872,0.8862781954887218,0.8902597402597403,0.9497549617086014,,684.8,False,0.9807073954983923,0.9967845659163987,40,False
44,car,RuleFit_T,7,OK,0.9942196531791907,0.998915964610321,0.96875,0.993421052631579,0.98,0.9875168595946126,,635.0,False,0.9421221864951769,0.9871382636655949,40,False
44,car,RuleFit_T,8,OK,1.0,1.0,1.0,1.0,1.0,1.0,,660.8,False,0.9423076923076923,0.9935897435897436,40,False
44,car,RuleFit_T,9,OK,0.9941860465116279,0.9992725198341852,0.96875,0.993421052631579,0.98,0.987283029348207,,630.4,False,0.9423076923076923,0.9967948717948718,40,False
44,car,XGBoost_T,0,OK,0.9884393063583815,0.9991870055257935,0.9623397435897436,0.9915236278872643,0.9758857325247366,0.9750236506570226,,12.6,False,0.9967845659163987,1.0,40,False
44,car,XGBoost_T,1,OK,0.9942196531791907,1.0,0.9979508196721312,0.9935897435897436,0.9957244401688846,0.9873704017981242,,20.8,False,0.9839228295819936,0.9935691318327974,40,False
44,car,XGBoost_T,2,OK,1.0,1.0,1.0,1.0,1.0,1.0,,13.8,False,0.9903536977491961,0.9935691318327974,40,False
44,car,XGBoost_T,3,OK,1.0,1.0,1.0,1.0,1.0,1.0,,13.8,False,0.9871382636655949,1.0,40,False
44,car,XGBoost_T,4,OK,1.0,1.0,1.0,1.0,1.0,1.0,,15.6,False,0.9967845659163987,1.0,40,False
44,car,XGBoost_T,5,OK,1.0,1.0,1.0,1.0,1.0,1.0,,16.8,False,0.9903536977491961,0.9935691318327974,40,False
44,car,XGBoost_T,6,OK,0.9942196531791907,1.0,0.9935897435897436,0.9642857142857143,0.9775224775224776,0.9874607602464589,,14.3,False,0.9871382636655949,0.9935691318327974,40,False
44,car,XGBoost_T,7,OK,1.0,1.0,1.0,1.0,1.0,1.0,,12.0,False,0.9871382636655949,0.9903536977491961,40,False
44,car,XGBoost_T,8,OK,1.0,1.0,1.0,1.0,1.0,1.0,,13.4,False,0.9871794871794872,1.0,40,False
44,car,XGBoost_T,9,OK,0.9941860465116279,0.9999018067556952,0.96875,0.993421052631579,0.98,0.987283029348207,,13.3,False,0.9903846153846154,1.0,40,False
44,credit-g,CatBoost_T,0,OK,0.79,0.8195238095238095,0.7533333333333334,0.7261904761904762,0.7366771159874608,0.4787549991450212,,34.5,False,0.7888888888888889,0.8222222222222222,40,False
44,credit-g,CatBoost_T,1,OK,0.72,0.7528571428571429,0.6766304347826086,0.5619047619047619,0.5451591942820013,0.20913407192853073,,43.0,False,0.6833333333333333,0.7333333333333333,40,False
44,credit-g,CatBoost_T,2,OK,0.73,0.791904761904762,0.6717902350813743,0.6357142857142857,0.6446900908014213,0.30538100167992077,,38.7,False,0.7833333333333333,0.7888888888888889,40,False
44,credit-g,CatBoost_T,3,OK,0.79,0.8385714285714286,0.7799433026222538,0.6880952380952381,0.707968293700459,0.45893791370903364,,48.8,False,0.7666666666666667,0.8,40,False
44,credit-g,CatBoost_T,4,OK,0.73,0.7866666666666666,0.7014652014652014,0.5785714285714286,0.5699952221691352,0.25162995597942267,,51.0,False,0.7055555555555556,0.7388888888888889,40,False
44,credit-g,CatBoost_T,5,OK,0.76,0.8138095238095239,0.7156177156177156,0.6761904761904762,0.6881496881496881,0.3898193837652919,,32.3,False,0.7888888888888889,0.8111111111111111,40,False
44,credit-g,CatBoost_T,6,OK,0.79,0.8442857142857142,0.7569169960474309,0.7166666666666667,0.7304582210242587,0.471870105616408,,98.9,False,0.7722222222222223,0.7833333333333333,40,False
44,credit-g,CatBoost_T,7,OK,0.67,0.6895238095238094,0.6098644226273959,0.611904761904762,0.6108031607500884,0.2217597984840614,,81.1,False,0.7444444444444445,0.7722222222222223,40,False
44,credit-g,CatBoost_T,8,OK,0.78,0.7328571428571429,0.7447552447552448,0.7,0.7141372141372141,0.4424976788687098,,53.6,True,0.7611111111111111,0.7611111111111111,40,False
44,credit-g,CatBoost_T,9,OK,0.79,0.7504761904761904,0.7622061482820977,0.7071428571428571,0.7236478484011054,0.46610784466935273,,27.1,False,0.7833333333333333,0.8111111111111111,40,False
44,credit-g,EBM_T,0,OK,0.79,0.8252380952380953,0.7511415525114156,0.7357142857142858,0.7423629002576371,0.4866113507241897,,136.0,False,0.7555555555555555,0.7611111111111111,40,False
44,credit-g,EBM_T,1,OK,0.75,0.7842857142857143,0.7156862745098038,0.6309523809523809,0.6415770609318996,0.3361227822436775,,114.8,False,0.6833333333333333,0.6888888888888889,40,False
44,credit-g,EBM_T,2,OK,0.78,0.8185714285714286,0.7447552447552448,0.7,0.7141372141372141,0.4424976788687098,,160.5,False,0.7666666666666667,0.7777777777777778,40,False
44,credit-g,EBM_T,3,OK,0.77,0.8485714285714286,0.7445074415308293,0.6642857142857144,0.6801557502433597,0.4008445069104218,,73.7,False,0.7555555555555555,0.7888888888888889,40,False
44,credit-g,EBM_T,4,OK,0.74,0.8042857142857143,0.6884920634920635,0.680952380952381,0.6843127731908694,0.36936750089587606,,130.9,True,0.7166666666666667,0.7166666666666667,40,False
44,credit-g,EBM_T,5,OK,0.75,0.7942857142857143,0.7004058853373922,0.6880952380952381,0.6932891669733775,0.3883060273455655,,73.7,False,0.7555555555555555,0.7944444444444444,40,False
44,credit-g,EBM_T,6,OK,0.8,0.8366666666666667,0.7650727650727651,0.7428571428571429,0.751984126984127,0.507443846646363,,55.8,False,0.7611111111111111,0.8111111111111111,40,False
44,credit-g,EBM_T,7,OK,0.73,0.740952380952381,0.6722190852625636,0.6452380952380952,0.6534462841740469,0.3163085323362735,,51.9,False,0.7333333333333333,0.7611111111111111,40,False
44,credit-g,EBM_T,8,OK,0.75,0.729047619047619,0.7004517221908526,0.6690476190476191,0.6791169297907842,0.36816239009631835,,63.6,False,0.7222222222222222,0.7611111111111111,40,False
44,credit-g,EBM_T,9,OK,0.72,0.7347619047619047,0.6573426573426573,0.6285714285714286,0.6361746361746362,0.2844627935584563,,80.9,False,0.7833333333333333,0.7888888888888889,40,False
44,credit-g,FIGS_T,0,OK,0.69,0.715952380952381,0.62,0.6071428571428572,0.6112852664576802,0.22677868380553634,,6.5,True,0.7777777777777778,0.7777777777777778,40,False
44,credit-g,FIGS_T,1,OK,0.73,0.7204761904761905,0.6736357193479802,0.6166666666666667,0.6245306633291614,0.28465769331319807,,7.2,True,0.6944444444444444,0.6944444444444444,40,False
44,credit-g,FIGS_T,2,OK,0.76,0.748095238095238,0.7138157894736843,0.6857142857142857,0.69558599695586,0.3985405706652278,,7.7,True,0.7055555555555556,0.7,40,False
44,credit-g,FIGS_T,3,OK,0.71,0.6964285714285715,0.6496702181633689,0.6404761904761904,0.6442154336891179,0.29000070396694133,,11.7,False,0.7222222222222222,0.7611111111111111,40,False
44,credit-g,FIGS_T,4,OK,0.65,0.6847619047619047,0.5512356841470765,0.5404761904761904,0.539413080668509,0.09107854436067812,,5.6,True,0.7166666666666667,0.7166666666666667,40,False
44,credit-g,FIGS_T,5,OK,0.71,0.773809523809524,0.652986886838271,0.65,0.6514004087029691,0.3029721639077798,,14.6,False,0.6833333333333333,0.75,40,False
44,credit-g,FIGS_T,6,OK,0.84,0.8533333333333333,0.817047817047817,0.7904761904761904,0.8015873015873016,0.6069426401064342,,9.6,False,0.7277777777777777,0.7444444444444445,40,False
44,credit-g,FIGS_T,7,OK,0.73,0.7657142857142856,0.6721897335932423,0.6261904761904762,0.6350858224084336,0.29481319154503577,,13.6,False,0.6777777777777778,0.7277777777777777,40,False
44,credit-g,FIGS_T,8,OK,0.72,0.6664285714285715,0.6558265582655827,0.6095238095238095,0.6162280701754386,0.26127930102654884,,6.4,False,0.7166666666666667,0.7444444444444445,40,False
44,credit-g,FIGS_T,9,OK,0.71,0.7107142857142856,0.6397011046133854,0.6023809523809524,0.6080551425868361,0.23918806106484033,,6.2,False,0.7444444444444445,0.7722222222222223,40,False
44,credit-g,LightGBM_T,0,OK,0.79,0.8238095238095238,0.7569169960474309,0.7166666666666667,0.7304582210242587,0.471870105616408,,9.1,False,0.75,0.8055555555555556,40,False
44,credit-g,LightGBM_T,1,OK,0.73,0.7866666666666666,0.6889683350357507,0.5880952380952381,0.5858260469397147,0.2580481386674602,,4.6,False,0.6777777777777778,0.7333333333333333,40,False
44,credit-g,LightGBM_T,2,OK,0.77,0.819047619047619,0.7549019607843137,0.6547619047619048,0.6702508960573477,0.3972360153788916,,6.7,False,0.7111111111111111,0.7722222222222223,40,False
44,credit-g,LightGBM_T,3,OK,0.75,0.801904761904762,0.7004517221908526,0.6690476190476191,0.6791169297907842,0.36816239009631835,,3.8,False,0.7611111111111111,0.7666666666666667,40,False
44,credit-g,LightGBM_T,4,OK,0.74,0.7557142857142857,0.7445652173913043,0.5857142857142857,0.5776478232618583,0.2895702534395041,,4.5,False,0.7111111111111111,0.7277777777777777,40,False
44,credit-g,LightGBM_T,5,OK,0.78,0.8033333333333333,0.7574525745257452,0.680952380952381,0.6984649122807017,0.4316788451742981,,4.8,False,0.7555555555555555,0.7666666666666667,40,False
44,credit-g,LightGBM_T,6,OK,0.79,0.8361904761904762,0.7569169960474309,0.7166666666666667,0.7304582210242587,0.471870105616408,,5.1,True,0.7722222222222223,0.7722222222222223,40,False
44,credit-g,LightGBM_T,7,OK,0.72,0.7438095238095238,0.6578073089700996,0.5904761904761905,0.592074592074592,0.23897953171695502,,2.7,False,0.7277777777777777,0.75,40,False
44,credit-g,LightGBM_T,8,OK,0.75,0.7180952380952381,0.7004517221908526,0.6690476190476191,0.6791169297907842,0.36816239009631835,,6.1,False,0.7222222222222222,0.7722222222222223,40,False
44,credit-g,LightGBM_T,9,OK,0.74,0.7014285714285714,0.6897018970189702,0.6333333333333333,0.643640350877193,0.3180791490757986,,5.6,False,0.7666666666666667,0.8,40,False
44,credit-g,RuleFit_T,0,OK,0.77,0.8342857142857142,0.7284034373586612,0.7404761904761905,0.7335187116209014,0.46872417692147295,,108.0,False,0.7222222222222222,0.8,40,False
44,credit-g,RuleFit_T,1,OK,0.78,0.8423809523809525,0.7380952380952381,0.7285714285714285,0.7328800388538126,0.4665694748158435,,78.3,False,0.6666666666666666,0.7111111111111111,40,False
44,credit-g,RuleFit_T,2,OK,0.75,0.7961904761904761,0.7087912087912087,0.7261904761904762,0.7150997150997151,0.4346335603280937,,84.7,False,0.6777777777777778,0.7444444444444445,40,False
44,credit-g,RuleFit_T,3,OK,0.72,0.8095238095238095,0.6779513888888888,0.6952380952380952,0.6834011759384894,0.37278889581982033,,83.9,False,0.7055555555555556,0.7611111111111111,40,False
44,credit-g,RuleFit_T,4,OK,0.77,0.7842857142857143,0.7307692307692308,0.75,0.7378917378917379,0.4803844614152614,,72.2,False,0.6388888888888888,0.7388888888888889,40,False
44,credit-g,RuleFit_T,5,OK,0.7,0.8052380952380953,0.6515151515151515,0.6619047619047619,0.6553308823529411,0.31324766259957654,,74.0,False,0.7,0.7777777777777778,40,False
44,credit-g,RuleFit_T,6,OK,0.77,0.8095238095238095,0.7284034373586612,0.7404761904761905,0.7335187116209014,0.46872417692147295,,66.5,False,0.7222222222222222,0.7888888888888889,40,False
44,credit-g,RuleFit_T,7,OK,0.73,0.7661904761904762,0.6868131868131868,0.7023809523809523,0.6923076923076923,0.3888826592409259,,81.3,False,0.7111111111111111,0.7388888888888889,40,False
44,credit-g,RuleFit_T,8,OK,0.64,0.6757142857142857,0.5846702317290553,0.5904761904761905,0.5863970588235294,0.175050164393881,,79.8,False,0.7111111111111111,0.7444444444444445,40,False
44,credit-g,RuleFit_T,9,OK,0.71,0.7000000000000001,0.6605608322026233,0.6690476190476191,0.6640018537828757,0.3294991738754909,,86.3,False,0.7388888888888889,0.7777777777777778,40,False
44,credit-g,XGBoost_T,0,OK,0.78,0.8285714285714286,0.7447552447552448,0.7,0.7141372141372141,0.4424976788687098,,13.7,False,0.7722222222222223,0.8166666666666667,40,False
44,credit-g,XGBoost_T,1,OK,0.75,0.8295238095238094,0.7400408580183861,0.611904761904762,0.6165055990182544,0.3277908788478548,,13.9,False,0.6944444444444444,0.7333333333333333,40,False
44,credit-g,XGBoost_T,2,OK,0.76,0.8171428571428572,0.7777777777777778,0.6190476190476191,0.625,0.363696483726654,,9.3,False,0.7277777777777777,0.7722222222222223,40,False
44,credit-g,XGBoost_T,3,OK,0.82,0.8314285714285714,0.803030303030303,0.7476190476190476,0.7661122661122661,0.5478542690755455,,11.0,False,0.7,0.7777777777777778,40,False
44,credit-g,XGBoost_T,4,OK,0.76,0.7685714285714286,0.7408637873754154,0.638095238095238,0.6503496503496503,0.3647582326206156,,15.5,False,0.7166666666666667,0.7444444444444445,40,False
44,credit-g,XGBoost_T,5,OK,0.72,0.8157142857142857,0.65625,0.6,0.6047430830039526,0.25,,7.3,False,0.7166666666666667,0.7833333333333333,40,False
44,credit-g,XGBoost_T,6,OK,0.79,0.8428571428571429,0.7511415525114156,0.7357142857142858,0.7423629002576371,0.4866113507241897,,8.7,True,0.7944444444444444,0.7833333333333333,40,False
44,credit-g,XGBoost_T,7,OK,0.74,0.7623809523809524,0.6934523809523809,0.6238095238095238,0.6329757199322417,0.30952380952380953,,13.7,False,0.7277777777777777,0.7666666666666667,40,False
44,credit-g,XGBoost_T,8,OK,0.77,0.7395238095238095,0.7371669915529564,0.6738095238095239,0.6891471820516286,0.40606345250542664,,8.4,False,0.7277777777777777,0.7722222222222223,40,False
44,credit-g,XGBoost_T,9,OK,0.7,0.6795238095238095,0.631578947368421,0.6142857142857143,0.6194824961948249,0.24525573579398632,,6.6,False,0.7388888888888889,0.7888888888888889,40,False
44,diabetes,CatBoost_T,0,OK,0.7012987012987013,0.8,0.673155737704918,0.6251851851851852,0.6289545359312801,0.29445905039898174,,85.6,False,0.7841726618705036,0.841726618705036,40,False
44,diabetes,CatBoost_T,1,OK,0.7662337662337663,0.837037037037037,0.75,0.7177777777777778,0.7275943396226415,0.4666666666666667,,28.2,False,0.7697841726618705,0.8057553956834532,40,False
44,diabetes,CatBoost_T,2,OK,0.7142857142857143,0.7851851851851851,0.6889367816091954,0.6948148148148148,0.6913265306122449,0.3837065760234115,,21.6,False,0.7841726618705036,0.8201438848920863,40,False
44,diabetes,CatBoost_T,3,OK,0.7272727272727273,0.7518518518518518,0.7062146892655368,0.6622222222222223,0.6703363914373088,0.3658010669613767,,115.2,False,0.7697841726618705,0.7841726618705036,40,False
44,diabetes,CatBoost_T,4,OK,0.7142857142857143,0.7859259259259259,0.6862962962962963,0.6862962962962963,0.6862962962962963,0.3725925925925926,,18.7,False,0.7841726618705036,0.8273381294964028,40,False
44,diabetes,CatBoost_T,5,OK,0.8051948051948052,0.8348148148148149,0.7900943396226415,0.7733333333333333,0.7801256424900057,0.563178312189625,,23.3,True,0.8201438848920863,0.8201438848920863,40,False
44,diabetes,CatBoost_T,6,OK,0.7922077922077922,0.8177777777777778,0.7718518518518518,0.7718518518518518,0.7718518518518518,0.5437037037037037,,84.1,False,0.7913669064748201,0.8273381294964028,40,False
44,diabetes,CatBoost_T,7,OK,0.7272727272727273,0.8118518518518518,0.6992924528301887,0.6877777777777778,0.692175899486008,0.3868989217888074,,26.8,False,0.7338129496402878,0.7913669064748201,40,False
44,diabetes,CatBoost_T,8,OK,0.75,0.823076923076923,0.7280701754385965,0.69,0.7001038421599168,0.4163331998932266,,29.2,False,0.762589928057554,0.8129496402877698,40,False
44,diabetes,CatBoost_T,9,OK,0.7763157894736842,0.8723076923076923,0.7517006802721089,0.7561538461538462,0.753764055650848,0.507835002067562,,31.7,False,0.7482014388489209,0.7769784172661871,40,False
44,diabetes,EBM_T,0,OK,0.7272727272727273,0.8592592592592593,0.7126024590163935,0.6537037037037037,0.6612193588937776,0.3615399583301107,,53.0,False,0.7913669064748201,0.8129496402877698,40,False
44,diabetes,EBM_T,1,OK,0.7792207792207793,0.84,0.7914959016393442,0.7107407407407407,0.7257490048187722,0.49570177419236866,,50.2,False,0.7410071942446043,0.762589928057554,40,False
44,diabetes,EBM_T,2,OK,0.7142857142857143,0.8059259259259259,0.6845238095238095,0.6607407407407407,0.667059748427673,0.34444444444444444,,47.9,False,0.7841726618705036,0.8201438848920863,40,False
44,diabetes,EBM_T,3,OK,0.7792207792207793,0.8392592592592591,0.7697368421052632,0.7277777777777779,0.7397096838337642,0.4957421042418413,,48.6,False,0.7769784172661871,0.7841726618705036,40,False
44,diabetes,EBM_T,4,OK,0.7662337662337663,0.811111111111111,0.7438461538461538,0.7348148148148148,0.7386877828054299,0.4785757597651158,,73.0,False,0.8129496402877698,0.8345323741007195,40,False
44,diabetes,EBM_T,5,OK,0.7532467532467533,0.8392592592592593,0.7288838612368025,0.7248148148148148,0.7266953110405381,0.4536804288397352,,49.6,False,0.8057553956834532,0.841726618705036,40,False
44,diabetes,EBM_T,6,OK,0.7792207792207793,0.8392592592592593,0.7636363636363637,0.7362962962962962,0.745578231292517,0.49918452017784487,,66.9,False,0.7697841726618705,0.8129496402877698,40,False
44,diabetes,EBM_T,7,OK,0.6883116883116883,0.8296296296296296,0.6529790660225443,0.6407407407407407,0.6446153846153846,0.29346473089514225,,45.2,False,0.7482014388489209,0.8057553956834532,40,False
44,diabetes,EBM_T,8,OK,0.8026315789473685,0.8807692307692307,0.7982456140350878,0.7484615384615385,0.7632398753894081,0.5444357229372963,,82.6,False,0.7697841726618705,0.8057553956834532,40,False
44,diabetes,EBM_T,9,OK,0.7763157894736842,0.8676923076923078,0.7531181217901688,0.7653846153846153,0.757825679475164,0.5183576194025131,,52.5,True,0.7913669064748201,0.7913669064748201,40,False
44,diabetes,FIGS_T,0,OK,0.7012987012987013,0.6885185185185184,0.6684210526315789,0.6422222222222222,0.6478425134221515,0.30953653338027165,,11.8,False,0.7553956834532374,0.7985611510791367,40,False
44,diabetes,FIGS_T,1,OK,0.7142857142857143,0.7444444444444442,0.6839774557165862,0.6692592592592592,0.6742307692307692,0.3529299526817895,,8.4,False,0.6618705035971223,0.7050359712230215,40,False
44,diabetes,FIGS_T,2,OK,0.6883116883116883,0.6718518518518518,0.6515426497277677,0.6237037037037036,0.6280193236714976,0.27383489215509355,,7.3,False,0.7482014388489209,0.7985611510791367,40,False
44,diabetes,FIGS_T,3,OK,0.7012987012987013,0.7314814814814815,0.6681818181818182,0.6507407407407407,0.6557823129251701,0.31844529735483207,,9.8,False,0.7338129496402878,0.7553956834532374,40,False
44,diabetes,FIGS_T,4,OK,0.6493506493506493,0.5896296296296296,0.6127450980392157,0.6107407407407407,0.6116196525312909,0.22347685044988602,,8.5,False,0.7553956834532374,0.8057553956834532,40,False
44,diabetes,FIGS_T,5,OK,0.7272727272727273,0.7396296296296296,0.7042553191489361,0.7133333333333334,0.7075420510037982,0.417489966754203,,5.9,False,0.7338129496402878,0.7913669064748201,40,False
44,diabetes,FIGS_T,6,OK,0.7402597402597403,0.7459259259259259,0.721415607985481,0.6807407407407408,0.6900161030595813,0.4000940939272025,,5.0,True,0.7985611510791367,0.7985611510791367,40,False
44,diabetes,FIGS_T,7,OK,0.7402597402597403,0.767037037037037,0.7148148148148148,0.7148148148148148,0.7148148148148148,0.42962962962962964,,4.8,False,0.7410071942446043,0.762589928057554,40,False
44,diabetes,FIGS_T,8,OK,0.7631578947368421,0.7992307692307692,0.7428571428571429,0.7092307692307692,0.7194421657095981,0.4508356100096212,,8.1,False,0.7410071942446043,0.7841726618705036,40,False
44,diabetes,FIGS_T,9,OK,0.8157894736842105,0.8496153846153847,0.7980769230769231,0.7861538461538462,0.7913725490196079,0.5841090925098348,,4.4,False,0.7194244604316546,0.7553956834532374,40,False
44,diabetes,LightGBM_T,0,OK,0.7272727272727273,0.8392592592592594,0.7126024590163935,0.6537037037037037,0.6612193588937776,0.3615399583301107,,2.2,False,0.7410071942446043,0.8129496402877698,40,False
44,diabetes,LightGBM_T,1,OK,0.7532467532467533,0.8066666666666665,0.7318181818181818,0.7077777777777778,0.7156462585034014,0.43893811257017395,,3.4,False,0.7553956834532374,0.762589928057554,40,False
44,diabetes,LightGBM_T,2,OK,0.6493506493506493,0.7903703703703703,0.6084905660377358,0.6022222222222222,0.6042261564820103,0.21061953138798983,,2.3,False,0.7482014388489209,0.8201438848920863,40,False
44,diabetes,LightGBM_T,3,OK,0.7662337662337663,0.8214814814814815,0.7563520871143375,0.7092592592592593,0.7210144927536233,0.46322369481325704,,2.0,False,0.7050359712230215,0.7769784172661871,40,False
44,diabetes,LightGBM_T,4,OK,0.7402597402597403,0.7933333333333333,0.7148148148148148,0.7148148148148148,0.7148148148148148,0.42962962962962964,,2.2,False,0.7697841726618705,0.8201438848920863,40,False
44,diabetes,LightGBM_T,5,OK,0.7792207792207793,0.8437037037037037,0.7636363636363637,0.7362962962962962,0.745578231292517,0.49918452017784487,,2.8,False,0.7266187050359713,0.8273381294964028,40,False
44,diabetes,LightGBM_T,6,OK,0.7272727272727273,0.817037037037037,0.6992924528301887,0.6877777777777778,0.692175899486008,0.3868989217888074,,1.9,False,0.7122302158273381,0.8201438848920863,40,False
44,diabetes,LightGBM_T,7,OK,0.7532467532467533,0.8118518518518518,0.7288838612368025,0.7248148148148148,0.7266953110405381,0.4536804288397352,,1.9,False,0.7122302158273381,0.7913669064748201,40,False
44,diabetes,LightGBM_T,8,OK,0.7894736842105263,0.8684615384615384,0.7979166666666666,0.72,0.7367965367965368,0.5120221349381945,,4.5,False,0.7482014388489209,0.7841726618705036,40,False
44,diabetes,LightGBM_T,9,OK,0.7763157894736842,0.8784615384615384,0.7600422832980973,0.7838461538461539,0.7645343539274649,0.5433672862863087,,2.1,False,0.6834532374100719,0.7841726618705036,40,False
44,diabetes,RuleFit_T,0,OK,0.7402597402597403,0.837037037037037,0.7518028846153846,0.6551851851851851,0.6622807017543859,0.39535339775548806,,75.5,False,0.7913669064748201,0.8273381294964028,40,False
44,diabetes,RuleFit_T,1,OK,0.7272727272727273,0.8422222222222222,0.7222222222222222,0.6451851851851852,0.6509820850420893,0.35924016749576715,,91.5,False,0.7697841726618705,0.7769784172661871,40,False
44,diabetes,RuleFit_T,2,OK,0.7012987012987013,0.7488888888888888,0.6699623352165724,0.6337037037037037,0.6389398572884811,0.30149357345446803,,73.0,False,0.7841726618705036,0.8201438848920863,40,False
44,diabetes,RuleFit_T,3,OK,0.7532467532467533,0.8144444444444444,0.785897435897436,0.6651851851851851,0.6738015607580825,0.43463097401215006,,79.1,False,0.7410071942446043,0.8057553956834532,40,False
44,diabetes,RuleFit_T,4,OK,0.7272727272727273,0.7718518518518519,0.6992924528301887,0.6877777777777778,0.692175899486008,0.3868989217888074,,82.3,False,0.7985611510791367,0.8273381294964028,40,False
44,diabetes,RuleFit_T,5,OK,0.7662337662337663,0.8407407407407408,0.7656862745098039,0.7007407407407408,0.7136363636363636,0.4618833599503053,,103.1,False,0.8057553956834532,0.841726618705036,40,False
44,diabetes,RuleFit_T,6,OK,0.8181818181818182,0.8196296296296296,0.803076923076923,0.7918518518518518,0.7967571644042233,0.5948228686039609,,82.5,False,0.7913669064748201,0.8057553956834532,40,False
44,diabetes,RuleFit_T,7,OK,0.7792207792207793,0.8637037037037036,0.7697368421052632,0.7277777777777779,0.7397096838337642,0.4957421042418413,,68.5,False,0.7410071942446043,0.7841726618705036,40,False
44,diabetes,RuleFit_T,8,OK,0.7631578947368421,0.8807692307692307,0.8212121212121213,0.6630769230769231,0.6724137931034483,0.4577435281127823,,63.3,False,0.7769784172661871,0.8057553956834532,40,False
44,diabetes,RuleFit_T,9,OK,0.7763157894736842,0.86,0.7531181217901688,0.7653846153846153,0.757825679475164,0.5183576194025131,,89.6,False,0.7266187050359713,0.7769784172661871,40,False
44,diabetes,XGBoost_T,0,OK,0.6883116883116883,0.7666666666666667,0.6515426497277677,0.6237037037037036,0.6280193236714976,0.27383489215509355,,4.2,False,0.7769784172661871,0.8201438848920863,40,False
44,diabetes,XGBoost_T,1,OK,0.7662337662337663,0.825925925925926,0.7563520871143375,0.7092592592592593,0.7210144927536233,0.46322369481325704,,10.1,False,0.7338129496402878,0.7841726618705036,40,False
44,diabetes,XGBoost_T,2,OK,0.6753246753246753,0.8022222222222222,0.6363636363636364,0.6222222222222222,0.6258503401360545,0.25819888974716115,,3.9,False,0.762589928057554,0.8129496402877698,40,False
44,diabetes,XGBoost_T,3,OK,0.7662337662337663,0.8274074074074074,0.7563520871143375,0.7092592592592593,0.7210144927536233,0.46322369481325704,,3.9,False,0.7410071942446043,0.7769784172661871,40,False
44,diabetes,XGBoost_T,4,OK,0.7662337662337663,0.7977777777777778,0.7459742351046699,0.7262962962962962,0.7334615384615384,0.47186039625508397,,5.5,False,0.7553956834532374,0.8345323741007195,40,False
44,diabetes,XGBoost_T,5,OK,0.7662337662337663,0.8296296296296297,0.7459742351046699,0.7262962962962962,0.7334615384615384,0.47186039625508397,,6.4,False,0.7266187050359713,0.841726618705036,40,False
44,diabetes,XGBoost_T,6,OK,0.7532467532467533,0.8200000000000001,0.7318181818181818,0.7077777777777778,0.7156462585034014,0.43893811257017395,,5.2,False,0.7194244604316546,0.8201438848920863,40,False
44,diabetes,XGBoost_T,7,OK,0.7402597402597403,0.8348148148148148,0.7149758454106281,0.6977777777777778,0.7038461538461538,0.4123951744684367,,6.6,False,0.7338129496402878,0.7841726618705036,40,False
44,diabetes,XGBoost_T,8,OK,0.8026315789473685,0.8676923076923077,0.826775956284153,0.73,0.7495056031641398,0.5483009025903758,,3.8,False,0.7410071942446043,0.7769784172661871,40,False
44,diabetes,XGBoost_T,9,OK,0.7894736842105263,0.8769230769230769,0.7713068181818181,0.7938461538461539,0.776962582538518,0.5647033381695739,,3.7,False,0.6762589928057554,0.7769784172661871,40,False
44,kr-vs-kp,CatBoost_T,0,OK,0.99375,0.9999608625885484,0.9940828402366864,0.9934640522875817,0.993734335839599,0.9875466986607835,,168.6,False,0.9965277777777778,0.9982638888888888,40,False
44,kr-vs-kp,CatBoost_T,1,OK,1.0,1.0,1.0,1.0,1.0,1.0,,337.2,False,0.9895833333333334,0.9947916666666666,40,False
44,kr-vs-kp,CatBoost_T,2,OK,0.990625,0.998708465422097,0.9907581453634086,0.9904700403115339,0.9906043552728163,0.9812281433787039,,318.4,False,0.9930555555555556,0.9965277777777778,40,False
44,kr-vs-kp,CatBoost_T,3,OK,0.99375,1.0,0.9935483870967742,0.9940119760479043,0.9937411985604757,0.9875602543337462,,178.9,False,0.9965277777777778,0.9982638888888888,40,False
44,kr-vs-kp,CatBoost_T,4,OK,0.996875,1.0,0.9970238095238095,0.9967320261437909,0.996868118424272,0.9937557928313525,,260.8,False,0.9947916666666666,0.9982638888888888,40,False
44,kr-vs-kp,CatBoost_T,5,OK,1.0,1.0,1.0,1.0,1.0,1.0,,286.6,False,0.9947916666666666,0.9982638888888888,40,False
44,kr-vs-kp,CatBoost_T,6,OK,1.0,1.0,1.0,1.0,1.0,1.0,,113.7,False,0.9930555555555556,0.9982638888888888,40,False
44,kr-vs-kp,CatBoost_T,7,OK,0.9968652037617555,0.9995272612669398,0.9970238095238095,0.9967105263157895,0.9968572976700655,0.9937342864569987,,234.9,False,0.9913194444444444,0.9965277777777778,40,False
44,kr-vs-kp,CatBoost_T,8,OK,1.0,1.0,1.0,1.0,1.0,1.0,,284.2,True,0.9982638888888888,0.9982638888888888,40,False
44,kr-vs-kp,CatBoost_T,9,OK,0.9968652037617555,1.0,0.9970059880239521,0.9967320261437909,0.9968591542362034,0.9937379764037085,,90.7,False,0.9913194444444444,0.9965277777777778,40,False
44,kr-vs-kp,EBM_T,0,OK,0.9875,0.9990998395366131,0.9878130020768838,0.9872020664553246,0.987468671679198,0.975014877128823,,246.2,True,0.9930555555555556,0.9774305555555556,40,False
44,kr-vs-kp,EBM_T,1,OK,1.0,1.0,1.0,1.0,1.0,1.0,,134.9,True,0.9878472222222222,0.9826388888888888,40,False
44,kr-vs-kp,EBM_T,2,OK,0.98125,0.9975343430785488,0.9812140425032287,0.9812140425032287,0.9812140425032287,0.9624280850064577,,112.7,True,0.9878472222222222,0.9861111111111112,40,False
44,kr-vs-kp,EBM_T,3,OK,0.996875,1.0,0.9970238095238095,0.9967320261437909,0.996868118424272,0.9937557928313525,,204.7,True,0.9947916666666666,0.9895833333333334,40,False
44,kr-vs-kp,EBM_T,4,OK,0.99375,0.9998434503541936,0.9940828402366864,0.9934640522875817,0.993734335839599,0.9875466986607835,,200.3,True,0.9895833333333334,0.9809027777777778,40,False
44,kr-vs-kp,EBM_T,5,OK,0.990625,0.9990215647137098,0.9903846153846154,0.9910179640718563,0.9906139090135805,0.9814023750904909,,167.4,True,0.9895833333333334,0.984375,40,False
44,kr-vs-kp,EBM_T,6,OK,0.9968652037617555,1.0,0.9970238095238095,0.9967105263157895,0.9968572976700655,0.9937342864569987,,167.5,True,0.9878472222222222,0.9878472222222222,40,False
44,kr-vs-kp,EBM_T,7,OK,0.987460815047022,0.9999212102111567,0.9883040935672515,0.986842105263158,0.9874161735700198,0.975145102886537,,196.9,True,0.984375,0.9704861111111112,40,False
44,kr-vs-kp,EBM_T,8,OK,0.9968652037617555,0.9999212102111565,0.9967320261437909,0.9970059880239521,0.9968591542362034,0.9937379764037085,,825.2,True,0.9947916666666666,0.9895833333333334,40,False
44,kr-vs-kp,EBM_T,9,OK,0.9937304075235109,0.9996062682100952,0.9937199779510197,0.9937199779510197,0.9937199779510197,0.9874399559020395,,383.1,True,0.9878472222222222,0.9826388888888888,40,False
44,kr-vs-kp,FIGS_T,0,OK,0.99375,0.9934249148761302,0.9940828402366864,0.9934640522875817,0.993734335839599,0.9875466986607835,,9.7,False,0.9756944444444444,0.9965277777777778,40,False
44,kr-vs-kp,FIGS_T,1,OK,1.0,1.0,1.0,1.0,1.0,1.0,,8.3,False,0.9722222222222222,0.9913194444444444,40,False
44,kr-vs-kp,FIGS_T,2,OK,0.990625,0.9899025478454855,0.9911764705882353,0.9901960784313726,0.9905984663748274,0.9813720593131136,,9.6,False,0.9826388888888888,1.0,40,False
44,kr-vs-kp,FIGS_T,3,OK,0.996875,0.9970059880239521,0.9967532467532467,0.9970059880239521,0.9968698340033845,0.9937592026375474,,8.7,False,0.96875,0.9965277777777778,40,False
44,kr-vs-kp,FIGS_T,4,OK,0.99375,0.9967320261437909,0.9940828402366864,0.9934640522875817,0.993734335839599,0.9875466986607835,,9.1,False,0.9618055555555556,0.9982638888888888,40,False
44,kr-vs-kp,FIGS_T,5,OK,0.990625,0.9965950452037103,0.9903846153846154,0.9910179640718563,0.9906139090135805,0.9814023750904909,,7.6,False,0.9774305555555556,0.9965277777777778,40,False
44,kr-vs-kp,FIGS_T,6,OK,1.0,1.0,1.0,1.0,1.0,1.0,,10.3,False,0.96875,1.0,40,False
44,kr-vs-kp,FIGS_T,7,OK,0.9937304075235109,0.9943271352032776,0.9937165143397415,0.9937165143397415,0.9937165143397415,0.9874330286794831,,6.7,False,0.9618055555555556,0.9947916666666666,40,False
44,kr-vs-kp,FIGS_T,8,OK,1.0,1.0,1.0,1.0,1.0,1.0,,8.9,False,0.9791666666666666,1.0,40,False
44,kr-vs-kp,FIGS_T,9,OK,0.9905956112852664,0.9933656193401056,0.9904761904761905,0.9907079297582486,0.9905822844602773,0.981184092867967,,8.3,False,0.9722222222222222,0.9913194444444444,40,False
44,kr-vs-kp,LightGBM_T,0,OK,0.99375,0.9998434503541936,0.9940828402366864,0.9934640522875817,0.993734335839599,0.9875466986607835,,7.0,False,0.9965277777777778,1.0,40,False
44,kr-vs-kp,LightGBM_T,1,OK,1.0,1.0,1.0,1.0,1.0,1.0,,7.4,False,0.9826388888888888,0.9965277777777778,40,False
44,kr-vs-kp,LightGBM_T,2,OK,0.990625,0.9994129388282259,0.9904944453137224,0.9907440021916951,0.9906095020101535,0.9812384157707068,,8.2,False,0.9947916666666666,0.9965277777777778,40,False
44,kr-vs-kp,LightGBM_T,3,OK,1.0,1.0,1.0,1.0,1.0,1.0,,7.7,False,0.9947916666666666,0.9982638888888888,40,False
44,kr-vs-kp,LightGBM_T,4,OK,0.996875,0.9999217251770969,0.9967532467532467,0.9970059880239521,0.9968698340033845,0.9937592026375474,,9.2,False,0.9982638888888888,1.0,40,False
44,kr-vs-kp,LightGBM_T,5,OK,0.99375,1.0,0.9935483870967742,0.9940119760479043,0.9937411985604757,0.9875602543337462,,8.6,False,0.9965277777777778,1.0,40,False
44,kr-vs-kp,LightGBM_T,6,OK,1.0,1.0,1.0,1.0,1.0,1.0,,11.2,False,0.9895833333333334,0.9965277777777778,40,False
44,kr-vs-kp,LightGBM_T,7,OK,0.987460815047022,0.9993302867948314,0.9883040935672515,0.986842105263158,0.9874161735700198,0.975145102886537,,10.7,False,0.9947916666666666,0.9965277777777778,40,False
44,kr-vs-kp,LightGBM_T,8,OK,0.9968652037617555,0.9998818153167349,0.9967320261437909,0.9970059880239521,0.9968591542362034,0.9937379764037085,,9.2,False,0.9965277777777778,1.0,40,False
44,kr-vs-kp,LightGBM_T,9,OK,1.0,1.0,1.0,1.0,1.0,1.0,,9.5,False,0.9930555555555556,0.9947916666666666,40,False
44,kr-vs-kp,RuleFit_T,0,OK,0.990625,0.9997260381198388,0.9904944453137224,0.9907440021916951,0.9906095020101535,0.9812384157707068,,165.6,False,0.9670138888888888,0.9947916666666666,40,False
44,kr-vs-kp,RuleFit_T,1,OK,0.996875,1.0,0.9970238095238095,0.9967320261437909,0.996868118424272,0.9937557928313525,,240.1,False,0.9600694444444444,0.9930555555555556,40,False
44,kr-vs-kp,RuleFit_T,2,OK,0.99375,0.9985714844820164,0.993738014167743,0.993738014167743,0.993738014167743,0.9874760283354859,,190.4,False,0.96875,0.9947916666666666,40,False
44,kr-vs-kp,RuleFit_T,3,OK,0.990625,0.9995694884740324,0.9903846153846154,0.9910179640718563,0.9906139090135805,0.9814023750904909,,179.1,False,0.9513888888888888,0.9982638888888888,40,False
44,kr-vs-kp,RuleFit_T,4,OK,0.99375,0.9994129388282259,0.9940828402366864,0.9934640522875817,0.993734335839599,0.9875466986607835,,159.1,False,0.9444444444444444,0.9965277777777778,40,False
44,kr-vs-kp,RuleFit_T,5,OK,0.990625,1.0,0.9903846153846154,0.9910179640718563,0.9906139090135805,0.9814023750904909,,164.4,False,0.9739583333333334,1.0,40,False
44,kr-vs-kp,RuleFit_T,6,OK,0.9905956112852664,0.9999212102111567,0.9903225806451612,0.9910179640718563,0.9905822844602773,0.9813402983406839,,228.8,False,0.953125,0.9982638888888888,40,False
44,kr-vs-kp,RuleFit_T,7,OK,0.9968652037617555,0.9996454459502049,0.9970238095238095,0.9967105263157895,0.9968572976700655,0.9937342864569987,,203.9,False,0.9496527777777778,0.9982638888888888,40,False
44,kr-vs-kp,RuleFit_T,8,OK,0.9937304075235109,0.9997242357390483,0.9937165143397415,0.9937165143397415,0.9937165143397415,0.9874330286794831,,204.7,False,0.96875,0.9982638888888888,40,False
44,kr-vs-kp,RuleFit_T,9,OK,0.9968652037617555,0.9999606268210095,0.9967532467532467,0.9969879518072289,0.9968607614867591,0.9937411708437707,,176.1,False,0.9496527777777778,0.9965277777777778,40,False
44,kr-vs-kp,XGBoost_T,0,OK,0.99375,0.9998434503541936,0.9940828402366864,0.9934640522875817,0.993734335839599,0.9875466986607835,,11.4,False,0.9947916666666666,1.0,40,False
44,kr-vs-kp,XGBoost_T,1,OK,0.99375,1.0,0.9940828402366864,0.9934640522875817,0.993734335839599,0.9875466986607835,,13.2,False,0.9826388888888888,0.9965277777777778,40,False
44,kr-vs-kp,XGBoost_T,2,OK,0.9875,0.999491213651129,0.9878130020768838,0.9872020664553246,0.987468671679198,0.975014877128823,,14.8,False,0.9947916666666666,0.9982638888888888,40,False
44,kr-vs-kp,XGBoost_T,3,OK,0.99375,0.9999608625885483,0.993738014167743,0.993738014167743,0.993738014167743,0.9874760283354859,,8.3,False,0.9947916666666666,1.0,40,False
44,kr-vs-kp,XGBoost_T,4,OK,0.996875,1.0,0.9970238095238095,0.9967320261437909,0.996868118424272,0.9937557928313525,,12.1,False,0.9930555555555556,1.0,40,False
44,kr-vs-kp,XGBoost_T,5,OK,1.0,1.0,1.0,1.0,1.0,1.0,,8.4,False,0.9947916666666666,1.0,40,False
44,kr-vs-kp,XGBoost_T,6,OK,1.0,1.0,1.0,1.0,1.0,1.0,,8.6,False,0.9913194444444444,1.0,40,False
44,kr-vs-kp,XGBoost_T,7,OK,0.9968652037617555,0.9994484714780965,0.9970238095238095,0.9967105263157895,0.9968572976700655,0.9937342864569987,,8.8,False,0.9895833333333334,1.0,40,False
44,kr-vs-kp,XGBoost_T,8,OK,0.9968652037617555,1.0,0.9970238095238095,0.9967105263157895,0.9968572976700655,0.9937342864569987,,8.9,False,0.9947916666666666,1.0,40,False
44,kr-vs-kp,XGBoost_T,9,OK,0.9968652037617555,0.9999606268210095,0.9970059880239521,0.9967320261437909,0.9968591542362034,0.9937379764037085,,11.1,False,0.9913194444444444,0.9965277777777778,40,False
44,magic,CatBoost_T,0,OK,0.883,0.9322648475190848,0.885,0.8549181515283211,0.866772792954672,0.7393064001843987,,91.8,False,0.8766666666666667,0.8827777777777778,40,False
44,magic,CatBoost_T,1,OK,0.872,0.929104166392302,0.8689156468510999,0.8457894898572864,0.8552691090004523,0.7143308850246157,,187.6,True,0.8855555555555555,0.8827777777777778,40,False
44,magic,CatBoost_T,2,OK,0.877,0.9235641947506354,0.874450677886863,0.8516038261800973,0.8610293544418068,0.725694952609572,,117.0,False,0.8783333333333333,0.8916666666666667,40,False
44,magic,CatBoost_T,3,OK,0.875,0.9249426029087047,0.8769579238329239,0.8448303109320059,0.8572066653643915,0.7210728620149021,,182.2,False,0.8811111111111111,0.8866666666666667,40,False
44,magic,CatBoost_T,4,OK,0.892,0.955131497504379,0.8930486813222969,0.8670845789489857,0.8776946806245725,0.7596896989946604,,80.1,False,0.8877777777777778,0.8938888888888888,40,False
44,magic,CatBoost_T,5,OK,0.886,0.9431472482319941,0.8846363852734052,0.8618079974012177,0.8712963841057808,0.7460952225645571,,97.2,False,0.8744444444444445,0.8816666666666667,40,False
44,magic,CatBoost_T,6,OK,0.88,0.9283842334689792,0.8833513643466764,0.8499905618549686,0.8628075968006732,0.7325827172287428,,109.6,False,0.8766666666666667,0.8838888888888888,40,False
44,magic,CatBoost_T,7,OK,0.877,0.9339373746153408,0.8732196245195075,0.8529119969797936,0.8614513812621442,0.7258475955770003,,94.3,False,0.8805555555555555,0.8872222222222222,40,False
44,magic,CatBoost_T,8,OK,0.893,0.9500967032967034,0.8952583206670739,0.8669230769230769,0.8783525524931474,0.7616545127513155,,152.2,False,0.8711111111111111,0.8738888888888889,40,False
44,magic,CatBoost_T,9,OK,0.888,0.9183868131868133,0.884928566141091,0.8657142857142857,0.8739369054211633,0.7503968966282132,,77.6,False,0.8733333333333333,0.8811111111111111,40,False
44,magic,EBM_T,0,OK,0.877,0.9287661491051321,0.8785971051071721,0.8476793137810087,0.8597169932903664,0.7256180309312553,,1156.5,True,0.8811111111111111,0.8761111111111111,40,False
44,magic,EBM_T,1,OK,0.886,0.9304562355409812,0.8815602934496856,0.8650784244004583,0.8722568846815835,0.7464567790472204,,1159.1,True,0.88,0.8738888888888889,40,False
44,magic,EBM_T,2,OK,0.873,0.9257591121997901,0.8723932142924913,0.8445976496823955,0.8556147118376609,0.7164518864595588,,1053.7,True,0.8833333333333333,0.8788888888888889,40,False
44,magic,EBM_T,3,OK,0.879,0.9267073165378252,0.8809872081684162,0.8498742312301635,0.8619980177897101,0.7301988950045073,,1092.0,True,0.8805555555555555,0.8805555555555555,40,False
44,magic,EBM_T,4,OK,0.904,0.9522868844902743,0.9049113848700885,0.8822163398434585,0.891782699660919,0.7868004765783791,,787.7,True,0.8866666666666667,0.8822222222222222,40,False
44,magic,EBM_T,5,OK,0.881,0.9404036014205507,0.8818810603616767,0.8533773194790144,0.8647098480998555,0.7347056702392136,,551.7,True,0.8794444444444445,0.8788888888888889,40,False
44,magic,EBM_T,6,OK,0.892,0.9379628532170905,0.8930486813222969,0.8670845789489857,0.8776946806245725,0.7596896989946604,,714.7,True,0.8794444444444445,0.8727777777777778,40,False
44,magic,EBM_T,7,OK,0.864,0.9238890425331103,0.8620478234212139,0.8343934784612751,0.8452604176148258,0.6958920348535489,,2811.9,False,0.8827777777777778,0.8877777777777778,40,False
44,magic,EBM_T,8,OK,0.89,0.9430065934065934,0.889891900007507,0.8652747252747253,0.8754297673028053,0.7547652791751427,,355.4,False,0.8661111111111112,0.8722222222222222,40,False
44,magic,EBM_T,9,OK,0.872,0.9180395604395604,0.8653492647058824,0.8494505494505494,0.8563573111884188,0.7146229811385156,,898.5,True,0.8822222222222222,0.8705555555555555,40,False
44,magic,FIGS_T,0,OK,0.845,0.8792949047186335,0.8457644362788677,0.807327951395748,0.8208736512074849,0.6519603542151625,,69.0,False,0.825,0.8472222222222222,40,False
44,magic,FIGS_T,1,OK,0.856,0.890493373544221,0.8531767804235707,0.824959723264808,0.8358974358974358,0.6775491977118692,,64.8,False,0.8322222222222222,0.8538888888888889,40,False
44,magic,FIGS_T,2,OK,0.843,0.8696087340155136,0.836263611615245,0.8123279733449225,0.8217883594880673,0.6481497738190877,,56.7,False,0.8366666666666667,0.8533333333333334,40,False
44,magic,FIGS_T,3,OK,0.847,0.8751816294189175,0.8460323033707865,0.811485125044447,0.824073020045327,0.6566092149364566,,68.9,False,0.8216666666666667,0.845,40,False
44,magic,FIGS_T,4,OK,0.869,0.910210316989978,0.8683333333333334,0.8395537293842379,0.8508310758723251,0.7073017941158101,,55.4,False,0.8344444444444444,0.8527777777777777,40,False
44,magic,FIGS_T,5,OK,0.863,0.9065294404277456,0.8625614250614251,0.8316608062370774,0.8434985052393731,0.6935341795364839,,84.6,False,0.8266666666666667,0.8416666666666667,40,False
44,magic,FIGS_T,6,OK,0.859,0.9038340818001835,0.8551686327888688,0.8298873129381603,0.839950055336417,0.6845892955944903,,56.5,False,0.81,0.8405555555555555,40,False
44,magic,FIGS_T,7,OK,0.838,0.8864415559330814,0.8311541404664471,0.8058595516222635,0.8156778503941309,0.6365112942310562,,69.5,False,0.8294444444444444,0.8533333333333334,40,False
44,magic,FIGS_T,8,OK,0.86,0.9155758241758242,0.8530575105383373,0.8342857142857143,0.8421831036721737,0.6870868419472,,61.8,False,0.8305555555555556,0.84,40,False
44,magic,FIGS_T,9,OK,0.837,0.8580285714285715,0.8336493493165746,0.8001098901098902,0.8122619441139513,0.6328711387277305,,46.7,False,0.82,0.8494444444444444,40,False
44,magic,LightGBM_T,0,OK,0.873,0.9270014354760118,0.8745585073710074,0.8426353934828511,0.8549219720102217,0.7164830816018324,,74.6,True,0.8788888888888889,0.8788888888888889,40,False
44,magic,LightGBM_T,1,OK,0.876,0.9301884556121844,0.8723579390878524,0.8514874955552922,0.8602193203953539,0.7235444961026772,,51.3,False,0.8733333333333333,0.8777777777777778,40,False
44,magic,LightGBM_T,2,OK,0.876,0.9275194359940121,0.8749144946338012,0.8488711539558997,0.8593568524970965,0.7233169495530632,,51.9,False,0.8811111111111111,0.8855555555555555,40,False
44,magic,LightGBM_T,3,OK,0.888,0.92794086014425,0.8890671069701616,0.8620406586508281,0.8729674796747967,0.7506213737080752,,52.1,False,0.875,0.8794444444444445,40,False
44,magic,LightGBM_T,4,OK,0.889,0.9463869463869463,0.8884759233286583,0.8647733308750258,0.8745874662035819,0.7528762355589286,,55.0,False,0.8827777777777778,0.8861111111111111,40,False
44,magic,LightGBM_T,5,OK,0.887,0.9411147546740767,0.8841975719890444,0.8645406696254154,0.8729067574239886,0.7484801671690304,,60.9,True,0.8766666666666667,0.8755555555555555,40,False
44,magic,LightGBM_T,6,OK,0.894,0.9320190167647795,0.8961434131383418,0.8686254109982924,0.8797727932636469,0.7642735857855812,,49.5,False,0.8755555555555555,0.8772222222222222,40,False
44,magic,LightGBM_T,7,OK,0.864,0.9307679138187613,0.8607618822974408,0.8357016492609712,0.8457462253193961,0.6960125253980514,,56.2,False,0.8883333333333333,0.89,40,False
44,magic,LightGBM_T,8,OK,0.889,0.9490901098901099,0.8876954811250752,0.8651648351648351,0.8745874662035819,0.7525231065135197,,49.3,False,0.8627777777777778,0.8733333333333333,40,False
44,magic,LightGBM_T,9,OK,0.877,0.921578021978022,0.8736950424446632,0.851978021978022,0.8610293544418068,0.7253480319478796,,51.3,False,0.87,0.8761111111111111,40,False
44,magic,RuleFit_T,0,OK,0.851,0.9120847764915562,0.8710670462142287,0.8021391665459462,0.8221088813036435,0.6696682404768295,,415.0,False,0.8205555555555556,0.8583333333333333,40,False
44,magic,RuleFit_T,1,OK,0.851,0.9124315734485225,0.8686666666666667,0.8034473373456424,0.8227876103563396,0.6689422048819869,,445.6,False,0.8266666666666667,0.8605555555555555,40,False
44,magic,RuleFit_T,2,OK,0.849,0.9124315734485227,0.8648565486800781,0.8019065052963358,0.8207483223348777,0.6637848011109769,,364.1,False,0.8377777777777777,0.8655555555555555,40,False
44,magic,RuleFit_T,3,OK,0.862,0.906364821619059,0.8839619463205686,0.8151923406160695,0.8357142857142857,0.695763938612175,,502.5,False,0.8244444444444444,0.8622222222222222,40,False
44,magic,RuleFit_T,4,OK,0.871,0.9303859981826084,0.8966626630061771,0.8247424264373417,0.8462819903264899,0.7178111051292632,,490.5,False,0.8272222222222222,0.8566666666666667,40,False
44,magic,RuleFit_T,5,OK,0.856,0.9120364883076748,0.8771768526434075,0.8079535028687571,0.828243455359997,0.6816243334052867,,330.3,False,0.8311111111111111,0.8616666666666667,40,False
44,magic,RuleFit_T,6,OK,0.861,0.9198811232709536,0.8784022177419355,0.8163841807909604,0.8356101524331472,0.6920129353408501,,341.5,False,0.8133333333333334,0.8494444444444444,40,False
44,magic,RuleFit_T,7,OK,0.856,0.9064877369962115,0.8771768526434075,0.8079535028687571,0.828243455359997,0.6816243334052867,,435.9,False,0.83,0.8611111111111112,40,False
44,magic,RuleFit_T,8,OK,0.867,0.9285582417582416,0.8838859102016997,0.8238461538461539,0.8429972648470876,0.7051807584855118,,416.8,False,0.8288888888888889,0.855,40,False
44,magic,RuleFit_T,9,OK,0.846,0.8801230769230768,0.8560291060291061,0.8010989010989011,0.8183748083500413,0.6548281380166493,,394.4,False,0.8227777777777778,0.8533333333333334,40,False
44,magic,XGBoost_T,0,OK,0.877,0.9259917734494006,0.8778571428571429,0.8483333991808568,0.8599406284908091,0.7255901404407179,,37.5,False,0.8722222222222222,0.8816666666666667,40,False
44,magic,XGBoost_T,1,OK,0.878,0.9298328789854213,0.8779682846333414,0.8504119860052064,0.8614083636644537,0.7278588249526147,,34.7,False,0.8722222222222222,0.8777777777777778,40,False
44,magic,XGBoost_T,2,OK,0.873,0.9271858085417406,0.8710468817690381,0.8459058204820916,0.8560663500126366,0.7165117614544531,,42.0,False,0.8855555555555555,0.8883333333333333,40,False
44,magic,XGBoost_T,3,OK,0.882,0.926637079179452,0.8812978552392232,0.856109991703212,0.8663701140157366,0.7369775466476366,,71.6,False,0.8766666666666667,0.8822222222222222,40,False
44,magic,XGBoost_T,4,OK,0.892,0.9525414949143762,0.8916366046136113,0.868392749748682,0.8780702586265292,0.7596738396860736,,35.1,False,0.8833333333333333,0.8861111111111111,40,False
44,magic,XGBoost_T,5,OK,0.882,0.936948801355581,0.8812978552392232,0.856109991703212,0.8663701140157366,0.7369775466476366,,33.2,False,0.865,0.88,40,False
44,magic,XGBoost_T,6,OK,0.882,0.9255966883085527,0.8834357577745142,0.8541477355036677,0.8657406564599225,0.7370017783614284,,55.2,True,0.8788888888888889,0.8777777777777778,40,False
44,magic,XGBoost_T,7,OK,0.867,0.9268565709243675,0.8659523809523809,0.8373588119350831,0.848553687717704,0.7027297075345831,,28.7,False,0.8822222222222222,0.8877777777777778,40,False
44,magic,XGBoost_T,8,OK,0.892,0.9493406593406595,0.8908579308288611,0.8687912087912089,0.8780702586265292,0.7593285686078362,,41.8,False,0.8644444444444445,0.8755555555555555,40,False
44,magic,XGBoost_T,9,OK,0.872,0.9208351648351648,0.8694128948409335,0.8448351648351649,0.8548199767711964,0.7138250667627433,,67.5,False,0.8672222222222222,0.8777777777777778,40,False
44,mfeat-factors,CatBoost_T,0,OK,0.985,0.9998055555555556,0.9854761904761904,0.985,0.9849937460913072,0.9833879675158538,,9338.4,False,0.9722222222222222,0.9833333333333333,14,True
44,mfeat-factors,CatBoost_T,1,OK,0.98,0.9997777777777778,0.980952380952381,0.9800000000000001,0.9798525394160826,0.9779136085456454,,8903.9,False,0.9555555555555556,0.9805555555555555,17,True
44,mfeat-factors,CatBoost_T,2,OK,0.995,0.9999166666666668,0.9952380952380953,0.9949999999999999,0.9949968730456534,0.9944720690522652,,7996.8,True,0.9805555555555555,0.9805555555555555,17,True
44,mfeat-factors,CatBoost_T,3,OK,0.985,0.998638888888889,0.9857142857142858,0.985,0.984855666370429,0.983442610805842,,8016.0,False,0.9777777777777777,0.9833333333333333,22,True
44,mfeat-factors,CatBoost_T,4,OK,0.96,0.9995555555555555,0.961598313966735,0.96,0.959959302571626,0.9557414122346465,,7766.7,False,0.9777777777777777,0.9833333333333333,27,True
44,mfeat-factors,CatBoost_T,5,OK,0.98,0.9995277777777778,0.9807142857142856,0.9799999999999999,0.9801156973108192,0.9778321032926003,,5544.1,False,0.9805555555555555,0.9833333333333333,40,False
44,mfeat-factors,CatBoost_T,6,OK,0.985,1.0,0.9861471861471861,0.985,0.9851067631555438,0.983442610805842,,7178.4,False,0.9805555555555555,0.9833333333333333,40,False
44,mfeat-factors,CatBoost_T,7,OK,0.94,0.9981666666666665,0.9438679042798034,0.9399999999999998,0.9404821994337473,0.9336705530420434,,7403.2,True,0.9666666666666667,0.9666666666666667,16,True
44,mfeat-factors,CatBoost_T,8,OK,0.97,0.9964444444444445,0.9699498746867168,0.97,0.9697373358348969,0.9667203748460935,,8133.9,False,0.9694444444444444,0.975,39,True
44,mfeat-factors,CatBoost_T,9,OK,0.955,0.9978888888888889,0.9589542036910459,0.9550000000000001,0.9553680807852822,0.9503960809010947,,7818.2,False,0.9666666666666667,0.9944444444444445,29,True
44,mfeat-factors,EBM_T,0,OK,0.99,0.9999166666666668,0.9902380952380951,0.99,0.9899968730456535,0.9889163591692915,,42111.7,True,0.9805555555555555,0.9777777777777777,40,False
44,mfeat-factors,EBM_T,1,OK,0.98,0.9969166666666667,0.9811471861471862,0.9799999999999999,0.9799718103890118,0.9779136085456454,,1215.6,False,0.9805555555555555,0.9861111111111112,40,False
44,mfeat-factors,EBM_T,2,OK,0.995,0.9999166666666668,0.9952380952380953,0.9949999999999999,0.9949968730456534,0.9944720690522652,,14808.5,True,0.9805555555555555,0.9805555555555555,40,False
44,mfeat-factors,EBM_T,3,OK,0.98,0.9985277777777778,0.9807142857142856,0.9800000000000001,0.979855666370429,0.9778864378634362,,70291.2,False,0.9888888888888889,0.9916666666666667,40,False
44,mfeat-factors,EBM_T,4,OK,0.97,0.9994722222222222,0.9718614718614719,0.97,0.9698274767594409,0.9669084239961102,,26270.4,False,0.9833333333333333,0.9888888888888889,40,False
44,mfeat-factors,EBM_T,5,OK,0.975,0.999638888888889,0.9766233766233766,0.975,0.974965556480319,0.9724113205875764,,5033.9,False,0.9833333333333333,0.9861111111111112,40,False
44,mfeat-factors,EBM_T,6,OK,0.985,1.0,0.9857142857142858,0.985,0.9849906191369605,0.9834152880222562,,82913.2,True,0.9805555555555555,0.9805555555555555,40,False
44,mfeat-factors,EBM_T,7,OK,0.955,0.9980555555555556,0.9568398268398269,0.9549999999999998,0.9554668096131511,0.9501055731514068,,1642.9,False,0.9666666666666667,0.9722222222222222,40,False
44,mfeat-factors,EBM_T,8,OK,0.975,0.9973611111111111,0.9755916305916307,0.975,0.9747086524942752,0.9723572812243633,,52094.7,True,0.9694444444444444,0.9694444444444444,40,False
44,mfeat-factors,EBM_T,9,OK,0.965,0.9962777777777779,0.9694805194805195,0.9650000000000001,0.9650737378593606,0.961618766126455,,15474.3,True,0.9944444444444445,0.9944444444444445,40,False
44,mfeat-factors,FIGS_T,0,OK,0.91,0.9886111111111109,0.9186696814500019,0.9099999999999998,0.912199150733497,0.9005254598220709,,196.9,False,0.8611111111111112,0.8972222222222223,40,False
44,mfeat-factors,FIGS_T,1,OK,0.875,0.9803055555555555,0.8966708437761068,0.875,0.8774976297569366,0.8636578586092865,,162.7,False,0.8388888888888889,0.8583333333333333,40,False
44,mfeat-factors,FIGS_T,2,OK,0.87,0.9754305555555554,0.9039974937343358,0.8699999999999999,0.8762422203693063,0.8594076506089501,,223.3,False,0.8805555555555555,0.8833333333333333,40,False
44,mfeat-factors,FIGS_T,3,OK,0.915,0.9895277777777778,0.9327476737821565,0.915,0.919960730565902,0.9068664211404242,,192.0,False,0.8805555555555555,0.8944444444444445,40,False
44,mfeat-factors,FIGS_T,4,OK,0.865,0.9753888888888887,0.8895238095238096,0.865,0.8703117515928811,0.8519665257431024,,262.4,False,0.8583333333333333,0.875,40,False
44,mfeat-factors,FIGS_T,5,OK,0.865,0.9723888888888889,0.8730625788327024,0.8649999999999999,0.8652518717671805,0.8509460214391498,,197.9,False,0.8722222222222222,0.8777777777777778,40,False
44,mfeat-factors,FIGS_T,6,OK,0.86,0.9759305555555556,0.8948232323232324,0.86,0.868383576576228,0.8473682011983211,,214.7,False,0.8416666666666667,0.8638888888888889,40,False
44,mfeat-factors,FIGS_T,7,OK,0.88,0.9859166666666667,0.8894590643274853,0.8799999999999999,0.8809543646813196,0.8676553930990026,,200.9,False,0.8416666666666667,0.8527777777777777,40,False
44,mfeat-factors,FIGS_T,8,OK,0.855,0.9705555555555554,0.8768072354800044,0.8550000000000001,0.8573281024581514,0.840853173973961,,147.2,False,0.8388888888888889,0.8722222222222222,40,False
44,mfeat-factors,FIGS_T,9,OK,0.83,0.97075,0.8845028729059669,0.8300000000000001,0.8431092658903321,0.8171715744587728,,173.0,False,0.8972222222222223,0.9027777777777778,40,False
44,mfeat-factors,LightGBM_T,0,OK,0.995,0.9999722222222222,0.9952380952380953,0.9949999999999999,0.9949968730456537,0.9944720690522652,,426.7,False,0.9722222222222222,0.9833333333333333,40,False
44,mfeat-factors,LightGBM_T,1,OK,0.99,0.9986944444444443,0.9904761904761905,0.99,0.9899937460913071,0.9889438317391072,,301.5,False,0.9694444444444444,0.9861111111111112,40,False
44,mfeat-factors,LightGBM_T,2,OK,0.99,0.9998333333333334,0.990909090909091,0.99,0.9901098901098901,0.9889713065986531,,338.5,False,0.975,0.9861111111111112,40,False
44,mfeat-factors,LightGBM_T,3,OK,0.98,0.9983333333333334,0.9802130325814536,0.9800000000000001,0.9798655409631021,0.9778321032926003,,217.9,False,0.9777777777777777,0.9861111111111112,40,False
44,mfeat-factors,LightGBM_T,4,OK,0.98,0.99975,0.980952380952381,0.9800000000000001,0.9798525394160823,0.9779136085456454,,192.5,False,0.9805555555555555,0.9861111111111112,40,False
44,mfeat-factors,LightGBM_T,5,OK,0.985,0.9993888888888888,0.985909090909091,0.985,0.98510989010989,0.9834152880222562,,232.9,False,0.9722222222222222,0.9833333333333333,40,False
44,mfeat-factors,LightGBM_T,6,OK,0.985,0.9999444444444444,0.9857142857142858,0.985,0.9849906191369605,0.9834152880222562,,340.4,False,0.9777777777777777,0.9805555555555555,40,False
44,mfeat-factors,LightGBM_T,7,OK,0.95,0.9983888888888888,0.9528467908902692,0.95,0.9505417056100699,0.9446543909724229,,268.9,False,0.9666666666666667,0.975,40,False
44,mfeat-factors,LightGBM_T,8,OK,0.955,0.9964444444444445,0.9554761904761904,0.9550000000000001,0.9549937460913072,0.9500527821763333,,360.8,False,0.9638888888888889,0.9805555555555555,40,False
44,mfeat-factors,LightGBM_T,9,OK,0.955,0.9983611111111111,0.9572118702553485,0.9549999999999998,0.9548741831453716,0.9502904108895494,,316.9,False,0.9777777777777777,0.9916666666666667,40,False
44,mfeat-factors,RuleFit_T,0,OK,0.99,0.9999444444444444,0.9909090909090909,0.99,0.9901098901098901,0.9889713065986531,,2530.1,False,0.9611111111111111,0.975,40,False
44,mfeat-factors,RuleFit_T,1,OK,0.975,0.994,0.9778656126482212,0.975,0.9753058854650043,0.972492396528458,,2337.3,False,0.95,0.9861111111111112,40,False
44,mfeat-factors,RuleFit_T,2,OK,0.985,0.99925,0.985909090909091,0.985,0.98510989010989,0.9834152880222562,,2614.6,False,0.9444444444444444,0.975,40,False
44,mfeat-factors,RuleFit_T,3,OK,0.99,0.9974444444444444,0.9904761904761905,0.99,0.9899937460913071,0.9889438317391072,,2587.4,False,0.9638888888888889,0.9861111111111112,40,False
44,mfeat-factors,RuleFit_T,4,OK,0.95,0.9991944444444444,0.9519769119769119,0.95,0.9498024141027992,0.9447068994847878,,2607.9,False,0.9611111111111111,0.9805555555555555,40,False
44,mfeat-factors,RuleFit_T,5,OK,0.97,0.9983611111111111,0.9713852813852814,0.97,0.9699686834346654,0.966827818066747,,2665.0,False,0.9638888888888889,0.9833333333333333,40,False
44,mfeat-factors,RuleFit_T,6,OK,0.98,0.9995555555555555,0.9804511278195489,0.9800000000000001,0.9798624140087554,0.9778592694458592,,2634.6,False,0.9555555555555556,0.9805555555555555,40,False
44,mfeat-factors,RuleFit_T,7,OK,0.955,0.9963888888888889,0.9568398268398267,0.9549999999999998,0.9554668096131511,0.9501055731514068,,3069.7,False,0.95,0.9722222222222222,40,False
44,mfeat-factors,RuleFit_T,8,OK,0.97,0.9946666666666667,0.96968671679198,0.97,0.9696091307066919,0.9667203748460935,,2638.6,False,0.9416666666666667,0.9805555555555555,40,False
44,mfeat-factors,RuleFit_T,9,OK,0.95,0.9902777777777778,0.9524687872513959,0.9499999999999998,0.9496253614532865,0.9448119427829926,,2983.7,False,0.9722222222222222,0.9916666666666667,40,False
44,mfeat-factors,XGBoost_T,0,OK,0.995,0.9999166666666668,0.9952380952380953,0.9949999999999999,0.9949968730456537,0.9944720690522652,,568.9,False,0.9694444444444444,0.9833333333333333,40,False
44,mfeat-factors,XGBoost_T,1,OK,0.975,0.9981666666666665,0.9759523809523809,0.975,0.9751125703564728,0.9723032508694623,,501.9,False,0.9611111111111111,0.9777777777777777,40,False
44,mfeat-factors,XGBoost_T,2,OK,0.99,0.9998611111111112,0.990909090909091,0.99,0.9901098901098901,0.9889713065986531,,361.8,False,0.9694444444444444,0.9805555555555555,40,False
44,mfeat-factors,XGBoost_T,3,OK,0.965,0.9981111111111112,0.9658297258297258,0.9649999999999999,0.9648306037137873,0.9612446265817991,,512.9,False,0.9777777777777777,0.9833333333333333,40,False
44,mfeat-factors,XGBoost_T,4,OK,0.965,0.9995833333333334,0.9675324675324675,0.9650000000000001,0.9648055410571456,0.9614316417557104,,268.3,False,0.9666666666666667,0.9833333333333333,40,False
44,mfeat-factors,XGBoost_T,5,OK,0.97,0.998861111111111,0.9713602187286398,0.97,0.9695565037028452,0.9669084239961102,,1081.5,False,0.9555555555555556,0.9805555555555555,40,False
44,mfeat-factors,XGBoost_T,6,OK,0.985,0.9998333333333334,0.9861471861471861,0.985,0.9851067631555438,0.983442610805842,,580.3,False,0.9583333333333334,0.9777777777777777,40,False
44,mfeat-factors,XGBoost_T,7,OK,0.95,0.9991944444444444,0.9528467908902692,0.95,0.9506766583766018,0.9446281399993599,,338.4,False,0.9638888888888889,0.975,40,False
44,mfeat-factors,XGBoost_T,8,OK,0.955,0.9964444444444445,0.9550945545682387,0.9550000000000001,0.9545939426427232,0.9501055731514068,,530.4,False,0.9638888888888889,0.9777777777777777,40,False
44,mfeat-factors,XGBoost_T,9,OK,0.94,0.9977222222222222,0.9420453307180996,0.9400000000000001,0.939831657331732,0.9336186492949958,,517.0,False,0.9805555555555555,0.9861111111111112,40,False
44,optdigits,CatBoost_T,0,OK,0.9786476868327402,0.9997538580361527,0.9796659720570059,0.978505354294828,0.9786857937784967,0.9763662423835695,,1227.1,False,0.9822134387351779,0.9861660079051383,40,False
44,optdigits,CatBoost_T,1,OK,0.9893238434163701,0.9998762177848507,0.9895287748487632,0.989313683896261,0.9893136827216006,0.988161496287712,,680.2,False,0.9861660079051383,0.9901185770750988,40,False
44,optdigits,CatBoost_T,2,OK,0.9857651245551602,0.9998842009486989,0.9860243280615333,0.9858082706766916,0.9858701025647321,0.9841934917421261,,770.9,False,0.9861660079051383,0.9891304347826086,40,False
44,optdigits,CatBoost_T,3,OK,0.9893238434163701,0.9998940522653774,0.9894661731370029,0.9893159033948506,0.989314103362951,0.988154710191716,,757.3,False,0.9841897233201581,0.9901185770750988,40,False
44,optdigits,CatBoost_T,4,OK,0.9786476868327402,0.999557201754044,0.9790282131661442,0.9787257917521075,0.9787866715052272,0.9762954312695317,,637.5,False,0.9851778656126482,0.9901185770750988,40,False
44,optdigits,CatBoost_T,5,OK,0.9911032028469751,0.9998900787421146,0.9911016176805649,0.9911016176805649,0.9910860921410525,0.9901179930625427,,672.1,False,0.9762845849802372,0.9861660079051383,40,False
44,optdigits,CatBoost_T,6,OK,0.9875444839857651,0.9998137294523829,0.9877484659925676,0.9875290498974708,0.9875435078101589,0.9861811302238565,,582.9,False,0.9812252964426877,0.9851778656126482,40,False
44,optdigits,CatBoost_T,7,OK,0.9857651245551602,0.9995830880290869,0.9858675686080407,0.9857444748234222,0.9857434777063562,0.9841970654220401,,606.5,False,0.9822134387351779,0.9871541501976284,40,False
44,optdigits,CatBoost_T,8,OK,0.9857651245551602,0.9997203608337625,0.9857712419327663,0.9857120072909545,0.9857102822484588,0.9841900849517298,,1194.3,False,0.9861660079051383,0.9901185770750988,40,False
44,optdigits,CatBoost_T,9,OK,0.9839857651245552,0.9998875648843081,0.9842386137758188,0.9840214171793118,0.9840215441457092,0.9822304936242752,,1075.2,False,0.9802371541501976,0.9871541501976284,40,False
44,optdigits,EBM_T,0,OK,0.9786476868327402,0.9997105389675476,0.979397693857997,0.9785669306495078,0.9786585584798579,0.9763457110559387,,486.2,True,0.9841897233201581,0.9782608695652174,40,False
44,optdigits,EBM_T,1,OK,0.9804270462633452,0.9998335675163613,0.9805956971385775,0.9802552423378195,0.9803321150161148,0.9782718067693814,,493.8,True,0.9871541501976284,0.9841897233201581,40,False
44,optdigits,EBM_T,2,OK,0.9857651245551602,0.9997146399831222,0.9861340852130326,0.9858395989974935,0.9858521740158908,0.9842144335202554,,277.3,False,0.9822134387351779,0.9841897233201581,40,False
44,optdigits,EBM_T,3,OK,0.9857651245551602,0.99985932209831,0.9860155555620658,0.9857758031442241,0.9857412430795642,0.9842178407368081,,377.6,True,0.9792490118577075,0.9752964426877471,40,False
44,optdigits,EBM_T,4,OK,0.9839857651245552,0.9994752826309574,0.9843282186657868,0.9840516062884485,0.9840652543033013,0.9822336993680771,,342.4,True,0.9871541501976284,0.9851778656126482,40,False
44,optdigits,EBM_T,5,OK,0.9893238434163701,0.999901285717686,0.9895017716705556,0.9893785600364549,0.9893634693646339,0.9881549183359125,,348.8,True,0.9841897233201581,0.9822134387351779,40,False
44,optdigits,EBM_T,6,OK,0.9857651245551602,0.9997180569369195,0.9860492255957357,0.9857433356117566,0.9857718116748359,0.9842108047968616,,323.8,True,0.9822134387351779,0.9782608695652174,40,False
44,optdigits,EBM_T,7,OK,0.9857651245551602,0.999688713433901,0.9859876492410559,0.9857131465026201,0.9857416853099634,0.9842073421371839,,501.4,True,0.9812252964426877,0.9792490118577075,40,False
44,optdigits,EBM_T,8,OK,0.9822064056939501,0.9998386981006373,0.9822825527557656,0.9821405787195261,0.9820863005220032,0.980256469625296,,576.8,True,0.983201581027668,0.9802371541501976,40,False
44,optdigits,EBM_T,9,OK,0.9822064056939501,0.999708951934507,0.9825155561317086,0.9822670312143996,0.9822832382038635,0.9802533677739282,,391.8,True,0.9822134387351779,0.9782608695652174,40,False
44,optdigits,FIGS_T,0,OK,0.8932384341637011,0.9855975924050681,0.8988456917416231,0.893332606594857,0.8949497979642265,0.8816323842710146,,152.9,False,0.8705533596837944,0.8824110671936759,40,False
44,optdigits,FIGS_T,1,OK,0.891459074733096,0.9877203930444244,0.8967556784497367,0.8914988293618057,0.8923489596581511,0.8797949721153271,,167.1,False,0.8794466403162056,0.8942687747035574,40,False
44,optdigits,FIGS_T,2,OK,0.8754448398576512,0.9856404194677104,0.8892582236928981,0.8755838459785827,0.8786116568504143,0.8626161910990214,,224.9,False,0.8468379446640316,0.8962450592885376,40,False
44,optdigits,FIGS_T,3,OK,0.8985765124555161,0.984454728793172,0.9023357940379573,0.8987969924812029,0.8995699548322603,0.8875506048632462,,234.9,False,0.8705533596837944,0.9031620553359684,40,False
44,optdigits,FIGS_T,4,OK,0.8718861209964412,0.9824218397850771,0.8736358759633601,0.872295511506038,0.8721230540729408,0.8578626753075038,,150.9,False,0.8843873517786561,0.9130434782608695,40,False
44,optdigits,FIGS_T,5,OK,0.9092526690391459,0.9932592453756527,0.9139427722035327,0.9093591934381408,0.910054422140363,0.8995439649924306,,241.4,False,0.8814229249011858,0.9090909090909091,40,False
44,optdigits,FIGS_T,6,OK,0.9145907473309609,0.9908999445007958,0.9204800537392213,0.9145596946912736,0.9158666161671271,0.9054994363250168,,200.0,False,0.8616600790513834,0.883399209486166,40,False
44,optdigits,FIGS_T,7,OK,0.8861209964412812,0.983927891545371,0.8902291329252601,0.8863038277511961,0.8875620359974578,0.8736470799496864,,257.4,False,0.8784584980237155,0.9051383399209486,40,False
44,optdigits,FIGS_T,8,OK,0.8665480427046264,0.9807711356618214,0.8752068639134059,0.8664673046251993,0.8692718305603281,0.8521454083526713,,240.2,False,0.8705533596837944,0.9110671936758893,40,False
44,optdigits,FIGS_T,9,OK,0.891459074733096,0.987045050206593,0.8940843699711465,0.8916307814992026,0.892309902503559,0.8795251598370581,,189.0,False,0.8517786561264822,0.8893280632411067,40,False
44,optdigits,LightGBM_T,0,OK,0.9804270462633452,0.999837972432369,0.981290643385047,0.98032131661442,0.9804930808931086,0.9783230595208299,,128.4,False,0.983201581027668,0.9861660079051383,40,False
44,optdigits,LightGBM_T,1,OK,0.9857651245551602,0.9999147132523909,0.9859140907825118,0.98558327637275,0.9856574980795433,0.9842033237764115,,114.5,False,0.983201581027668,0.991106719367589,40,False
44,optdigits,LightGBM_T,2,OK,0.9928825622775801,0.9999298037436957,0.9931818181818182,0.9928884711779448,0.9929473380800815,0.9921124663555181,,135.9,False,0.9841897233201581,0.9881422924901185,40,False
44,optdigits,LightGBM_T,3,OK,0.994661921708185,0.9999254877535353,0.9948244552058112,0.9946103896103896,0.9946557281736024,0.9940826322892343,,116.4,False,0.9782608695652174,0.9841897233201581,40,False
44,optdigits,LightGBM_T,4,OK,0.9822064056939501,0.9996060604184587,0.9827037443674375,0.9821696286169971,0.982236514639174,0.9802735751076334,,110.6,False,0.9901185770750988,0.9930830039525692,40,False
44,optdigits,LightGBM_T,5,OK,0.994661921708185,0.9999258200713635,0.9946719659650695,0.9946417179311917,0.9946415829265003,0.9940721821818892,,168.6,False,0.983201581027668,0.9861660079051383,40,False
44,optdigits,LightGBM_T,6,OK,0.9839857651245552,0.9998315950424725,0.9843261679516255,0.9839576213260424,0.9840170061007475,0.9822335748469737,,110.9,False,0.983201581027668,0.9901185770750988,40,False
44,optdigits,LightGBM_T,7,OK,0.9839857651245552,0.9998082779953389,0.9841769784963977,0.9839587605377078,0.9839886568737525,0.9822233326578452,,130.7,False,0.9782608695652174,0.9861660079051383,40,False
44,optdigits,LightGBM_T,8,OK,0.9875444839857651,0.9998905313050169,0.9877095676735006,0.9874663932558668,0.9874943147050788,0.9861809846874648,,123.8,False,0.983201581027668,0.9891304347826086,40,False
44,optdigits,LightGBM_T,9,OK,0.9857651245551602,0.9999296365698747,0.9858709273182956,0.9857758031442241,0.9857762073523985,0.9841936585210385,,81.1,False,0.9812252964426877,0.9861660079051383,40,False
44,optdigits,RuleFit_T,0,OK,0.9661921708185054,0.9980568851304733,0.9672257229435035,0.9661586961133242,0.9662988076601877,0.9625212065363478,,3422.7,False,0.9426877470355731,0.9762845849802372,40,False
44,optdigits,RuleFit_T,1,OK,0.9679715302491103,0.9990128050547634,0.9684842301634575,0.9679388321901934,0.9680472067739,0.9644483075364197,,4425.4,False,0.9397233201581028,0.9812252964426877,40,False
44,optdigits,RuleFit_T,2,OK,0.9733096085409253,0.999078333434586,0.9738982498910881,0.9733384597858283,0.9734064921247032,0.9703909079160206,,3508.7,False,0.9407114624505929,0.9792490118577075,40,False
44,optdigits,RuleFit_T,3,OK,0.9786476868327402,0.9985773532776309,0.9791440785162525,0.9785042150831625,0.9784732192984331,0.9763499766422092,,4753.9,False,0.9337944664031621,0.974308300395257,40,False
44,optdigits,RuleFit_T,4,OK,0.9697508896797153,0.9976429429440637,0.9701865121200536,0.969794941900205,0.9698585425795283,0.966420522760868,,3993.3,False,0.9456521739130435,0.9841897233201581,40,False
44,optdigits,RuleFit_T,5,OK,0.9822064056939501,0.9993769576623116,0.9828744860397632,0.9822670312143996,0.9823280384791898,0.980284614116954,,3181.4,False,0.9318181818181818,0.9772727272727273,40,False
44,optdigits,RuleFit_T,6,OK,0.9750889679715302,0.9989594316400405,0.9753878070261995,0.9750592390066075,0.9750883633367282,0.9723517060176429,,3704.9,False,0.9347826086956522,0.9802371541501976,40,False
44,optdigits,RuleFit_T,7,OK,0.9697508896797153,0.9986503383887273,0.9696599990542394,0.9697983595352018,0.9696194291471786,0.9664134868215003,,3681.6,False,0.9397233201581028,0.9762845849802372,40,False
44,optdigits,RuleFit_T,8,OK,0.9786476868327402,0.9992400005328763,0.9786796903686437,0.978568010936432,0.9785303503461804,0.9762953481111886,,4199.6,False,0.950592885375494,0.9792490118577075,40,False
44,optdigits,RuleFit_T,9,OK,0.9733096085409253,0.9989151564906187,0.9732620605851097,0.9733384597858283,0.9732084397955381,0.9703642205046666,,3015.2,False,0.9337944664031621,0.974308300395257,40,False
44,optdigits,XGBoost_T,0,OK,0.9786476868327402,0.9998450816848076,0.9796983257348885,0.9785356023287057,0.9787165606217976,0.9763662423835695,,120.5,False,0.9772727272727273,0.983201581027668,40,False
44,optdigits,XGBoost_T,1,OK,0.9768683274021353,0.9997652102283062,0.9773681955385938,0.9766838137663909,0.9767821594831814,0.974351308842979,,154.6,False,0.9822134387351779,0.9851778656126482,40,False
44,optdigits,XGBoost_T,2,OK,0.9893238434163701,0.9998489652005409,0.9896080478975214,0.9893483709273182,0.9893744777966947,0.9881616216320285,,118.7,False,0.9792490118577075,0.9851778656126482,40,False
44,optdigits,XGBoost_T,3,OK,0.9857651245551602,0.9997524162196942,0.9860421913157673,0.9857444748234222,0.985691209286127,0.9842282289362946,,138.3,False,0.9733201581027668,0.9802371541501976,40,False
44,optdigits,XGBoost_T,4,OK,0.9875444839857651,0.9995891897520395,0.9878304925245773,0.9875603782182729,0.9876043280479943,0.986181032992438,,151.6,False,0.9861660079051383,0.9920948616600791,40,False
44,optdigits,XGBoost_T,5,OK,0.994661921708185,0.9998938830617423,0.9946719659650695,0.9946417179311917,0.9946415829265003,0.9940721821818892,,148.9,False,0.9792490118577075,0.9841897233201581,40,False
44,optdigits,XGBoost_T,6,OK,0.9839857651245552,0.9996486803112088,0.9842968903449849,0.9839262930052405,0.9840018859550158,0.9822301815074906,,139.3,False,0.9822134387351779,0.9871541501976284,40,False
44,optdigits,XGBoost_T,7,OK,0.9804270462633452,0.9997691156526649,0.9808205859476278,0.9804186602870812,0.9804932654289816,0.9782793783275163,,92.5,False,0.974308300395257,0.9851778656126482,40,False
44,optdigits,XGBoost_T,8,OK,0.9839857651245552,0.9998871693992217,0.9840417535020567,0.9839262930052403,0.9839233379457137,0.9822198770877699,,132.2,False,0.983201581027668,0.9871541501976284,40,False
44,optdigits,XGBoost_T,9,OK,0.9822064056939501,0.9998380986620532,0.9824797888137271,0.9822357028935975,0.9822190379999334,0.9802602650651036,,147.7,False,0.9733201581027668,0.9802371541501976,40,False
44,page-blocks,CatBoost_T,0,OK,0.9653284671532847,0.9963380411602921,0.9097690615835777,0.8325711382113822,0.8642367100862526,0.8115700076037519,,586.9,False,0.9878172588832488,0.9898477157360406,40,False
44,page-blocks,CatBoost_T,1,OK,0.968978102189781,0.9952518297508067,0.8469940456716613,0.8779567569791602,0.8570521369943707,0.8367596059302215,,259.5,False,0.9715736040609138,0.9766497461928934,40,False
44,page-blocks,CatBoost_T,2,OK,0.9762773722627737,0.9945811734681008,0.848176092912935,0.8746332983603858,0.8530045927000243,0.8745091070325177,,395.4,False,0.9705583756345177,0.9725888324873097,40,False
44,page-blocks,CatBoost_T,3,OK,0.9689213893967094,0.9933109536296097,0.8862597151536671,0.7474582896171491,0.8006592898806751,0.8292580750224225,,293.7,False,0.9695740365111561,0.9746450304259635,40,False
44,page-blocks,CatBoost_T,4,OK,0.9762340036563071,0.9892084952850398,0.905299539170507,0.8670575407846283,0.8749783383074998,0.8706112825897235,,336.2,True,0.9766734279918864,0.9766734279918864,40,False
44,page-blocks,CatBoost_T,5,OK,0.9780621572212066,0.9913869662746764,0.9008299866131191,0.8092863461498899,0.850235848299549,0.879625176069403,,217.8,False,0.9695740365111561,0.9766734279918864,40,False
44,page-blocks,CatBoost_T,6,OK,0.9707495429616088,0.996135614560405,0.8561601968722712,0.7995762101668416,0.8239432092574172,0.8423697416174848,,715.2,False,0.9756592292089249,0.9776876267748479,40,False
44,page-blocks,CatBoost_T,7,OK,0.9780621572212066,0.9965195357177752,0.9152751654475793,0.8957477010430168,0.8974137562056027,0.8815591510592292,,214.8,False,0.9746450304259635,0.9776876267748479,40,False
44,page-blocks,CatBoost_T,8,OK,0.9762340036563071,0.9929137286872823,0.8427146464646464,0.8662047302291205,0.8449711635881849,0.8698225657758493,,239.7,False,0.9655172413793104,0.9746450304259635,40,False
44,page-blocks,CatBoost_T,9,OK,0.9707495429616088,0.9971906000834885,0.922067448680352,0.8755912786400591,0.8975582350525141,0.8384989213990798,,349.3,False,0.9726166328600405,0.9746450304259635,40,False
44,page-blocks,EBM_T,0,OK,0.9762773722627737,0.9976259883119976,0.9525252525252526,0.8847730352303522,0.9144636569104655,0.8721259431699536,,197.3,False,0.983756345177665,0.9868020304568528,40,False
44,page-blocks,EBM_T,1,OK,0.9762773722627737,0.9944717237136323,0.8742570176012563,0.9070542492131087,0.8851677767033992,0.875228084457886,,191.5,False,0.9715736040609138,0.9756345177664975,40,False
44,page-blocks,EBM_T,2,OK,0.9671532846715328,0.9923338548720875,0.7804703476482617,0.8119905778765248,0.794613481756339,0.8325946076348656,,225.0,True,0.9725888324873097,0.9725888324873097,40,False
44,page-blocks,EBM_T,3,OK,0.9744058500914077,0.9913720143929,0.816360544217687,0.7890678680902714,0.7983215102288754,0.8663292128628005,,126.5,False,0.9695740365111561,0.9756592292089249,40,False
44,page-blocks,EBM_T,4,OK,0.9689213893967094,0.9867892697051804,0.8425900724662334,0.8355325145549178,0.8301756046510329,0.8325671537722706,,122.4,False,0.9716024340770791,0.9756592292089249,40,False
44,page-blocks,EBM_T,5,OK,0.9689213893967094,0.9904892722912484,0.8278264208909369,0.7676603098191692,0.7948771529888551,0.8303263504851812,,245.5,True,0.9756592292089249,0.973630831643002,40,False
44,page-blocks,EBM_T,6,OK,0.9780621572212066,0.9980066050553538,0.9295189330793047,0.8731181468452345,0.8973922079189318,0.8819111686032193,,475.4,False,0.9726166328600405,0.9746450304259635,40,False
44,page-blocks,EBM_T,7,OK,0.979890310786106,0.991299438046167,0.9291471163245358,0.8355489724125162,0.8696716969729288,0.8908060965392919,,131.9,False,0.9746450304259635,0.9776876267748479,40,False
44,page-blocks,EBM_T,8,OK,0.9744058500914077,0.9849114430291998,0.8075481612752489,0.8525129342202513,0.8222609424149155,0.8640374891089119,,140.4,False,0.9695740365111561,0.973630831643002,40,False
44,page-blocks,EBM_T,9,OK,0.9725776965265083,0.9963088968531058,0.9327814106863404,0.8653917220990393,0.895428171424127,0.8476646357401928,,301.0,False,0.9726166328600405,0.9766734279918864,40,False
44,page-blocks,FIGS_T,0,OK,0.9452554744525548,0.900910244988455,0.7540758937229297,0.6351117886178861,0.6837865755726502,0.695227195883599,,47.2,True,0.9796954314720813,0.9786802030456853,40,False
44,page-blocks,FIGS_T,1,OK,0.9653284671532847,0.9776606897598672,0.8196747967479675,0.871488818942994,0.8372338410995583,0.8191198045393534,,43.1,False,0.9705583756345177,0.9715736040609138,40,False
44,page-blocks,FIGS_T,2,OK,0.9708029197080292,0.9569002109146479,0.7704878048780488,0.7465459071365386,0.7525065507568051,0.8473995489692839,,40.9,False,0.966497461928934,0.9675126903553299,40,False
44,page-blocks,FIGS_T,3,OK,0.9670932358318098,0.9748408981502873,0.8612418300653595,0.7729062519286553,0.7718997017232009,0.8218391402671135,,37.6,False,0.9675456389452333,0.9685598377281948,40,False
44,page-blocks,FIGS_T,4,OK,0.9652650822669104,0.9824949418396361,0.9605038648726023,0.6908926330514926,0.7618538324420678,0.8068290367691848,,38.7,False,0.9695740365111561,0.973630831643002,40,False
44,page-blocks,FIGS_T,5,OK,0.9707495429616088,0.9412235639267126,0.8842135642135641,0.7874549980456294,0.8152186161821049,0.8414628196954347,,43.2,False,0.962474645030426,0.9655172413793104,40,False
44,page-blocks,FIGS_T,6,OK,0.9707495429616088,0.9769642821617589,0.8710193099081988,0.9070377913555102,0.8877506316783608,0.8529946357036113,,63.1,False,0.9645030425963489,0.973630831643002,40,False
44,page-blocks,FIGS_T,7,OK,0.9707495429616088,0.9369947348847607,0.8771608151367671,0.7648419017054455,0.8057360490147374,0.8381678035519112,,49.5,False,0.9675456389452333,0.9726166328600405,40,False
44,page-blocks,FIGS_T,8,OK,0.9744058500914077,0.9694138447974027,0.8426075268817204,0.8551921655580191,0.8371862348178137,0.8588737531561977,,37.3,False,0.9634888438133874,0.9705882352941176,40,False
44,page-blocks,FIGS_T,9,OK,0.9707495429616088,0.9536322206038828,0.9172177419354839,0.8649852180339985,0.8891620660041714,0.8384477343718365,,39.3,False,0.9614604462474645,0.9695740365111561,40,False
44,page-blocks,LightGBM_T,0,OK,0.9635036496350365,0.9960988693368595,0.9097895791583166,0.6892276422764227,0.7584382166773691,0.7976210315220224,,68.4,False,0.9827411167512691,0.9868020304568528,40,False
44,page-blocks,LightGBM_T,1,OK,0.9744525547445255,0.9929199515611697,0.8851840726713391,0.9009936431525027,0.8856436141114206,0.8647003336736233,,41.6,False,0.9675126903553299,0.9746192893401016,40,False
44,page-blocks,LightGBM_T,2,OK,0.9653284671532847,0.9938629597815158,0.7989686016794451,0.7621047542636137,0.7735020747346495,0.8116764527123935,,47.5,False,0.9695431472081218,0.9746192893401016,40,False
44,page-blocks,LightGBM_T,3,OK,0.9689213893967094,0.9902386544289602,0.811388748144395,0.8524923368100558,0.8301683015649093,0.8422045879063695,,54.7,False,0.9634888438133874,0.973630831643002,40,False
44,page-blocks,LightGBM_T,4,OK,0.9707495429616088,0.9864982042274251,0.8538488843813387,0.8658355448579481,0.8553129319269921,0.8436021633115176,,43.4,False,0.9746450304259635,0.9787018255578094,40,False
44,page-blocks,LightGBM_T,5,OK,0.9725776965265083,0.9966075834242337,0.9314641982377452,0.7805961858915016,0.844949494949495,0.8481791498776373,,49.4,False,0.9705882352941176,0.9746450304259635,40,False
44,page-blocks,LightGBM_T,6,OK,0.9780621572212066,0.9981148633561677,0.9457374204742626,0.8731181468452345,0.90168806608938,0.8819556564524113,,41.8,False,0.9726166328600405,0.9766734279918864,40,False
44,page-blocks,LightGBM_T,7,OK,0.979890310786106,0.9967141803523472,0.9535269605066032,0.8298956983274703,0.8743806966234313,0.8900690802342662,,41.6,False,0.9716024340770791,0.9776876267748479,40,False
44,page-blocks,LightGBM_T,8,OK,0.9762340036563071,0.9942156107337065,0.82384686257395,0.8775129342202513,0.8427945392528601,0.8737812154964284,,46.5,False,0.962474645030426,0.9726166328600405,40,False
44,page-blocks,LightGBM_T,9,OK,0.9689213893967094,0.9963046351917196,0.9307459363170786,0.853270509977827,0.8879976935274614,0.825220163501967,,54.5,False,0.9716024340770791,0.9756592292089249,40,False
44,page-blocks,RuleFit_T,0,OK,0.9616788321167883,0.9949938288123636,0.8519268817204301,0.7329776422764227,0.7807296466973888,0.7862514539669847,,2716.3,False,0.9796954314720813,0.9868020304568528,40,False
44,page-blocks,RuleFit_T,1,OK,0.968978102189781,0.9921666136698505,0.8616047572499186,0.8616974222880536,0.8516041879546737,0.8345090279147316,,2338.1,False,0.9705583756345177,0.9776649746192894,40,False
44,page-blocks,RuleFit_T,2,OK,0.9817518248175182,0.9933518616207543,0.8438252175523051,0.8640272377543253,0.8521206720977595,0.9054952217142513,,2477.9,False,0.9715736040609138,0.9756345177664975,40,False
44,page-blocks,RuleFit_T,3,OK,0.9707495429616088,0.991226229544117,0.8963492063492063,0.7906807381349132,0.8048410556883304,0.8473223742860515,,2773.8,False,0.9685598377281948,0.9705882352941176,40,False
44,page-blocks,RuleFit_T,4,OK,0.9725776965265083,0.9704889914034338,0.8993457701774841,0.842815116542204,0.8555275573323364,0.8489877843343542,,2919.1,False,0.9675456389452333,0.9787018255578094,40,False
44,page-blocks,RuleFit_T,5,OK,0.9817184643510055,0.9905841036941873,0.9159217171717172,0.8876668929622087,0.8932963396163993,0.9012019618348461,,2333.1,False,0.9716024340770791,0.9756592292089249,40,False
44,page-blocks,RuleFit_T,6,OK,0.9725776965265083,0.9959852025354708,0.9065584854631508,0.8662428768335083,0.8844942432743027,0.8532830814275008,,2931.0,False,0.9716024340770791,0.9787018255578094,40,False
44,page-blocks,RuleFit_T,7,OK,0.9744058500914077,0.9942531757954123,0.8917119470567746,0.8674648727601884,0.8719145242547578,0.8616486322256937,,2509.0,False,0.9726166328600405,0.9787018255578094,40,False
44,page-blocks,RuleFit_T,8,OK,0.9744058500914077,0.9875424395213894,0.8995500499050195,0.8714523281596452,0.8825704190305563,0.8617224947248108,,2878.5,False,0.9695740365111561,0.9766734279918864,40,False
44,page-blocks,RuleFit_T,9,OK,0.9707495429616088,0.9961671702722802,0.8345636240453314,0.9058388765705839,0.8625752348414689,0.843406199664829,,3249.4,False,0.9705882352941176,0.9776876267748479,40,False
44,page-blocks,XGBoost_T,0,OK,0.968978102189781,0.9953909584516503,0.8939359986418811,0.828810975609756,0.8560513954130975,0.832630957244138,,56.0,False,0.9817258883248731,0.9868020304568528,40,False
44,page-blocks,XGBoost_T,1,OK,0.968978102189781,0.9933454110104242,0.8495885985359669,0.8723034828941143,0.8567196701383415,0.8356121481467603,,47.1,False,0.9705583756345177,0.9786802030456853,40,False
44,page-blocks,XGBoost_T,2,OK,0.9726277372262774,0.994300835266696,0.8155490123911177,0.8075592997181591,0.8084426571736216,0.8550474777130854,,81.0,False,0.9675126903553299,0.9746192893401016,40,False
44,page-blocks,XGBoost_T,3,OK,0.9689213893967094,0.9914008594686639,0.811388748144395,0.8524923368100558,0.8301683015649093,0.8422045879063695,,81.9,False,0.9685598377281948,0.973630831643002,40,False
44,page-blocks,XGBoost_T,4,OK,0.9744058500914077,0.9879965133733164,0.9171969696969697,0.8666502088090683,0.8900109221407396,0.8612751170935244,,53.9,False,0.9766734279918864,0.9797160243407708,40,False
44,page-blocks,XGBoost_T,5,OK,0.9762340036563071,0.9961195120380694,0.8732599900478138,0.7967578020531176,0.8304784869413352,0.8699177737639033,,86.4,False,0.9705882352941176,0.973630831643002,40,False
44,page-blocks,XGBoost_T,6,OK,0.9780621572212066,0.9980728341525051,0.9457374204742626,0.8731181468452345,0.90168806608938,0.8819556564524113,,49.9,False,0.973630831643002,0.9756592292089249,40,False
44,page-blocks,XGBoost_T,7,OK,0.979890310786106,0.9970719947100518,0.9535269605066032,0.8298956983274703,0.8743806966234313,0.8900690802342662,,55.5,False,0.9726166328600405,0.9787018255578094,40,False
44,page-blocks,XGBoost_T,8,OK,0.9780621572212066,0.992698326873958,0.914389032020611,0.8885254988913525,0.9002443297068045,0.8806023378075057,,67.9,False,0.9645030425963489,0.9726166328600405,40,False
44,page-blocks,XGBoost_T,9,OK,0.9744058500914077,0.9964910124588953,0.9240338608759661,0.8877124907612712,0.904775526675165,0.8606398509862102,,55.5,False,0.9726166328600405,0.9756592292089249,40,False
44,pendigits,CatBoost_T,0,OK,0.989,0.998519491091686,0.9888864180086486,0.988940274208519,0.9888285915029155,0.9877942797922257,,1568.3,False,0.9966666666666667,0.9988888888888889,40,False
44,pendigits,CatBoost_T,1,OK,0.993,0.999894603950373,0.9931349859634853,0.9929095209811638,0.9930031768252524,0.9922250169665626,,1200.9,False,0.9916666666666667,0.9955555555555555,40,False
44,pendigits,CatBoost_T,2,OK,0.996,0.9999921233657091,0.9959826248313091,0.9959826248313091,0.995968644393099,0.9955581238997308,,597.6,False,0.9888888888888889,0.9905555555555555,40,False
44,pendigits,CatBoost_T,3,OK,0.997,0.9999712689545092,0.9971333490347962,0.9970426065162907,0.9970691535825017,0.9966704452616986,,738.1,False,0.9927777777777778,0.9961111111111111,40,False
44,pendigits,CatBoost_T,4,OK,0.994,0.9999773739590957,0.9939470555065215,0.9941396761133603,0.9940032819987786,0.9933412310508181,,819.6,False,0.99,0.9933333333333333,40,False
44,pendigits,CatBoost_T,5,OK,0.994,0.9999566797921433,0.9941886188437639,0.9940731367884188,0.9940970584891646,0.9933398606229289,,1560.8,False,0.9933333333333333,0.995,40,False
44,pendigits,CatBoost_T,6,OK,0.996,0.9999925060463861,0.9960900247949647,0.9961538461538462,0.9960839283657178,0.9955636656434294,,692.2,False,0.9933333333333333,0.9972222222222222,40,False
44,pendigits,CatBoost_T,7,OK,0.994,0.9999544325577603,0.9941356783574982,0.9941319703759024,0.9940956258596471,0.9933409940080146,,433.0,False,0.9911111111111112,0.9938888888888889,40,False
44,pendigits,CatBoost_T,8,OK,0.994,0.9999892317003474,0.9942406553980382,0.9941597985347986,0.9941360498810227,0.9933476102014156,,1078.7,False,0.9944444444444445,0.9966666666666667,40,False
44,pendigits,CatBoost_T,9,OK,0.996,0.9993431400470817,0.9961207412505798,0.9959024966261808,0.9959815686496661,0.9955613051894621,,1139.1,False,0.9916666666666667,0.995,40,False
44,pendigits,EBM_T,0,OK,0.99,0.997739419918387,0.9899676101359585,0.9898216844649292,0.9898109431222247,0.9889042996449807,,1070.2,False,0.9933333333333333,0.995,40,False
44,pendigits,EBM_T,1,OK,0.992,0.9993542324963887,0.99220246000776,0.9918536784923473,0.9919815076483047,0.9911190792506727,,7481.8,True,0.9916666666666667,0.9894444444444445,40,False
44,pendigits,EBM_T,2,OK,0.994,0.9999832185585141,0.9939572565825365,0.9938883265856949,0.9939029535396162,0.9933365635908378,,1438.1,True,0.9883333333333333,0.9877777777777778,40,False
44,pendigits,EBM_T,3,OK,0.991,0.9999336016331167,0.9912399267399268,0.9910401151570442,0.9910843977844486,0.9900101356486011,,1784.1,True,0.99,0.99,40,False
44,pendigits,EBM_T,4,OK,0.989,0.9987724771477874,0.9889472442248035,0.9889893150799283,0.9889086357453276,0.9877890216770425,,767.1,False,0.9894444444444445,0.99,40,False
44,pendigits,EBM_T,5,OK,0.99,0.999890988658365,0.9899820186482418,0.990255814876558,0.9900603349798948,0.9889005822441721,,1225.2,True,0.99,0.99,40,False
44,pendigits,EBM_T,6,OK,0.991,0.9999552276905238,0.991135841706807,0.9910363798572561,0.9910391165156239,0.9900091574343607,,819.5,False,0.9922222222222222,0.9944444444444445,40,False
44,pendigits,EBM_T,7,OK,0.994,0.9998648033938963,0.9941340970350405,0.9940518421707744,0.9940551634700231,0.9933409348642919,,2305.7,True,0.9911111111111112,0.9911111111111112,40,False
44,pendigits,EBM_T,8,OK,0.991,0.9999325824061669,0.9912069931573356,0.9909345479082322,0.9910040317409733,0.9900134366304856,,2433.8,False,0.9911111111111112,0.9922222222222222,40,False
44,pendigits,EBM_T,9,OK,0.993,0.9995875979791767,0.9931508015321322,0.9928667823404664,0.9929755892139529,0.9922283339245977,,2543.6,True,0.9911111111111112,0.9905555555555555,40,False
44,pendigits,FIGS_T,0,OK,0.934,0.9924673127851296,0.9392710417086567,0.9331206969900249,0.9351615796770176,0.9269284626343252,,237.0,False,0.9022222222222223,0.9416666666666667,40,False
44,pendigits,FIGS_T,1,OK,0.954,0.9947639273449068,0.9560217958172583,0.9535814335755466,0.954315228558805,0.949001618723571,,316.1,False,0.9033333333333333,0.9444444444444444,40,False
44,pendigits,FIGS_T,2,OK,0.938,0.9917679294244565,0.9407107129079915,0.9383270853835921,0.9391632536522895,0.9311753823330648,,280.3,False,0.9127777777777778,0.95,40,False
44,pendigits,FIGS_T,3,OK,0.946,0.9964563226266601,0.9497377303726315,0.9456942251106378,0.9471306489766187,0.9401168224707638,,254.6,False,0.8977777777777778,0.9322222222222222,40,False
44,pendigits,FIGS_T,4,OK,0.953,0.995450529409273,0.9534525783106302,0.9530584139828978,0.953078107051553,0.9478120560043025,,303.5,False,0.9027777777777778,0.9422222222222222,40,False
44,pendigits,FIGS_T,5,OK,0.944,0.9955608553501326,0.9482432495701806,0.9436538309551459,0.9450349079948165,0.9379993538047913,,273.0,False,0.8983333333333333,0.9383333333333334,40,False
44,pendigits,FIGS_T,6,OK,0.94,0.9942363279571612,0.9422980980809695,0.9397861745322091,0.9405600836294032,0.933423760400349,,290.1,False,0.9083333333333333,0.9444444444444444,40,False
44,pendigits,FIGS_T,7,OK,0.927,0.9946061113076468,0.93813720414584,0.9265393455999739,0.9297164454919727,0.919619716305006,,304.3,False,0.9055555555555556,0.9405555555555556,40,False
44,pendigits,FIGS_T,8,OK,0.936,0.9952343999060528,0.9414879570145802,0.9358768847114707,0.937925111752973,0.9290700452820911,,261.4,False,0.9022222222222223,0.9433333333333334,40,False
44,pendigits,FIGS_T,9,OK,0.945,0.9972701281713539,0.9501497832734749,0.9453613799821999,0.9469755988051423,0.939077161803106,,280.6,False,0.9161111111111111,0.9522222222222222,40,False
44,pendigits,LightGBM_T,0,OK,0.989,0.9983390137157734,0.9890092346073903,0.9889419037959304,0.988929187116122,0.9877852398373018,,180.7,False,0.9905555555555555,0.9977777777777778,40,False
44,pendigits,LightGBM_T,1,OK,0.993,0.9998865033788963,0.9931732140560025,0.9929695750298076,0.9930227702330967,0.9922316936540564,,107.4,False,0.9911111111111112,0.9955555555555555,40,False
44,pendigits,LightGBM_T,2,OK,0.998,0.9999966114394434,0.9979874595469255,0.9979967948717949,0.9979819829156634,0.9977796176014252,,121.3,False,0.9872222222222222,0.9922222222222222,40,False
44,pendigits,LightGBM_T,3,OK,0.997,0.9999989358872041,0.9971333490347962,0.9970643102601866,0.9970801193965763,0.9966704526400156,,179.7,False,0.9905555555555555,0.9955555555555555,40,False
44,pendigits,LightGBM_T,4,OK,0.994,0.9999849759615385,0.9939381313131312,0.9940485829959513,0.9939276116276673,0.993346735536655,,128.8,False,0.9894444444444445,0.9944444444444445,40,False
44,pendigits,LightGBM_T,5,OK,0.995,0.9999847644926264,0.9952185453774842,0.9950346752499574,0.9951023512124818,0.994448927038151,,159.2,False,0.9927777777777778,0.995,40,False
44,pendigits,LightGBM_T,6,OK,0.995,0.9999957164503908,0.995160366552119,0.9951229183187946,0.995090638729111,0.9944556255717067,,119.9,False,0.9916666666666667,0.9961111111111111,40,False
44,pendigits,LightGBM_T,7,OK,0.994,0.9999759013532461,0.9940463393457384,0.9939717139656461,0.9939697586994323,0.9933409496429602,,115.9,False,0.9922222222222222,0.9955555555555555,40,False
44,pendigits,LightGBM_T,8,OK,0.995,0.9999890918410891,0.9951318980122403,0.9950320512820513,0.9950623925807303,0.9944478155279551,,115.9,False,0.9927777777777778,0.9966666666666667,40,False
44,pendigits,LightGBM_T,9,OK,0.995,0.9993727921353868,0.9951488095238096,0.9948608299595142,0.9949750331772643,0.9944499214439638,,98.8,False,0.9894444444444445,0.9944444444444445,40,False
44,pendigits,RuleFit_T,0,OK,0.976,0.9972437421548201,0.9764724062429686,0.9761515833813765,0.9762246397474371,0.9733475291352448,,7787.0,False,0.9544444444444444,0.99,38,True
44,pendigits,RuleFit_T,1,OK,0.99,0.9994918480392009,0.9899865983268803,0.9899555162230353,0.9899556436329296,0.9888901236924729,,5610.1,False,0.945,0.9866666666666667,40,False
44,pendigits,RuleFit_T,2,OK,0.984,0.9997814104114408,0.9843722310009755,0.9842648271066011,0.9840838488969235,0.9822745084699854,,5916.2,False,0.9455555555555556,0.9861111111111112,40,False
44,pendigits,RuleFit_T,3,OK,0.988,0.9994201535011665,0.9886475982830756,0.9882926065162907,0.98822579639587,0.9867233787263047,,7477.8,False,0.9372222222222222,0.9866666666666667,40,False
44,pendigits,RuleFit_T,4,OK,0.987,0.9996850969477207,0.986975814377559,0.9869996988319099,0.9869374761251455,0.9855642286277132,,7032.5,False,0.9488888888888889,0.9833333333333333,40,False
44,pendigits,RuleFit_T,5,OK,0.981,0.9996300367497737,0.9814818334520062,0.9811136751123506,0.9812523367403889,0.9788943638217342,,4920.2,False,0.9494444444444444,0.9888888888888889,40,False
44,pendigits,RuleFit_T,6,OK,0.987,0.9999192063883626,0.9872892527634308,0.9870313731075917,0.987085753961438,0.9855702394631061,,7677.7,False,0.9527777777777777,0.9877777777777778,39,True
44,pendigits,RuleFit_T,7,OK,0.981,0.9995364127312707,0.9811318492157455,0.9813712855233678,0.9812119159703453,0.9788943776456811,,5942.5,False,0.9538888888888889,0.9894444444444445,40,False
44,pendigits,RuleFit_T,8,OK,0.989,0.9996784736285902,0.9895644547127025,0.9890822638654141,0.9891450974208473,0.987817104703001,,7649.2,False,0.9483333333333334,0.9883333333333333,40,False
44,pendigits,RuleFit_T,9,OK,0.99,0.999709220595274,0.9901052987523936,0.990074663580006,0.9900645114472371,0.9888923957109844,,7660.2,False,0.9466666666666667,0.9894444444444445,38,True
44,pendigits,XGBoost_T,0,OK,0.989,0.9985624854988682,0.9889907417733635,0.9889512391207997,0.9889154080014009,0.9877874625213484,,145.2,False,0.99,0.9938888888888889,40,False
44,pendigits,XGBoost_T,1,OK,0.993,0.9998858225731067,0.9930885183663886,0.9928277631886242,0.9929250717841567,0.992228333792244,,191.2,False,0.9888888888888889,0.9933333333333333,40,False
44,pendigits,XGBoost_T,2,OK,0.995,0.9999890311223621,0.9951303166897827,0.9950210863697706,0.9950475902921555,0.9944500936780171,,115.9,False,0.9883333333333333,0.9888888888888889,40,False
44,pendigits,XGBoost_T,3,OK,0.997,0.9999967301046018,0.9971333490347962,0.9970643102601866,0.9970801193965763,0.9966704526400156,,164.8,False,0.9905555555555555,0.9938888888888889,40,False
44,pendigits,XGBoost_T,4,OK,0.992,0.999953786214809,0.9919874595469256,0.9920344129554655,0.991904383137919,0.9911329764747363,,171.7,False,0.9872222222222222,0.9927777777777778,40,False
44,pendigits,XGBoost_T,5,OK,0.991,0.999965376587741,0.9912542805997078,0.9910091852175572,0.9910858153183856,0.9900079798706968,,152.9,False,0.9905555555555555,0.9944444444444445,40,False
44,pendigits,XGBoost_T,6,OK,0.992,0.9999639998183678,0.992088622390537,0.9921581747290512,0.9920525676775999,0.9911262298278537,,126.0,False,0.9888888888888889,0.9927777777777778,40,False
44,pendigits,XGBoost_T,7,OK,0.995,0.9999517934955904,0.9950774932614556,0.9950133806323128,0.9950168791182804,0.9944500566519598,,110.8,False,0.9916666666666667,0.9944444444444445,40,False
44,pendigits,XGBoost_T,8,OK,0.995,0.999971507386958,0.9951865025333223,0.9950320512820513,0.9950574546338935,0.9944555579354337,,181.3,False,0.9922222222222222,0.9966666666666667,40,False
44,pendigits,XGBoost_T,9,OK,0.997,0.9994823292479067,0.997055152751029,0.9969551282051281,0.996984581231626,0.9966704637757469,,199.7,False,0.9872222222222222,0.9938888888888889,40,False
44,phoneme,CatBoost_T,0,OK,0.9131238447319778,0.9610622674437749,0.9008610400682011,0.8870805755869473,0.8935471851358763,0.787821101824473,,98.9,False,0.8920863309352518,0.9177800616649537,40,False
44,phoneme,CatBoost_T,1,OK,0.9057301293900185,0.9604860219302578,0.8929922288700916,0.876337712799236,0.8840348849427341,0.7691496513965124,,93.7,False,0.8931140801644398,0.9044193216855088,40,False
44,phoneme,CatBoost_T,2,OK,0.9371534195933456,0.9758800092199282,0.930030565461029,0.9169465573446607,0.9231405649339797,0.8468760566268332,,110.9,False,0.8848920863309353,0.9116135662898253,40,False
44,phoneme,CatBoost_T,3,OK,0.9094269870609981,0.9664131186407192,0.8894100785041859,0.8936415423622773,0.8914815315149356,0.7830401877651062,,78.2,False,0.8766700924974307,0.8910585817060637,40,False
44,phoneme,CatBoost_T,4,OK,0.8981481481481481,0.9601530916561735,0.8784666945957269,0.8741964344887003,0.8762865985479296,0.7526510152532709,,130.5,False,0.8931140801644398,0.9136690647482014,40,False
44,phoneme,CatBoost_T,5,OK,0.9055555555555556,0.9591424216316522,0.8864396068583593,0.8849990058983366,0.8857142857142857,0.7714372676510055,,90.6,False,0.8961973278520041,0.9146968139773896,40,False
44,phoneme,CatBoost_T,6,OK,0.9166666666666666,0.9684207038239777,0.8999101960719097,0.8984193783550931,0.8991596638655461,0.798328182433349,,111.9,False,0.8931140801644398,0.9105858170606372,40,False
44,phoneme,CatBoost_T,7,OK,0.9259259259259259,0.9749983431638942,0.908289241622575,0.9142421631652197,0.9111842105263157,0.8225098629118619,,143.5,False,0.8838643371017472,0.9136690647482014,40,False
44,phoneme,CatBoost_T,8,OK,0.9,0.9514518232390763,0.8778864461115361,0.8833259050165899,0.8805290155525328,0.7611929162812996,,92.8,False,0.894141829393628,0.9126413155190134,40,False
44,phoneme,CatBoost_T,9,OK,0.9222222222222223,0.970666402548738,0.9052917943591341,0.9082355271628783,0.9067434210526316,0.813521995584606,,114.4,False,0.8869475847893115,0.9157245632065776,40,False
44,phoneme,EBM_T,0,OK,0.8817005545286506,0.9332378412196647,0.862202095603342,0.8483074846060128,0.8547602268532501,0.7103737068293747,,1699.7,False,0.8859198355601233,0.8900308324768756,40,False
44,phoneme,EBM_T,1,OK,0.866913123844732,0.9407948895255029,0.8418991307863352,0.8341647732885509,0.8378621378621378,0.6760196610358852,,1780.5,True,0.8869475847893115,0.8828365878725591,40,False
44,phoneme,EBM_T,2,OK,0.8946395563770795,0.9536533965556983,0.8735333972303929,0.872155816786855,0.8728397352631905,0.7456879415504737,,460.8,True,0.8828365878725591,0.881808838643371,40,False
44,phoneme,EBM_T,3,OK,0.8743068391866913,0.9386710132042544,0.8461205930385218,0.8559221574632025,0.8507319764988477,0.7019743249342211,,557.9,False,0.8674203494347379,0.8787255909558068,40,False
44,phoneme,EBM_T,4,OK,0.8722222222222222,0.9407184041354629,0.8476212190302477,0.8410265756511366,0.8442040650780442,0.6886162180766848,,625.8,False,0.8776978417266187,0.8787255909558068,40,False
44,phoneme,EBM_T,5,OK,0.8851851851851852,0.945937437868646,0.8605263157894737,0.8631784743853138,0.8618333085722776,0.7236999304799716,,1515.8,True,0.880781089414183,0.8787255909558068,40,False
44,phoneme,EBM_T,6,OK,0.8703703703703703,0.9472794751143218,0.8457677699403148,0.8378620186891113,0.8416422287390029,0.6835840745648393,,637.3,False,0.868448098663926,0.8746145940390545,40,False
44,phoneme,EBM_T,7,OK,0.8888888888888888,0.9553482669494334,0.8628310031570131,0.8732189011862946,0.8677248677248677,0.7359765983088904,,1696.9,True,0.8787255909558068,0.8715313463514902,40,False
44,phoneme,EBM_T,8,OK,0.8592592592592593,0.926525693722247,0.8295552554067469,0.8342990145099787,0.8318556515183795,0.6638373207618258,,553.1,True,0.8848920863309353,0.8735868448098664,40,False
44,phoneme,EBM_T,9,OK,0.9037037037037037,0.9573449545221941,0.8814545454545455,0.8896152131926905,0.8853615520282186,0.7710265729547681,,1009.4,True,0.8746145940390545,0.8746145940390545,40,False
44,phoneme,FIGS_T,0,OK,0.8484288354898336,0.8880190325661036,0.8179239649681529,0.8155685073594784,0.8167283603794163,0.6334880932702905,,34.4,False,0.8119218910585817,0.8540596094552929,40,False
44,phoneme,FIGS_T,1,OK,0.8613678373382625,0.9063107115808884,0.8354586659450682,0.82656656458889,0.8307830895692319,0.6619655099754157,,38.9,False,0.8304213771839671,0.869475847893114,40,False
44,phoneme,FIGS_T,2,OK,0.8558225508317929,0.8956501695808229,0.8238264580369843,0.8373258915341302,0.8299564796905223,0.6610145192343821,,31.8,False,0.8078108941418294,0.8776978417266187,40,False
44,phoneme,FIGS_T,3,OK,0.844731977818854,0.9173828575191807,0.8145593288861936,0.8074434456188877,0.8108391608391607,0.6219620693397188,,34.0,False,0.8221993833504625,0.8540596094552929,40,False
44,phoneme,FIGS_T,4,OK,0.825925925925926,0.9028017098548611,0.7900641025641026,0.7878918417390153,0.7889607689877102,0.5779518620423472,,26.8,False,0.8304213771839671,0.8602261048304214,40,False
44,phoneme,FIGS_T,5,OK,0.8592592592592593,0.9181357280137848,0.83000861554775,0.83000861554775,0.83000861554775,0.6600172310955,,36.6,False,0.7944501541623844,0.8622816032887975,40,False
44,phoneme,FIGS_T,6,OK,0.837037037037037,0.8994631851017296,0.8013943847748257,0.8180131221419578,0.8086463501063076,0.6191845259639386,,25.6,False,0.7985611510791367,0.8622816032887975,40,False
44,phoneme,FIGS_T,7,OK,0.8759259259259259,0.9278033666909669,0.8531044110386625,0.843644376698257,0.8481356956669563,0.6966845634597808,,39.1,False,0.8036998972250771,0.8622816032887975,40,False
44,phoneme,FIGS_T,8,OK,0.8425925925925926,0.8927185988543885,0.8103618421052632,0.811494082107661,0.8109235908864347,0.6218548934528755,,28.2,False,0.8242548818088387,0.8591983556012333,40,False
44,phoneme,FIGS_T,9,OK,0.8648148148148148,0.9162581092457782,0.84375,0.823577477343634,0.8325624068198325,0.6670225118745968,,38.1,False,0.828365878725591,0.8591983556012333,40,False
44,phoneme,LightGBM_T,0,OK,0.9057301293900185,0.9606506635055484,0.888011988011988,0.8836807270571965,0.8858012044452723,0.7716805599918862,,36.4,False,0.9003083247687564,0.9146968139773896,40,False
44,phoneme,LightGBM_T,1,OK,0.8927911275415896,0.9527972603641872,0.8773524638281709,0.8598323948763542,0.8678576241493161,0.7369766367308629,,33.5,False,0.8910585817060637,0.8982528263103803,40,False
44,phoneme,LightGBM_T,2,OK,0.9371534195933456,0.9757812242747538,0.930030565461029,0.9169465573446607,0.9231405649339797,0.8468760566268332,,19.1,False,0.8920863309352518,0.9085303186022611,40,False
44,phoneme,LightGBM_T,3,OK,0.8946395563770795,0.9610951957588331,0.8690026954177898,0.8831703381737956,0.8755252546046816,0.7520395936126677,,32.1,False,0.8900308324768756,0.895169578622816,40,False
44,phoneme,LightGBM_T,4,OK,0.912962962962963,0.9607992577374247,0.8954199996673928,0.8939459208695075,0.8946778711484593,0.7893645441725679,,29.7,False,0.8848920863309353,0.9033915724563206,40,False
44,phoneme,LightGBM_T,5,OK,0.9092592592592592,0.9574524488037643,0.8932208542331661,0.8857611505069918,0.8893623070844083,0.7789462860360227,,28.9,False,0.9064748201438849,0.9116135662898253,40,False
44,phoneme,LightGBM_T,6,OK,0.9055555555555556,0.9679236529922459,0.8898772536134425,0.8794320365829412,0.8844017981942502,0.769238377503131,,26.7,False,0.9044193216855088,0.9085303186022611,40,False
44,phoneme,LightGBM_T,7,OK,0.9111111111111111,0.9705414540393664,0.8889246826879711,0.9000596460998078,0.8941798941798942,0.788905750810906,,35.1,False,0.9095580678314491,0.9146968139773896,40,False
44,phoneme,LightGBM_T,8,OK,0.912962962962963,0.9572128955578666,0.8958015773079727,0.8943445748526717,0.8950680321328311,0.7901448088281777,,20.5,False,0.8931140801644398,0.9105858170606372,40,False
44,phoneme,LightGBM_T,9,OK,0.9222222222222223,0.970055629838723,0.908839547549225,0.902738572772743,0.905705875505147,0.811555188198631,,42.1,False,0.9033915724563206,0.920863309352518,40,False
44,phoneme,RuleFit_T,0,OK,0.8280961182994455,0.9074220422140999,0.8106342909804864,0.7552767624880634,0.7743659887436375,0.5631970032564932,,317.1,False,0.7821171634121274,0.8520041109969168,40,False
44,phoneme,RuleFit_T,1,OK,0.8428835489833642,0.9051499884750897,0.8243133323244551,0.7822697487569561,0.7984572568097649,0.6051242610695928,,324.4,False,0.7954779033915724,0.8725590955806783,40,False
44,phoneme,RuleFit_T,2,OK,0.8576709796672828,0.9289653923408738,0.851949722882027,0.7927409529454378,0.8140619629793293,0.6419660341961008,,229.8,False,0.8201438848920863,0.8643371017471737,40,False
44,phoneme,RuleFit_T,3,OK,0.8410351201478743,0.9173005367315354,0.8324045723617065,0.7681105732819651,0.7898478716484787,0.5970634152498161,,261.5,False,0.7728674203494348,0.8509763617677287,40,False
44,phoneme,RuleFit_T,4,OK,0.8462962962962963,0.9217807674464842,0.836970358246954,0.776310557359666,0.7975381140598532,0.610273602578064,,300.0,False,0.7718396711202467,0.8540596094552929,40,False
44,phoneme,RuleFit_T,5,OK,0.825925925925926,0.921316853336868,0.8110814419225634,0.7470674000927828,0.7679012345679013,0.5544658080456243,,251.1,False,0.8150051387461459,0.8776978417266187,40,False
44,phoneme,RuleFit_T,6,OK,0.8425925925925926,0.9311998807078002,0.8444991789819376,0.7607031612432897,0.7863834579817658,0.5993730891733764,,219.3,False,0.7985611510791367,0.8561151079136691,40,False
44,phoneme,RuleFit_T,7,OK,0.8555555555555555,0.941074623898204,0.84575260804769,0.7921333421697925,0.8119642857142857,0.6356283975811464,,369.0,False,0.7903391572456321,0.8427543679342241,40,False
44,phoneme,RuleFit_T,8,OK,0.8444444444444444,0.9164231829511877,0.8442921305264055,0.7669984648145397,0.7915594441585178,0.6063842685897363,,289.4,False,0.7975334018499486,0.8489208633093526,40,False
44,phoneme,RuleFit_T,9,OK,0.8648148148148148,0.9302150910381485,0.8646678448068118,0.7997573416530481,0.8227765014768624,0.6612468941193939,,244.5,False,0.7995889003083247,0.8520041109969168,40,False
44,phoneme,XGBoost_T,0,OK,0.9038817005545287,0.9545589252197965,0.8874654672865709,0.8787003194046561,0.8829004329004329,0.7661156471961625,,34.2,False,0.9013360739979445,0.9064748201438849,40,False
44,phoneme,XGBoost_T,1,OK,0.9057301293900185,0.9598768481016826,0.8916368286445013,0.8781734663637262,0.8844873711048871,0.7696925543207176,,20.1,False,0.8859198355601233,0.9013360739979445,40,False
44,phoneme,XGBoost_T,2,OK,0.9094269870609981,0.9685534591194969,0.8876626506024097,0.8973130494912576,0.8922507875215933,0.7849163774178936,,17.7,False,0.8869475847893115,0.9054470709146968,40,False
44,phoneme,XGBoost_T,3,OK,0.9001848428835489,0.9629721097171458,0.8764369656409107,0.8870970397444763,0.8814636283961437,0.7634595864876926,,23.6,False,0.8879753340184995,0.894141829393628,40,False
44,phoneme,XGBoost_T,4,OK,0.8981481481481481,0.9548512161177016,0.8795409636722906,0.8723407780502352,0.8758148344824991,0.7518472656482214,,23.6,False,0.8890030832476875,0.8972250770811921,40,False
44,phoneme,XGBoost_T,5,OK,0.9018518518518519,0.9605673006826164,0.8841009271925825,0.8768142355358208,0.8803306586831354,0.7608802724441551,,39.7,False,0.9064748201438849,0.9136690647482014,40,False
44,phoneme,XGBoost_T,6,OK,0.8981481481481481,0.9670123931340712,0.8795409636722906,0.8723407780502352,0.8758148344824991,0.7518472656482214,,24.1,False,0.8992805755395683,0.9064748201438849,40,False
44,phoneme,XGBoost_T,7,OK,0.9185185185185185,0.9742196301941812,0.8994708994708995,0.9052952481940486,0.9023026315789474,0.8047450710563142,,17.4,False,0.8890030832476875,0.9085303186022611,40,False
44,phoneme,XGBoost_T,8,OK,0.8962962962962963,0.9575760577097674,0.8752042787104442,0.8752042787104442,0.8752042787104442,0.7504085574208884,,19.7,False,0.8879753340184995,0.9136690647482014,40,False
44,phoneme,XGBoost_T,9,OK,0.9277777777777778,0.9681902969675961,0.91630778547877,0.9085078987768038,0.9122759516976229,0.8247788035354855,,28.6,False,0.8931140801644398,0.9095580678314491,40,False
44,satimage,CatBoost_T,0,OK,0.9300155520995335,0.9929538048777619,0.9227696171656489,0.9089734228907668,0.914682224288812,0.913669191517992,,1121.0,False,0.9127806563039723,0.9162348877374784,40,False
44,satimage,CatBoost_T,1,OK,0.9237947122861586,0.9939981212696426,0.9168686716257813,0.9046816287549612,0.9089699496421306,0.9062253160421943,,1520.5,False,0.9101899827288429,0.9222797927461139,40,False
44,satimage,CatBoost_T,2,OK,0.9082426127527217,0.9903143294303131,0.900459825531125,0.8846473802403426,0.8918381184866121,0.8865449678417845,,817.7,False,0.9153713298791019,0.924006908462867,40,False
44,satimage,CatBoost_T,3,OK,0.9300155520995335,0.9924517027613864,0.9266034881480616,0.9073405530112181,0.9150130760094012,0.9136847560277792,,704.7,False,0.9205526770293609,0.9265975820379966,40,False
44,satimage,CatBoost_T,4,OK,0.9253499222395023,0.9916646233551699,0.9189303301229167,0.9009908696025225,0.9048446075201505,0.9084323370187277,,1626.3,False,0.9153713298791019,0.9265975820379966,40,False
44,satimage,CatBoost_T,5,OK,0.911353032659409,0.9877458821272579,0.9015008113384493,0.894281002123997,0.8976868715364675,0.8904805955396824,,515.0,False,0.9162348877374784,0.9317789291882557,40,False
44,satimage,CatBoost_T,6,OK,0.9160186625194401,0.9912260687282232,0.9113041762336457,0.8893377274892599,0.8969925331827641,0.8966935520088639,,574.0,False,0.9309153713298791,0.9404145077720207,40,False
44,satimage,CatBoost_T,7,OK,0.9175738724727839,0.9924229042412063,0.9049577601470425,0.8954253735923164,0.8993221301735074,0.8983147792077867,,1185.7,False,0.9162348877374784,0.927461139896373,40,False
44,satimage,CatBoost_T,8,OK,0.9191290824261276,0.9916712359981616,0.9191246389775802,0.8987441533733995,0.9072112918722111,0.9002540974582629,,766.2,False,0.9093264248704663,0.9205526770293609,40,False
44,satimage,CatBoost_T,9,OK,0.9284603421461898,0.9926310191914961,0.9173381030622053,0.906587033587734,0.9107131720514524,0.9119132241410869,,695.1,False,0.9084628670120898,0.918825561312608,40,False
44,satimage,EBM_T,0,OK,0.9284603421461898,0.9901595922213783,0.9162319426061668,0.9073261414616388,0.9113232260927835,0.9116750023254373,,851.9,True,0.9101899827288429,0.9058721934369602,40,False
44,satimage,EBM_T,1,OK,0.9284603421461898,0.9926657844993351,0.9170082266782328,0.9135713152074664,0.9149105403274779,0.911864723352132,,746.5,True,0.9153713298791019,0.9041450777202072,40,False
44,satimage,EBM_T,2,OK,0.9035769828926905,0.9903207063050532,0.890610347456998,0.8792947522216177,0.8845849241650212,0.8807897291147464,,647.3,True,0.9179620034542314,0.9110535405872193,40,False
44,satimage,EBM_T,3,OK,0.9144634525660964,0.9912378294583583,0.9035752506191702,0.8930312757279268,0.8975784928103953,0.8943702279415242,,805.7,True,0.918825561312608,0.9179620034542314,40,False
44,satimage,EBM_T,4,OK,0.9097978227060654,0.99002006788254,0.8900754094741344,0.8878964011189341,0.8875304588903069,0.8889469453708054,,639.1,True,0.9093264248704663,0.9093264248704663,40,False
44,satimage,EBM_T,5,OK,0.9051321928460342,0.9872185518621158,0.8940725685738102,0.8885515172503752,0.8907350453397672,0.8829853069579255,,942.7,True,0.9145077720207254,0.9119170984455959,40,False
44,satimage,EBM_T,6,OK,0.9144634525660964,0.9867943358659031,0.9053150521908755,0.8889795862159283,0.8946275203598892,0.8945985709661185,,664.5,True,0.9309153713298791,0.9265975820379966,40,False
44,satimage,EBM_T,7,OK,0.9175738724727839,0.990887564729568,0.9010618237063732,0.8960204582615519,0.8980485092532863,0.8982916580568259,,831.6,True,0.9196891191709845,0.9179620034542314,40,False
44,satimage,EBM_T,8,OK,0.9206842923794712,0.9910381421670303,0.9124004937392117,0.9016441678392796,0.9066001483083878,0.9020379258064263,,1303.4,True,0.9110535405872193,0.9041450777202072,40,False
44,satimage,EBM_T,9,OK,0.9160186625194401,0.9872735449166682,0.8962457148287649,0.8972308309644234,0.8964639116314844,0.896542568455151,,463.3,False,0.9127806563039723,0.9153713298791019,40,False
44,satimage,FIGS_T,0,OK,0.8569206842923794,0.9715801149412394,0.8362004940875046,0.8337978072109911,0.8337039516920974,0.8242681882851577,,180.9,False,0.8549222797927462,0.8670120898100173,40,False
44,satimage,FIGS_T,1,OK,0.8506998444790047,0.9682864226789135,0.8265117321241324,0.8162566452304753,0.8197640119044727,0.8156801480557367,,110.0,False,0.846286701208981,0.8506044905008635,40,False
44,satimage,FIGS_T,2,OK,0.8475894245723172,0.9648901835057196,0.8301314459356322,0.8192838008377402,0.8241632628877921,0.8115652023035693,,154.0,False,0.8523316062176166,0.8601036269430051,40,False
44,satimage,FIGS_T,3,OK,0.8771384136858476,0.9745045859575764,0.8624881521809221,0.847609975528789,0.8540458386739697,0.8480766889497373,,105.2,False,0.8601036269430051,0.8739205526770294,40,False
44,satimage,FIGS_T,4,OK,0.8709175738724728,0.9666313495108406,0.8451867662068356,0.8376326304511085,0.8399301835983107,0.840740426189281,,115.8,False,0.8419689119170984,0.8549222797927462,40,False
44,satimage,FIGS_T,5,OK,0.8600311041990669,0.9650889253167483,0.8352633887943751,0.8353939036281096,0.8351469827672103,0.8273854053194026,,164.3,False,0.8601036269430051,0.8652849740932642,40,False
44,satimage,FIGS_T,6,OK,0.8678071539657853,0.9585662562982522,0.8497432590174524,0.8300175097688894,0.8377481582141396,0.8365933856965545,,141.8,False,0.8661485319516408,0.8860103626943006,40,False
44,satimage,FIGS_T,7,OK,0.8740279937791602,0.9655480410216967,0.8492999506992245,0.8393507449928328,0.8428596102416869,0.8445084034370983,,177.1,False,0.8540587219343696,0.8670120898100173,40,False
44,satimage,FIGS_T,8,OK,0.8631415241057543,0.9571808241087041,0.8585721067783639,0.8256639948624208,0.8364357429898939,0.831240439910496,,108.5,False,0.8609671848013817,0.8704663212435233,40,False
44,satimage,FIGS_T,9,OK,0.8786936236391913,0.9707571086410551,0.8581394532287389,0.8442341971144707,0.8486417400933307,0.8503872105007607,,143.7,False,0.8506044905008635,0.8626943005181347,40,False
44,satimage,LightGBM_T,0,OK,0.9315707620528771,0.992583880316844,0.9214875937268173,0.9131324718426997,0.9162802026714595,0.9156202771696664,,145.0,False,0.9179620034542314,0.924006908462867,40,False
44,satimage,LightGBM_T,1,OK,0.9284603421461898,0.9925761456773792,0.9215539572610482,0.9115148929328907,0.9146539206544237,0.9120726852707259,,120.1,False,0.927461139896373,0.9326424870466321,40,False
44,satimage,LightGBM_T,2,OK,0.9191290824261276,0.9906330964786907,0.9111317634201149,0.8975823146676651,0.9038082882571373,0.9000189829748566,,164.3,False,0.9179620034542314,0.924006908462867,40,False
44,satimage,LightGBM_T,3,OK,0.9253499222395023,0.9924364428455467,0.9153983030699279,0.9050774476218951,0.9096381790862272,0.9078290193431606,,124.3,False,0.9265975820379966,0.9317789291882557,40,False
44,satimage,LightGBM_T,4,OK,0.9222395023328149,0.9927229117690711,0.91058772811805,0.900460384437344,0.9026744634629145,0.9044130803245229,,154.6,False,0.9196891191709845,0.924006908462867,40,False
44,satimage,LightGBM_T,5,OK,0.926905132192846,0.9899127001173308,0.9186394372933827,0.9163759301626412,0.9174542074779904,0.9097643037707145,,100.1,False,0.927461139896373,0.9335060449050087,40,False
44,satimage,LightGBM_T,6,OK,0.9284603421461898,0.9896442130203149,0.9250252712878179,0.9056799952836357,0.9134679509045002,0.911867042037409,,141.2,False,0.9395509499136442,0.9438687392055267,40,False
44,satimage,LightGBM_T,7,OK,0.9222395023328149,0.9939864239981747,0.9130102507707769,0.9004332311954517,0.9060258827613533,0.9040041602051521,,119.9,False,0.9326424870466321,0.9360967184801382,40,False
44,satimage,LightGBM_T,8,OK,0.9222395023328149,0.9914615473208687,0.9158283861788004,0.8991121127637283,0.9061891355627915,0.9040899960193143,,160.7,False,0.92573402417962,0.927461139896373,40,False
44,satimage,LightGBM_T,9,OK,0.9331259720062208,0.993459416715862,0.9184305081721919,0.920811855991209,0.9193058855103248,0.9177281917821489,,89.2,False,0.9153713298791019,0.9265975820379966,40,False
44,satimage,RuleFit_T,0,OK,0.895800933125972,0.9815424322734086,0.8779305510608061,0.8706585054677767,0.8737794771093595,0.8713662404971466,,2709.0,False,0.8652849740932642,0.9032815198618307,40,False
44,satimage,RuleFit_T,1,OK,0.9020217729393468,0.9836895027760427,0.8877244084963348,0.8768500483342713,0.8799140946862192,0.8792610692668426,,2486.7,False,0.8592400690846287,0.8955094991364422,40,False
44,satimage,RuleFit_T,2,OK,0.8864696734059098,0.9797191867008124,0.8773625280796656,0.8598526975639827,0.8674376458668949,0.8596188289723962,,1631.4,False,0.8583765112262521,0.9006908462867013,40,False
44,satimage,RuleFit_T,3,OK,0.9066874027993779,0.9877413592925327,0.9019934644944162,0.8759743738256024,0.886462479227622,0.8848123267285545,,2020.1,False,0.8791018998272885,0.9101899827288429,40,False
44,satimage,RuleFit_T,4,OK,0.8786936236391913,0.9817627583969776,0.8545956297808388,0.847217391553,0.8482085973054226,0.8506936508892944,,2366.0,False,0.8557858376511226,0.8946459412780656,40,False
44,satimage,RuleFit_T,5,OK,0.8911353032659409,0.9790874365337351,0.8769655149814383,0.858468355227449,0.8658089749429708,0.865429789092495,,1982.3,False,0.8566493955094991,0.9015544041450777,40,False
44,satimage,RuleFit_T,6,OK,0.9004665629860031,0.9799419705239659,0.8889492630471126,0.8652863839759113,0.8744639995334316,0.8772069033327408,,2446.6,False,0.8765112262521589,0.9231433506044905,40,False
44,satimage,RuleFit_T,7,OK,0.9051321928460342,0.985537674147487,0.8905917045872451,0.8805468321914055,0.8840807997053494,0.883042667626375,,1735.5,False,0.8678756476683938,0.9041450777202072,40,False
44,satimage,RuleFit_T,8,OK,0.8818040435458787,0.9732713606880609,0.8763946898810601,0.8541143593587671,0.8626385329594023,0.8540461134303079,,2099.5,False,0.8557858376511226,0.8998272884283247,40,False
44,satimage,RuleFit_T,9,OK,0.8942457231726283,0.9860663252214227,0.883629233518736,0.8640326915346073,0.8706681057622089,0.869595352735321,,2521.3,False,0.8609671848013817,0.9015544041450777,40,False
44,satimage,XGBoost_T,0,OK,0.926905132192846,0.9917622201844677,0.9155744202975747,0.9117871851383689,0.9130234832055654,0.9099571712532656,,113.1,False,0.917098445595855,0.918825561312608,40,False
44,satimage,XGBoost_T,1,OK,0.9284603421461898,0.9931146222682558,0.9197874782126507,0.9115148929328907,0.9140935545846728,0.9120152518940481,,152.8,False,0.9222797927461139,0.9335060449050087,40,False
44,satimage,XGBoost_T,2,OK,0.9206842923794712,0.9902346961811438,0.9123778922874988,0.8988168825688998,0.9050874051475347,0.901947068983509,,77.0,False,0.9101899827288429,0.9205526770293609,40,False
44,satimage,XGBoost_T,3,OK,0.9331259720062208,0.9925552018193914,0.9256744072587274,0.9109081093401489,0.9174309401080438,0.9174132531568173,,134.1,False,0.924006908462867,0.9300518134715026,40,False
44,satimage,XGBoost_T,4,OK,0.9175738724727839,0.9915032523365378,0.9045153720635435,0.891152203227318,0.8938978694240788,0.8987223479478711,,91.5,False,0.9162348877374784,0.9248704663212435,40,False
44,satimage,XGBoost_T,5,OK,0.9346811819595645,0.9895994390027956,0.9272798924819242,0.9204018018645298,0.923444036383946,0.9193505207703349,,135.9,False,0.917098445595855,0.927461139896373,40,False
44,satimage,XGBoost_T,6,OK,0.9300155520995335,0.989394171802166,0.9297572184673323,0.9076866589213762,0.9159068683716183,0.9138690684444264,,170.6,False,0.9317789291882557,0.9412780656303973,40,False
44,satimage,XGBoost_T,7,OK,0.9253499222395023,0.9933261157056421,0.9159795542148483,0.9036272098823881,0.9088949469396871,0.9078665754313566,,107.3,False,0.9265975820379966,0.9291882556131261,40,False
44,satimage,XGBoost_T,8,OK,0.926905132192846,0.9914960570029292,0.9249999999360798,0.9084468466572858,0.915826963144243,0.9097757315969794,,104.9,False,0.9136442141623489,0.9265975820379966,40,False
44,satimage,XGBoost_T,9,OK,0.9284603421461898,0.9927948144111808,0.9137600785717225,0.9100899330875866,0.9109706113181862,0.9118952866610348,,121.9,False,0.9136442141623489,0.918825561312608,40,False
44,segment,CatBoost_T,0,OK,0.9956709956709957,0.9998688180506362,0.9957983193277311,0.9956709956709957,0.9956700016401508,0.9949712488986399,,1089.8,False,0.9735576923076923,0.9807692307692307,40,False
44,segment,CatBoost_T,1,OK,0.9956709956709957,0.999934409025318,0.9957983193277311,0.9956709956709957,0.9956700016401508,0.9949712488986399,,787.6,False,0.9807692307692307,0.9879807692307693,40,False
44,segment,CatBoost_T,2,OK,0.9826839826839827,0.9986007258734532,0.9834333733493398,0.9826839826839827,0.9825334037173997,0.9799694005191966,,2270.1,False,0.9759615384615384,0.9831730769230769,40,False
44,segment,CatBoost_T,3,OK,0.9913419913419913,0.9991910446455902,0.9914693149987268,0.9913419913419913,0.9913409973111466,0.9899206334219971,,1319.5,False,0.9783653846153846,0.9855769230769231,40,False
44,segment,CatBoost_T,4,OK,0.9826839826839827,0.9996720451265906,0.9830267590907331,0.9826839826839827,0.9825397495393106,0.9799051072055881,,450.8,True,0.9879807692307693,0.9855769230769231,40,False
44,segment,CatBoost_T,5,OK,0.974025974025974,0.9995845904936813,0.9745352686529156,0.974025974025974,0.9740845286554242,0.9697605793247528,,1766.3,False,0.9831730769230769,0.9927884615384616,40,False
44,segment,CatBoost_T,6,OK,0.9696969696969697,0.9997376361012724,0.9706545374748139,0.9696969696969697,0.9697417778300131,0.9647941334517149,,995.9,False,0.9663461538461539,0.9759615384615384,40,False
44,segment,CatBoost_T,7,OK,0.987012987012987,0.9993659539114084,0.9871403106697224,0.987012987012987,0.9870119929821423,0.9848700179453542,,922.2,False,0.9879807692307693,0.9903846153846154,40,False
44,segment,CatBoost_T,8,OK,0.9696969696969697,0.9992129083038176,0.9708137800574776,0.9696969696969697,0.9698020320747024,0.9647941334517149,,1185.0,False,0.9879807692307693,0.9927884615384616,40,False
44,segment,CatBoost_T,9,OK,1.0,1.0,1.0,1.0,1.0,1.0,,613.2,False,0.9663461538461539,0.9807692307692307,40,False
44,segment,EBM_T,0,OK,0.987012987012987,0.9991473173291355,0.9873724489795919,0.987012987012987,0.9870071105365223,0.984913088376702,,659.1,True,0.9711538461538461,0.96875,40,False
44,segment,EBM_T,1,OK,0.9913419913419913,0.9996720451265906,0.9918367346938776,0.9913419913419913,0.9914027149321267,0.9899639247273518,,543.0,True,0.9831730769230769,0.9759615384615384,40,False
44,segment,EBM_T,2,OK,0.9826839826839827,0.998513271240544,0.9829386299974535,0.9826839826839827,0.9826133133036118,0.9798622520260523,,334.7,False,0.9639423076923077,0.9783653846153846,40,False
44,segment,EBM_T,3,OK,0.987012987012987,0.9989505444050898,0.9871323529411765,0.987012987012987,0.9870100049204528,0.9848700179453542,,199.8,False,0.96875,0.9759615384615384,40,False
44,segment,EBM_T,4,OK,0.9653679653679653,0.9986444531899077,0.9676173869722257,0.9653679653679654,0.9658850078492937,0.9598268259434828,,654.6,False,0.9735576923076923,0.9807692307692307,40,False
44,segment,EBM_T,5,OK,0.9783549783549783,0.9993659539114085,0.9787369493251846,0.9783549783549784,0.978348920979518,0.9748114156754025,,366.0,False,0.9759615384615384,0.9855769230769231,40,False
44,segment,EBM_T,6,OK,0.9783549783549783,0.9989942717215444,0.9786016679399033,0.9783549783549784,0.9783510022315992,0.9747901006346601,,285.0,False,0.9663461538461539,0.9711538461538461,40,False
44,segment,EBM_T,7,OK,0.9826839826839827,0.9989942717215445,0.9838935574229692,0.9826839826839827,0.9827967336038393,0.9799694005191966,,524.5,False,0.9711538461538461,0.9735576923076923,40,False
44,segment,EBM_T,8,OK,0.9826839826839827,0.9990598626962264,0.9829306722689076,0.9826839826839827,0.9826800065606036,0.9798408265446843,,499.3,False,0.96875,0.9807692307692307,40,False
44,segment,EBM_T,9,OK,0.9826839826839827,0.9993659539114085,0.9830267590907331,0.9826839826839827,0.9825397495393106,0.9799051072055881,,2408.5,False,0.9711538461538461,0.9783653846153846,40,False
44,segment,FIGS_T,0,OK,0.9653679653679653,0.9981197253924526,0.9678101503759399,0.9653679653679654,0.965626451013775,0.9599528232957586,,23.4,False,0.9134615384615384,0.9543269230769231,40,False
44,segment,FIGS_T,1,OK,0.9913419913419913,0.9979885434430888,0.9915966386554622,0.9913419913419913,0.9912713219616204,0.9899639247273518,,23.3,False,0.9591346153846154,0.9615384615384616,40,False
44,segment,FIGS_T,2,OK,0.9567099567099567,0.9963706327342692,0.9577716570499167,0.9567099567099567,0.9569418180590261,0.9495987636837658,,22.1,False,0.9158653846153846,0.9615384615384616,40,False
44,segment,FIGS_T,3,OK,0.948051948051948,0.9962831781013598,0.9509115884115885,0.9480519480519481,0.9481795981795982,0.939887253824367,,26.6,False,0.9447115384615384,0.96875,40,False
44,segment,FIGS_T,4,OK,0.9393939393939394,0.9947745856836766,0.9433925904514141,0.9393939393939394,0.9403832062199211,0.9296385236127347,,24.4,False,0.9399038461538461,0.9567307692307693,40,False
44,segment,FIGS_T,5,OK,0.9696969696969697,0.9986881805063623,0.9705882352941178,0.9696969696969697,0.9700180416598327,0.9646886488146118,,25.9,False,0.9591346153846154,0.9639423076923077,40,False
44,segment,FIGS_T,6,OK,0.974025974025974,0.9956272683545411,0.9747680890538033,0.974025974025974,0.9742140212728448,0.9697605793247528,,24.5,False,0.9375,0.9543269230769231,40,False
44,segment,FIGS_T,7,OK,0.9696969696969697,0.9987100441645896,0.9712739641311069,0.9696969696969697,0.9695147384859455,0.9649629808687324,,24.0,False,0.9519230769230769,0.9711538461538461,40,False
44,segment,FIGS_T,8,OK,0.948051948051948,0.9898552625825353,0.9505711640165423,0.9480519480519481,0.9470190403507723,0.9401136161557403,,28.7,False,0.9254807692307693,0.9471153846153846,40,False
44,segment,FIGS_T,9,OK,0.974025974025974,0.9971139971139972,0.9745273109243698,0.974025974025974,0.9740169345579793,0.9697817853159281,,26.2,False,0.9471153846153846,0.9615384615384616,40,False
44,segment,LightGBM_T,0,OK,0.9956709956709957,0.9999125453670908,0.9957983193277311,0.9956709956709957,0.9956700016401508,0.9949712488986399,,51.1,False,0.9711538461538461,0.9783653846153846,40,False
44,segment,LightGBM_T,1,OK,1.0,1.0,1.0,1.0,1.0,1.0,,33.5,False,0.9855769230769231,0.9879807692307693,40,False
44,segment,LightGBM_T,2,OK,0.9826839826839827,0.9982727710000436,0.983170768307323,0.9826839826839827,0.9826084308579919,0.9799051072055881,,46.0,False,0.9735576923076923,0.9831730769230769,40,False
44,segment,LightGBM_T,3,OK,0.987012987012987,0.999628317810136,0.9870050292844411,0.987012987012987,0.9869453929155422,0.9848700179453542,,48.5,False,0.9807692307692307,0.9879807692307693,40,False
44,segment,LightGBM_T,4,OK,0.987012987012987,0.9998032270759544,0.9880952380952381,0.987012987012987,0.9871954132823698,0.9849777046200635,,40.9,False,0.9855769230769231,0.9903846153846154,40,False
44,segment,LightGBM_T,5,OK,0.9783549783549783,0.9997376361012725,0.9787369493251846,0.9783549783549784,0.9784832083339546,0.9747687869920686,,43.4,False,0.9927884615384616,0.9951923076923077,40,False
44,segment,LightGBM_T,6,OK,0.987012987012987,0.9997813634177269,0.9876350540216087,0.987012987012987,0.9870040352535963,0.9849561644592252,,47.6,True,0.9759615384615384,0.9759615384615384,40,False
44,segment,LightGBM_T,7,OK,0.974025974025974,0.9994534085443175,0.9746233977461953,0.974025974025974,0.9739453588553676,0.9698242014720625,,51.8,False,0.9855769230769231,0.9879807692307693,40,False
44,segment,LightGBM_T,8,OK,0.9826839826839827,0.9995845904936813,0.9835534213685475,0.9826839826839827,0.9828023545813274,0.9799051072055881,,41.4,False,0.9855769230769231,0.9927884615384616,40,False
44,segment,LightGBM_T,9,OK,1.0,1.0,1.0,1.0,1.0,1.0,,27.4,False,0.9759615384615384,0.9831730769230769,40,False
44,segment,RuleFit_T,0,OK,0.9956709956709957,0.9997813634177272,0.9957983193277311,0.9956709956709957,0.9956700016401508,0.9949712488986399,,1561.9,False,0.9399038461538461,0.9735576923076923,40,False
44,segment,RuleFit_T,1,OK,0.987012987012987,0.9996064541519087,0.9871403106697224,0.987012987012987,0.9870119929821423,0.9848700179453542,,1447.9,False,0.9495192307692307,0.9855769230769231,40,False
44,segment,RuleFit_T,2,OK,0.9826839826839827,0.9991035900126809,0.9829386299974535,0.9826839826839827,0.9826133133036118,0.9798622520260523,,1086.1,False,0.9110576923076923,0.9831730769230769,40,False
44,segment,RuleFit_T,3,OK,0.9913419913419913,0.9990817263544536,0.9914693149987268,0.9913419913419913,0.9913409973111466,0.9899206334219971,,1134.2,False,0.9471153846153846,0.9807692307692307,40,False
44,segment,RuleFit_T,4,OK,0.9783549783549783,0.9997157724430451,0.9789618119975263,0.9783549783549784,0.9784764255352492,0.9748114156754025,,1338.7,False,0.9591346153846154,0.9879807692307693,40,False
44,segment,RuleFit_T,5,OK,0.9783549783549783,0.9994971358607722,0.9787369493251846,0.9783549783549784,0.9784832083339546,0.9747687869920686,,1042.5,False,0.9615384615384616,0.9927884615384616,40,False
44,segment,RuleFit_T,6,OK,0.974025974025974,0.9996501814683633,0.9753170085238397,0.974025974025974,0.9741916611400713,0.9698666231942564,,1255.9,False,0.9543269230769231,0.9735576923076923,40,False
44,segment,RuleFit_T,7,OK,0.974025974025974,0.9981197253924528,0.9740021008403362,0.974025974025974,0.9738887977693949,0.969739374724636,,1489.7,False,0.9519230769230769,0.9903846153846154,40,False
44,segment,RuleFit_T,8,OK,0.974025974025974,0.9949713586077223,0.9764933000227118,0.974025974025974,0.9743558990760484,0.9700151430722337,,1132.8,False,0.9615384615384616,0.9855769230769231,40,False
44,segment,RuleFit_T,9,OK,1.0,1.0,1.0,1.0,1.0,1.0,,1547.1,False,0.9375,0.9783653846153846,40,False
44,segment,XGBoost_T,0,OK,0.987012987012987,0.999934409025318,0.9872676343264579,0.987012987012987,0.9870766049870527,0.9848700179453542,,104.5,False,0.9615384615384616,0.9735576923076923,40,False
44,segment,XGBoost_T,1,OK,1.0,1.0,1.0,1.0,1.0,1.0,,57.2,False,0.9783653846153846,0.9855769230769231,40,False
44,segment,XGBoost_T,2,OK,0.9826839826839827,0.9988630897721806,0.9834333733493398,0.9826839826839827,0.9825334037173997,0.9799694005191966,,35.5,False,0.9711538461538461,0.9831730769230769,40,False
44,segment,XGBoost_T,3,OK,0.987012987012987,0.9994096812278631,0.9871323529411765,0.987012987012987,0.9869443988846973,0.9848915524547084,,65.0,False,0.9711538461538461,0.9783653846153846,40,False
44,segment,XGBoost_T,4,OK,0.987012987012987,0.9997157724430451,0.9880952380952381,0.987012987012987,0.9871954132823698,0.9849777046200635,,49.6,False,0.9831730769230769,0.9903846153846154,40,False
44,segment,XGBoost_T,5,OK,0.974025974025974,0.9997594997594997,0.9744079449961802,0.974025974025974,0.9741542040049502,0.9697181715154257,,49.3,False,0.9855769230769231,0.9903846153846154,40,False
44,segment,XGBoost_T,6,OK,0.987012987012987,0.9997813634177269,0.9876350540216087,0.987012987012987,0.9870040352535963,0.9849561644592252,,57.2,False,0.9615384615384616,0.9783653846153846,40,False
44,segment,XGBoost_T,7,OK,0.9826839826839827,0.9991035900126809,0.9830434446505876,0.9826839826839827,0.982678106207518,0.9798622520260523,,51.2,False,0.9855769230769231,0.9927884615384616,40,False
44,segment,XGBoost_T,8,OK,0.9696969696969697,0.9992784992784992,0.971045918367347,0.9696969696969697,0.9697971496290825,0.9648363369964279,,76.4,False,0.9831730769230769,0.9879807692307693,40,False
44,segment,XGBoost_T,9,OK,1.0,1.0,1.0,1.0,1.0,1.0,,35.3,False,0.96875,0.9759615384615384,40,False
44,spambase,CatBoost_T,0,OK,0.9674620390455532,0.9879672299027137,0.9682700724118725,0.96356689905077,0.9657871430903882,0.9318251024441254,,601.7,False,0.9601449275362319,0.967391304347826,40,False
44,spambase,CatBoost_T,1,OK,0.9717391304347827,0.9961385373967802,0.969977863862756,0.9708806114972574,0.9704240050249516,0.9408580422696493,,1121.8,False,0.9481302774427021,0.9613992762364294,40,False
44,spambase,CatBoost_T,2,OK,0.967391304347826,0.9933860076437158,0.9662698412698413,0.9653557496188043,0.9658075609889047,0.9316251424446808,,1029.5,False,0.9517490952955368,0.9638118214716526,40,False
44,spambase,CatBoost_T,3,OK,0.9586956521739131,0.9874254935741301,0.9556159420289855,0.9581872908374423,0.9568554856226089,0.913799615103027,,638.4,False,0.962605548854041,0.9722557297949337,40,False
44,spambase,CatBoost_T,4,OK,0.9652173913043478,0.9856234776926276,0.9687367206944697,0.9587120537040337,0.9631882202304738,0.9273945951885946,,814.4,False,0.9493365500603136,0.962605548854041,40,False
44,spambase,CatBoost_T,5,OK,0.9543478260869566,0.9856036753203034,0.949898310387985,0.9555733776906473,0.9524884541041418,0.9054539035881828,,533.5,False,0.9577804583835947,0.9650180940892642,40,False
44,spambase,CatBoost_T,6,OK,0.9608695652173913,0.9919008297194004,0.9618045112781954,0.9560981405572387,0.9587616543150849,0.9178849141257948,,540.2,False,0.9481302774427021,0.9589867310012062,40,False
44,spambase,CatBoost_T,7,OK,0.9608695652173913,0.9926137151230717,0.9582371624154189,0.9599794055327828,0.959087674915013,0.9182149150626419,,885.1,False,0.9577804583835947,0.9638118214716526,40,False
44,spambase,CatBoost_T,8,OK,0.9434782608695652,0.9818463910190529,0.9402173913043479,0.9418531109178592,0.9410151703458207,0.882068985574191,,173.7,True,0.9553679131483716,0.9553679131483716,40,False
44,spambase,CatBoost_T,9,OK,0.9630434782608696,0.9904340264052495,0.963616218482362,0.9589888528737449,0.9611716046256437,0.9225934669070291,,576.3,False,0.9613992762364294,0.9650180940892642,40,False
44,spambase,EBM_T,0,OK,0.9544468546637744,0.9882626334239237,0.95358373945085,0.9509039347749025,0.9521975498837157,0.9044837043712892,,597.2,True,0.961352657004831,0.9589371980676329,40,False
44,spambase,EBM_T,1,OK,0.9652173913043478,0.9929107507079348,0.9635636349234638,0.9635636349234638,0.9635636349234638,0.9271272698469276,,347.5,False,0.9505428226779252,0.9541616405307599,40,False
44,spambase,EBM_T,2,OK,0.9608695652173913,0.9899007901146557,0.9607913597252999,0.9570684568011247,0.9588461003200859,0.9178522663194438,,278.4,False,0.9505428226779252,0.9577804583835947,40,False
44,spambase,EBM_T,3,OK,0.9456521739130435,0.9842571140022575,0.9434523809523809,0.9425830214459692,0.9430126016481747,0.8860349758995155,,249.7,False,0.9601930036188179,0.962605548854041,40,False
44,spambase,EBM_T,4,OK,0.9565217391304348,0.9845541495871205,0.9594285598656387,0.9496029624348997,0.9539852752880922,0.9089784189798806,,443.1,True,0.9565741857659831,0.9517490952955368,40,False
44,spambase,EBM_T,5,OK,0.9586956521739131,0.9817818174617319,0.9549682128561336,0.9591576070813284,0.9569354179087564,0.9141162199919457,,350.9,False,0.9529553679131484,0.9589867310012062,40,False
44,spambase,EBM_T,6,OK,0.9652173913043478,0.9921978653042635,0.9664160401002506,0.9606526861918059,0.9633436927245198,0.9270508114556083,,439.8,True,0.9493365500603136,0.9481302774427021,40,False
44,spambase,EBM_T,7,OK,0.9630434782608696,0.9912275490603774,0.9594812024173927,0.9637121527158954,0.9614685318130978,0.923183659962539,,439.3,True,0.9650180940892642,0.9638118214716526,40,False
44,spambase,EBM_T,8,OK,0.9391304347826087,0.9815795715076291,0.9356884057971014,0.9373072970195273,0.9364778757570378,0.8729942017719874,,501.0,True,0.9553679131483716,0.9541616405307599,40,False
44,spambase,EBM_T,9,OK,0.9608695652173913,0.9894062771760613,0.959087674915013,0.959087674915013,0.959087674915013,0.9181753498300261,,463.7,True,0.9613992762364294,0.9553679131483716,40,False
44,spambase,FIGS_T,0,OK,0.913232104121475,0.9527649769585252,0.9141499898928643,0.9034818228366615,0.9080940988835726,0.8175622125557367,,45.9,False,0.8985507246376812,0.9323671497584541,40,False
44,spambase,FIGS_T,1,OK,0.9391304347826087,0.9747420741004773,0.934938574938575,0.9381769936038338,0.9364778757570378,0.8731095628130997,,20.0,False,0.9131483715319663,0.9191797346200241,40,False
44,spambase,FIGS_T,2,OK,0.9347826086956522,0.9710489316620131,0.9316818154814948,0.9316818154814948,0.9316818154814948,0.8633636309629894,,39.5,False,0.9047044632086851,0.9264173703256936,40,False
44,spambase,FIGS_T,3,OK,0.9369565217391305,0.9752173310362582,0.9329710144927537,0.9354145626646072,0.9341478464766135,0.8683821392032741,,41.1,False,0.9010856453558505,0.9396863691194209,40,False
44,spambase,FIGS_T,4,OK,0.9152173913043479,0.9652864413156695,0.9179370543398082,0.903908988296798,0.9097726209695671,0.8217263115907529,,42.0,False,0.8769601930036188,0.9264173703256936,40,False
44,spambase,FIGS_T,5,OK,0.9108695652173913,0.9664052753519872,0.9063364692861096,0.907116972613319,0.9067218620017705,0.81345306745539,,31.9,False,0.9179734620024126,0.9420989143546441,40,False
44,spambase,FIGS_T,6,OK,0.9326086956521739,0.973850967345888,0.9355430528375734,0.9230974870789521,0.9284420335308787,0.8585503390489635,,24.8,False,0.8998793727382388,0.9191797346200241,40,False
44,spambase,FIGS_T,7,OK,0.9434782608695652,0.982464999306917,0.9389042330218801,0.9437018554822868,0.9411231884057971,0.8825930490794456,,43.3,False,0.9240048250904704,0.9457177322074789,40,False
44,spambase,FIGS_T,8,OK,0.908695652173913,0.9560736026563365,0.90515873015873,0.9035892165388568,0.9043545416740926,0.8087464237414345,,37.2,False,0.8950542822677925,0.9131483715319663,40,False
44,spambase,FIGS_T,9,OK,0.9152173913043479,0.9680508340580284,0.9110591623759642,0.911830974780615,0.9114402073306183,0.8228897752039369,,45.3,False,0.8950542822677925,0.9324487334137516,40,False
44,spambase,LightGBM_T,0,OK,0.9544468546637744,0.988006617038875,0.9555244755244755,0.9489936586710781,0.9520041644976575,0.9044945569321203,,39.4,False,0.9577294685990339,0.9698067632850241,40,False
44,spambase,LightGBM_T,1,OK,0.9739130434782609,0.9943959286322501,0.9718490461817679,0.9736430424364839,0.9727251166100087,0.9454903866339109,,31.9,False,0.9541616405307599,0.9565741857659831,40,False
44,spambase,LightGBM_T,2,OK,0.9695652173913043,0.9919404344640488,0.9690053480188473,0.9671478643141449,0.9680555555555556,0.9361513695528447,,35.5,False,0.9493365500603136,0.9577804583835947,40,False
44,spambase,LightGBM_T,3,OK,0.9434782608695652,0.9885344264242856,0.9394594594594594,0.9427315392384008,0.9410151703458207,0.8821849305431647,,31.4,False,0.9650180940892642,0.9686369119420989,40,False
44,spambase,LightGBM_T,4,OK,0.9608695652173913,0.9840590902790154,0.9629010493242836,0.9551278243133527,0.9586752111157693,0.9179959639373784,,32.0,False,0.9577804583835947,0.9613992762364294,40,False
44,spambase,LightGBM_T,5,OK,0.9521739130434783,0.9871284579892671,0.9485012285012285,0.9518406305075349,0.9500897595233868,0.9003356660032946,,30.9,False,0.9589867310012062,0.9638118214716526,40,False
44,spambase,LightGBM_T,6,OK,0.967391304347826,0.9905542684013545,0.9671886206072198,0.9643854333749183,0.9657396511402738,0.9315698364556766,,32.8,False,0.9493365500603136,0.9517490952955368,40,False
44,spambase,LightGBM_T,7,OK,0.9608695652173913,0.992831541218638,0.9590090892888968,0.9590090892888968,0.9590090892888968,0.9180181785777937,,44.3,False,0.9601930036188179,0.9662243667068757,40,False
44,spambase,LightGBM_T,8,OK,0.9434782608695652,0.9796624239070282,0.9409044193216856,0.9409044193216856,0.9409044193216856,0.881808838643371,,27.8,False,0.9565741857659831,0.9601930036188179,40,False
44,spambase,LightGBM_T,9,OK,0.95,0.9898213297493873,0.9508270676691729,0.9444027195825757,0.9473608271017111,0.8952067357512864,,41.7,False,0.962605548854041,0.9686369119420989,40,False
44,spambase,RuleFit_T,0,OK,0.9349240780911063,0.9820394659104337,0.9386478140744352,0.9252235219977155,0.9309190809190809,0.8637670251111244,,279.2,False,0.9154589371980676,0.9553140096618358,40,False
44,spambase,RuleFit_T,1,OK,0.9630434782608696,0.992831541218638,0.9626065821977847,0.9598308877403513,0.9611716046256437,0.9224332937758418,,253.0,False,0.9288299155609168,0.9577804583835947,40,False
44,spambase,RuleFit_T,2,OK,0.95,0.984593754331769,0.95187338501292,0.9432563021049922,0.9471399093684267,0.8950882094195907,,246.7,False,0.9191797346200241,0.9529553679131484,40,False
44,spambase,RuleFit_T,3,OK,0.9282608695652174,0.9788906711023982,0.9308545335942596,0.9185429414443851,0.923825390532871,0.8493082451623557,,299.3,False,0.9203860072376358,0.9505428226779252,40,False
44,spambase,RuleFit_T,4,OK,0.9304347826086956,0.9792471138042338,0.939426231220878,0.9164537911641815,0.9253549695740365,0.8555716683689867,,200.7,False,0.9191797346200241,0.9481302774427021,40,False
44,spambase,RuleFit_T,5,OK,0.9543478260869566,0.985474959900196,0.9534425053789146,0.9507217964712172,0.9520355115963832,0.9041602084161722,,254.0,False,0.9372738238841978,0.9565741857659831,40,False
44,spambase,RuleFit_T,6,OK,0.9565217391304348,0.989346323689578,0.9606742715386649,0.9486326461910137,0.9538847117794487,0.9092271827711901,,262.6,False,0.9143546441495778,0.9420989143546441,40,False
44,spambase,RuleFit_T,7,OK,0.9586956521739131,0.9902572328164915,0.9580245437883497,0.9552763421057843,0.9566035581110135,0.9132967510960069,,190.8,False,0.9264173703256936,0.9601930036188179,40,False
44,spambase,RuleFit_T,8,OK,0.9369565217391305,0.9718950114633568,0.9390821344017484,0.9288678946952328,0.9333503205080165,0.8678899252305377,,288.5,False,0.902291917973462,0.9457177322074789,40,False
44,spambase,RuleFit_T,9,OK,0.9391304347826087,0.9870345481856273,0.944512744856979,0.9287690726539648,0.9352945904670042,0.8731398911862757,,248.8,False,0.9119420989143546,0.9529553679131484,40,False
44,spambase,XGBoost_T,0,OK,0.9544468546637744,0.9874945842687778,0.9545138059998408,0.9499487967229903,0.9521020003265435,0.9044510823778477,,115.2,False,0.9601449275362319,0.9698067632850241,40,False
44,spambase,XGBoost_T,1,OK,0.9760869565217392,0.9944553357492228,0.9753968253968254,0.9744648408879384,0.9749255447251968,0.9498612090627468,,70.0,False,0.9517490952955368,0.9553679131483716,40,False
44,spambase,XGBoost_T,2,OK,0.9652173913043478,0.9909305134755144,0.9635636349234638,0.9635636349234638,0.9635636349234638,0.9271272698469276,,49.4,False,0.9517490952955368,0.9541616405307599,40,False
44,spambase,XGBoost_T,3,OK,0.95,0.9894453355511991,0.9454005006257822,0.9510188320560804,0.9479635449712029,0.8964017259899353,,58.6,False,0.962605548854041,0.9674306393244874,40,False
44,spambase,XGBoost_T,4,OK,0.9608695652173913,0.9850690112675499,0.9629010493242836,0.9551278243133527,0.9586752111157693,0.9179959639373784,,42.1,False,0.9481302774427021,0.9577804583835947,40,False
44,spambase,XGBoost_T,5,OK,0.9565217391304348,0.9848709875443079,0.9524201288907171,0.9573654923859878,0.9547101449275361,0.9097721803076525,,60.2,False,0.9589867310012062,0.9638118214716526,40,False
44,spambase,XGBoost_T,6,OK,0.9652173913043478,0.9891284975940118,0.9653830029346588,0.9616230024356918,0.9634187558400764,0.9269983799278952,,52.4,False,0.9420989143546441,0.9529553679131484,40,False
44,spambase,XGBoost_T,7,OK,0.9608695652173913,0.9928513435909622,0.9582371624154189,0.9599794055327828,0.959087674915013,0.9182149150626419,,49.0,False,0.9553679131483716,0.9650180940892642,40,False
44,spambase,XGBoost_T,8,OK,0.941304347826087,0.9790299628429124,0.9389987920552882,0.9381571665744328,0.9385729335133611,0.8771555548625197,,50.6,False,0.9481302774427021,0.9529553679131484,40,False
44,spambase,XGBoost_T,9,OK,0.9652173913043478,0.9920349434737924,0.9675267261474159,0.9598387224286504,0.9633436927245198,0.9273335806555852,,99.6,False,0.9601930036188179,0.9698431845597105,40,False
44,tic-tac-toe,CatBoost_T,0,OK,0.9895833333333334,1.0,0.9920634920634921,0.9852941176470589,0.9885373134328358,0.977334166408364,,96.9,False,0.9884393063583815,1.0,40,False
44,tic-tac-toe,CatBoost_T,1,OK,1.0,1.0,1.0,1.0,1.0,1.0,,73.1,False,0.9884393063583815,1.0,40,False
44,tic-tac-toe,CatBoost_T,2,OK,0.9895833333333334,1.0,0.9921875,0.9848484848484849,0.9883706844336766,0.9770084209183943,,52.9,False,0.9942196531791907,1.0,40,False
44,tic-tac-toe,CatBoost_T,3,OK,1.0,1.0,1.0,1.0,1.0,1.0,,91.8,False,0.9942196531791907,1.0,40,False
44,tic-tac-toe,CatBoost_T,4,OK,0.96875,1.0,0.9772727272727273,0.9545454545454546,0.964562569213732,0.9315409787235999,,95.8,False,0.9826589595375722,1.0,40,False
44,tic-tac-toe,CatBoost_T,5,OK,1.0,1.0,1.0,1.0,1.0,1.0,,84.9,False,0.9942196531791907,1.0,40,False
44,tic-tac-toe,CatBoost_T,6,OK,1.0,1.0,1.0,1.0,1.0,1.0,,103.5,False,0.9826589595375722,0.9942196531791907,40,False
44,tic-tac-toe,CatBoost_T,7,OK,0.9791666666666666,1.0,0.9846153846153847,0.9696969696969697,0.9765625,0.9541957401338105,,157.5,False,0.9884393063583815,1.0,40,False
44,tic-tac-toe,CatBoost_T,8,OK,0.9894736842105263,1.0,0.9920634920634921,0.9848484848484849,0.9883076923076923,0.9768853332428297,,48.2,False,0.9884393063583815,1.0,40,False
44,tic-tac-toe,CatBoost_T,9,OK,1.0,1.0,1.0,1.0,1.0,1.0,,170.2,False,0.976878612716763,1.0,40,False
44,tic-tac-toe,EBM_T,0,OK,1.0,1.0,1.0,1.0,1.0,1.0,,447.4,True,0.976878612716763,0.976878612716763,40,False
44,tic-tac-toe,EBM_T,1,OK,1.0,1.0,1.0,1.0,1.0,1.0,,618.2,True,1.0,0.976878612716763,40,False
44,tic-tac-toe,EBM_T,2,OK,1.0,1.0,1.0,1.0,1.0,1.0,,330.6,True,0.9942196531791907,0.9884393063583815,40,False
44,tic-tac-toe,EBM_T,3,OK,1.0,1.0,1.0,1.0,1.0,1.0,,347.7,True,0.9942196531791907,0.9884393063583815,40,False
44,tic-tac-toe,EBM_T,4,OK,0.96875,1.0,0.9772727272727273,0.9545454545454546,0.964562569213732,0.9315409787235999,,504.9,True,0.976878612716763,0.976878612716763,40,False
44,tic-tac-toe,EBM_T,5,OK,1.0,1.0,1.0,1.0,1.0,1.0,,480.2,True,1.0,0.9942196531791907,40,False
44,tic-tac-toe,EBM_T,6,OK,1.0,1.0,1.0,1.0,1.0,1.0,,362.4,True,0.9826589595375722,0.976878612716763,40,False
44,tic-tac-toe,EBM_T,7,OK,0.9479166666666666,0.9937469937469937,0.9530303030303031,0.9314574314574314,0.94093761535622,0.8842246115503377,,347.6,False,0.976878612716763,0.9884393063583815,40,False
44,tic-tac-toe,EBM_T,8,OK,1.0,1.0,1.0,1.0,1.0,1.0,,728.0,True,1.0,0.9884393063583815,40,False
44,tic-tac-toe,EBM_T,9,OK,1.0,1.0,1.0,1.0,1.0,1.0,,386.0,True,0.9826589595375722,0.9595375722543352,40,False
44,tic-tac-toe,FIGS_T,0,OK,0.9479166666666666,0.9672675521821632,0.9626865671641791,0.9264705882352942,0.94093761535622,0.8884192984555803,,14.7,False,0.8092485549132948,0.9710982658959537,40,False
44,tic-tac-toe,FIGS_T,1,OK,0.9583333333333334,0.99146110056926,0.9544592030360531,0.9544592030360531,0.9544592030360531,0.9089184060721063,,16.8,False,0.7976878612716763,0.9479768786127167,40,False
44,tic-tac-toe,FIGS_T,2,OK,0.9166666666666666,0.9706589706589707,0.9207411219763253,0.8932178932178932,0.9047146401985111,0.81349354655993,,16.2,False,0.7572254335260116,0.9595375722543352,40,False
44,tic-tac-toe,FIGS_T,3,OK,0.9479166666666666,0.9908609908609909,0.9530303030303031,0.9314574314574314,0.94093761535622,0.8842246115503377,,11.1,False,0.815028901734104,0.9826589595375722,40,False
44,tic-tac-toe,FIGS_T,4,OK,0.9375,0.9442039442039442,0.9565217391304348,0.9090909090909092,0.9272727272727272,0.8643121965600912,,8.8,False,0.7687861271676301,0.9710982658959537,40,False
44,tic-tac-toe,FIGS_T,5,OK,0.9583333333333334,0.9761904761904762,0.9607940446650125,0.9466089466089466,0.953125,0.9072921092823789,,7.9,False,0.7687861271676301,0.9710982658959537,40,False
44,tic-tac-toe,FIGS_T,6,OK,0.96875,0.9942279942279943,0.9772727272727273,0.9545454545454546,0.964562569213732,0.9315409787235999,,14.8,False,0.8323699421965318,0.9710982658959537,40,False
44,tic-tac-toe,FIGS_T,7,OK,0.9583333333333334,0.9855699855699855,0.9607940446650125,0.9466089466089466,0.953125,0.9072921092823789,,15.2,False,0.838150289017341,0.9710982658959537,40,False
44,tic-tac-toe,FIGS_T,8,OK,0.9473684210526315,0.9516129032258064,0.9626865671641791,0.9242424242424243,0.9396365484813827,0.8860954145421058,,11.9,False,0.7861271676300579,0.9653179190751445,40,False
44,tic-tac-toe,FIGS_T,9,OK,0.9578947368421052,0.9826490713587488,0.9696969696969697,0.9393939393939394,0.952116935483871,0.9085857182160575,,14.4,False,0.7976878612716763,0.953757225433526,40,False
44,tic-tac-toe,LightGBM_T,0,OK,1.0,1.0,1.0,1.0,1.0,1.0,,4.3,False,0.9884393063583815,1.0,40,False
44,tic-tac-toe,LightGBM_T,1,OK,1.0,1.0,1.0,1.0,1.0,1.0,,2.6,True,1.0,1.0,40,False
44,tic-tac-toe,LightGBM_T,2,OK,1.0,1.0,1.0,1.0,1.0,1.0,,3.2,True,1.0,1.0,40,False
44,tic-tac-toe,LightGBM_T,3,OK,1.0,1.0,1.0,1.0,1.0,1.0,,2.8,True,1.0,1.0,40,False
44,tic-tac-toe,LightGBM_T,4,OK,0.9791666666666666,1.0,0.9846153846153847,0.9696969696969697,0.9765625,0.9541957401338105,,3.8,False,0.9884393063583815,1.0,40,False
44,tic-tac-toe,LightGBM_T,5,OK,1.0,1.0,1.0,1.0,1.0,1.0,,3.3,True,1.0,1.0,40,False
44,tic-tac-toe,LightGBM_T,6,OK,1.0,1.0,1.0,1.0,1.0,1.0,,3.3,False,0.9826589595375722,1.0,40,False
44,tic-tac-toe,LightGBM_T,7,OK,1.0,1.0,1.0,1.0,1.0,1.0,,4.2,False,0.9884393063583815,1.0,40,False
44,tic-tac-toe,LightGBM_T,8,OK,1.0,1.0,1.0,1.0,1.0,1.0,,3.9,True,1.0,1.0,40,False
44,tic-tac-toe,LightGBM_T,9,OK,1.0,1.0,1.0,1.0,1.0,1.0,,2.5,False,0.9884393063583815,1.0,40,False
44,tic-tac-toe,RuleFit_T,0,OK,0.9895833333333334,1.0,0.9857142857142858,0.9919354838709677,0.9886885825379993,0.9776299753299275,,126.0,False,0.8959537572254336,1.0,40,False
44,tic-tac-toe,RuleFit_T,1,OK,1.0,1.0,1.0,1.0,1.0,1.0,,119.6,False,0.9479768786127167,1.0,40,False
44,tic-tac-toe,RuleFit_T,2,OK,0.9791666666666666,1.0,0.9714285714285714,0.9841269841269842,0.9772296015180266,0.9554711769949041,,97.7,False,0.9017341040462428,1.0,40,False
44,tic-tac-toe,RuleFit_T,3,OK,1.0,1.0,1.0,1.0,1.0,1.0,,110.6,False,0.9190751445086706,1.0,40,False
44,tic-tac-toe,RuleFit_T,4,OK,1.0,1.0,1.0,1.0,1.0,1.0,,102.3,False,0.9017341040462428,1.0,40,False
44,tic-tac-toe,RuleFit_T,5,OK,1.0,1.0,1.0,1.0,1.0,1.0,,123.0,False,0.8901734104046243,1.0,40,False
44,tic-tac-toe,RuleFit_T,6,OK,1.0,1.0,1.0,1.0,1.0,1.0,,139.3,False,0.8728323699421965,1.0,40,False
44,tic-tac-toe,RuleFit_T,7,OK,0.9895833333333334,1.0,0.9921875,0.9848484848484849,0.9883706844336766,0.9770084209183943,,118.2,False,0.953757225433526,1.0,40,False
44,tic-tac-toe,RuleFit_T,8,OK,0.9894736842105263,0.9995112414467253,0.9920634920634921,0.9848484848484849,0.9883076923076923,0.9768853332428297,,116.0,False,0.9364161849710982,1.0,40,False
44,tic-tac-toe,RuleFit_T,9,OK,0.9894736842105263,1.0,0.9852941176470589,0.9919354838709677,0.9884722727824293,0.9772070335081308,,102.0,False,0.8959537572254336,1.0,40,False
44,tic-tac-toe,XGBoost_T,0,OK,0.9895833333333334,1.0,0.9857142857142858,0.9919354838709677,0.9886885825379993,0.9776299753299275,,3.6,True,0.9884393063583815,0.9884393063583815,40,False
44,tic-tac-toe,XGBoost_T,1,OK,1.0,1.0,1.0,1.0,1.0,1.0,,4.2,False,0.9710982658959537,0.9884393063583815,40,False
44,tic-tac-toe,XGBoost_T,2,OK,0.9895833333333334,1.0,0.9921875,0.9848484848484849,0.9883706844336766,0.9770084209183943,,4.5,True,0.9942196531791907,0.9942196531791907,40,False
44,tic-tac-toe,XGBoost_T,3,OK,1.0,1.0,1.0,1.0,1.0,1.0,,4.0,False,0.9884393063583815,1.0,40,False
44,tic-tac-toe,XGBoost_T,4,OK,0.9583333333333334,0.9947089947089948,0.9701492537313433,0.9393939393939394,0.9523573200992556,0.9090230639541237,,5.3,False,0.9884393063583815,0.9942196531791907,40,False
44,tic-tac-toe,XGBoost_T,5,OK,1.0,1.0,1.0,1.0,1.0,1.0,,3.4,False,0.9884393063583815,1.0,40,False
44,tic-tac-toe,XGBoost_T,6,OK,1.0,1.0,1.0,1.0,1.0,1.0,,3.9,False,0.976878612716763,1.0,40,False
44,tic-tac-toe,XGBoost_T,7,OK,0.9895833333333334,1.0,0.9921875,0.9848484848484849,0.9883706844336766,0.9770084209183943,,3.6,False,0.9884393063583815,1.0,40,False
44,tic-tac-toe,XGBoost_T,8,OK,0.9894736842105263,1.0,0.9920634920634921,0.9848484848484849,0.9883076923076923,0.9768853332428297,,3.7,False,0.9884393063583815,1.0,40,False
44,tic-tac-toe,XGBoost_T,9,OK,0.9894736842105263,1.0,0.9920634920634921,0.9848484848484849,0.9883076923076923,0.9768853332428297,,4.1,True,0.9826589595375722,0.9826589595375722,40,False
44,vehicle,CatBoost_T,0,OK,0.8117647058823529,0.9527911151348651,0.8145658263305322,0.814935064935065,0.8107920711314136,0.7520858480993053,,105.3,False,0.7254901960784313,0.7712418300653595,40,False
44,vehicle,CatBoost_T,1,OK,0.7176470588235294,0.916586208929959,0.6966784989858013,0.7218614718614719,0.6960570176490413,0.6330942977680355,,239.3,False,0.7777777777777778,0.7908496732026143,40,False
44,vehicle,CatBoost_T,2,OK,0.8117647058823529,0.9493450993450994,0.8090463458110517,0.8121753246753247,0.8079982565108422,0.7505569948244826,,153.9,False,0.7581699346405228,0.7973856209150327,40,False
44,vehicle,CatBoost_T,3,OK,0.7529411764705882,0.9305548964923965,0.7545219435736676,0.7526515151515152,0.7377802982895285,0.6798395870322642,,123.3,False,0.8235294117647058,0.8562091503267973,40,False
44,vehicle,CatBoost_T,4,OK,0.8705882352941177,0.9666925955988457,0.8775,0.8712121212121212,0.8695777183288746,0.8301269175339027,,151.9,False,0.7843137254901961,0.8104575163398693,40,False
44,vehicle,CatBoost_T,5,OK,0.7411764705882353,0.9233929612054612,0.7313405797101449,0.7412337662337661,0.7350706057227796,0.6553840291603172,,130.2,False,0.8300653594771242,0.8562091503267973,40,False
44,vehicle,CatBoost_T,6,OK,0.8095238095238095,0.9480347694633409,0.8018341307814991,0.8095238095238095,0.8047619047619048,0.7465961199647753,,262.2,False,0.7516339869281046,0.7908496732026143,40,False
44,vehicle,CatBoost_T,7,OK,0.7023809523809523,0.9202438950589569,0.7079255285777024,0.7063681932102985,0.7067323137090579,0.602802141800621,,129.6,False,0.7189542483660131,0.7647058823529411,40,False
44,vehicle,CatBoost_T,8,OK,0.7023809523809523,0.9037382587290782,0.6921296296296295,0.7067099567099567,0.6876957730616267,0.6106919259185175,,332.9,False,0.7647058823529411,0.7777777777777778,40,False
44,vehicle,CatBoost_T,9,OK,0.8333333333333334,0.9585141241247231,0.8409090909090908,0.8365259740259741,0.8384628936954518,0.7777988453432424,,169.7,False,0.803921568627451,0.8300653594771242,40,False
44,vehicle,EBM_T,0,OK,0.8117647058823529,0.9595001352813853,0.8095238095238095,0.8138528138528138,0.8114550414607136,0.7491231436488046,,99.8,False,0.7843137254901961,0.8169934640522876,40,False
44,vehicle,EBM_T,1,OK,0.7058823529411765,0.9234815358252858,0.6845238095238095,0.7087662337662337,0.691796190079943,0.61138299864311,,178.3,False,0.7843137254901961,0.8104575163398693,40,False
44,vehicle,EBM_T,2,OK,0.7647058823529411,0.9273820797258296,0.7554590017825312,0.7662337662337663,0.7586902037702954,0.6876404814516216,,132.4,False,0.7516339869281046,0.7777777777777778,40,False
44,vehicle,EBM_T,3,OK,0.7294117647058823,0.9331802919302921,0.7304467084639499,0.7299242424242425,0.7231951871657754,0.6444381580881139,,120.4,False,0.8431372549019608,0.8496732026143791,40,False
44,vehicle,EBM_T,4,OK,0.8,0.9623301351426352,0.8010876623376624,0.8002705627705629,0.7924452667283379,0.7375629809621824,,236.2,False,0.7973856209150327,0.8169934640522876,40,False
44,vehicle,EBM_T,5,OK,0.7764705882352941,0.9428472742535243,0.763888888888889,0.7781385281385281,0.7682685531522742,0.7037729593822699,,98.5,False,0.7908496732026143,0.8104575163398693,40,False
44,vehicle,EBM_T,6,OK,0.8095238095238095,0.940854119425548,0.8095238095238095,0.8095238095238095,0.8095238095238095,0.7459357277882798,,101.7,False,0.7647058823529411,0.7843137254901961,40,False
44,vehicle,EBM_T,7,OK,0.7142857142857143,0.9247099922427354,0.7275514874141876,0.7171907040328093,0.7207151300236407,0.6190960293185818,,150.0,True,0.7843137254901961,0.7712418300653595,40,False
44,vehicle,EBM_T,8,OK,0.6666666666666666,0.899865229036996,0.6705895172714395,0.671969696969697,0.6696290143964563,0.5564593292277725,,163.0,False,0.7254901960784313,0.7516339869281046,40,False
44,vehicle,EBM_T,9,OK,0.8690476190476191,0.964469439031111,0.8773684210526316,0.8706168831168832,0.8725791052918712,0.8262946523514588,,134.0,False,0.8169934640522876,0.8431372549019608,40,False
44,vehicle,FIGS_T,0,OK,0.6470588235294118,0.8895628937035187,0.6419233746130031,0.648051948051948,0.6417348608837969,0.531422005546827,,18.0,False,0.6928104575163399,0.7254901960784313,40,False
44,vehicle,FIGS_T,1,OK,0.6941176470588235,0.8731273500804752,0.6640859140859141,0.6973484848484848,0.6708859357696568,0.5990998626580584,,15.7,False,0.7450980392156863,0.7581699346405228,40,False
44,vehicle,FIGS_T,2,OK,0.7294117647058823,0.8764791978854478,0.7369588744588744,0.7326298701298701,0.734593023255814,0.6392171344165436,,25.7,False,0.6797385620915033,0.7712418300653595,40,False
44,vehicle,FIGS_T,3,OK,0.6941176470588235,0.8944420856920856,0.6777319902319903,0.692478354978355,0.6763802889576883,0.597733894459764,,13.5,False,0.6993464052287581,0.7516339869281046,40,False
44,vehicle,FIGS_T,4,OK,0.7411764705882353,0.9234656142468642,0.7346813725490196,0.743452380952381,0.7356459330143541,0.6569224190401659,,14.0,False,0.7124183006535948,0.7189542483660131,40,False
44,vehicle,FIGS_T,5,OK,0.6352941176470588,0.8874376057969806,0.6581845238095239,0.6327922077922077,0.6327352196917415,0.5206310516949649,,11.5,False,0.6601307189542484,0.7058823529411765,40,False
44,vehicle,FIGS_T,6,OK,0.7023809523809523,0.8928955927205314,0.699908424908425,0.700595238095238,0.6935757235364081,0.6073723104254294,,13.1,False,0.6666666666666666,0.7124183006535948,40,False
44,vehicle,FIGS_T,7,OK,0.6785714285714286,0.8714510549748847,0.6869949494949494,0.6813055365686944,0.6836798236586148,0.5709419681303753,,23.2,False,0.673202614379085,0.6993464052287581,40,False
44,vehicle,FIGS_T,8,OK,0.7142857142857143,0.9077745287386704,0.7210895829316882,0.7168831168831168,0.7164673233270794,0.6204512643238821,,14.7,False,0.6666666666666666,0.7058823529411765,40,False
44,vehicle,FIGS_T,9,OK,0.75,0.8956747465604034,0.7431349206349207,0.7548160173160172,0.7463213943117886,0.6682472747115604,,13.7,False,0.7450980392156863,0.7647058823529411,40,False
44,vehicle,LightGBM_T,0,OK,0.8117647058823529,0.9488347936785436,0.8090334531982128,0.8133116883116883,0.8105691056910569,0.7493073384302974,,21.5,False,0.7843137254901961,0.7908496732026143,40,False
44,vehicle,LightGBM_T,1,OK,0.788235294117647,0.9441844960594961,0.7791149068322982,0.7922077922077922,0.7757465963987704,0.7239089083960797,,10.7,False,0.803921568627451,0.8169934640522876,40,False
44,vehicle,LightGBM_T,2,OK,0.8,0.9264288142413143,0.8011574074074075,0.7997294372294372,0.7961045228902373,0.7363649319952187,,15.5,False,0.7581699346405228,0.803921568627451,40,False
44,vehicle,LightGBM_T,3,OK,0.7529411764705882,0.9364903672716173,0.7523693510387663,0.7537878787878788,0.7414663130588525,0.6783339498522358,,14.8,False,0.7973856209150327,0.8431372549019608,40,False
44,vehicle,LightGBM_T,4,OK,0.8352941176470589,0.955429102147852,0.8403084415584415,0.8360389610389611,0.8292740407911545,0.7849618116439759,,11.5,False,0.7777777777777778,0.8104575163398693,40,False
44,vehicle,LightGBM_T,5,OK,0.7411764705882353,0.9260753829503829,0.7334640950201591,0.7429112554112554,0.7363193150203928,0.6561981425306747,,24.4,False,0.8300653594771242,0.8431372549019608,40,False
44,vehicle,LightGBM_T,6,OK,0.8571428571428571,0.955026455026455,0.8571428571428572,0.8571428571428572,0.8571428571428572,0.8094517958412099,,12.6,False,0.738562091503268,0.7843137254901961,40,False
44,vehicle,LightGBM_T,7,OK,0.7857142857142857,0.9339112366913725,0.8055555555555556,0.7886192754613808,0.7923611111111111,0.7177735855074178,,10.2,False,0.7320261437908496,0.7581699346405228,40,False
44,vehicle,LightGBM_T,8,OK,0.6666666666666666,0.8959295273685395,0.6677489177489178,0.672077922077922,0.6650396825396825,0.5593029365715587,,12.3,False,0.6993464052287581,0.7712418300653595,40,False
44,vehicle,LightGBM_T,9,OK,0.7976190476190477,0.9345986441833576,0.8078947368421052,0.8024350649350649,0.8029746852652473,0.7319583990568631,,16.5,False,0.7843137254901961,0.8627450980392157,40,False
44,vehicle,RuleFit_T,0,OK,0.8117647058823529,0.9420243124930625,0.8130434782608695,0.8127164502164501,0.8127032520325204,0.7489841663620656,,407.4,False,0.7581699346405228,0.7843137254901961,40,False
44,vehicle,RuleFit_T,1,OK,0.7647058823529411,0.9356048118548118,0.7529608441393338,0.7672619047619047,0.7555555555555556,0.6895046032303823,,405.6,False,0.7581699346405228,0.8300653594771242,40,False
44,vehicle,RuleFit_T,2,OK,0.7294117647058823,0.9273575556388056,0.7356060606060606,0.7316017316017316,0.7273015873015873,0.6436742917246163,,344.0,False,0.738562091503268,0.7843137254901961,40,False
44,vehicle,RuleFit_T,3,OK,0.7529411764705882,0.9287624181374181,0.7523693510387663,0.7537878787878788,0.7414663130588525,0.6783339498522358,,532.2,False,0.7843137254901961,0.8627450980392157,40,False
44,vehicle,RuleFit_T,4,OK,0.8235294117647058,0.9504624888999889,0.8202651515151516,0.8246753246753247,0.8153820816864294,0.7686545828618361,,456.9,False,0.7058823529411765,0.803921568627451,40,False
44,vehicle,RuleFit_T,5,OK,0.7647058823529411,0.9280117798867799,0.7576719576719576,0.764556277056277,0.7560837343067308,0.6898491960414819,,323.4,False,0.7450980392156863,0.7908496732026143,40,False
44,vehicle,RuleFit_T,6,OK,0.8095238095238095,0.9498926740835223,0.8055555555555556,0.8089285714285714,0.8056478405315614,0.7470202018620599,,351.3,False,0.7320261437908496,0.8104575163398693,40,False
44,vehicle,RuleFit_T,7,OK,0.6904761904761905,0.9028166395950775,0.7083333333333333,0.6960868079289132,0.6989157762413576,0.5900859552977373,,389.4,False,0.7320261437908496,0.803921568627451,40,False
44,vehicle,RuleFit_T,8,OK,0.7261904761904762,0.9033118816573957,0.7298076923076923,0.7316017316017316,0.7251640194376143,0.6383496099415432,,449.0,False,0.7254901960784313,0.8169934640522876,40,False
44,vehicle,RuleFit_T,9,OK,0.7857142857142857,0.9420999428811929,0.7905844155844155,0.7889069264069264,0.7894595714363156,0.7142587500270913,,759.3,False,0.7908496732026143,0.8627450980392157,40,False
44,vehicle,XGBoost_T,0,OK,0.8352941176470589,0.9548647706460207,0.8353492426718971,0.8376623376623377,0.8350886917960089,0.7814521798718338,,21.9,False,0.7516339869281046,0.8104575163398693,40,False
44,vehicle,XGBoost_T,1,OK,0.7058823529411765,0.92156805000555,0.6907608695652174,0.7087662337662338,0.696720251293422,0.6100639368249298,,21.5,False,0.7647058823529411,0.8235294117647058,40,False
44,vehicle,XGBoost_T,2,OK,0.7411764705882353,0.9255319160006661,0.7424999999999999,0.74237012987013,0.741182487725041,0.65562707905896,,14.3,False,0.7581699346405228,0.803921568627451,40,False
44,vehicle,XGBoost_T,3,OK,0.7764705882352941,0.9393770292207793,0.7768288474810214,0.7775974025974026,0.7699795365300592,0.7065180659385634,,17.0,False,0.8104575163398693,0.8496732026143791,40,False
44,vehicle,XGBoost_T,4,OK,0.8705882352941177,0.9612757034632035,0.8711564171122995,0.8717532467532468,0.8682699832585417,0.8292026365405587,,18.2,False,0.7908496732026143,0.7973856209150327,40,False
44,vehicle,XGBoost_T,5,OK,0.7764705882352941,0.9179923201798201,0.77066163003663,0.7764610389610389,0.769995605361459,0.7043838321701882,,18.9,False,0.8169934640522876,0.8366013071895425,40,False
44,vehicle,XGBoost_T,6,OK,0.8452380952380952,0.9555933484504914,0.8472222222222222,0.8452380952380952,0.8444444444444444,0.7949263579428747,,16.5,False,0.7450980392156863,0.7908496732026143,40,False
44,vehicle,XGBoost_T,7,OK,0.7380952380952381,0.9225135733958193,0.733416149068323,0.7438767372977899,0.732370413892153,0.6553961091665268,,15.0,False,0.7058823529411765,0.7581699346405228,40,False
44,vehicle,XGBoost_T,8,OK,0.6666666666666666,0.916701295289825,0.6557921245421245,0.6726190476190477,0.6541834124954329,0.5612596999147468,,31.2,False,0.7516339869281046,0.7777777777777778,40,False
44,vehicle,XGBoost_T,9,OK,0.8571428571428571,0.9528892940057254,0.8675213675213675,0.8587121212121211,0.8605769230769231,0.8112717999123337,,15.9,False,0.8235294117647058,0.8562091503267973,40,False
44,wdbc,CatBoost_T,0,OK,0.9824561403508771,0.9973544973544973,0.9864864864864865,0.9761904761904762,0.9809555629802873,0.962621902223779,,147.0,False,0.9514563106796117,0.970873786407767,40,False
44,wdbc,CatBoost_T,1,OK,1.0,1.0,1.0,1.0,1.0,1.0,,182.7,False,0.9902912621359223,1.0,40,False
44,wdbc,CatBoost_T,2,OK,0.9824561403508771,0.9973544973544973,0.9772727272727273,0.9861111111111112,0.981329839502129,0.9633432944855655,,211.2,True,0.9902912621359223,0.9902912621359223,40,False
44,wdbc,CatBoost_T,3,OK,0.9473684210526315,0.9457671957671956,0.9615384615384616,0.9285714285714286,0.9415384615384615,0.8894991799933214,,258.3,False,0.9805825242718447,1.0,40,False
44,wdbc,CatBoost_T,4,OK,1.0,1.0,1.0,1.0,1.0,1.0,,304.1,False,0.9611650485436893,0.970873786407767,40,False
44,wdbc,CatBoost_T,5,OK,0.9649122807017544,0.9973544973544973,0.9565217391304348,0.9722222222222222,0.9629870129870131,0.9286112429750731,,269.7,False,0.9514563106796117,0.970873786407767,40,False
44,wdbc,CatBoost_T,6,OK,0.9649122807017544,0.9973544973544973,0.9623015873015872,0.9623015873015872,0.9623015873015872,0.9246031746031746,,156.7,False,0.9611650485436893,0.970873786407767,40,False
44,wdbc,CatBoost_T,7,OK,0.9824561403508771,0.9987012987012986,0.9861111111111112,0.9772727272727273,0.981329839502129,0.9633432944855655,,258.8,False,0.970873786407767,0.9805825242718447,40,False
44,wdbc,CatBoost_T,8,OK,0.9649122807017544,0.9818181818181818,0.972972972972973,0.9545454545454546,0.9623015873015872,0.9273353546322172,,244.3,True,0.9805825242718447,0.9805825242718447,40,False
44,wdbc,CatBoost_T,9,OK,0.9821428571428571,0.9972789115646259,0.9772727272727273,0.9857142857142858,0.9811257162116616,0.9629500128629354,,155.0,False,0.9514563106796117,0.970873786407767,40,False
44,wdbc,EBM_T,0,OK,0.9649122807017544,1.0,0.9736842105263157,0.9523809523809523,0.9614864864864865,0.9258200997725514,,121.9,False,0.970873786407767,0.9805825242718447,40,False
44,wdbc,EBM_T,1,OK,0.9824561403508771,1.0,0.9772727272727273,0.9861111111111112,0.981329839502129,0.9633432944855655,,138.3,True,1.0,0.9902912621359223,40,False
44,wdbc,EBM_T,2,OK,0.9649122807017544,0.9986772486772486,0.9736842105263157,0.9523809523809523,0.9614864864864865,0.9258200997725514,,131.6,False,0.9805825242718447,0.9902912621359223,40,False
44,wdbc,EBM_T,3,OK,0.9298245614035088,0.9603174603174602,0.9342105263157894,0.9146825396825397,0.922972972972973,0.8486684247915055,,1105.0,True,1.0,1.0,40,False
44,wdbc,EBM_T,4,OK,1.0,1.0,1.0,1.0,1.0,1.0,,129.0,False,0.9611650485436893,0.9805825242718447,40,False
44,wdbc,EBM_T,5,OK,0.9473684210526315,0.996031746031746,0.9402597402597402,0.9484126984126984,0.9439895185063871,0.8886350389948482,,144.6,True,1.0,0.9902912621359223,40,False
44,wdbc,EBM_T,6,OK,0.9824561403508771,0.9986772486772486,0.9864864864864865,0.9761904761904762,0.9809555629802873,0.962621902223779,,111.4,False,0.970873786407767,0.9805825242718447,40,False
44,wdbc,EBM_T,7,OK,0.9824561403508771,1.0,0.9861111111111112,0.9772727272727273,0.981329839502129,0.9633432944855655,,637.8,True,0.9902912621359223,0.9805825242718447,40,False
44,wdbc,EBM_T,8,OK,0.9473684210526315,0.9922077922077922,0.9605263157894737,0.9318181818181819,0.942866688940862,0.8918825850158447,,118.7,False,0.9902912621359223,1.0,40,False
44,wdbc,EBM_T,9,OK,1.0,1.0,1.0,1.0,1.0,1.0,,146.6,True,0.970873786407767,0.970873786407767,40,False
44,wdbc,FIGS_T,0,OK,0.9649122807017544,0.9060846560846562,0.9736842105263157,0.9523809523809523,0.9614864864864865,0.9258200997725514,,2.2,True,0.8932038834951457,0.8932038834951457,40,False
44,wdbc,FIGS_T,1,OK,0.9824561403508771,0.988095238095238,0.9772727272727273,0.9861111111111112,0.981329839502129,0.9633432944855655,,1.9,False,0.912621359223301,0.9320388349514563,40,False
44,wdbc,FIGS_T,2,OK,0.9473684210526315,0.9265873015873014,0.9402597402597402,0.9484126984126984,0.9439895185063871,0.8886350389948482,,1.8,False,0.9223300970873787,0.9611650485436893,40,False
44,wdbc,FIGS_T,3,OK,0.8947368421052632,0.8869047619047619,0.8869047619047619,0.8869047619047619,0.8869047619047619,0.7738095238095238,,1.8,False,0.941747572815534,0.9514563106796117,40,False
44,wdbc,FIGS_T,4,OK,0.8596491228070176,0.8591269841269842,0.8471867007672634,0.8591269841269842,0.851948051948052,0.7062127520104547,,2.2,False,0.8737864077669902,0.9029126213592233,40,False
44,wdbc,FIGS_T,5,OK,0.9473684210526315,0.9292328042328042,0.9402597402597402,0.9484126984126984,0.9439895185063871,0.8886350389948482,,2.1,False,0.9029126213592233,0.9320388349514563,40,False
44,wdbc,FIGS_T,6,OK,0.9122807017543859,0.8908730158730159,0.920940170940171,0.8908730158730158,0.9025641025641026,0.8112561965679829,,1.7,False,0.883495145631068,0.9029126213592233,40,False
44,wdbc,FIGS_T,7,OK,0.9649122807017544,0.9538961038961039,0.972972972972973,0.9545454545454546,0.9623015873015872,0.9273353546322172,,2.0,False,0.883495145631068,0.9223300970873787,40,False
44,wdbc,FIGS_T,8,OK,0.9122807017543859,0.8948051948051948,0.9210526315789473,0.8948051948051948,0.9047778149014367,0.8154355063002009,,2.0,False,0.9320388349514563,0.9514563106796117,40,False
44,wdbc,FIGS_T,9,OK,0.8392857142857143,0.8523809523809524,0.832051282051282,0.8523809523809525,0.835024549918167,0.6841302420111158,,2.0,False,0.912621359223301,0.9514563106796117,40,False
44,wdbc,LightGBM_T,0,OK,0.9649122807017544,0.9933862433862435,0.9736842105263157,0.9523809523809523,0.9614864864864865,0.9258200997725514,,3.9,False,0.9514563106796117,0.9611650485436893,40,False
44,wdbc,LightGBM_T,1,OK,0.9824561403508771,1.0,0.9772727272727273,0.9861111111111112,0.981329839502129,0.9633432944855655,,3.0,True,1.0,0.9902912621359223,40,False
44,wdbc,LightGBM_T,2,OK,0.9824561403508771,1.0,0.9864864864864865,0.9761904761904762,0.9809555629802873,0.962621902223779,,4.3,False,0.970873786407767,0.9805825242718447,40,False
44,wdbc,LightGBM_T,3,OK,0.9122807017543859,0.9457671957671957,0.9094594594594595,0.9007936507936507,0.9047778149014367,0.810206767705014,,3.3,True,1.0,1.0,40,False
44,wdbc,LightGBM_T,4,OK,1.0,1.0,1.0,1.0,1.0,1.0,,3.7,False,0.970873786407767,0.9902912621359223,40,False
44,wdbc,LightGBM_T,5,OK,0.9473684210526315,0.996031746031746,0.9402597402597402,0.9484126984126984,0.9439895185063871,0.8886350389948482,,4.0,False,0.970873786407767,0.9902912621359223,40,False
44,wdbc,LightGBM_T,6,OK,0.9649122807017544,0.9973544973544973,0.9623015873015872,0.9623015873015872,0.9623015873015872,0.9246031746031746,,2.9,False,0.9611650485436893,0.9902912621359223,40,False
44,wdbc,LightGBM_T,7,OK,0.9824561403508771,1.0,0.9861111111111112,0.9772727272727273,0.981329839502129,0.9633432944855655,,2.8,False,0.9611650485436893,1.0,40,False
44,wdbc,LightGBM_T,8,OK,0.9298245614035088,0.9883116883116883,0.9344594594594595,0.9175324675324675,0.9246031746031746,0.851823761469308,,3.8,True,1.0,1.0,40,False
44,wdbc,LightGBM_T,9,OK,0.9821428571428571,0.998639455782313,0.9861111111111112,0.9761904761904762,0.9807626245276537,0.9622504486493763,,2.7,False,0.9611650485436893,0.970873786407767,40,False
44,wdbc,RuleFit_T,0,OK,0.9824561403508771,0.9973544973544973,0.9864864864864865,0.9761904761904762,0.9809555629802873,0.962621902223779,,110.0,False,0.941747572815534,0.970873786407767,40,False
44,wdbc,RuleFit_T,1,OK,0.9824561403508771,1.0,0.9772727272727273,0.9861111111111112,0.981329839502129,0.9633432944855655,,99.8,False,0.9805825242718447,1.0,40,False
44,wdbc,RuleFit_T,2,OK,0.9473684210526315,0.9933862433862434,0.9479729729729729,0.9384920634920635,0.942866688940862,0.8864143349643965,,78.6,False,0.9611650485436893,1.0,40,False
44,wdbc,RuleFit_T,3,OK,0.9298245614035088,0.9246031746031746,0.9342105263157894,0.9146825396825397,0.922972972972973,0.8486684247915055,,95.3,False,0.9902912621359223,1.0,40,False
44,wdbc,RuleFit_T,4,OK,0.9824561403508771,1.0,0.9772727272727273,0.9861111111111112,0.981329839502129,0.9633432944855655,,80.0,False,0.9320388349514563,0.9805825242718447,40,False
44,wdbc,RuleFit_T,5,OK,0.9122807017543859,1.0,0.9038461538461539,0.9305555555555556,0.909495077802477,0.8339741126155059,,73.2,False,0.941747572815534,0.9902912621359223,40,False
44,wdbc,RuleFit_T,6,OK,0.8947368421052632,0.9894179894179894,0.8947368421052632,0.876984126984127,0.8844594594594595,0.7715167498104596,,105.9,False,0.9611650485436893,0.970873786407767,40,False
44,wdbc,RuleFit_T,7,OK,0.9649122807017544,1.0,0.972972972972973,0.9545454545454546,0.9623015873015872,0.9273353546322172,,74.1,False,0.9514563106796117,0.9902912621359223,40,False
44,wdbc,RuleFit_T,8,OK,0.9473684210526315,0.9831168831168831,0.9605263157894737,0.9318181818181819,0.942866688940862,0.8918825850158447,,92.4,False,0.9611650485436893,1.0,40,False
44,wdbc,RuleFit_T,9,OK,0.9821428571428571,0.9972789115646259,0.9772727272727273,0.9857142857142858,0.9811257162116616,0.9629500128629354,,71.6,False,0.941747572815534,0.9902912621359223,40,False
44,wdbc,XGBoost_T,0,OK,0.9824561403508771,1.0,0.9864864864864865,0.9761904761904762,0.9809555629802873,0.962621902223779,,9.4,False,0.941747572815534,0.9611650485436893,40,False
44,wdbc,XGBoost_T,1,OK,0.9824561403508771,1.0,0.9772727272727273,0.9861111111111112,0.981329839502129,0.9633432944855655,,12.5,False,0.9805825242718447,0.9902912621359223,40,False
44,wdbc,XGBoost_T,2,OK,0.9649122807017544,0.9973544973544973,0.9623015873015872,0.9623015873015872,0.9623015873015872,0.9246031746031746,,8.2,False,0.970873786407767,0.9902912621359223,40,False
44,wdbc,XGBoost_T,3,OK,0.9122807017543859,0.9351851851851851,0.9094594594594595,0.9007936507936507,0.9047778149014367,0.810206767705014,,15.1,True,1.0,1.0,40,False
44,wdbc,XGBoost_T,4,OK,1.0,1.0,1.0,1.0,1.0,1.0,,10.7,False,0.9514563106796117,0.9805825242718447,40,False
44,wdbc,XGBoost_T,5,OK,0.9649122807017544,0.9986772486772486,0.9565217391304348,0.9722222222222222,0.9629870129870131,0.9286112429750731,,9.2,True,0.9805825242718447,0.9805825242718447,40,False
44,wdbc,XGBoost_T,6,OK,0.9473684210526315,0.9973544973544973,0.9479729729729729,0.9384920634920635,0.942866688940862,0.8864143349643965,,12.6,False,0.941747572815534,0.9611650485436893,40,False
44,wdbc,XGBoost_T,7,OK,0.9649122807017544,0.9987012987012986,0.9629870129870131,0.9629870129870131,0.9629870129870131,0.925974025974026,,8.7,False,0.9611650485436893,1.0,40,False
44,wdbc,XGBoost_T,8,OK,0.9473684210526315,0.9779220779220779,0.9605263157894737,0.9318181818181819,0.942866688940862,0.8918825850158447,,16.3,False,0.9902912621359223,1.0,40,False
44,wdbc,XGBoost_T,9,OK,0.9642857142857143,1.0,0.9565217391304348,0.9714285714285714,0.9625668449197862,0.9278305692406299,,8.8,False,0.9611650485436893,0.9805825242718447,40,False
44,wine-quality,CatBoost_T,0,PARTIAL,0.7306122448979592,nan,0.6138050903217244,0.4966380837654005,0.5348300686125296,0.59053499581152,,1260.8,False,0.6496598639455783,0.6938775510204082,40,False
44,wine-quality,CatBoost_T,1,PARTIAL,0.6959183673469388,nan,0.5963672122769642,0.4802322513341853,0.51941678088806,0.5379984594207664,,1129.4,False,0.6519274376417233,0.6870748299319728,40,False
44,wine-quality,CatBoost_T,2,PARTIAL,0.7142857142857143,nan,0.6509412417658405,0.49920494669480475,0.5423147039402525,0.5645824714233371,,976.1,False,0.655328798185941,0.6904761904761905,40,False
44,wine-quality,CatBoost_T,3,OK,0.7,0.8195087337821995,0.5187873162343276,0.41280352788973484,0.4465825620497292,0.5435278435649411,,821.3,False,0.6473922902494331,0.6825396825396826,40,False
44,wine-quality,CatBoost_T,4,OK,0.7408163265306122,0.8124152632356108,0.5214322530059582,0.42789097875304766,0.4581284426825828,0.6065329353835607,,776.3,False,0.6530612244897959,0.6757369614512472,40,False
44,wine-quality,CatBoost_T,5,OK,0.6938775510204082,0.8775675258525059,0.4456621565396287,0.3815103812384231,0.3990849977466877,0.535638303426322,,381.2,False,0.6575963718820862,0.6950113378684807,40,False
44,wine-quality,CatBoost_T,6,OK,0.6673469387755102,0.8244888248982415,0.454514820206074,0.41505828981654924,0.4317323947721715,0.4985699095566464,,296.9,False,0.63718820861678,0.6666666666666666,40,False
44,wine-quality,CatBoost_T,7,OK,0.6816326530612244,0.9028984979981861,0.5151523094303433,0.3931153656979603,0.427709023791758,0.5155323585347654,,781.6,False,0.6326530612244898,0.6689342403628118,40,False
44,wine-quality,CatBoost_T,8,PARTIAL,0.6932515337423313,nan,0.5853629894485927,0.44399845554660217,0.4788587944555558,0.529792268470151,,860.6,False,0.6689342403628118,0.6859410430839002,40,False
44,wine-quality,CatBoost_T,9,PARTIAL,0.7034764826175869,nan,0.6053969550122011,0.47527821527116454,0.5167833276358872,0.5454987455680211,,754.2,False,0.6281179138321995,0.6689342403628118,40,False
44,wine-quality,EBM_T,0,PARTIAL,0.5979591836734693,nan,0.5087186012986847,0.3591445952948773,0.391580236767882,0.3802083556221392,,1184.9,False,0.5986394557823129,0.6133786848072562,40,False
44,wine-quality,EBM_T,1,PARTIAL,0.5775510204081633,nan,0.5182636361221075,0.34413128057366577,0.3800261293586344,0.3421245118194278,,447.3,True,0.6009070294784581,0.5986394557823129,40,False
44,wine-quality,EBM_T,2,PARTIAL,0.5775510204081633,nan,0.5411702084923472,0.32488184754919036,0.3502583022170651,0.3420896060790509,,636.7,False,0.562358276643991,0.5782312925170068,40,False
44,wine-quality,EBM_T,3,OK,0.5673469387755102,0.819467552628826,0.44915958436592185,0.27573642832263523,0.29742940174910304,0.324373903930814,,278.0,False,0.5839002267573696,0.5929705215419501,40,False
44,wine-quality,EBM_T,4,OK,0.6183673469387755,0.774051607286781,0.387361256670642,0.29023921480818027,0.3099007457318436,0.4059636689144282,,311.3,False,0.562358276643991,0.5748299319727891,40,False
44,wine-quality,EBM_T,5,OK,0.6,0.8126268542869742,0.3951324189095929,0.2786310788325293,0.2931291660742512,0.3768868927463997,,328.5,False,0.564625850340136,0.5759637188208617,40,False
44,wine-quality,EBM_T,6,OK,0.5571428571428572,0.7494491647659397,0.30666783954961296,0.25135652019213667,0.2594958139288036,0.30620044236584254,,380.5,False,0.564625850340136,0.5714285714285714,40,False
44,wine-quality,EBM_T,7,OK,0.5775510204081633,0.8363735683676811,0.5812324465641444,0.3633950155404628,0.41643777908838153,0.342448028135682,,508.6,False,0.5793650793650794,0.5861678004535147,40,False
44,wine-quality,EBM_T,8,PARTIAL,0.6196319018404908,nan,0.5050438956693334,0.3539131748589847,0.38276599121513727,0.40715111560768397,,372.6,False,0.5816326530612245,0.5861678004535147,40,False
44,wine-quality,EBM_T,9,PARTIAL,0.6114519427402862,nan,0.5673380221653879,0.3528451822821283,0.38187538976549346,0.39674954524943584,,841.8,False,0.5702947845804989,0.5714285714285714,40,False
44,wine-quality,FIGS_T,0,PARTIAL,0.5877551020408164,nan,0.41601821815245216,0.324963983102581,0.35262552013953236,0.37136853701323147,,167.1,False,0.564625850340136,0.6020408163265306,40,False
44,wine-quality,FIGS_T,1,PARTIAL,0.5877551020408164,nan,0.45283810807053565,0.35017632000911614,0.37823707608871154,0.3613126468525913,,153.9,False,0.54421768707483,0.5816326530612245,40,False
44,wine-quality,FIGS_T,2,PARTIAL,0.5653061224489796,nan,0.47933117680487153,0.33835319045765294,0.3709975650546127,0.3246583096714618,,121.9,False,0.5476190476190477,0.590702947845805,40,False
44,wine-quality,FIGS_T,3,OK,0.5448979591836735,0.7646157387428942,0.35866250202717903,0.27628377369756685,0.29442026901600044,0.30002467376432224,,149.4,False,0.5453514739229025,0.5850340136054422,40,False
44,wine-quality,FIGS_T,4,OK,0.5693877551020409,0.6222820038207347,0.33007102211953965,0.2872655122655123,0.3012827659063307,0.3390819121671147,,161.9,False,0.5328798185941043,0.5714285714285714,40,False
44,wine-quality,FIGS_T,5,OK,0.5897959183673469,0.6393678812177404,0.3114127798856862,0.2767938246282324,0.2863950098255585,0.37066496020528056,,112.2,False,0.5238095238095238,0.562358276643991,40,False
44,wine-quality,FIGS_T,6,OK,0.5244897959183673,0.6423482056934945,0.33847931596145014,0.23973191393618468,0.25325808405554,0.2563581030825399,,80.1,False,0.5306122448979592,0.5498866213151927,40,False
44,wine-quality,FIGS_T,7,OK,0.573469387755102,0.6894990200341244,0.28336890027030875,0.26662070805906424,0.27204386619120813,0.3458428043509364,,131.9,False,0.528344671201814,0.5566893424036281,40,False
44,wine-quality,FIGS_T,8,PARTIAL,0.5644171779141104,nan,0.3298527808069793,0.2679849461577906,0.282476104087145,0.3271408699290001,,121.2,False,0.536281179138322,0.564625850340136,40,False
44,wine-quality,FIGS_T,9,PARTIAL,0.5848670756646217,nan,0.38670960783671804,0.34209291749078213,0.35648326643632994,0.362448205871221,,142.7,False,0.5328798185941043,0.5793650793650794,40,False
44,wine-quality,LightGBM_T,0,PARTIAL,0.7061224489795919,nan,0.5857248532929544,0.4901346937003666,0.5225907184598796,0.5559306086502155,,101.3,False,0.6643990929705216,0.6802721088435374,40,False
44,wine-quality,LightGBM_T,1,PARTIAL,0.6836734693877551,nan,0.6245915032679739,0.4511547112272334,0.499604542380994,0.5151830819662869,,147.4,False,0.673469387755102,0.6893424036281179,40,False
44,wine-quality,LightGBM_T,2,PARTIAL,0.7204081632653061,nan,0.6389070624850851,0.512835932004289,0.5564664140263361,0.574983387727804,,90.1,False,0.6473922902494331,0.6678004535147393,40,False
44,wine-quality,LightGBM_T,3,OK,0.7163265306122449,0.8530291011934248,0.5744099378881987,0.4077555107727521,0.45248619536188384,0.5670871910518336,,151.5,False,0.6746031746031746,0.6836734693877551,40,False
44,wine-quality,LightGBM_T,4,OK,0.746938775510204,0.8557645861440929,0.5213464210356313,0.42030153754291694,0.4506298855427775,0.6151415742320872,,103.9,False,0.6439909297052154,0.6666666666666666,40,False
44,wine-quality,LightGBM_T,5,OK,0.7224489795918367,0.8794155950263997,0.5096018735362998,0.39826229370951377,0.42719498497896063,0.5769360526480241,,119.1,False,0.6746031746031746,0.6927437641723356,40,False
44,wine-quality,LightGBM_T,6,OK,0.6816326530612244,0.8228328727737712,0.5645658591843963,0.39978075912805966,0.44094968463569145,0.5113260736071336,,119.4,False,0.6655328798185941,0.6723356009070295,40,False
44,wine-quality,LightGBM_T,7,OK,0.710204081632653,0.9149422589735293,0.6000774536755644,0.39229478217189734,0.43984930320114574,0.5547081174714796,,206.6,False,0.6496598639455783,0.6723356009070295,40,False
44,wine-quality,LightGBM_T,8,PARTIAL,0.7034764826175869,nan,0.6318018980690213,0.4671045161526628,0.5141401494139838,0.5454496310323244,,96.6,False,0.6836734693877551,0.6870748299319728,40,False
44,wine-quality,LightGBM_T,9,PARTIAL,0.7137014314928425,nan,0.6439393939393939,0.48057086782409103,0.5241962609217193,0.5613129696634023,,135.2,False,0.6575963718820862,0.671201814058957,40,False
44,wine-quality,RuleFit_T,0,PARTIAL,0.5693877551020409,nan,0.5344200386425197,0.31787285967382667,0.3456828618787533,0.3234974419470594,,3771.8,False,0.5714285714285714,0.608843537414966,40,False
44,wine-quality,RuleFit_T,1,PARTIAL,0.5612244897959183,nan,0.4430705276936954,0.2993283967800487,0.3173469387755102,0.31010530430672156,,3053.6,False,0.5544217687074829,0.6111111111111112,40,False
44,wine-quality,RuleFit_T,2,PARTIAL,0.5836734693877551,nan,0.5245822124398795,0.3112900471926841,0.33306663661633235,0.3480298214640296,,3052.9,False,0.5612244897959183,0.5804988662131519,40,False
44,wine-quality,RuleFit_T,3,OK,0.5591836734693878,0.7973816026016312,0.4869545898871412,0.3252941981390257,0.33130094661240006,0.30679440478531594,,3021.8,False,0.5476190476190477,0.5748299319727891,40,False
44,wine-quality,RuleFit_T,4,OK,0.563265306122449,0.8000388860859656,0.3954830161633816,0.25994364830571726,0.28102713323771694,0.3127790383693467,,3343.9,False,0.5260770975056689,0.5736961451247166,40,False
44,wine-quality,RuleFit_T,5,OK,0.5979591836734693,0.6344014740493744,0.4471074725684033,0.2792199943489226,0.29994114890977436,0.37049220658324394,,2392.3,False,0.5249433106575964,0.562358276643991,40,False
44,wine-quality,RuleFit_T,6,OK,0.5489795918367347,0.7640355681064575,0.29894405043341216,0.24421811065646684,0.2510686277674662,0.2908955052460223,,3285.8,False,0.5306122448979592,0.5748299319727891,40,False
44,wine-quality,RuleFit_T,7,OK,0.5653061224489796,0.7874574453849174,0.4231551517265803,0.27706957627384704,0.3037057917733274,0.3200941773579313,,2682.4,False,0.5272108843537415,0.5782312925170068,40,False
44,wine-quality,RuleFit_T,8,PARTIAL,0.5807770961145194,nan,0.5417919321004959,0.30101656166825386,0.3147286821705426,0.33969793534202464,,3784.9,False,0.5249433106575964,0.5793650793650794,40,False
44,wine-quality,RuleFit_T,9,PARTIAL,0.5787321063394683,nan,0.46772781312254996,0.2825986496715747,0.29050897853953883,0.33368457929200857,,3157.7,False,0.5317460317460317,0.5691609977324263,40,False
44,wine-quality,XGBoost_T,0,PARTIAL,0.7244897959183674,nan,0.6103260869565218,0.5011147602807555,0.5389962542594934,0.5814075917034621,,229.2,False,0.6632653061224489,0.6870748299319728,40,False
44,wine-quality,XGBoost_T,1,PARTIAL,0.673469387755102,nan,0.6838114803227006,0.41486734793543817,0.4664160401002506,0.4982944138060397,,213.3,False,0.6700680272108843,0.6927437641723356,40,False
44,wine-quality,XGBoost_T,2,PARTIAL,0.7183673469387755,nan,0.7097517383649589,0.4931574022851914,0.5474601419909847,0.5690901570938951,,177.6,False,0.63718820861678,0.6825396825396826,40,False
44,wine-quality,XGBoost_T,3,OK,0.710204081632653,0.8872402275238223,0.5340389016018307,0.398804547942479,0.43700395046881874,0.5577975397766316,,106.5,False,0.6575963718820862,0.6882086167800453,40,False
44,wine-quality,XGBoost_T,4,OK,0.736734693877551,0.83671191949402,0.5888177555714338,0.3807975070906106,0.42590727232334474,0.6008375805252716,,138.5,False,0.6383219954648526,0.6678004535147393,40,False
44,wine-quality,XGBoost_T,5,OK,0.7244897959183674,0.8832060740801407,0.5987262705332714,0.3972660296995511,0.43376059614214,0.5774015332821228,,107.8,False,0.6746031746031746,0.6938775510204082,40,False
44,wine-quality,XGBoost_T,6,OK,0.6673469387755102,0.791785652052419,0.4453734021080959,0.39459040154044184,0.41442891570227586,0.49392238071043976,,147.2,False,0.6473922902494331,0.6689342403628118,40,False
44,wine-quality,XGBoost_T,7,OK,0.7142857142857143,0.9248040067537922,0.6020318861071158,0.39131630859068406,0.4395266685224253,0.562226809058517,,171.1,False,0.6462585034013606,0.671201814058957,40,False
44,wine-quality,XGBoost_T,8,PARTIAL,0.6768916155419223,nan,0.5764417989417989,0.44569262325104386,0.48515111832539987,0.5050123470560942,,94.0,False,0.6802721088435374,0.6961451247165533,40,False
44,wine-quality,XGBoost_T,9,PARTIAL,0.7137014314928425,nan,0.6188161912200844,0.49761632236954556,0.5400699670666042,0.5625935714690468,,110.1,False,0.6496598639455783,0.6689342403628118,40,False
