Seed,Dataset,Algorithm,CV index,Status,Accuracy,AUC_ROC,Precision,Recall,F1_macro,MCC,bp_source,wall_s,chose_default,def_acc,best_acc,n_trials,timeout_hit
42,balance-scale,CBM_KE,0,OK,0.7777777777777778,0.7900608519269777,0.5192697768762677,0.5632183908045977,0.5395000912242292,0.5965828843449767,v26 main_pc0,4.1,,,,,
42,balance-scale,CBM_KE,1,OK,0.8571428571428571,0.8601757944557132,0.5717171717171717,0.6206896551724138,0.5948605795516676,0.7442205581741658,v26 main_pc0,8.1,,,,,
42,balance-scale,CBM_KE,2,OK,0.7142857142857143,0.7799188640973632,0.47676767676767673,0.5172413793103449,0.49589939857845816,0.4763011572314661,v26 main_pc0,8.7,,,,,
42,balance-scale,CBM_KE,3,OK,0.7777777777777778,0.739418526031102,0.5581395348837209,0.5632183908045977,0.5406273620559335,0.6387928131220281,v26 main_pc0,4.8,,,,,
42,balance-scale,CBM_KE,4,OK,0.6984126984126984,0.7299526707234619,0.46565656565656566,0.5057471264367815,0.4845999635502096,0.44653233490449945,v26 main_pc0,4.3,,,,,
42,balance-scale,CBM_KE,5,OK,0.6935483870967742,0.7730538140020898,0.4636015325670498,0.4942528735632184,0.4779384501297739,0.4282860211240514,v26 main_pc0,4.4,,,,,
42,balance-scale,CBM_KE,6,OK,0.6129032258064516,0.6559470315101787,0.5095952023988005,0.49893267651888346,0.49655172413793097,0.3597364861244518,v26 main_pc0,11.1,,,,,
42,balance-scale,CBM_KE,7,OK,0.7096774193548387,0.8550500082340586,0.47548500881834216,0.5155993431855501,0.4920634920634921,0.47389060592751225,v26 main_pc0,4.0,,,,,
42,balance-scale,CBM_KE,8,OK,0.5645161290322581,0.6231985705242885,0.3763888888888889,0.409688013136289,0.39209039548022595,0.19683958427770692,v26 main_pc0,4.4,,,,,
42,balance-scale,CBM_KE,9,OK,0.7096774193548387,0.7916796609200795,0.47548500881834216,0.5139573070607554,0.49242424242424243,0.46996197914262094,v26 main_pc0,4.3,,,,,
42,balance-scale,CBM,0,OK,0.8253968253968254,0.8721433400946585,0.5547619047619048,0.5977011494252874,0.5736476608187134,0.6881673274408115,v26 main_pc0,10.9,,,,,
42,balance-scale,CBM,1,OK,0.746031746031746,0.6172413793103448,0.5,0.5402298850574713,0.5166666666666667,0.540777512755835,v25(p_c=0),6.9,,,,,
42,balance-scale,CBM,2,OK,0.7142857142857143,0.859161595672752,0.6238095238095238,0.6275862068965518,0.6029511465603191,0.5467425896592011,v26 main_pc0,9.1,,,,,
42,balance-scale,CBM,3,OK,0.6825396825396826,0.8348208248816769,0.4848837209302325,0.4942528735632184,0.47203325774754346,0.4471549691854197,v25(p_c=0),7.6,,,,,
42,balance-scale,CBM,4,OK,0.6031746031746031,0.6856659905341447,0.45973909131803864,0.43678160919540227,0.4338235294117647,0.31810178512587417,v25(p_c=0),10.2,,,,,
42,balance-scale,CBM,5,OK,0.6290322580645161,0.7142546151166841,0.5079365079365079,0.5201149425287356,0.5111111111111111,0.3511978570013612,v25(p_c=0),8.6,,,,,
42,balance-scale,CBM,6,OK,0.7741935483870968,0.8311062862146453,0.5713069391230311,0.5611658456486043,0.5661442006269591,0.608784514631624,v26 main_pc0,8.6,,,,,
42,balance-scale,CBM,7,OK,0.6612903225806451,0.8034853445310368,0.5963369963369963,0.5906403940886699,0.5649382716049383,0.4822991307430922,v25(p_c=0),12.2,,,,,
42,balance-scale,CBM,8,OK,0.8548387096774194,0.906339327789632,0.7443455691509083,0.6746305418719212,0.6876357560568086,0.7401060262473734,v26 main_pc0,6.5,,,,,
42,balance-scale,CBM,9,OK,0.6774193548387096,0.8028602531591749,0.548076923076923,0.5465517241379311,0.5437062937062938,0.4547629308031172,v25(p_c=0),10.5,,,,,
42,bank,CBM_KE,0,OK,0.893,0.8270123106060607,0.8282051282051281,0.5757575757575757,0.6021935124082164,0.3153666111941774,v25(p_c=0),116.9,,,,,
42,bank,CBM_KE,1,OK,0.893,0.8236695075757575,0.7983297295603398,0.5901515151515152,0.6213609067521613,0.3279931531883334,v26 main_pc0,35.9,,,,,
42,bank,CBM_KE,2,OK,0.884,0.8127462121212122,0.737363387978142,0.5526515151515151,0.5659722222222222,0.22358481181463213,v25(p_c=0),27.9,,,,,
42,bank,CBM_KE,3,OK,0.896,0.855217803030303,0.8979591836734694,0.5738636363636364,0.6006144393241167,0.34289772487099834,v25(p_c=0),139.8,,,,,
42,bank,CBM_KE,4,OK,0.879,0.6357854060305193,0.689879759519038,0.5035634031910793,0.47589779573874585,0.05202376922105912,v25(p_c=0),20.7,,,,,
42,bank,CBM_KE,5,OK,0.895,0.8489126449101627,0.852511451587427,0.5839327184347352,0.6145247089661552,0.3440188623381415,v25(p_c=0),122.2,,,,,
42,bank,CBM_KE,6,OK,0.879,0.811623840013539,0.4395,0.5,0.46780202235231505,0.0,v25(p_c=0),19.6,,,,,
42,bank,CBM_KE,7,OK,0.894,0.8462377419870438,0.8943612854766887,0.5691102774565387,0.5929339477726574,0.3301782419082834,v25(p_c=0),147.6,,,,,
42,bank,CBM_KE,8,OK,0.884,0.8319747271034893,0.7423394617639222,0.5598585921266653,0.5767906135076761,0.24088253567182685,v25(p_c=0),32.2,,,,,
42,bank,CBM_KE,9,OK,0.891,0.8296335994133077,0.7830221300138313,0.5923476151524554,0.623294890980159,0.3233352362001115,v26 main_pc0,115.6,,,,,
42,bank,CBM,0,OK,0.89,0.8246543560606061,0.7658934237881606,0.5920454545454545,0.6220398851001251,0.31288516138179784,v26 main_pc0,121.9,,,,,
42,bank,CBM,1,OK,0.734,0.8349242424242425,0.621199043354732,0.7553030303030304,0.6210199976064421,0.35180951117496195,v26 main_pc0,127.0,,,,,
42,bank,CBM,2,OK,0.798,0.8309280303030303,0.6477444556451613,0.7664772727272727,0.6691908604968033,0.3968402177244544,v25(p_c=0),168.4,,,,,
42,bank,CBM,3,OK,0.72,0.8433996212121212,0.6273034424505697,0.7797348484848485,0.6194638789677686,0.377418649170969,v26 main_pc0,121.6,,,,,
42,bank,CBM,4,OK,0.821,0.8338833573087374,0.663087446595764,0.7698972348367321,0.6893434386383871,0.4196038649620851,v26 main_pc0,132.9,,,,,
42,bank,CBM,5,OK,0.881,0.7895946746396638,0.7101049252212043,0.6009129457779784,0.6273972602739726,0.2912202391767,v26 main_pc0,111.3,,,,,
42,bank,CBM,6,OK,0.812,0.8461296176158106,0.6569202601729721,0.7683411841028968,0.6815718157181572,0.41040549910813806,v26 main_pc0,129.1,,,,,
42,bank,CBM,7,OK,0.705,0.8288015118607734,0.6182828696126569,0.7609276130839892,0.6050822566804688,0.3513588868194756,v26 main_pc0,115.1,,,,,
42,bank,CBM,8,OK,0.822,0.623919931552572,0.5862857142857143,0.5887325003055689,0.5874702190579488,0.1750011105018865,v25(p_c=0),117.9,,,,,
42,bank,CBM,9,OK,0.768,0.8055876794629511,0.6275362104568013,0.7433127426922028,0.6401895828680613,0.35231341251115783,v26 main_pc0,177.6,,,,,
42,blood,CBM_KE,0,OK,0.84,0.7953216374269004,0.823076923076923,0.7046783625730995,0.7365339578454333,0.5143028508594515,v25(p_c=0),8.1,,,,,
42,blood,CBM_KE,1,OK,0.6666666666666666,0.6715399610136452,0.5648148148148148,0.5716374269005848,0.5668745668745668,0.1362815696764788,v26 main_pc0,14.4,,,,,
42,blood,CBM_KE,2,OK,0.76,0.5921052631578948,0.6598360655737705,0.6330409356725146,0.642478813559322,0.2916486908466954,v26 main_pc0,10.1,,,,,
42,blood,CBM_KE,3,OK,0.7866666666666666,0.8328460038986356,0.7693661971830985,0.5745614035087719,0.5738636363636364,0.28343832993998846,v25(p_c=0),12.5,,,,,
42,blood,CBM_KE,4,OK,0.8266666666666667,0.8221247563352826,0.7855113636363636,0.695906432748538,0.7221430607010544,0.473005339332108,v25(p_c=0),6.4,,,,,
42,blood,CBM_KE,5,OK,0.76,0.685672514619883,0.6547619047619048,0.6140350877192983,0.625,0.2656937137768185,v26 main_pc0,10.1,,,,,
42,blood,CBM_KE,6,OK,0.7866666666666666,0.7665692007797271,0.7318840579710144,0.5935672514619883,0.6031746031746031,0.29459636088859065,v25(p_c=0),9.8,,,,,
42,blood,CBM_KE,7,OK,0.7866666666666666,0.723196881091618,0.7076923076923076,0.631578947368421,0.648711943793911,0.33062326126679026,v26 main_pc0,9.4,,,,,
42,blood,CBM_KE,8,OK,0.6216216216216216,0.36635706914344685,0.36507936507936506,0.40350877192982454,0.38333333333333336,-0.22819866568847297,v26 main_pc0,4.5,,,,,
42,blood,CBM_KE,9,OK,0.7972972972972973,0.8178534571723427,0.7152777777777778,0.7239422084623324,0.7193426042983565,0.43913451692354477,v25(p_c=0),4.7,,,,,
42,blood,CBM,0,OK,0.8,0.689571150097466,0.7424242424242424,0.6403508771929824,0.6612466124661247,0.36891438072857313,v25(p_c=0),7.0,,,,,
42,blood,CBM,1,OK,0.7066666666666667,0.6408382066276803,0.597953216374269,0.597953216374269,0.597953216374269,0.195906432748538,v25(p_c=0),6.7,,,,,
42,blood,CBM,2,OK,0.76,0.5404483430799221,0.6547619047619048,0.6140350877192983,0.625,0.2656937137768185,v25(p_c=0),7.6,,,,,
42,blood,CBM,3,OK,0.76,0.40253411306042886,0.38,0.5,0.4318181818181818,0.0,v26 main_pc0,5.2,,,,,
42,blood,CBM,4,OK,0.7466666666666667,0.7772904483430799,0.6416666666666666,0.6242690058479532,0.6309246309246309,0.2653659799481466,v25(p_c=0),7.1,,,,,
42,blood,CBM,5,OK,0.6533333333333333,0.7032163742690059,0.6055555555555555,0.6388888888888888,0.6017156862745098,0.24216105241892633,v25(p_c=0),3.9,,,,,
42,blood,CBM,6,OK,0.26666666666666666,0.25682261208577006,0.3111111111111111,0.25146198830409355,0.24740010946907498,-0.43334083064439444,v25(p_c=0),3.3,,,,,
42,blood,CBM,7,OK,0.76,0.76364522417154,0.6839622641509434,0.7090643274853801,0.6931818181818181,0.39222415548971395,v25(p_c=0),6.4,,,,,
42,blood,CBM,8,OK,0.7162162162162162,0.5190918472652218,0.5113636363636364,0.5061919504643962,0.4946341463414634,0.016776539984043038,v25(p_c=0),6.6,,,,,
42,blood,CBM,9,OK,0.6891891891891891,0.8219814241486069,0.6193910256410257,0.6537667698658411,0.6230343300110742,0.2709861425519048,v26 main_pc0,4.9,,,,,
42,car,CBM_KE,0,OK,0.7456647398843931,0.8054258547476789,0.35894366197183103,0.3360351769442679,0.33982889733840305,0.3689737114155468,v25(p_c=0),21.7,,,,,
42,car,CBM_KE,1,OK,0.7167630057803468,0.82025146563355,0.3182924131829241,0.32570459843187116,0.32041343669250644,0.3040088032830668,v25(p_c=0),24.4,,,,,
42,car,CBM_KE,2,OK,0.7687861271676301,0.9131358525932073,0.35603754439370877,0.3486437804619623,0.3460163432073544,0.4130562437518445,v25(p_c=0),25.6,,,,,
42,car,CBM_KE,3,OK,0.7514450867052023,0.9289390464152031,0.6080742964794537,0.42054157963248867,0.46277139208173695,0.3676667080226056,v26 main_pc0,8.3,,,,,
42,car,CBM_KE,4,OK,0.6242774566473989,0.7160919362157329,0.28642257818459194,0.25924314919530234,0.2632256316466843,0.09696642391757598,v25(p_c=0),25.1,,,,,
42,car,CBM_KE,5,OK,0.7745664739884393,0.9179823625577934,0.3981900452488688,0.3400391474554154,0.34387922546767313,0.42863848167734986,v25(p_c=0),29.3,,,,,
42,car,CBM_KE,6,OK,0.6994219653179191,0.7563351906948782,0.17485549132947978,0.25,0.20578231292517007,0.0,v25(p_c=0),25.9,,,,,
42,car,CBM_KE,7,OK,0.7456647398843931,0.9529057420602067,0.75,0.48195644068849813,0.514622032771499,0.3579868511349276,v26 main_pc0,13.3,,,,,
42,car,CBM_KE,8,OK,0.6976744186046512,0.8131553294943384,0.18867924528301888,0.24793388429752067,0.21428571428571427,0.17766237236397725,v25(p_c=0),26.0,,,,,
42,car,CBM_KE,9,OK,0.7906976744186046,0.8925894164350413,0.36354166666666665,0.42088951718138323,0.3834851537181396,0.563044875504976,v25(p_c=0),14.7,,,,,
42,car,CBM,0,OK,0.7803468208092486,0.9466710783319547,0.5672390572390573,0.7542760270032998,0.590641437415631,0.5859561686863868,v26 main_pc0,20.0,,,,,
42,car,CBM,1,OK,0.7341040462427746,0.9014322790836855,0.42683947772657455,0.5955710955710956,0.44086545066937227,0.5244987908608612,v26 main_pc0,12.6,,,,,
42,car,CBM,2,OK,0.6878612716763006,0.8864350045074302,0.5288719570634464,0.6582659764477946,0.5149343618437865,0.4735505082691333,v26 main_pc0,26.4,,,,,
42,car,CBM,3,OK,0.7283236994219653,0.8740266861565613,0.4712301587301587,0.5018958314412859,0.46554227324732705,0.5258846824895875,v26 main_pc0,15.8,,,,,
42,car,CBM,4,OK,0.7687861271676301,0.8796165574661137,0.44781420765027324,0.5537966817871124,0.475002316745436,0.5862628272573405,v26 main_pc0,16.6,,,,,
42,car,CBM,5,OK,0.8497109826589595,0.9262447192802586,0.5162878787878787,0.6253961349655129,0.556356417089711,0.7013453800916939,v26 main_pc0,17.1,,,,,
42,car,CBM,6,OK,0.7109826589595376,0.8528113916992397,0.4160904255319149,0.42522369974523083,0.41089026173635357,0.47756163405112567,v26 main_pc0,22.6,,,,,
42,car,CBM,7,OK,0.815028901734104,0.8684895713805612,0.4784521028037383,0.5994609457528117,0.5150951737050136,0.6416913492738027,v26 main_pc0,19.3,,,,,
42,car,CBM,8,OK,0.7034883720930233,0.8747398741631431,0.41604729729729734,0.5712809917355373,0.4212477337477337,0.4907316425916297,v26 main_pc0,12.7,,,,,
42,car,CBM,9,OK,0.7790697674418605,0.8852600772807379,0.45893617021276595,0.6408220965637234,0.48772441979273096,0.601221671064814,v26 main_pc0,20.7,,,,,
42,credit-g,CBM_KE,0,OK,0.72,0.5314285714285715,0.734375,0.5428571428571429,0.5038979447200567,0.20044593143431827,v26 main_pc0,7.5,,,,,
42,credit-g,CBM_KE,1,OK,0.73,0.7119047619047619,0.6750380517503805,0.6642857142857144,0.6687523003312477,0.3391533656562534,v26 main_pc0,11.6,,,,,
42,credit-g,CBM_KE,2,OK,0.69,0.697857142857143,0.5980392156862745,0.5595238095238095,0.5555555555555556,0.1527830828380352,v25(p_c=0),6.8,,,,,
42,credit-g,CBM_KE,3,OK,0.74,0.6945238095238097,0.6993355481727574,0.6142857142857143,0.6212121212121212,0.3018688821687853,v26 main_pc0,14.8,,,,,
42,credit-g,CBM_KE,4,OK,0.71,0.4207142857142857,0.6578947368421053,0.5357142857142857,0.49783549783549785,0.15018785229652765,v25(p_c=0),18.6,,,,,
42,credit-g,CBM_KE,5,OK,0.61,0.526904761904762,0.461020552799433,0.4738095238095238,0.45765540258656656,-0.06390274747847303,v25(p_c=0),28.9,,,,,
42,credit-g,CBM_KE,6,OK,0.77,0.8083333333333332,0.7266666666666667,0.7023809523809523,0.7115987460815048,0.4283597360771242,v26 main_pc0,10.7,,,,,
42,credit-g,CBM_KE,7,OK,0.68,0.6854761904761905,0.6140873015873016,0.6095238095238096,0.6114618746964546,0.223564540015925,v26 main_pc0,11.6,,,,,
42,credit-g,CBM_KE,8,OK,0.66,0.6842857142857143,0.5892857142857143,0.5857142857142857,0.587178241864983,0.1749635530559413,v26 main_pc0,8.6,,,,,
42,credit-g,CBM_KE,9,OK,0.67,0.7104761904761905,0.34536082474226804,0.4785714285714286,0.40119760479041916,-0.11512943346800043,v26 main_pc0,16.1,,,,,
42,credit-g,CBM,0,OK,0.58,0.6371428571428571,0.5800000000000001,0.5952380952380952,0.5625,0.1745743121887939,v26 main_pc0,4.3,,,,,
42,credit-g,CBM,1,OK,0.72,0.5916666666666667,0.65625,0.6190476190476191,0.6266666666666667,0.2727723627949905,v25(p_c=0),9.4,,,,,
42,credit-g,CBM,2,OK,0.68,0.7242857142857142,0.574750830564784,0.5428571428571428,0.5337995337995338,0.11320083081329449,v26 main_pc0,10.1,,,,,
42,credit-g,CBM,3,OK,0.63,0.6673809523809524,0.6260504201680672,0.6499999999999999,0.6129302228266555,0.27500954910846337,v26 main_pc0,7.7,,,,,
42,credit-g,CBM,4,OK,0.51,0.6095238095238095,0.5567465321563683,0.5642857142857143,0.5059985885673959,0.12079720779735574,v26 main_pc0,3.6,,,,,
42,credit-g,CBM,5,OK,0.58,0.6333333333333333,0.5568181818181819,0.5666666666666667,0.5495495495495495,0.12309149097933272,v26 main_pc0,6.4,,,,,
42,credit-g,CBM,6,OK,0.72,0.8107142857142858,0.7053140096618358,0.7428571428571429,0.7028862478777589,0.44659589686882367,v26 main_pc0,15.2,,,,,
42,credit-g,CBM,7,OK,0.63,0.7147619047619048,0.6515151515151515,0.6785714285714286,0.6214833759590792,0.3289758474798845,v26 main_pc0,7.1,,,,,
42,credit-g,CBM,8,OK,0.64,0.7007142857142857,0.6322115384615384,0.6571428571428571,0.6216897856242118,0.28827833009852755,v26 main_pc0,2.8,,,,,
42,credit-g,CBM,9,OK,0.69,0.6828571428571429,0.6115129596142255,0.5880952380952381,0.5920515857349651,0.19822977302029945,v25(p_c=0),3.1,,,,,
42,diabetes,CBM_KE,0,OK,0.6623376623376623,0.6874074074074074,0.616606170598911,0.5951851851851852,0.5970209339774557,0.21070529126903903,v26 main_pc0,13.3,,,,,
42,diabetes,CBM_KE,1,OK,0.7012987012987013,0.7248148148148148,0.670814479638009,0.6677777777777778,0.6691574817859145,0.3385786396448106,v26 main_pc0,5.4,,,,,
42,diabetes,CBM_KE,2,OK,0.7142857142857143,0.8051851851851851,0.6862962962962963,0.6862962962962963,0.6862962962962963,0.3725925925925926,v26 main_pc0,6.4,,,,,
42,diabetes,CBM_KE,3,OK,0.4025974025974026,0.397037037037037,0.45204402515723274,0.45481481481481484,0.40168918918918917,-0.09309993778744478,v26 main_pc0,4.9,,,,,
42,diabetes,CBM_KE,4,OK,0.6103896103896104,0.5822222222222222,0.5845021037868162,0.5892592592592593,0.5851293103448276,0.17369623127587158,v26 main_pc0,5.2,,,,,
42,diabetes,CBM_KE,5,OK,0.7012987012987013,0.74,0.673155737704918,0.6251851851851852,0.6289545359312801,0.29445905039898174,v26 main_pc0,10.6,,,,,
42,diabetes,CBM_KE,6,OK,0.7532467532467533,0.7851851851851851,0.7318181818181818,0.7077777777777778,0.7156462585034014,0.43893811257017395,v26 main_pc0,5.3,,,,,
42,diabetes,CBM_KE,7,OK,0.6233766233766234,0.5762962962962963,0.5950354609929078,0.5992592592592593,0.596129499005245,0.1942488039759139,v26 main_pc0,4.6,,,,,
42,diabetes,CBM_KE,8,OK,0.7236842105263158,0.8003846153846154,0.6929824561403508,0.6607692307692308,0.6685358255451713,0.3522819383711917,v26 main_pc0,5.4,,,,,
42,diabetes,CBM_KE,9,OK,0.7368421052631579,0.8042307692307693,0.7098214285714286,0.716923076923077,0.7127739984882842,0.4266854105315057,v26 main_pc0,7.1,,,,,
42,diabetes,CBM,0,OK,0.6623376623376623,0.7107407407407408,0.6219806763285024,0.6122222222222222,0.615,0.233999509108495,v26 main_pc0,14.5,,,,,
42,diabetes,CBM,1,OK,0.6883116883116883,0.7848148148148147,0.6761904761904762,0.6918518518518519,0.6760168302945302,0.3677089562999654,v26 main_pc0,2.1,,,,,
42,diabetes,CBM,2,OK,0.7532467532467533,0.8140740740740741,0.769047619047619,0.792962962962963,0.7505541346973572,0.5615015143499472,v26 main_pc0,3.4,,,,,
42,diabetes,CBM,3,OK,0.7662337662337663,0.8051851851851852,0.7608108108108108,0.7859259259259259,0.759375,0.5461595831717048,v25(p_c=0),4.0,,,,,
42,diabetes,CBM,4,OK,0.7402597402597403,0.797037037037037,0.7422402159244265,0.7659259259259259,0.7348484848484849,0.507613844240676,v26 main_pc0,2.9,,,,,
42,diabetes,CBM,5,OK,0.7012987012987013,0.7762962962962963,0.68125,0.6933333333333334,0.6840321141837645,0.37438839013338365,v26 main_pc0,5.0,,,,,
42,diabetes,CBM,6,OK,0.6493506493506493,0.7074074074074074,0.6337209302325582,0.6448148148148148,0.6335272342675833,0.27831472651293665,v26 main_pc0,8.3,,,,,
42,diabetes,CBM,7,OK,0.7402597402597403,0.8037037037037037,0.7194950911640954,0.7318518518518519,0.7234195402298851,0.4511777625672017,v26 main_pc0,10.2,,,,,
42,diabetes,CBM,8,OK,0.6710526315789473,0.7746153846153847,0.6670131670131669,0.6853846153846154,0.6611378633850544,0.35191857996361886,v26 main_pc0,6.9,,,,,
42,diabetes,CBM,9,OK,0.6842105263157895,0.7934615384615384,0.6842105263157894,0.7046153846153846,0.6761363636363636,0.3882901373576604,v26 main_pc0,7.4,,,,,
42,kr-vs-kp,CBM_KE,0,OK,0.878125,0.9781417557042777,0.878125,0.8788501428515518,0.8780666529882464,0.7569747955268868,v26 main_pc0,26.5,,,,,
42,kr-vs-kp,CBM_KE,1,OK,0.746875,0.7543148996125396,0.8366935483870968,0.7352941176470589,0.7224096385542169,0.5629280997967653,v26 main_pc0,15.6,,,,,
42,kr-vs-kp,CBM_KE,2,OK,0.84375,0.9614105123087159,0.8768472906403941,0.8502994011976048,0.8417471118847919,0.7266619028248826,v26 main_pc0,8.7,,,,,
42,kr-vs-kp,CBM_KE,3,OK,0.878125,0.8629994912136512,0.8847295779168673,0.8752886384094556,0.8768149559277867,0.7599595764309196,v25(p_c=0),49.9,,,,,
42,kr-vs-kp,CBM_KE,4,OK,0.9,0.9456185667879927,0.9003885552808195,0.8992603029235646,0.8996825894431599,0.7996480622587624,v25(p_c=0),66.0,,,,,
42,kr-vs-kp,CBM_KE,5,OK,0.675,0.8371883683613166,0.7976653696498055,0.688622754491018,0.6470837751855779,0.47390489315867323,v26 main_pc0,14.7,,,,,
42,kr-vs-kp,CBM_KE,6,OK,0.9122257053291536,0.9294634415379767,0.9241246727748691,0.9084856602584306,0.9108938547486034,0.8324634454204778,v26 main_pc0,25.9,,,,,
42,kr-vs-kp,CBM_KE,7,OK,0.7711598746081505,0.7656200756381972,0.8479166666666667,0.7598684210526316,0.7523107523107524,0.6013736104105714,v26 main_pc0,21.5,,,,,
42,kr-vs-kp,CBM_KE,8,OK,0.6865203761755486,0.8502994011976048,0.8015873015873016,0.7005988023952096,0.6625624100871625,0.4919270332722754,v26 main_pc0,12.4,,,,,
42,kr-vs-kp,CBM_KE,9,OK,0.8150470219435737,0.8726868257343098,0.8166229012493038,0.8133317584061737,0.8139941690962099,0.629946062453314,v26 main_pc0,19.2,,,,,
42,kr-vs-kp,CBM,0,OK,0.934375,0.9686117960158115,0.937450545972464,0.9327423584204141,0.9339719970523213,0.8701801674513661,v26 main_pc0,30.7,,,,,
42,kr-vs-kp,CBM,1,OK,0.940625,0.9703729795311338,0.9428661616161615,0.9392783061328324,0.9403166750105525,0.8821371714609846,v26 main_pc0,11.3,,,,,
42,kr-vs-kp,CBM,2,OK,0.84375,0.9579664201009745,0.8768472906403941,0.8502994011976048,0.8417471118847919,0.7266619028248826,v26 main_pc0,16.8,,,,,
42,kr-vs-kp,CBM,3,OK,0.878125,0.9192008140581582,0.8847295779168673,0.8752886384094556,0.8768149559277867,0.7599595764309196,v26 main_pc0,45.3,,,,,
42,kr-vs-kp,CBM,4,OK,0.790625,0.8819028609447771,0.8568376068376069,0.7810457516339869,0.776291488851094,0.633364645129323,v26 main_pc0,9.2,,,,,
42,kr-vs-kp,CBM,5,OK,0.75,0.8371883683613166,0.8380566801619433,0.738562091503268,0.7263904920695994,0.5679701001499446,v26 main_pc0,9.9,,,,,
42,kr-vs-kp,CBM,6,OK,0.786833855799373,0.8406082571698708,0.8553191489361702,0.7763157894736843,0.7713550889619698,0.6266746880269394,v26 main_pc0,7.7,,,,,
42,kr-vs-kp,CBM,7,OK,0.7366771159874608,0.8513630633469903,0.8201192082771029,0.724275133942641,0.7110507246376812,0.5358909527654278,v26 main_pc0,29.9,,,,,
42,kr-vs-kp,CBM,8,OK,0.8871473354231975,0.9023203592814372,0.8980284685863874,0.8833517176173968,0.8854349561053472,0.7812423365210406,v26 main_pc0,45.4,,,,,
42,kr-vs-kp,CBM,9,OK,0.7272727272727273,0.815024805102764,0.8280632411067194,0.7156862745098039,0.6975512472619086,0.5320102941782983,v26 main_pc0,9.1,,,,,
42,magic,CBM_KE,0,OK,0.744,0.8025188872646499,0.7205333333333334,0.7268995913063709,0.7232205024412817,0.44738763149092536,v26 main_pc0,97.6,,,,,
42,magic,CBM_KE,1,OK,0.7,0.6970640784200107,0.6729966938312035,0.6210518922383329,0.6238244514106583,0.2894240980930421,v26 main_pc0,199.3,,,,,
42,magic,CBM_KE,2,OK,0.742,0.7067634186278254,0.7252609078335219,0.6808809520673927,0.6904752764127764,0.40370983377912734,v26 main_pc0,85.4,,,,,
42,magic,CBM_KE,3,OK,0.709,0.7215176537210435,0.6793333333333333,0.6476081984556561,0.6539006349912404,0.3253986493910569,v26 main_pc0,73.0,,,,,
42,magic,CBM_KE,4,OK,0.772,0.8600081650929109,0.7576569662862038,0.7785591683896769,0.7614813264985878,0.5358085861891052,v26 main_pc0,67.5,,,,,
42,magic,CBM_KE,5,OK,0.732,0.6993665468241739,0.7146309076713531,0.6653277670226823,0.6739326159850885,0.3767463268532623,v26 main_pc0,66.2,,,,,
42,magic,CBM_KE,6,OK,0.687,0.6582820820108957,0.6678932129192375,0.5855271533237635,0.5740192575958627,0.2396616662160463,v25(p_c=0),213.2,,,,,
42,magic,CBM_KE,7,OK,0.75,0.8026242433022095,0.731722997319563,0.6962014758624928,0.70569399709932,0.4264476242887454,v26 main_pc0,53.9,,,,,
42,magic,CBM_KE,8,OK,0.717,0.7402615384615383,0.7189954679833697,0.6234065934065934,0.6231686060833637,0.3287885927176327,v25(p_c=0),40.8,,,,,
42,magic,CBM_KE,9,OK,0.65,0.6534021978021978,0.6132930513595166,0.6114285714285714,0.6122553885422575,0.22471388800672476,v26 main_pc0,39.1,,,,,
42,magic,CBM,0,OK,0.651,0.7196563637241603,0.6546650870901639,0.6696407798102713,0.6443243232225644,0.32395991099763527,v26 main_pc0,162.0,,,,,
42,magic,CBM,1,OK,0.725,0.7458153898831865,0.6971306400433404,0.6789033314457043,0.6848321759988815,0.3755919500403465,v26 main_pc0,118.3,,,,,
42,magic,CBM,2,OK,0.732,0.7278521854793041,0.7055432993323711,0.68691258521767,0.6931054068414592,0.39201341534382644,v26 main_pc0,59.9,,,,,
42,magic,CBM,3,OK,0.656,0.6684489396353803,0.6174535879837414,0.6120088323478154,0.6139602738188755,0.22939781380928875,v26 main_pc0,32.8,,,,,
42,magic,CBM,4,OK,0.523,0.6935456257490155,0.6110474501285398,0.5978450300484199,0.5204444484658747,0.20847485310825753,v26 main_pc0,46.4,,,,,
42,magic,CBM,5,OK,0.665,0.6991777839235467,0.6378517316017316,0.6431437363640753,0.639697776343739,0.2809456312223384,v26 main_pc0,34.0,,,,,
42,magic,CBM,6,OK,0.727,0.7064561301849437,0.7101757369614512,0.6562430037006308,0.6640045488614923,0.36242786012033257,v26 main_pc0,36.4,,,,,
42,magic,CBM,7,OK,0.639,0.7249153859323352,0.6321524793123356,0.6446977379180769,0.6278622904921392,0.2765658317056568,v26 main_pc0,30.4,,,,,
42,magic,CBM,8,OK,0.721,0.7316087912087912,0.6916691254642444,0.6798901098901099,0.6842887841044495,0.3713724817070009,v26 main_pc0,61.3,,,,,
42,magic,CBM,9,OK,0.674,0.6423868131868131,0.6351390414522751,0.6232967032967033,0.626687920262372,0.2581642755901136,v26 main_pc0,28.0,,,,,
42,mfeat-factors,CBM_KE,0,OK,0.725,0.9706666666666667,0.7383787928318821,0.725,0.7251285324158576,0.6957405020011219,v25(p_c=0),17.8,,,,,
42,mfeat-factors,CBM_KE,1,OK,0.875,0.9900833333333333,0.8803719526087948,0.875,0.8730204754594999,0.8620455001381001,v26 main_pc0,54.7,,,,,
42,mfeat-factors,CBM_KE,2,OK,0.86,0.9906388888888887,0.8641060315673318,0.86,0.8602935630791857,0.8448669835974534,v25(p_c=0),41.8,,,,,
42,mfeat-factors,CBM_KE,3,OK,0.765,0.9753333333333332,0.7942696881684296,0.7650000000000001,0.7506121122690074,0.7442418730700605,v26 main_pc0,20.6,,,,,
42,mfeat-factors,CBM_KE,4,OK,0.72,0.9729166666666667,0.7531456339359565,0.72,0.7187654004691308,0.6927287821920886,v26 main_pc0,17.6,,,,,
42,mfeat-factors,CBM_KE,5,OK,0.83,0.9861388888888888,0.8523563923176927,0.8300000000000001,0.8300994156876509,0.8139194564141768,v26 main_pc0,59.0,,,,,
42,mfeat-factors,CBM_KE,6,OK,0.685,0.9471111111111112,0.6955222503674515,0.6849999999999999,0.6840401036873601,0.651394754212828,v25(p_c=0),31.7,,,,,
42,mfeat-factors,CBM_KE,7,OK,0.76,0.97575,0.7696540925422672,0.76,0.7595892191594922,0.7344562777743182,v26 main_pc0,31.0,,,,,
42,mfeat-factors,CBM_KE,8,OK,0.755,0.96925,0.7773832131553272,0.755,0.758267849755659,0.729583705922625,v26 main_pc0,21.0,,,,,
42,mfeat-factors,CBM_KE,9,OK,0.69,0.9549166666666666,0.693942652329749,0.6900000000000001,0.6821480431964175,0.6580462214590657,v26 main_pc0,37.1,,,,,
42,mfeat-factors,CBM,0,OK,0.87,0.9897777777777776,0.8776228862670509,0.8699999999999999,0.8701065626249971,0.8563170648790361,v26 main_pc0,24.9,,,,,
42,mfeat-factors,CBM,1,OK,0.79,0.9726666666666668,0.8021276330458251,0.7899999999999999,0.7889256917669456,0.7682474684045695,v26 main_pc0,36.5,,,,,
42,mfeat-factors,CBM,2,OK,0.795,0.9846388888888888,0.8034949611791717,0.795,0.7928114812141157,0.773534045036068,v25(p_c=0),51.3,,,,,
42,mfeat-factors,CBM,3,OK,0.82,0.9777222222222223,0.8257903091060987,0.82,0.8203831890545625,0.8005561349298701,v26 main_pc0,12.7,,,,,
42,mfeat-factors,CBM,4,OK,0.68,0.954861111111111,0.6818387673010099,0.6799999999999999,0.6717775918170205,0.6465130035595783,v26 main_pc0,49.2,,,,,
42,mfeat-factors,CBM,5,OK,0.69,0.955111111111111,0.7155249520860977,0.69,0.6865926154340788,0.6581199067200838,v26 main_pc0,19.3,,,,,
42,mfeat-factors,CBM,6,OK,0.75,0.9513055555555555,0.753548552754435,0.75,0.7486695301907111,0.722905288817795,v26 main_pc0,30.2,,,,,
42,mfeat-factors,CBM,7,OK,0.845,0.9822777777777778,0.848842932429889,0.845,0.8434441677079825,0.8284684560604554,v26 main_pc0,25.7,,,,,
42,mfeat-factors,CBM,8,OK,0.755,0.9728888888888887,0.7672970132722454,0.7550000000000001,0.7539597939672302,0.7294004727193248,v26 main_pc0,18.1,,,,,
42,mfeat-factors,CBM,9,OK,0.865,0.9931111111111111,0.872522812155165,0.865,0.8653692127183783,0.8507328912315977,v25(p_c=0),67.0,,,,,
42,optdigits,CBM_KE,0,OK,0.8576512455516014,0.9865607440440141,0.8598408688186387,0.8586008320173475,0.8568993871964483,0.8424154214097834,v25(p_c=0),95.6,,,,,
42,optdigits,CBM_KE,1,OK,0.8505338078291815,0.984416882101045,0.8518898798013957,0.8512938498283326,0.8508656279155649,0.8340939309060031,v25(p_c=0),109.3,,,,,
42,optdigits,CBM_KE,2,OK,0.7330960854092526,0.9602543359661265,0.7266551449669274,0.7340533151059467,0.7221628929593058,0.7052408586809411,v26 main_pc0,50.7,,,,,
42,optdigits,CBM_KE,3,OK,0.8665480427046264,0.9879251758047959,0.8711469454886519,0.866491797676008,0.8664067975576841,0.8522866847409265,v26 main_pc0,127.3,,,,,
42,optdigits,CBM_KE,4,OK,0.8647686832740213,0.9883040692926695,0.8669717893124576,0.8653417634996583,0.8654637143766793,0.8499028983555695,v25(p_c=0),102.3,,,,,
42,optdigits,CBM_KE,5,OK,0.791814946619217,0.9721903496652388,0.781255247650747,0.7928053087263613,0.781732515812831,0.7699415042258696,v26 main_pc0,164.6,,,,,
42,optdigits,CBM_KE,6,OK,0.7651245551601423,0.9645812442035719,0.7606515659804551,0.7656379585326953,0.7596269500327643,0.7398745600295245,v26 main_pc0,151.4,,,,,
42,optdigits,CBM_KE,7,OK,0.9039145907473309,0.9909011554806749,0.9050719359500528,0.9043187514240147,0.9038556667897802,0.8934316743942774,v25(p_c=0),109.4,,,,,
42,optdigits,CBM_KE,8,OK,0.7793594306049823,0.9675329702364166,0.7767395869569043,0.7801936659831397,0.7735572207308742,0.7559124676422707,v26 main_pc0,134.9,,,,,
42,optdigits,CBM_KE,9,OK,0.8718861209964412,0.9891479011631432,0.8759158624703947,0.8722630439735702,0.8706540342116599,0.8585009503066231,v26 main_pc0,89.1,,,,,
42,optdigits,CBM,0,OK,0.8647686832740213,0.9887834390043096,0.865836778021625,0.8656183758769966,0.8638397328524917,0.8501963409975434,v26 main_pc0,194.3,,,,,
42,optdigits,CBM,1,OK,0.8701067615658363,0.9868812835478753,0.8735401651287142,0.871037527203589,0.8704873556867312,0.856090647561573,v26 main_pc0,159.7,,,,,
42,optdigits,CBM,2,OK,0.8807829181494662,0.9895470091609342,0.8833361770671162,0.8813180678970152,0.8805502509227706,0.8679324881881626,v26 main_pc0,39.3,,,,,
42,optdigits,CBM,3,OK,0.8505338078291815,0.9870038078585264,0.8551188991208075,0.8506721348826612,0.8501377877995994,0.834485249742174,v26 main_pc0,86.6,,,,,
42,optdigits,CBM,4,OK,0.8594306049822064,0.9885785725131508,0.8627924412149921,0.8598593073593074,0.8605680859342801,0.8439953267983951,v26 main_pc0,90.0,,,,,
42,optdigits,CBM,5,OK,0.8683274021352313,0.9901894528235851,0.8754886328944467,0.8688818637502846,0.8688292736047394,0.8544618024554237,v26 main_pc0,144.9,,,,,
42,optdigits,CBM,6,OK,0.7046263345195729,0.9534691265835683,0.7171204382429427,0.7052739804055592,0.7009123486029937,0.6744554193229018,v26 main_pc0,49.0,,,,,
42,optdigits,CBM,7,OK,0.806049822064057,0.9804768889973339,0.8093298209126205,0.8069748234221918,0.7995328988195298,0.7863448874031004,v25(p_c=0),34.4,,,,,
42,optdigits,CBM,8,OK,0.8398576512455516,0.9799300382662786,0.8445737709577502,0.8400284802916381,0.8399905686482892,0.8225387435061461,v26 main_pc0,100.1,,,,,
42,optdigits,CBM,9,OK,0.8718861209964412,0.9914409434955733,0.8754021805738773,0.8721713374344953,0.8716699152883727,0.8581108758351532,v26 main_pc0,198.5,,,,,
42,page-blocks,CBM_KE,0,OK,0.9306569343065694,0.908916764871106,0.36812996889042515,0.32418699186991873,0.3406825292876373,0.5502934791037627,v26 main_pc0,120.1,,,,,
42,page-blocks,CBM_KE,1,OK,0.916058394160584,0.9674483841329554,0.546304143126177,0.3442325495278652,0.39712049203242944,0.42781011188193035,v26 main_pc0,27.5,,,,,
42,page-blocks,CBM_KE,2,OK,0.9470802919708029,0.9809010502584339,0.857273320287019,0.5761484498755375,0.6677445109780439,0.690274785299494,v25(p_c=0),59.0,,,,,
42,page-blocks,CBM_KE,3,OK,0.9323583180987203,0.965421277575311,0.3859848484848485,0.3151515151515151,0.33889182456405226,0.565496234276373,v26 main_pc0,30.1,,,,,
42,page-blocks,CBM_KE,4,OK,0.9323583180987203,0.9519254432674927,0.3859848484848485,0.3151515151515151,0.33889182456405226,0.565496234276373,v25(p_c=0),130.9,,,,,
42,page-blocks,CBM_KE,5,OK,0.9305301645338209,0.9488283583517539,0.3398419997641787,0.34866382768623094,0.34415196743554954,0.5684730332952783,v26 main_pc0,130.7,,,,,
42,page-blocks,CBM_KE,6,OK,0.9122486288848263,0.9460515379464743,0.7534586466165414,0.41089921619453185,0.479768868155965,0.38037209143041323,v26 main_pc0,17.0,,,,,
42,page-blocks,CBM_KE,7,OK,0.9213893967093236,0.9485828039780888,0.3532695374800638,0.29574770104301673,0.3146372763644599,0.4683001808123742,v26 main_pc0,26.0,,,,,
42,page-blocks,CBM_KE,8,OK,0.926873857404022,0.9635090374768225,0.5501104349785891,0.46428307464892826,0.48481262327416175,0.5182063780597803,v26 main_pc0,25.5,,,,,
42,page-blocks,CBM_KE,9,OK,0.9287020109689214,0.964836226975766,0.359012987012987,0.31393200295639323,0.33051220166264417,0.5248281310411298,v25(p_c=0),144.5,,,,,
42,page-blocks,CBM,0,OK,0.7481751824817519,0.4271669209878528,0.21358965096290392,0.20630081300813008,0.2050152932000035,-0.0021915980800832663,v25(p_c=0),29.6,,,,,
42,page-blocks,CBM,1,OK,0.7262773722627737,0.3757353418206345,0.18405037690751977,0.17907794852805037,0.17814426256276278,-0.04352348040531907,v25(p_c=0),16.7,,,,,
42,page-blocks,CBM,2,OK,0.7390510948905109,0.43897625220770625,0.18088872152137073,0.17062272418687896,0.1745175808485233,-0.04389127715569211,v25(p_c=0),16.2,,,,,
42,page-blocks,CBM,3,OK,0.716636197440585,0.4343298047102927,0.22644179894179892,0.20087638091711413,0.211479265784226,-0.01660534683261106,v25(p_c=0),15.2,,,,,
42,page-blocks,CBM,4,OK,0.7257769652650823,0.4256236207663785,0.2633577981651376,0.2441152872924767,0.25092180288909977,-0.004479341511140233,v25(p_c=0),13.4,,,,,
42,page-blocks,CBM,5,OK,0.7239488117001828,0.41945729825267,0.2312643190924597,0.21946553107449235,0.22022508815147562,-0.012075996976850729,v25(p_c=0),16.0,,,,,
42,page-blocks,CBM,6,OK,0.7513711151736746,0.4587746107432727,0.2180112382099137,0.19649447633154354,0.20302233794484317,-0.008228814803566641,v25(p_c=0),15.5,,,,,
42,page-blocks,CBM,7,OK,0.7458866544789763,0.4269539673546164,0.28896396396396395,0.24212800098747148,0.2545421382083489,0.026560133872991293,v25(p_c=0),30.2,,,,,
42,page-blocks,CBM,8,OK,0.720292504570384,0.3913228760892588,0.24101974302919676,0.20399113082039913,0.21646819752082908,-0.015144680584278904,v25(p_c=0),16.7,,,,,
42,page-blocks,CBM,9,OK,0.7276051188299817,0.3511945820724531,0.24423562539740212,0.22187730968218772,0.2299121555233238,-0.003486636401602163,v25(p_c=0),15.9,,,,,
42,pendigits,CBM_KE,0,OK,0.846,0.9884355233283413,0.8566037517943806,0.8431266795890353,0.8263733033898832,0.8332255804620384,v25(p_c=0),177.8,,,,,
42,pendigits,CBM_KE,1,OK,0.866,0.9863793020096315,0.8802065416802833,0.8648180774013365,0.8627517261457708,0.8528466668358509,v25(p_c=0),593.0,,,,,
42,pendigits,CBM_KE,2,OK,0.822,0.9820811316444257,0.8418914785729269,0.8204786346484836,0.8138920912074623,0.8051064072996191,v25(p_c=0),457.2,,,,,
42,pendigits,CBM_KE,3,OK,0.868,0.9912203711319133,0.8872942831419142,0.8651704736634,0.8515042961488197,0.8577918125707436,v26 main_pc0,139.2,,,,,
42,pendigits,CBM_KE,4,OK,0.843,0.9889307406700057,0.8464254894139845,0.8396939101614184,0.825602228153446,0.829565353845409,v25(p_c=0),192.4,,,,,
42,pendigits,CBM_KE,5,OK,0.775,0.9594821663806836,0.7681801597826862,0.7731866746448152,0.7622329968721059,0.7517309796834776,v26 main_pc0,150.5,,,,,
42,pendigits,CBM_KE,6,OK,0.841,0.9838102367933959,0.8402432480920051,0.8395245523361619,0.8345673163405127,0.8244037804230766,v26 main_pc0,170.3,,,,,
42,pendigits,CBM_KE,7,OK,0.823,0.9821869917877356,0.8429110312994726,0.8208206507941203,0.8120957470032236,0.8070384750178476,v25(p_c=0),544.2,,,,,
42,pendigits,CBM_KE,8,OK,0.818,0.9848944370194085,0.8342238306634636,0.8157003426541571,0.8062161687544922,0.8012752734379707,v26 main_pc0,188.8,,,,,
42,pendigits,CBM_KE,9,OK,0.819,0.9619916919052678,0.823687953665728,0.8178692778749573,0.8146729215061095,0.7999788924460733,v26 main_pc0,97.0,,,,,
42,pendigits,CBM,0,OK,0.804,0.972633876220703,0.8272102289260512,0.8009921370673745,0.7806753594141395,0.7875952548584667,v25(p_c=0),351.5,,,,,
42,pendigits,CBM,1,OK,0.836,0.987114893869974,0.8638304183392661,0.8319979505919122,0.8167932837109737,0.8219000753445532,v26 main_pc0,302.6,,,,,
42,pendigits,CBM,2,OK,0.765,0.965670118178996,0.8157979386993152,0.7645305701269615,0.7638722271359376,0.7448342390310214,v26 main_pc0,80.4,,,,,
42,pendigits,CBM,3,OK,0.861,0.9908314733388816,0.8911204159375277,0.857383431157429,0.8422565386303058,0.8503225526165088,v26 main_pc0,206.0,,,,,
42,pendigits,CBM,4,OK,0.757,0.9699348408652859,0.7757732161604947,0.752547222069261,0.7275731410296218,0.7359782587218376,v26 main_pc0,145.1,,,,,
42,pendigits,CBM,5,OK,0.829,0.9831843261502765,0.8443485956183675,0.8268297288446661,0.8087118834360583,0.814304920085734,v26 main_pc0,142.0,,,,,
42,pendigits,CBM,6,OK,0.819,0.9831124635211077,0.8161980067010765,0.8160591765334125,0.8026886912394751,0.8020669329340389,v26 main_pc0,467.8,,,,,
42,pendigits,CBM,7,OK,0.737,0.9620398433670166,0.7722477370543707,0.7346476988099778,0.7225349745877727,0.712932553265772,v26 main_pc0,66.0,,,,,
42,pendigits,CBM,8,OK,0.864,0.9897608773370308,0.8759740416472616,0.861027847308095,0.8532704903863083,0.8515168058328143,v26 main_pc0,184.8,,,,,
42,pendigits,CBM,9,OK,0.814,0.970127574868469,0.8191188782017491,0.8125183565295521,0.8086732159490173,0.7947043951673628,v26 main_pc0,54.4,,,,,
42,phoneme,CBM_KE,0,OK,0.8022181146025879,0.8440432678059864,0.7639081429690797,0.7883532549639436,0.7730322100021565,0.5517201175836308,v26 main_pc0,27.8,,,,,
42,phoneme,CBM_KE,1,OK,0.7356746765249538,0.8094603049161975,0.6783630301135772,0.6127300866014685,0.6205408162764805,0.28359746001122016,v26 main_pc0,11.9,,,,,
42,phoneme,CBM_KE,2,OK,0.8040665434380776,0.8642036287003194,0.7699912891986063,0.8061839375679147,0.7805794484067465,0.5750373763012865,v26 main_pc0,24.3,,,,,
42,phoneme,CBM_KE,3,OK,0.7615526802218114,0.8176265270506108,0.7168744228993537,0.7320211399782672,0.7229242844721828,0.44863994843632404,v26 main_pc0,24.5,,,,,
42,phoneme,CBM_KE,4,OK,0.7944444444444444,0.8543061170389025,0.7547605702079956,0.7786301279077473,0.7636202307009761,0.5328563418517396,v26 main_pc0,31.6,,,,,
42,phoneme,CBM_KE,5,OK,0.7851851851851852,0.835898667903771,0.7487257601499795,0.7813639074822718,0.7583333333333333,0.5290839319703314,v26 main_pc0,26.4,,,,,
42,phoneme,CBM_KE,6,OK,0.7888888888888889,0.8334714030088144,0.7514619883040936,0.7821260520909272,0.7611583586814824,0.532706215511585,v26 main_pc0,25.5,,,,,
42,phoneme,CBM_KE,7,OK,0.8037037037037037,0.8642719862151237,0.7724041052691932,0.8148651335409902,0.7826681246582832,0.5857322083775093,v26 main_pc0,27.4,,,,,
42,phoneme,CBM_KE,8,OK,0.7944444444444444,0.855544000396177,0.7585294117647059,0.79019957410984,0.7684274780848326,0.5478142940412749,v26 main_pc0,32.2,,,,,
42,phoneme,CBM_KE,9,OK,0.7833333333333333,0.8303620066359629,0.7492759499536608,0.7841578764918536,0.7585517692063698,0.5322921175419445,v26 main_pc0,25.3,,,,,
42,phoneme,CBM,0,OK,0.7541589648798521,0.7597632454147322,0.7047535097366888,0.7084280022391254,0.7065023637913663,0.4131651727136128,v25(p_c=0),60.5,,,,,
42,phoneme,CBM,1,OK,0.7541589648798521,0.7706048931476177,0.7181869369369369,0.7488145806579077,0.7257940969112631,0.46599609963602623,v25(p_c=0),60.1,,,,,
42,phoneme,CBM,2,OK,0.7948243992606284,0.8395073924067304,0.7656046445766072,0.8088182027725641,0.7746146368559922,0.5727950732546274,v25(p_c=0),105.4,,,,,
42,phoneme,CBM,3,OK,0.7578558225508318,0.8059863676775659,0.7197567101842928,0.7477608745760479,0.7277135096299768,0.4666781105182264,v26 main_pc0,187.5,,,,,
42,phoneme,CBM,4,OK,0.7833333333333333,0.8640068924382,0.7499459802071479,0.7874776327125721,0.7591849336214882,0.5361114760792732,v26 main_pc0,88.1,,,,,
42,phoneme,CBM,5,OK,0.7351851851851852,0.7820763470077541,0.704272401026965,0.7386009675922858,0.7093484995050419,0.4415409042769798,v25(p_c=0),77.3,,,,,
42,phoneme,CBM,6,OK,0.7962962962962963,0.8664424415136855,0.7625115848007414,0.8003512492544238,0.7726959636313542,0.5615894672753801,v25(p_c=0),81.8,,,,,
42,phoneme,CBM,7,OK,0.8185185185185185,0.8808403472728478,0.7843165973402074,0.8216250248525416,0.7958333333333334,0.604791973113183,v26 main_pc0,36.4,,,,,
42,phoneme,CBM,8,OK,0.7462962962962963,0.7403473150761817,0.7069117647058824,0.7322587035111177,0.714185265744343,0.43843840256887023,v25(p_c=0),66.4,,,,,
42,phoneme,CBM,9,OK,0.7481481481481481,0.7361214282176993,0.7180243691399878,0.7537265388996187,0.7239097744360903,0.4703979956490543,v25(p_c=0),86.7,,,,,
42,satimage,CBM_KE,0,OK,0.8258164852255054,0.9722117272043626,0.7939952749435292,0.7784839670407853,0.7812824908965746,0.7855333449648995,v25(p_c=0),110.7,,,,,
42,satimage,CBM_KE,1,OK,0.7900466562986003,0.9411584123078193,0.7700901414437157,0.7231771783703032,0.7364187883346754,0.7400611483205658,v26 main_pc0,28.0,,,,,
42,satimage,CBM_KE,2,OK,0.7916018662519441,0.9525572274540354,0.7646341160108232,0.7179466335824624,0.7282917043595182,0.7422587452982297,v25(p_c=0),54.3,,,,,
42,satimage,CBM_KE,3,OK,0.7667185069984448,0.9413174572731343,0.7502981014819262,0.6925412749261897,0.6988574858656826,0.7124241125313502,v26 main_pc0,27.9,,,,,
42,satimage,CBM_KE,4,OK,0.8304821150855366,0.9693708658476531,0.7940226125494609,0.7773229623433218,0.7825553577160805,0.7905541473520068,v25(p_c=0),187.1,,,,,
42,satimage,CBM_KE,5,OK,0.7962674961119751,0.9661763940792727,0.7788634019778087,0.7244080221663477,0.7338497746219467,0.7485251565597202,v26 main_pc0,29.4,,,,,
42,satimage,CBM_KE,6,OK,0.8522550544323484,0.9696140917990613,0.8344137831444719,0.8299670674529191,0.8310809496373578,0.8181647622981273,v26 main_pc0,227.7,,,,,
42,satimage,CBM_KE,7,OK,0.8258164852255054,0.9654883675981522,0.7777084129533866,0.7616862504000035,0.7619620362458231,0.7859096176411463,v25(p_c=0),123.5,,,,,
42,satimage,CBM_KE,8,OK,0.8009331259720062,0.9532795103316366,0.7822043511054052,0.7284882059239971,0.7380944757997491,0.7546876146039281,v26 main_pc0,25.5,,,,,
42,satimage,CBM_KE,9,OK,0.8273716951788491,0.9726663821281011,0.8112993074639342,0.7609360762825377,0.767760788603351,0.7877572296973907,v25(p_c=0),154.4,,,,,
42,satimage,CBM,0,OK,0.7729393468118196,0.9445114613124921,0.7562709446059226,0.7493811145354479,0.7486639820810582,0.7224242218928513,v26 main_pc0,41.3,,,,,
42,satimage,CBM,1,OK,0.7558320373250389,0.9483878570201171,0.7372113882001732,0.7242553320664632,0.7227811337784559,0.7019235120968379,v26 main_pc0,26.5,,,,,
42,satimage,CBM,2,OK,0.8149300155520995,0.9676669698859782,0.7945489773371821,0.7978891168898118,0.7926089449981483,0.7742867425714095,v25(p_c=0),200.3,,,,,
42,satimage,CBM,3,OK,0.8180404354587869,0.9691696763189938,0.7965866705921404,0.80745026814845,0.7963857837789069,0.7799112226714296,v26 main_pc0,169.2,,,,,
42,satimage,CBM,4,OK,0.8118195956454122,0.9702097470542119,0.7928584507940779,0.8064747216442748,0.7851270532364887,0.7765207008258322,v26 main_pc0,153.3,,,,,
42,satimage,CBM,5,OK,0.838258164852255,0.9647019694161987,0.8191238505156612,0.8218923505572789,0.81683571008328,0.8027722682597537,v26 main_pc0,101.1,,,,,
42,satimage,CBM,6,OK,0.7558320373250389,0.9453645966524039,0.7304250228106438,0.7208547318874027,0.7213259016527288,0.7000982959191178,v26 main_pc0,28.4,,,,,
42,satimage,CBM,7,OK,0.8102643856920684,0.9663178853186613,0.7910316366659335,0.7969004659766882,0.7897126354089082,0.7696268284344828,v26 main_pc0,188.7,,,,,
42,satimage,CBM,8,OK,0.7853810264385692,0.9590016839865384,0.7620230796095159,0.7630254840590384,0.7604370939353816,0.7368746142808689,v26 main_pc0,103.1,,,,,
42,satimage,CBM,9,OK,0.8398133748055988,0.9746579306063046,0.8116558352042224,0.8330981991541897,0.8180370588316604,0.8056517690329236,v26 main_pc0,206.1,,,,,
42,segment,CBM_KE,0,OK,0.8484848484848485,0.9770868861777953,0.8613516113516114,0.8484848484848486,0.8516272418058133,0.824766505233712,v25(p_c=0),34.5,,,,,
42,segment,CBM_KE,1,OK,0.7532467532467533,0.9822904368358915,0.8277369049763664,0.7532467532467532,0.7523275227212464,0.7239627844408156,v26 main_pc0,28.8,,,,,
42,segment,CBM_KE,2,OK,0.8095238095238095,0.9747912020639292,0.8258316008316008,0.8095238095238095,0.7953095169372058,0.7830341374232817,v25(p_c=0),32.8,,,,,
42,segment,CBM_KE,3,OK,0.7575757575757576,0.9701342428615156,0.7707733260528291,0.7575757575757576,0.7258673945085751,0.7274553071404898,v26 main_pc0,14.8,,,,,
42,segment,CBM_KE,4,OK,0.9004329004329005,0.9925226288862652,0.9056040222368822,0.9004329004329005,0.899881637418607,0.88486433629223,v25(p_c=0),45.9,,,,,
42,segment,CBM_KE,5,OK,0.8528138528138528,0.9761030215575669,0.8586581813165131,0.8528138528138529,0.8492606274514681,0.8301908769487423,v26 main_pc0,39.3,,,,,
42,segment,CBM_KE,6,OK,0.8961038961038961,0.9912982640255367,0.8959608843537415,0.8961038961038962,0.8953145583763049,0.8790185317784092,v26 main_pc0,49.1,,,,,
42,segment,CBM_KE,7,OK,0.8051948051948052,0.9612138703047793,0.8144710882492837,0.8051948051948052,0.8006864705447991,0.7749329849066655,v26 main_pc0,50.4,,,,,
42,segment,CBM_KE,8,OK,0.8744588744588745,0.9795793432157067,0.8793133627720094,0.8744588744588746,0.8721716310740356,0.8549009062194725,v26 main_pc0,24.9,,,,,
42,segment,CBM_KE,9,OK,0.8528138528138528,0.9793388429752066,0.8755939338772473,0.8528138528138529,0.8488727593008821,0.8332529353024112,v26 main_pc0,31.6,,,,,
42,segment,CBM,0,OK,0.8658008658008658,0.9787922515195241,0.8731347913629699,0.8658008658008659,0.8683723925328405,0.8438957357640319,v26 main_pc0,69.6,,,,,
42,segment,CBM,1,OK,0.7748917748917749,0.9805413441777077,0.85807866886034,0.7748917748917749,0.758519171548812,0.7523774371587794,v26 main_pc0,25.2,,,,,
42,segment,CBM,2,OK,0.8658008658008658,0.9839302112029386,0.882346861750464,0.8658008658008659,0.8649045017436899,0.8467360497342641,v26 main_pc0,42.0,,,,,
42,segment,CBM,3,OK,0.8744588744588745,0.9824216187852552,0.8773688332778906,0.8744588744588746,0.870460230248239,0.8552010821087156,v26 main_pc0,15.9,,,,,
42,segment,CBM,4,OK,0.9090909090909091,0.9926975381520835,0.915006046584994,0.9090909090909092,0.9043733635895302,0.8962546421812769,v26 main_pc0,62.5,,,,,
42,segment,CBM,5,OK,0.8138528138528138,0.9773055227600683,0.8461577757488804,0.8138528138528139,0.8117551857601609,0.7884508165304495,v26 main_pc0,42.1,,,,,
42,segment,CBM,6,OK,0.8961038961038961,0.9860728497092133,0.9003501631191545,0.8961038961038962,0.8952932432889977,0.879730856778423,v25(p_c=0),57.9,,,,,
42,segment,CBM,7,OK,0.7012987012987013,0.9591149591149593,0.7763290957791602,0.7012987012987013,0.6780277111955293,0.6635796448899487,v26 main_pc0,11.2,,,,,
42,segment,CBM,8,OK,0.8354978354978355,0.9753596571778391,0.8333700146725358,0.8354978354978354,0.8305796040710628,0.8094269018907019,v26 main_pc0,18.7,,,,,
42,segment,CBM,9,OK,0.7965367965367965,0.9826839826839827,0.857525420316118,0.7965367965367965,0.8015289664589325,0.773005385314956,v26 main_pc0,64.7,,,,,
42,spambase,CBM_KE,0,OK,0.8806941431670282,0.9563492063492063,0.8734629959013224,0.880420654614203,0.8763924436319317,0.7538515434088132,v26 main_pc0,36.7,,,,,
42,spambase,CBM_KE,1,OK,0.8913043478260869,0.9492861244777123,0.8861363591358244,0.8861363591358244,0.8861363591358244,0.7722727182716489,v25(p_c=0),84.2,,,,,
42,spambase,CBM_KE,2,OK,0.8717391304347826,0.9466722113309175,0.8675950486295314,0.8622447969266718,0.8646890190701733,0.729820234693598,v26 main_pc0,83.8,,,,,
42,spambase,CBM_KE,3,OK,0.8760869565217392,0.9429790688924533,0.8765243902439024,0.8619477613418087,0.8678260869565217,0.7383282742503366,v25(p_c=0),20.5,,,,,
42,spambase,CBM_KE,4,OK,0.8456521739130435,0.9180181785777937,0.8442497307150552,0.8290956256559536,0.8349763277432786,0.6731748079408931,v26 main_pc0,59.1,,,,,
42,spambase,CBM_KE,5,OK,0.9021739130434783,0.9580981801619834,0.8967391304347826,0.8989781975880711,0.897815623843021,0.7957141777636696,v26 main_pc0,18.9,,,,,
42,spambase,CBM_KE,6,OK,0.8,0.8514624051961426,0.7927898469273058,0.783698687102715,0.7873965115344426,0.5764168462849834,v26 main_pc0,33.4,,,,,
42,spambase,CBM_KE,7,OK,0.8695652173913043,0.9298698984138299,0.8807024407206973,0.8468682548169271,0.8578609096901779,0.7267835749859317,v26 main_pc0,29.1,,,,,
42,spambase,CBM_KE,8,OK,0.8760869565217392,0.9322772551189817,0.8788819875776397,0.8604830421377183,0.8675162067798152,0.7391360672925461,v25(p_c=0),109.9,,,,,
42,spambase,CBM_KE,9,OK,0.8717391304347826,0.9490671199304294,0.8685122152625324,0.8616293778164281,0.8646890190701733,0.7301091510812429,v26 main_pc0,16.0,,,,,
42,spambase,CBM,0,OK,0.8676789587852495,0.9510417897514671,0.8602550884026425,0.8715782425459844,0.8639822002950495,0.7317457280145944,v26 main_pc0,70.4,,,,,
42,spambase,CBM,1,OK,0.8456521739130435,0.9308402146577159,0.8372590174129353,0.8436503693142439,0.8399262857114851,0.6808793898731675,v26 main_pc0,19.7,,,,,
42,spambase,CBM,2,OK,0.8847826086956522,0.9490583971959842,0.878247390314732,0.881730331293689,0.8798724815349518,0.7599697404918592,v25(p_c=0),17.8,,,,,
42,spambase,CBM,3,OK,0.8065217391304348,0.9069486524485633,0.7990689865689866,0.8104219885542288,0.8017999699843628,0.6093852296393235,v26 main_pc0,13.4,,,,,
42,spambase,CBM,4,OK,0.8543478260869565,0.8948395017723123,0.8462962962962963,0.8517891443394918,0.8486834676132542,0.6980638302104163,v25(p_c=0),61.8,,,,,
42,spambase,CBM,5,OK,0.8956521739130435,0.9639002752529754,0.8883497949517702,0.8994237509653656,0.8923976608187134,0.7876957072023859,v25(p_c=0),61.5,,,,,
42,spambase,CBM,6,OK,0.8195652173913044,0.8583734331372899,0.8113993146864291,0.8095308817996396,0.8104260696428482,0.6209273853412938,v26 main_pc0,13.9,,,,,
42,spambase,CBM,7,OK,0.8695652173913043,0.9304738707697181,0.8638342710590667,0.8623933147191034,0.8630952380952381,0.7262261562282205,v26 main_pc0,27.7,,,,,
42,spambase,CBM,8,OK,0.8717391304347826,0.9158629140643529,0.8678195488721805,0.8625780694126017,0.8649690782174326,0.7303788110899421,v25(p_c=0),68.3,,,,,
42,spambase,CBM,9,OK,0.8804347826086957,0.9524567159459246,0.8737089751849899,0.8783105383824809,0.8757849361004325,0.7520054350883342,v25(p_c=0),14.8,,,,,
42,tic-tac-toe,CBM_KE,0,OK,0.7604166666666666,0.7490512333965844,0.7380952380952381,0.7348197343453511,0.7363582089552239,0.4729036289072729,v26 main_pc0,6.3,,,,,
42,tic-tac-toe,CBM_KE,1,OK,0.7083333333333334,0.715370018975332,0.6787878787878787,0.6679316888045541,0.671875,0.34654956599385545,v26 main_pc0,11.0,,,,,
42,tic-tac-toe,CBM_KE,2,OK,0.65625,0.7077922077922078,0.59375,0.5577200577200577,0.5478806907378336,0.14712247158412492,v25(p_c=0),34.0,,,,,
42,tic-tac-toe,CBM_KE,3,OK,0.6666666666666666,0.7234247234247234,0.6666666666666666,0.5223665223665224,0.45299145299145294,0.1221106666553537,v26 main_pc0,16.1,,,,,
42,tic-tac-toe,CBM_KE,4,OK,0.6979166666666666,0.5740740740740741,0.66875,0.6038961038961039,0.6026830312544598,0.26482044885142486,v26 main_pc0,8.8,,,,,
42,tic-tac-toe,CBM_KE,5,OK,0.6875,0.6548821548821547,0.6781609195402298,0.5670995670995671,0.5428571428571429,0.21867346044008387,v26 main_pc0,23.2,,,,,
42,tic-tac-toe,CBM_KE,6,OK,0.6979166666666666,0.696007696007696,0.6597222222222223,0.6327561327561327,0.6382066276803119,0.2912325842857414,v26 main_pc0,14.7,,,,,
42,tic-tac-toe,CBM_KE,7,OK,0.7395833333333334,0.7164502164502164,0.725,0.6645021645021645,0.6742228858422696,0.38477519157548096,v26 main_pc0,6.5,,,,,
42,tic-tac-toe,CBM_KE,8,OK,0.6736842105263158,0.6363636363636364,0.6293512658227849,0.5799120234604105,0.5737443913735707,0.2033393359786953,v26 main_pc0,9.3,,,,,
42,tic-tac-toe,CBM_KE,9,OK,0.6210526315789474,0.6544477028347996,0.5773689516129032,0.5750244379276638,0.5758928571428572,0.15237535375264172,v26 main_pc0,10.2,,,,,
42,tic-tac-toe,CBM,0,OK,0.7395833333333334,0.6928368121442126,0.7148883374689826,0.7054079696394687,0.709267110841914,0.42018937206314344,v26 main_pc0,3.9,,,,,
42,tic-tac-toe,CBM,1,OK,0.6354166666666666,0.6316413662239089,0.6120107962213225,0.6181214421252372,0.613215149073328,0.2300510967872893,v25(p_c=0),16.1,,,,,
42,tic-tac-toe,CBM,2,OK,0.6666666666666666,0.7765752765752766,0.677124183006536,0.6955266955266954,0.6613756613756614,0.3721962181491566,v26 main_pc0,19.1,,,,,
42,tic-tac-toe,CBM,3,OK,0.625,0.5858585858585859,0.5941365093907467,0.5988455988455988,0.5953161592505855,0.1929246448120374,v26 main_pc0,3.3,,,,,
42,tic-tac-toe,CBM,4,OK,0.6458333333333334,0.601010101010101,0.592112676056338,0.5786435786435786,0.5800308800823469,0.1702242107751668,v26 main_pc0,3.2,,,,,
42,tic-tac-toe,CBM,5,OK,0.7291666666666666,0.7946127946127947,0.7108647450110864,0.7287157287157287,0.7141548327989007,0.43921786764960724,v26 main_pc0,16.2,,,,,
42,tic-tac-toe,CBM,6,OK,0.6875,0.7609427609427609,0.6682926829268293,0.6825396825396826,0.6701786532295007,0.35054296692539627,v26 main_pc0,7.0,,,,,
42,tic-tac-toe,CBM,7,OK,0.7083333333333334,0.7544492544492545,0.6791569086651054,0.6839826839826839,0.6812144212523719,0.36310752627973253,v26 main_pc0,3.0,,,,,
42,tic-tac-toe,CBM,8,OK,0.5789473684210527,0.5395894428152492,0.5838509316770186,0.5923753665689149,0.5709123757904246,0.17602000512225463,v25(p_c=0),11.5,,,,,
42,tic-tac-toe,CBM,9,OK,0.5684210526315789,0.5557184750733137,0.5514375561545373,0.5559628543499511,0.5484057971014492,0.10730503181479985,v26 main_pc0,3.2,,,,,
42,vehicle,CBM_KE,0,OK,0.5294117647058824,0.7647567016317016,0.5375214178624974,0.5338744588744588,0.5256224350205199,0.3799718317329025,v26 main_pc0,13.5,,,,,
42,vehicle,CBM_KE,1,OK,0.5176470588235295,0.8320756673881674,0.5125000000000001,0.523051948051948,0.5114468505772853,0.3613294723129414,v26 main_pc0,19.4,,,,,
42,vehicle,CBM_KE,2,OK,0.5647058823529412,0.8333503475690975,0.5301851851851852,0.5678571428571428,0.5173867856321273,0.43754698030512634,v25(p_c=0),21.0,,,,,
42,vehicle,CBM_KE,3,OK,0.5176470588235295,0.7719570707070708,0.47030510324521213,0.520995670995671,0.4874608181024266,0.3633354920117356,v26 main_pc0,19.9,,,,,
42,vehicle,CBM_KE,4,OK,0.6352941176470588,0.8494113698801199,0.6181734931734932,0.6372294372294371,0.6231203007518797,0.5165110512359068,v26 main_pc0,7.6,,,,,
42,vehicle,CBM_KE,5,OK,0.3764705882352941,0.5919014319014319,0.3737745098039216,0.37429653679653685,0.3729615086985183,0.16740814225957612,v26 main_pc0,9.6,,,,,
42,vehicle,CBM_KE,6,OK,0.5952380952380952,0.7995567880846538,0.5938325563325563,0.5995129870129869,0.5779740052770019,0.472700125563,v26 main_pc0,27.1,,,,,
42,vehicle,CBM_KE,7,OK,0.5595238095238095,0.785588665293977,0.5617278259266089,0.5493563454089769,0.5238174301978856,0.42376556148491384,v25(p_c=0),21.7,,,,,
42,vehicle,CBM_KE,8,OK,0.5476190476190477,0.7628333570491368,0.5544477513227513,0.549404761904762,0.5463630560720869,0.4003867402846063,v26 main_pc0,12.5,,,,,
42,vehicle,CBM_KE,9,OK,0.5833333333333334,0.7575307676834174,0.6189900426742532,0.587391774891775,0.5728833319072474,0.4620696435054184,v26 main_pc0,11.7,,,,,
42,vehicle,CBM,0,OK,0.5176470588235295,0.7830915612165612,0.5325757575757576,0.5180194805194805,0.502130514902254,0.3672925880133932,v26 main_pc0,4.3,,,,,
42,vehicle,CBM,1,OK,0.5176470588235295,0.7754710653929404,0.5486464817958876,0.5231060606060606,0.5024865591397849,0.3695583765581954,v25(p_c=0),11.6,,,,,
42,vehicle,CBM,2,OK,0.4,0.643492340992341,0.3797268907563025,0.3959415584415584,0.38004914004914003,0.2004085716366054,v26 main_pc0,4.0,,,,,
42,vehicle,CBM,3,OK,0.43529411764705883,0.7523836233211233,0.42698564593301436,0.4362012987012987,0.4294838630204484,0.24865916435325228,v26 main_pc0,8.7,,,,,
42,vehicle,CBM,4,OK,0.6588235294117647,0.8728251609501609,0.6204263939458842,0.6627705627705628,0.6294703928082862,0.5534860622828536,v26 main_pc0,17.6,,,,,
42,vehicle,CBM,5,OK,0.5647058823529412,0.8239598075535575,0.5538386852325472,0.5668290043290043,0.5554470686683486,0.4221054158774453,v26 main_pc0,15.3,,,,,
42,vehicle,CBM,6,OK,0.4880952380952381,0.6804808258810815,0.43136494252873564,0.48771645021645016,0.44600644122383254,0.3275762683761846,v25(p_c=0),8.9,,,,,
42,vehicle,CBM,7,OK,0.4642857142857143,0.7830894411236395,0.43125448028673835,0.45736500341763503,0.43222295993562876,0.288889409146431,v26 main_pc0,8.2,,,,,
42,vehicle,CBM,8,OK,0.47619047619047616,0.771598055219257,0.48000331711632016,0.4760822510822511,0.47303767660910523,0.30423010966531105,v25(p_c=0),4.8,,,,,
42,vehicle,CBM,9,OK,0.40476190476190477,0.7414991659033278,0.47364718614718615,0.4075757575757576,0.41236770306244297,0.21410657056125343,v25(p_c=0),7.0,,,,,
42,wdbc,CBM_KE,0,OK,0.9298245614035088,0.9986772486772486,0.9199999999999999,0.9444444444444444,0.9271099744245523,0.8640987597877147,v25(p_c=0),6.6,,,,,
42,wdbc,CBM_KE,1,OK,0.9122807017543859,0.996031746031746,0.9038461538461539,0.9305555555555556,0.909495077802477,0.8339741126155059,v25(p_c=0),4.1,,,,,
42,wdbc,CBM_KE,2,OK,0.9298245614035088,0.9947089947089947,0.95,0.9047619047619048,0.9210526315789473,0.8535639569308375,v26 main_pc0,8.2,,,,,
42,wdbc,CBM_KE,3,OK,1.0,1.0,1.0,1.0,1.0,1.0,v25(p_c=0),17.9,,,,,
42,wdbc,CBM_KE,4,OK,0.8947368421052632,0.9417989417989416,0.8947368421052632,0.876984126984127,0.8844594594594595,0.7715167498104596,v25(p_c=0),12.7,,,,,
42,wdbc,CBM_KE,5,OK,0.9122807017543859,0.9761904761904762,0.9032467532467532,0.9107142857142857,0.9066491975106452,0.8139267835041308,v26 main_pc0,9.0,,,,,
42,wdbc,CBM_KE,6,OK,0.9298245614035088,0.9814814814814815,0.9199999999999999,0.9444444444444444,0.9271099744245523,0.8640987597877147,v26 main_pc0,5.4,,,,,
42,wdbc,CBM_KE,7,OK,0.9122807017543859,0.9792207792207792,0.9043749999999999,0.9201298701298701,0.909495077802477,0.8243543321503594,v25(p_c=0),7.4,,,,,
42,wdbc,CBM_KE,8,OK,0.9122807017543859,0.9987012987012986,0.9074074074074074,0.9285714285714286,0.9105180533751962,0.8357108940373449,v25(p_c=0),21.6,,,,,
42,wdbc,CBM_KE,9,OK,0.7678571428571429,0.9360544217687075,0.7916666666666667,0.8047619047619048,0.767188999040614,0.5962847939999439,v26 main_pc0,4.9,,,,,
42,wdbc,CBM,0,OK,0.9649122807017544,0.9973544973544973,0.9565217391304348,0.9722222222222222,0.9629870129870131,0.9286112429750731,v26 main_pc0,9.2,,,,,
42,wdbc,CBM,1,OK,0.9649122807017544,0.9947089947089947,0.9623015873015872,0.9623015873015872,0.9623015873015872,0.9246031746031746,v26 main_pc0,6.6,,,,,
42,wdbc,CBM,2,OK,0.9122807017543859,0.9841269841269842,0.9094594594594595,0.9007936507936507,0.9047778149014367,0.810206767705014,v26 main_pc0,7.6,,,,,
42,wdbc,CBM,3,OK,0.9824561403508771,0.9947089947089947,0.9864864864864865,0.9761904761904762,0.9809555629802873,0.962621902223779,v26 main_pc0,4.7,,,,,
42,wdbc,CBM,4,OK,0.8947368421052632,0.9391534391534391,0.8869047619047619,0.8869047619047619,0.8869047619047619,0.7738095238095238,v26 main_pc0,9.7,,,,,
42,wdbc,CBM,5,OK,0.8947368421052632,0.9788359788359787,0.8869047619047619,0.8869047619047619,0.8869047619047619,0.7738095238095238,v26 main_pc0,2.2,,,,,
42,wdbc,CBM,6,OK,0.9298245614035088,0.9854497354497355,0.920076726342711,0.9345238095238095,0.9259740259740259,0.8544784126535336,v26 main_pc0,3.6,,,,,
42,wdbc,CBM,7,OK,0.9298245614035088,0.9753246753246754,0.9344594594594595,0.9175324675324675,0.9246031746031746,0.851823761469308,v26 main_pc0,4.8,,,,,
42,wdbc,CBM,8,OK,0.7368421052631579,0.8090909090909091,0.7613636363636364,0.7688311688311689,0.736517719568567,0.5301422143297059,v25(p_c=0),4.0,,,,,
42,wdbc,CBM,9,OK,0.9642857142857143,0.9863945578231292,0.9619047619047618,0.9619047619047618,0.9619047619047618,0.9238095238095239,v26 main_pc0,2.4,,,,,
42,wine-quality,CBM_KE,0,PARTIAL,0.5306122448979592,nan,0.28618487993488,0.24186211429362114,0.23734825773567728,0.24510819076056392,v25(p_c=0),56.3,,,,,
42,wine-quality,CBM_KE,1,PARTIAL,0.5142857142857142,nan,0.2610402179367696,0.2168863290438633,0.19056117983075913,0.2079967851133081,v25(p_c=0),62.6,,,,,
42,wine-quality,CBM_KE,2,PARTIAL,0.47959183673469385,nan,0.16651614359900654,0.19958202716823406,0.1727715186622026,0.1325226885054003,v26 main_pc0,18.4,,,,,
42,wine-quality,CBM_KE,3,OK,0.5183673469387755,0.6249857163429221,0.3020259186902357,0.20480171169826342,0.2020737843077243,0.22119198483530755,v25(p_c=0),77.9,,,,,
42,wine-quality,CBM_KE,4,OK,0.5102040816326531,0.7218316529188101,0.22351682989980862,0.20183609493954321,0.1961454094636574,0.21437335614485545,v25(p_c=0),60.7,,,,,
42,wine-quality,CBM_KE,5,OK,0.5040816326530613,0.650644390194641,0.21399405679066694,0.19087795765877957,0.18115218115218115,0.19145419502293795,v26 main_pc0,17.4,,,,,
42,wine-quality,CBM_KE,6,OK,0.48775510204081635,0.6231675998626688,0.21657509157509156,0.17425724959971536,0.15425538629063543,0.14993798049372384,v25(p_c=0),22.3,,,,,
42,wine-quality,CBM_KE,7,OK,0.4897959183673469,0.6273030637408191,0.2077927821846442,0.18172478206724782,0.17133806958314932,0.16161431107563998,v26 main_pc0,18.3,,,,,
42,wine-quality,CBM_KE,8,PARTIAL,0.4948875255623722,nan,0.16657986111111112,0.2082918223329182,0.18079956372178874,0.1662255190319985,v26 main_pc0,22.1,,,,,
42,wine-quality,CBM_KE,9,PARTIAL,0.50920245398773,nan,0.24304138321995467,0.19609944849670877,0.19311053561885969,0.22578780795820474,v25(p_c=0),157.0,,,,,
42,wine-quality,CBM,0,PARTIAL,0.20408163265306123,nan,0.14453725813944543,0.1484611279131827,0.11808504261202064,0.027140960190928834,v25(p_c=0),13.0,,,,,
42,wine-quality,CBM,1,PARTIAL,0.19795918367346937,nan,0.139356332149671,0.1330549654481967,0.11752702378693695,0.003003042326947236,v25(p_c=0),12.8,,,,,
42,wine-quality,CBM,2,PARTIAL,0.17959183673469387,nan,0.13698148471773952,0.11658705279394935,0.10457081307560116,0.00933228265906209,v25(p_c=0),14.3,,,,,
42,wine-quality,CBM,3,OK,0.1816326530612245,0.5039827692098895,0.1399113551565577,0.11226675623227346,0.1061678843148824,0.008882161734155522,v25(p_c=0),15.3,,,,,
42,wine-quality,CBM,4,OK,0.18979591836734694,0.502418471357213,0.15178770067043712,0.17190314474797236,0.12051169298681771,0.02733655660606762,v25(p_c=0),13.1,,,,,
42,wine-quality,CBM,5,OK,0.19795918367346937,0.42966082710281117,0.1492764218826502,0.14853699885931956,0.1233928200750779,0.025256638076940036,v25(p_c=0),14.1,,,,,
42,wine-quality,CBM,6,OK,0.16938775510204082,0.4790585401817075,0.1369730479508239,0.1205174660150486,0.10352082209865501,-0.0024096834877579965,v25(p_c=0),13.9,,,,,
42,wine-quality,CBM,7,OK,0.20408163265306123,0.5643990037227178,0.14853035414694782,0.22349173791558963,0.1274130611750311,0.023861134573325532,v25(p_c=0),15.6,,,,,
42,wine-quality,CBM,8,PARTIAL,0.17586912065439672,nan,0.12885308347971972,0.12132025911236226,0.10254988581770144,-0.004682670266962376,v25(p_c=0),13.8,,,,,
42,wine-quality,CBM,9,PARTIAL,0.1901840490797546,nan,0.13630870589633476,0.16009476019548544,0.11198339342882939,0.008824063380939481,v25(p_c=0),16.7,,,,,
43,balance-scale,CBM_KE,0,OK,0.6507936507936508,0.7013522650439485,0.4338037634408602,0.47126436781609193,0.45173041894353366,0.3568655795132983,v25(p_c=0),13.1,,,,,
43,balance-scale,CBM_KE,1,OK,0.6984126984126984,0.7653144016227179,0.46881496881496876,0.5057471264367815,0.48282828282828283,0.4529841167584785,v26 main_pc0,10.6,,,,,
43,balance-scale,CBM_KE,2,OK,0.7301587301587301,0.7231913455037188,0.49074074074074076,0.5287356321839081,0.5064102564102564,0.510734317602733,v25(p_c=0),9.1,,,,,
43,balance-scale,CBM_KE,3,OK,0.6984126984126984,0.6921568627450981,0.46565656565656566,0.5057471264367815,0.4845999635502096,0.44653233490449945,v26 main_pc0,4.8,,,,,
43,balance-scale,CBM_KE,4,OK,0.746031746031746,0.9185936443542934,0.49697580645161293,0.5402298850574713,0.5176684881602914,0.5352983692699474,v26 main_pc0,10.3,,,,,
43,balance-scale,CBM_KE,5,OK,0.8387096774193549,0.9147509578544062,0.5601410934744268,0.5977011494252874,0.5758928571428571,0.7080660386931565,v26 main_pc0,14.7,,,,,
43,balance-scale,CBM_KE,6,OK,0.8870967741935484,0.9402280788023288,0.5916666666666667,0.6432676518883416,0.6163557565479555,0.8000262311485019,v26 main_pc0,16.9,,,,,
43,balance-scale,CBM_KE,7,OK,0.7419354838709677,0.8560253474980709,0.5028735632183908,0.5377668308702791,0.5196050234876809,0.5313934116671968,v26 main_pc0,6.0,,,,,
43,balance-scale,CBM_KE,8,OK,0.7903225806451613,0.8454860875219582,0.5269940787182167,0.5726600985221675,0.5485757404263346,0.6192590237166903,v26 main_pc0,13.8,,,,,
43,balance-scale,CBM_KE,9,OK,0.6612903225806451,0.7245144832392617,0.44086021505376344,0.47988505747126436,0.4595103578154425,0.37740417414948024,v26 main_pc0,10.2,,,,,
43,balance-scale,CBM,0,OK,0.6031746031746031,0.6933062880324544,0.4684431977559607,0.43678160919540227,0.4495726495726496,0.33619470753642927,v25(p_c=0),1.7,,,,,
43,balance-scale,CBM,1,OK,0.6825396825396826,0.8097363083164301,0.5862470862470862,0.6045977011494252,0.5803030303030303,0.48229862838859633,v25(p_c=0),2.5,,,,,
43,balance-scale,CBM,2,OK,0.6507936507936508,0.7701825557809331,0.6137345679012346,0.6367816091954023,0.5799319727891157,0.47153322188532054,v26 main_pc0,2.8,,,,,
43,balance-scale,CBM,3,OK,0.5238095238095238,0.4500338066260987,0.3866279069767442,0.37931034482758624,0.3611111111111111,0.17020878053446295,v26 main_pc0,3.4,,,,,
43,balance-scale,CBM,4,OK,0.7619047619047619,0.8141311697092629,0.5729166666666666,0.5517241379310345,0.5592329106093411,0.5958574293401746,v25(p_c=0),2.7,,,,,
43,balance-scale,CBM,5,OK,0.6612903225806451,0.8072100313479623,0.5279057859703021,0.47126436781609193,0.49333333333333335,0.4433820226149435,v25(p_c=0),2.6,,,,,
43,balance-scale,CBM,6,OK,0.7419354838709677,0.857831735510021,0.7333333333333334,0.8136288998357962,0.6851700680272108,0.6565552801677365,v26 main_pc0,4.0,,,,,
43,balance-scale,CBM,7,OK,0.45161290322580644,0.6061760138252078,0.4020806520806521,0.38357963875205253,0.38484330484330487,0.033742670897685,v26 main_pc0,2.3,,,,,
43,balance-scale,CBM,8,OK,0.8548387096774194,0.9264277272257416,0.7177522349936143,0.7293924466338259,0.722466039707419,0.7486831058368155,v25(p_c=0),6.7,,,,,
43,balance-scale,CBM,9,OK,0.5483870967741935,0.6786863356682936,0.4979669287069666,0.5060755336617405,0.4701754385964912,0.2890484383908387,v26 main_pc0,7.2,,,,,
43,bank,CBM_KE,0,OK,0.89,0.8646448863636363,0.8349174021271781,0.556060606060606,0.5719111443204283,0.2740487003690645,v25(p_c=0),55.4,,,,,
43,bank,CBM_KE,1,OK,0.885,0.8309327651515153,0.8318757708263258,0.528030303030303,0.5235313371367962,0.19289975038529536,v26 main_pc0,105.1,,,,,
43,bank,CBM_KE,2,OK,0.885,0.8319081439393939,0.7548762099323898,0.5496212121212122,0.5612679737065989,0.22492013229327162,v26 main_pc0,23.7,,,,,
43,bank,CBM_KE,3,OK,0.889,0.8299621212121212,0.8143945490637909,0.5554924242424242,0.5708967484797761,0.2641705183865418,v25(p_c=0),34.4,,,,,
43,bank,CBM_KE,4,OK,0.884,0.8569326526199005,0.7769881556683587,0.5384781729801897,0.5424135319363796,0.2064751623539338,v26 main_pc0,107.7,,,,,
43,bank,CBM_KE,5,OK,0.893,0.7428003271937496,0.8235596707818931,0.5827950620069764,0.6120363017994989,0.32734778450659285,v26 main_pc0,118.9,,,,,
43,bank,CBM_KE,6,OK,0.879,0.487749038633308,0.4395,0.5,0.46780202235231505,0.0,v26 main_pc0,33.0,,,,,
43,bank,CBM_KE,7,OK,0.886,0.813193993926231,0.7870593915982618,0.5503060389811864,0.5622119815668203,0.24033993379093532,v26 main_pc0,122.0,,,,,
43,bank,CBM_KE,8,OK,0.891,0.8510751323348282,0.8331939022123072,0.5674037928149005,0.5895327074648561,0.29972342418907844,v26 main_pc0,73.7,,,,,
43,bank,CBM_KE,9,OK,0.892,0.8383587660658713,0.8276923076923077,0.5750994274109384,0.6010107727091368,0.3137483365671369,v26 main_pc0,132.7,,,,,
43,bank,CBM,0,OK,0.782,0.812249053030303,0.6294178794178794,0.7357954545454546,0.6458739441195582,0.349377433178777,v26 main_pc0,140.9,,,,,
43,bank,CBM,1,OK,0.778,0.8170833333333334,0.6295775222249409,0.740719696969697,0.6450589649791512,0.35322435863950236,v26 main_pc0,88.9,,,,,
43,bank,CBM,2,OK,0.742,0.7437973484848485,0.5425407925407926,0.5691287878787878,0.5428773919206237,0.10845816564460178,v25(p_c=0),61.3,,,,,
43,bank,CBM,3,OK,0.874,0.2100047348484848,0.5978150406504066,0.5145833333333334,0.5029664226205504,0.07553725816624345,v26 main_pc0,32.9,,,,,
43,bank,CBM,4,OK,0.794,0.7431482056055435,0.5451580676854993,0.5514248911704698,0.5476067077187958,0.09637943175170761,v26 main_pc0,112.5,,,,,
43,bank,CBM,5,OK,0.806,0.8308981844507752,0.6498996823730723,0.7578014084374618,0.6728256396764684,0.3931633209754246,v26 main_pc0,33.3,,,,,
43,bank,CBM,6,OK,0.752,0.8209789486550269,0.625541520895096,0.7520285072255286,0.632647015256999,0.35575295982472754,v26 main_pc0,162.7,,,,,
43,bank,CBM,7,OK,0.824,0.7831495219022367,0.6013273388995932,0.6112505758798032,0.6057912844036697,0.21234617778474604,v26 main_pc0,103.6,,,,,
43,bank,CBM,8,OK,0.879,0.828843821397343,0.4395,0.5,0.46780202235231505,0.0,v26 main_pc0,103.9,,,,,
43,bank,CBM,9,OK,0.777,0.8454714692691733,0.6392615469352427,0.7662492125725139,0.6547854019118386,0.385114410081672,v26 main_pc0,31.0,,,,,
43,blood,CBM_KE,0,OK,0.7866666666666666,0.6817738791423001,0.704978813559322,0.6885964912280702,0.6957403651115619,0.3932342050909656,v26 main_pc0,10.0,,,,,
43,blood,CBM_KE,1,OK,0.76,0.4868421052631579,0.38,0.5,0.4318181818181818,0.0,v26 main_pc0,6.0,,,,,
43,blood,CBM_KE,2,OK,0.72,0.6437621832358674,0.375,0.47368421052631576,0.4186046511627907,-0.11470786693528089,v26 main_pc0,11.9,,,,,
43,blood,CBM_KE,3,OK,0.76,0.4166666666666667,0.38,0.5,0.4318181818181818,0.0,v26 main_pc0,4.6,,,,,
43,blood,CBM_KE,4,OK,0.76,0.1822612085769981,0.38,0.5,0.4318181818181818,0.0,v26 main_pc0,4.6,,,,,
43,blood,CBM_KE,5,OK,0.44,0.2651072124756335,0.3833333333333333,0.3464912280701754,0.35661764705882354,-0.2676516895156554,v25(p_c=0),6.5,,,,,
43,blood,CBM_KE,6,OK,0.7866666666666666,0.7275828460038987,0.7154850746268657,0.6125730994152047,0.6277915632754343,0.31149846053207353,v25(p_c=0),10.5,,,,,
43,blood,CBM_KE,7,OK,0.56,0.29629629629629634,0.40977443609022557,0.4064327485380117,0.4080363549390098,-0.18376243388294095,v25(p_c=0),4.3,,,,,
43,blood,CBM_KE,8,OK,0.7567567567567568,0.6506707946336429,0.6098081023454157,0.5531475748194015,0.5524193548387097,0.15278788348791897,v26 main_pc0,11.7,,,,,
43,blood,CBM_KE,9,OK,0.8513513513513513,0.87203302373581,0.7886904761904762,0.8003095975232198,0.7941845764854614,0.5888854581785785,v25(p_c=0),6.5,,,,,
43,blood,CBM,0,OK,0.6666666666666666,0.7119883040935673,0.625366568914956,0.6666666666666666,0.6211355829460496,0.2890981020518306,v26 main_pc0,3.0,,,,,
43,blood,CBM,1,OK,0.7066666666666667,0.7207602339181287,0.6299019607843137,0.6549707602339181,0.6362433862433863,0.28376755007309573,v26 main_pc0,2.8,,,,,
43,blood,CBM,2,OK,0.6666666666666666,0.7251461988304094,0.6018518518518519,0.6286549707602339,0.6031746031746031,0.2289431983866363,v26 main_pc0,2.6,,,,,
43,blood,CBM,3,OK,0.7466666666666667,0.7787524366471734,0.664021164021164,0.6812865497076024,0.6708246708246708,0.34487580897721165,v26 main_pc0,2.6,,,,,
43,blood,CBM,4,OK,0.68,0.7582846003898636,0.575,0.5804093567251462,0.5770676691729323,0.15531518604934888,v26 main_pc0,2.8,,,,,
43,blood,CBM,5,OK,0.8133333333333334,0.831384015594542,0.7454545454545454,0.763157894736842,0.7532894736842105,0.5083042452524145,v26 main_pc0,3.2,,,,,
43,blood,CBM,6,OK,0.72,0.7412280701754386,0.65,0.682748538011696,0.6576831123668767,0.33113308926626095,v26 main_pc0,3.5,,,,,
43,blood,CBM,7,OK,0.6666666666666666,0.7119883040935672,0.59,0.6096491228070176,0.5924798956748533,0.19867985355975656,v25(p_c=0),2.6,,,,,
43,blood,CBM,8,OK,0.6486486486486487,0.651702786377709,0.6208425720620843,0.6687306501547987,0.6073469387755102,0.2855860343253052,v26 main_pc0,3.9,,,,,
43,blood,CBM,9,OK,0.7972972972972973,0.8534571723426212,0.7194444444444444,0.7445820433436532,0.7297297297297298,0.463345100859543,v26 main_pc0,2.8,,,,,
43,car,CBM_KE,0,OK,0.7167630057803468,0.8337726752322746,0.37849206349206355,0.334896164441619,0.32857109703172505,0.27314722879078396,v25(p_c=0),6.9,,,,,
43,car,CBM_KE,1,OK,0.8034682080924855,0.9527231324818604,0.857409381663113,0.5146179577997759,0.5820539026421379,0.5313941955769134,v26 main_pc0,28.4,,,,,
43,car,CBM_KE,2,OK,0.8497109826589595,0.9674980355924321,0.8098164380081301,0.5279076983622438,0.575118330464716,0.653069568278754,v26 main_pc0,33.7,,,,,
43,car,CBM_KE,3,OK,0.8208092485549133,0.9617799369264647,0.6936231884057971,0.6016256470801925,0.6318819834444834,0.5778458372234767,v26 main_pc0,31.2,,,,,
43,car,CBM_KE,4,OK,0.8092485549132948,0.9465201221913477,0.6755434782608696,0.5588376934070713,0.6009201683311349,0.5472990457777019,v26 main_pc0,38.3,,,,,
43,car,CBM_KE,5,OK,0.8728323699421965,0.9716699387341285,0.7260832260832261,0.6357189461256446,0.6617235396182765,0.713596958636379,v26 main_pc0,33.9,,,,,
43,car,CBM_KE,6,OK,0.7687861271676301,0.711942248077819,0.3445812807881773,0.3469986950848195,0.3411369332421964,0.41647265553308305,v26 main_pc0,7.1,,,,,
43,car,CBM_KE,7,OK,0.8034682080924855,0.8525058056698974,0.371803254867771,0.43611352762070466,0.393448275862069,0.6005090343968955,v26 main_pc0,7.4,,,,,
43,car,CBM_KE,8,OK,0.872093023255814,0.976863650470803,0.9132575757575757,0.7859084695209098,0.8321611253196932,0.7033403540351308,v26 main_pc0,37.3,,,,,
43,car,CBM_KE,9,OK,0.8662790697674418,0.9758476085960277,0.8008116883116883,0.6174294206590857,0.6337270663755836,0.7050435160539346,v26 main_pc0,33.2,,,,,
43,car,CBM,0,OK,0.6763005780346821,0.8575259621620456,0.3895876015611002,0.5401568128840857,0.38229825570251097,0.42937794819598163,v26 main_pc0,11.3,,,,,
43,car,CBM,1,OK,0.8034682080924855,0.9303750583798475,0.634366576819407,0.6709086368177277,0.6427178902621946,0.6206958215984044,v26 main_pc0,15.0,,,,,
43,car,CBM,2,OK,0.7745664739884393,0.9032260990057503,0.4582210242587601,0.6404428904428905,0.49371980676328503,0.5929109986055787,v26 main_pc0,17.8,,,,,
43,car,CBM,3,OK,0.6473988439306358,0.8796500020491068,0.40207011630980705,0.4533837374746466,0.382071598126644,0.39494239906581896,v25(p_c=0),4.0,,,,,
43,car,CBM,4,OK,0.7341040462427746,0.8935838539275013,0.4798534798534798,0.525407009258684,0.4869614145929935,0.5163904478080348,v26 main_pc0,20.2,,,,,
43,car,CBM,5,OK,0.8265895953757225,0.9265102890481198,0.4889937106918239,0.6126188404896539,0.5272559299107972,0.6712991316003868,v26 main_pc0,16.3,,,,,
43,car,CBM,6,OK,0.8497109826589595,0.9390441137836221,0.7181603773584906,0.7891241533586032,0.7457631257631256,0.7189713043094279,v26 main_pc0,18.8,,,,,
43,car,CBM,7,OK,0.7803468208092486,0.8886399140946037,0.5167410714285714,0.5333064065121481,0.5072940757872264,0.6029766201052508,v26 main_pc0,19.3,,,,,
43,car,CBM,8,OK,0.686046511627907,0.9118093232385228,0.4939963054187192,0.7173382837258436,0.524510248150032,0.4745131834884282,v26 main_pc0,14.1,,,,,
43,car,CBM,9,OK,0.6569767441860465,0.9190672828134141,0.49297924297924295,0.6875168292632408,0.49838127165212653,0.4498549548367373,v25(p_c=0),5.2,,,,,
43,credit-g,CBM_KE,0,OK,0.7,0.588095238095238,0.35,0.5,0.4117647058823529,0.0,v25(p_c=0),8.3,,,,,
43,credit-g,CBM_KE,1,OK,0.69,0.6819047619047619,0.5526315789473684,0.511904761904762,0.46320346320346323,0.05006261743217588,v26 main_pc0,18.4,,,,,
43,credit-g,CBM_KE,2,OK,0.7,0.5983333333333334,0.35,0.5,0.4117647058823529,0.0,v25(p_c=0),4.4,,,,,
43,credit-g,CBM_KE,3,OK,0.71,0.6652380952380952,0.6404151404151404,0.5547619047619048,0.538143016403886,0.17537845416747638,v26 main_pc0,22.6,,,,,
43,credit-g,CBM_KE,4,OK,0.7,0.5433333333333334,0.35,0.5,0.4117647058823529,0.0,v25(p_c=0),5.3,,,,,
43,credit-g,CBM_KE,5,OK,0.7,0.655952380952381,0.35,0.5,0.4117647058823529,0.0,v26 main_pc0,13.9,,,,,
43,credit-g,CBM_KE,6,OK,0.7,0.6407142857142858,0.35,0.5,0.4117647058823529,0.0,v25(p_c=0),14.4,,,,,
43,credit-g,CBM_KE,7,OK,0.71,0.8228571428571428,0.6372549019607843,0.5833333333333334,0.5842293906810035,0.21389631597324932,v26 main_pc0,12.7,,,,,
43,credit-g,CBM_KE,8,OK,0.69,0.6345238095238096,0.3484848484848485,0.4928571428571429,0.40828402366863903,-0.0657951694959769,v26 main_pc0,10.3,,,,,
43,credit-g,CBM_KE,9,OK,0.7,0.5533333333333333,0.35,0.5,0.4117647058823529,0.0,v26 main_pc0,6.1,,,,,
43,credit-g,CBM,0,OK,0.65,0.7523809523809524,0.6313131313131313,0.6547619047619048,0.6266666666666667,0.28511240114923325,v25(p_c=0),6.2,,,,,
43,credit-g,CBM,1,OK,0.59,0.6045238095238096,0.5782818145323163,0.5928571428571429,0.5670995670995671,0.17051716201184747,v25(p_c=0),15.6,,,,,
43,credit-g,CBM,2,OK,0.59,0.6535714285714286,0.5558081852004961,0.5642857142857143,0.5523528769516323,0.11979430785481117,v25(p_c=0),9.3,,,,,
43,credit-g,CBM,3,OK,0.63,0.719047619047619,0.6260504201680672,0.6499999999999999,0.6129302228266555,0.27500954910846337,v26 main_pc0,5.1,,,,,
43,credit-g,CBM,4,OK,0.58,0.6985714285714285,0.6149425287356323,0.6333333333333333,0.5738636363636364,0.24759378423606912,v26 main_pc0,10.4,,,,,
43,credit-g,CBM,5,OK,0.66,0.49142857142857144,0.5,0.5,0.46875,0.0,v26 main_pc0,5.6,,,,,
43,credit-g,CBM,6,OK,0.66,0.6233333333333334,0.625,0.6428571428571428,0.6263736263736264,0.2672612419124244,v26 main_pc0,6.3,,,,,
43,credit-g,CBM,7,OK,0.65,0.4376190476190477,0.45726495726495725,0.48333333333333334,0.44258639910813824,-0.05337605126836238,v25(p_c=0),3.7,,,,,
43,credit-g,CBM,8,OK,0.66,0.606904761904762,0.606951871657754,0.6142857142857143,0.609375,0.22111599712911284,v26 main_pc0,4.8,,,,,
43,credit-g,CBM,9,OK,0.63,0.5900000000000001,0.5631136044880785,0.5642857142857143,0.5636277862955537,0.12739392678871614,v26 main_pc0,7.4,,,,,
43,diabetes,CBM_KE,0,OK,0.6493506493506493,0.7518518518518519,0.6173469387755102,0.6192592592592592,0.6181818181818182,0.23659846994187425,v26 main_pc0,5.7,,,,,
43,diabetes,CBM_KE,1,OK,0.7142857142857143,0.8033333333333333,0.6924964936886395,0.7033333333333334,0.6957614942528736,0.39568145630893564,v26 main_pc0,3.9,,,,,
43,diabetes,CBM_KE,2,OK,0.6493506493506493,0.6648148148148149,0.6277777777777778,0.6362962962962964,0.6290811775200713,0.2639366428526536,v26 main_pc0,4.0,,,,,
43,diabetes,CBM_KE,3,OK,0.8181818181818182,0.8988888888888888,0.8079710144927537,0.7833333333333333,0.7926923076923077,0.5907908398283784,v25(p_c=0),12.3,,,,,
43,diabetes,CBM_KE,4,OK,0.7402597402597403,0.7459259259259259,0.7172619047619048,0.6892592592592592,0.6973270440251573,0.40555555555555556,v26 main_pc0,9.4,,,,,
43,diabetes,CBM_KE,5,OK,0.7272727272727273,0.7837037037037038,0.6992924528301887,0.6877777777777778,0.692175899486008,0.3868989217888074,v26 main_pc0,14.3,,,,,
43,diabetes,CBM_KE,6,OK,0.7142857142857143,0.7874074074074074,0.6839774557165862,0.6692592592592592,0.6742307692307692,0.3529299526817895,v26 main_pc0,7.4,,,,,
43,diabetes,CBM_KE,7,OK,0.6753246753246753,0.6414814814814815,0.6346491228070176,0.6137037037037036,0.6172201232849472,0.24746800975974842,v26 main_pc0,7.3,,,,,
43,diabetes,CBM_KE,8,OK,0.7368421052631579,0.7984615384615384,0.7067307692307692,0.6984615384615385,0.7019607843137254,0.40510791899875637,v26 main_pc0,12.9,,,,,
43,diabetes,CBM_KE,9,OK,0.8421052631578947,0.8461538461538461,0.8229166666666667,0.8338461538461539,0.8276643990929705,0.6566718729456507,v26 main_pc0,6.3,,,,,
43,diabetes,CBM,0,OK,0.7012987012987013,0.7496296296296296,0.68125,0.6933333333333334,0.6840321141837645,0.37438839013338365,v25(p_c=0),7.9,,,,,
43,diabetes,CBM,1,OK,0.6883116883116883,0.7429629629629629,0.6612787356321839,0.6662962962962963,0.6632653061224489,0.3275366019667524,v25(p_c=0),9.2,,,,,
43,diabetes,CBM,2,OK,0.6623376623376623,0.6803703703703704,0.6439393939393939,0.6548148148148148,0.6450354609929079,0.29855619650098675,v25(p_c=0),2.5,,,,,
43,diabetes,CBM,3,OK,0.8311688311688312,0.8885185185185185,0.8134751773049644,0.8274074074074074,0.8189546030023512,0.6407311295324921,v26 main_pc0,2.2,,,,,
43,diabetes,CBM,4,OK,0.6753246753246753,0.7362962962962962,0.6663279132791329,0.6818518518518519,0.6642246642246642,0.3478335179045545,v26 main_pc0,5.9,,,,,
43,diabetes,CBM,5,OK,0.7272727272727273,0.7707407407407408,0.7015306122448979,0.7048148148148148,0.703030303030303,0.4063321549001754,v26 main_pc0,7.0,,,,,
43,diabetes,CBM,6,OK,0.7922077922077922,0.8296296296296295,0.7765151515151515,0.7974074074074073,0.7815602836879432,0.5735421669624219,v26 main_pc0,2.3,,,,,
43,diabetes,CBM,7,OK,0.7272727272727273,0.7977777777777777,0.6992924528301887,0.6877777777777778,0.692175899486008,0.3868989217888074,v26 main_pc0,5.3,,,,,
43,diabetes,CBM,8,OK,0.6842105263157895,0.7138461538461539,0.6492307692307693,0.6492307692307693,0.6492307692307693,0.29846153846153844,v26 main_pc0,5.7,,,,,
43,diabetes,CBM,9,OK,0.8026315789473685,0.8961538461538462,0.7919860627177701,0.8223076923076923,0.7946315979102865,0.6135449586153359,v26 main_pc0,7.2,,,,,
43,kr-vs-kp,CBM_KE,0,OK,0.846875,0.8712379163242143,0.8538845905867183,0.843704747368009,0.845021003212256,0.6975150573429633,v26 main_pc0,24.0,,,,,
43,kr-vs-kp,CBM_KE,1,OK,0.853125,0.9374779852060585,0.8551590441525558,0.8513365426010724,0.8522230410218619,0.7064852458362044,v25(p_c=0),36.0,,,,,
43,kr-vs-kp,CBM_KE,2,OK,0.9125,0.9681421470783923,0.9179929001635356,0.9101405033071113,0.9117241379310346,0.82809617425,v26 main_pc0,16.9,,,,,
43,kr-vs-kp,CBM_KE,3,OK,0.925,0.975832648428633,0.924731182795699,0.9251301318930767,0.924894382725708,0.849861221049738,v26 main_pc0,30.9,,,,,
43,kr-vs-kp,CBM_KE,4,OK,0.896875,0.9444444444444443,0.9014572384137602,0.8946225196665493,0.8960210321094142,0.7960504179038225,v26 main_pc0,21.6,,,,,
43,kr-vs-kp,CBM_KE,5,OK,0.89375,0.9757348049000039,0.8934781759212223,0.8940941646119526,0.8936461388074292,0.7875720996396686,v26 main_pc0,35.8,,,,,
43,kr-vs-kp,CBM_KE,6,OK,0.8934169278996865,0.9334029309801449,0.8974697734005925,0.8911125118184683,0.8925287356321838,0.7885566598453739,v25(p_c=0),40.1,,,,,
43,kr-vs-kp,CBM_KE,7,OK,0.896551724137931,0.9583595965962811,0.8967232530596132,0.8958792940434919,0.8962212999201474,0.7926020977814209,v26 main_pc0,30.6,,,,,
43,kr-vs-kp,CBM_KE,8,OK,0.9122257053291536,0.9615702804916483,0.9131958191464091,0.9111448156318942,0.9118436636399526,0.8243380832712263,v25(p_c=0),29.7,,,,,
43,kr-vs-kp,CBM_KE,9,OK,0.896551724137931,0.9668477832900229,0.9050802139037433,0.8936924167257264,0.8953630535261667,0.7986914507606524,v26 main_pc0,69.6,,,,,
43,kr-vs-kp,CBM,0,OK,0.834375,0.8198504950882548,0.8361686975787308,0.8325505851043011,0.8333578973225251,0.6687094946942441,v25(p_c=0),7.1,,,,,
43,kr-vs-kp,CBM,1,OK,0.66875,0.8216116786035772,0.7953667953667953,0.6826347305389222,0.6389030829500937,0.4645179655598247,v26 main_pc0,5.6,,,,,
43,kr-vs-kp,CBM,2,OK,0.6625,0.6998943289890807,0.7931034482758621,0.6766467065868264,0.6306271642939592,0.45508574500712823,v26 main_pc0,15.8,,,,,
43,kr-vs-kp,CBM,3,OK,0.65625,0.635591561974091,0.6566566566566566,0.6531251223044108,0.6527777777777778,0.30976164843537773,v26 main_pc0,17.0,,,,,
43,kr-vs-kp,CBM,4,OK,0.890625,0.9130366717545302,0.9042300769104893,0.8867167625533248,0.8887995313694537,0.7907529239136732,v25(p_c=0),6.9,,,,,
43,kr-vs-kp,CBM,5,OK,0.940625,0.9469492387773473,0.9428661616161615,0.9392783061328324,0.9403166750105525,0.8821371714609846,v25(p_c=0),8.4,,,,,
43,kr-vs-kp,CBM,6,OK,0.7617554858934169,0.7724550898203593,0.8436213991769548,0.75,0.740650406504065,0.5861922885683116,v26 main_pc0,43.2,,,,,
43,kr-vs-kp,CBM,7,OK,0.799373040752351,0.8893200441222817,0.8568898592916061,0.7897691459186889,0.7869605142332414,0.6431661362788614,v25(p_c=0),8.3,,,,,
43,kr-vs-kp,CBM,8,OK,0.8056426332288401,0.8607784431137724,0.8646288209606987,0.7960526315789473,0.7936179981634527,0.6571128426532042,v26 main_pc0,5.5,,,,,
43,kr-vs-kp,CBM,9,OK,0.7586206896551724,0.8486101267816364,0.8359133950420258,0.7486219387353334,0.7387387387387387,0.5779807592732353,v26 main_pc0,5.6,,,,,
43,magic,CBM_KE,0,OK,0.689,0.730049297845908,0.6623071164871808,0.6675204895543878,0.6643494909660368,0.3297864012484055,v25(p_c=0),39.7,,,,,
43,magic,CBM_KE,1,OK,0.734,0.7210852549835601,0.7169841242870656,0.6681767698716852,0.6770276833414279,0.38205595996416514,v26 main_pc0,32.9,,,,,
43,magic,CBM_KE,2,OK,0.732,0.7150777659252235,0.7128076762619941,0.6679441086220748,0.676564438501383,0.3780994339998708,v26 main_pc0,30.8,,,,,
43,magic,CBM_KE,3,OK,0.659,0.6955847040592803,0.6300463720676487,0.6339426424172188,0.6315389677256229,0.2639602599749715,v26 main_pc0,220.2,,,,,
43,magic,CBM_KE,4,OK,0.773,0.8462196936773208,0.7619162796697626,0.7852163530129632,0.7642173313764411,0.546636281569868,v26 main_pc0,60.0,,,,,
43,magic,CBM_KE,5,OK,0.677,0.6706482469194333,0.6368083848768233,0.6137976900688765,0.617287241920673,0.24954741578334422,v26 main_pc0,42.4,,,,,
43,magic,CBM_KE,6,OK,0.728,0.7098845912405234,0.7042345931816859,0.6694410423223982,0.6774132336476972,0.37205226701094474,v26 main_pc0,29.8,,,,,
43,magic,CBM_KE,7,OK,0.751,0.7421959710095304,0.7353333333333334,0.6937014648879056,0.7038531206626079,0.42701012355034607,v26 main_pc0,28.3,,,,,
43,magic,CBM_KE,8,OK,0.724,0.7005384615384616,0.7018633540372671,0.6571428571428571,0.6648858669256921,0.35620996171278674,v26 main_pc0,28.4,,,,,
43,magic,CBM_KE,9,OK,0.735,0.7239186813186813,0.7166906345999966,0.6702197802197802,0.6792198627061012,0.3841095270742247,v26 main_pc0,40.4,,,,,
43,magic,CBM,0,OK,0.696,0.7039188056137209,0.6644222562421254,0.6598316937299988,0.6617998478099315,0.324221453343771,v26 main_pc0,43.8,,,,,
43,magic,CBM,1,OK,0.723,0.7180518790688283,0.697265625,0.6649348767992835,0.6724029656401566,0.3607546620966037,v26 main_pc0,34.4,,,,,
43,magic,CBM,2,OK,0.7,0.6868379580243987,0.6674892871160433,0.6367499418346876,0.642173865333327,0.3026823435290021,v26 main_pc0,26.7,,,,,
43,magic,CBM,3,OK,0.694,0.6595178205347696,0.6591257332418448,0.6353978726860083,0.6404247218579466,0.2935662499031318,v26 main_pc0,146.1,,,,,
43,magic,CBM,4,OK,0.716,0.7277117107625581,0.688010556465173,0.687013551420331,0.6874986245538053,0.37502278260961525,v26 main_pc0,108.2,,,,,
43,magic,CBM,5,OK,0.719,0.7441384729520322,0.6897789632688962,0.6742808352977845,0.6795160578422192,0.3637297691443513,v26 main_pc0,113.3,,,,,
43,magic,CBM,6,OK,0.627,0.7135018151967305,0.6258160522273426,0.6380690872216297,0.6180591465618668,0.2636005120545714,v25(p_c=0),19.9,,,,,
43,magic,CBM,7,OK,0.637,0.7046980013081708,0.6358166922683052,0.6490436744674033,0.628298847726428,0.2845531153909706,v26 main_pc0,54.6,,,,,
43,magic,CBM,8,OK,0.639,0.6909780219780219,0.629132750477339,0.6412087912087912,0.6262069322564779,0.2700716912256558,v26 main_pc0,15.4,,,,,
43,magic,CBM,9,OK,0.678,0.6654219780219781,0.6369908598810896,0.6085714285714285,0.6113945865576319,0.24391222485573216,v26 main_pc0,27.9,,,,,
43,mfeat-factors,CBM_KE,0,OK,0.785,0.968361111111111,0.7903088700010896,0.7849999999999999,0.7819812737801792,0.7622978314615576,v25(p_c=0),23.1,,,,,
43,mfeat-factors,CBM_KE,1,OK,0.84,0.9872499999999998,0.8398248420788466,0.8400000000000001,0.8371170558054459,0.8227938053445888,v26 main_pc0,19.0,,,,,
43,mfeat-factors,CBM_KE,2,OK,0.895,0.9859166666666666,0.9023768981276723,0.8949999999999999,0.8935552154275254,0.8844149463245436,v26 main_pc0,22.7,,,,,
43,mfeat-factors,CBM_KE,3,OK,0.85,0.98425,0.8578940667175962,0.85,0.8514663388861077,0.8338430598895552,v26 main_pc0,50.5,,,,,
43,mfeat-factors,CBM_KE,4,OK,0.8,0.9849166666666667,0.8085825147616775,0.8,0.8007238825203121,0.7784917225649387,v25(p_c=0),33.3,,,,,
43,mfeat-factors,CBM_KE,5,OK,0.85,0.9866944444444444,0.8569443038577511,0.85,0.8469155794390828,0.8347489694633828,v25(p_c=0),39.9,,,,,
43,mfeat-factors,CBM_KE,6,OK,0.84,0.9854444444444443,0.8445574854655821,0.8399999999999999,0.8393494954045151,0.8228395835072161,v26 main_pc0,74.5,,,,,
43,mfeat-factors,CBM_KE,7,OK,0.8,0.9790833333333333,0.8024006967740984,0.8,0.7986021606883177,0.7783401154453619,v26 main_pc0,33.0,,,,,
43,mfeat-factors,CBM_KE,8,OK,0.75,0.9746944444444445,0.782062693498452,0.75,0.750933779216254,0.7263703422218619,v26 main_pc0,26.9,,,,,
43,mfeat-factors,CBM_KE,9,OK,0.825,0.9869166666666669,0.8261113886113887,0.825,0.8205214162531236,0.806586853619325,v26 main_pc0,74.1,,,,,
43,mfeat-factors,CBM,0,OK,0.765,0.9674722222222224,0.7622732882672982,0.7649999999999999,0.7552328051713477,0.7408671759338037,v25(p_c=0),11.0,,,,,
43,mfeat-factors,CBM,1,OK,0.895,0.9934999999999998,0.9054653679653679,0.8949999999999999,0.8960550609459468,0.884267219654491,v26 main_pc0,37.0,,,,,
43,mfeat-factors,CBM,2,OK,0.89,0.991388888888889,0.8946535135793446,0.89,0.8896739258398509,0.8783635487991134,v26 main_pc0,72.5,,,,,
43,mfeat-factors,CBM,3,OK,0.85,0.9855833333333333,0.8536487050960735,0.85,0.850530879048209,0.8336344223589673,v26 main_pc0,47.2,,,,,
43,mfeat-factors,CBM,4,OK,0.84,0.9897500000000001,0.8432400294213795,0.8400000000000001,0.8397261982129285,0.822610769069515,v25(p_c=0),39.5,,,,,
43,mfeat-factors,CBM,5,OK,0.86,0.9857777777777776,0.8668701145252499,0.86,0.8592312019912999,0.845360748522524,v26 main_pc0,33.5,,,,,
43,mfeat-factors,CBM,6,OK,0.75,0.9623888888888888,0.766164642890649,0.75,0.7468727537078601,0.7246619988121706,v25(p_c=0),14.8,,,,,
43,mfeat-factors,CBM,7,OK,0.76,0.9748888888888889,0.748305288622626,0.76,0.7343922232323539,0.7400656608042872,v25(p_c=0),11.2,,,,,
43,mfeat-factors,CBM,8,OK,0.79,0.9769722222222221,0.7960314323357801,0.7899999999999999,0.7878049076904738,0.7678620492094522,v26 main_pc0,15.4,,,,,
43,mfeat-factors,CBM,9,OK,0.745,0.9784444444444442,0.7571011031783238,0.745,0.7433284194159958,0.718485138692727,v26 main_pc0,13.9,,,,,
43,optdigits,CBM_KE,0,OK,0.8362989323843416,0.9820669295718885,0.8389366410816036,0.837094970969744,0.8341050416438891,0.8189913343084181,v26 main_pc0,33.8,,,,,
43,optdigits,CBM_KE,1,OK,0.8185053380782918,0.9765683428330526,0.8187913719203934,0.8204441550584927,0.8140353905829028,0.7995279122118915,v25(p_c=0),43.9,,,,,
43,optdigits,CBM_KE,2,OK,0.8309608540925267,0.9826041989374799,0.8319366258818446,0.8318147641831853,0.8310506747995596,0.8123762017019236,v26 main_pc0,41.5,,,,,
43,optdigits,CBM_KE,3,OK,0.8327402135231317,0.9754215533711502,0.8359720519508175,0.8333789017999544,0.8329609628928729,0.8145184698792772,v25(p_c=0),51.2,,,,,
43,optdigits,CBM_KE,4,OK,0.8220640569395018,0.9831825128214321,0.8215914643094534,0.8229465709728867,0.8135536581313675,0.8039394760486954,v26 main_pc0,253.6,,,,,
43,optdigits,CBM_KE,5,OK,0.8754448398576512,0.9863329420782112,0.8796414289001305,0.8758344725449989,0.8753134977980486,0.8622206216777484,v26 main_pc0,128.0,,,,,
43,optdigits,CBM_KE,6,OK,0.8469750889679716,0.9864218902720918,0.852136708772243,0.8470705172020961,0.8475529402588249,0.8304929599719,v26 main_pc0,175.3,,,,,
43,optdigits,CBM_KE,7,OK,0.891459074733096,0.990374588321453,0.8941876066502455,0.8915635680109364,0.8916840112170753,0.8796958555038642,v26 main_pc0,235.3,,,,,
43,optdigits,CBM_KE,8,OK,0.8701067615658363,0.9850374049249883,0.8720766665045669,0.8705120756436544,0.8700902587415881,0.855949955050578,v25(p_c=0),66.4,,,,,
43,optdigits,CBM_KE,9,OK,0.8665480427046264,0.9886451879578765,0.8716201740089129,0.866750398724083,0.8670070130575859,0.8522372215092385,v26 main_pc0,183.0,,,,,
43,optdigits,CBM,0,OK,0.7935943060498221,0.9780517584340181,0.8035912678219038,0.7945477526103659,0.7921125286246158,0.7723634904526853,v25(p_c=0),24.3,,,,,
43,optdigits,CBM,1,OK,0.7882562277580071,0.9678277175466427,0.792397770827228,0.7904574916916114,0.7848074673917466,0.7664145061091069,v26 main_pc0,69.5,,,,,
43,optdigits,CBM,2,OK,0.8558718861209964,0.9852399934376681,0.8569702272923688,0.8564074960127591,0.8563921097121459,0.8399310452068345,v26 main_pc0,83.1,,,,,
43,optdigits,CBM,3,OK,0.7811387900355872,0.9720640924626952,0.794407683502669,0.7824458874458874,0.7806841508773824,0.758791774455662,v25(p_c=0),26.4,,,,,
43,optdigits,CBM,4,OK,0.701067615658363,0.9454843552623355,0.6989027965511512,0.702676008202324,0.6950080288899431,0.6689292615810755,v26 main_pc0,25.0,,,,,
43,optdigits,CBM,5,OK,0.7935943060498221,0.9664192647672646,0.8051573091659299,0.7949470266575529,0.7918059861273194,0.7733307013788927,v25(p_c=0),25.1,,,,,
43,optdigits,CBM,6,OK,0.791814946619217,0.9726514610698145,0.7987885474972428,0.7924025974025974,0.7883808431999091,0.7704021381242971,v26 main_pc0,42.6,,,,,
43,optdigits,CBM,7,OK,0.8451957295373665,0.9859279559627275,0.8452247307850724,0.8456408065618592,0.8431326807668424,0.828486064114677,v26 main_pc0,80.4,,,,,
43,optdigits,CBM,8,OK,0.7953736654804271,0.9751595605402763,0.7989938799643495,0.7962292093871042,0.788145176130305,0.7744974227896597,v25(p_c=0),27.7,,,,,
43,optdigits,CBM,9,OK,0.7722419928825622,0.9687115057842183,0.7857546020808407,0.7730775803144224,0.7673759845489685,0.7495036822792873,v25(p_c=0),26.8,,,,,
43,page-blocks,CBM_KE,0,OK,0.9142335766423357,0.8549009392882196,0.4289141414141414,0.29588414634146337,0.32355182072829136,0.40782733069948657,v25(p_c=0),103.1,,,,,
43,page-blocks,CBM_KE,1,OK,0.916058394160584,0.9705470413283855,0.6770080862533693,0.3962527515480673,0.4527235741731334,0.43535339252182864,v26 main_pc0,134.8,,,,,
43,page-blocks,CBM_KE,2,OK,0.9434306569343066,0.9467274797105307,0.9212921191868559,0.4993807731078608,0.5855186006216215,0.6636906951439776,v26 main_pc0,78.4,,,,,
43,page-blocks,CBM_KE,3,OK,0.8574040219378428,0.4839504734563893,0.17866666666666667,0.1910386965376782,0.18464566929133858,-0.03582510868536956,v25(p_c=0),21.8,,,,,
43,page-blocks,CBM_KE,4,OK,0.9378427787934186,0.9761599352914194,0.6797701149425287,0.6605566870332654,0.6642163256797403,0.6677823623890066,v26 main_pc0,144.4,,,,,
43,page-blocks,CBM_KE,5,OK,0.943327239488117,0.9691892044434678,0.7390065392354124,0.6900615112427738,0.6894274146905726,0.6874135225041147,v26 main_pc0,102.3,,,,,
43,page-blocks,CBM_KE,6,OK,0.9177330895795247,0.9576558896770153,0.5082430278884462,0.47833117323952357,0.4904133680449628,0.5275792063767053,v26 main_pc0,79.1,,,,,
43,page-blocks,CBM_KE,7,OK,0.9250457038391224,0.9579593492780905,0.6384998629191602,0.47673476105248,0.5240794601273644,0.5417653492363737,v26 main_pc0,67.7,,,,,
43,page-blocks,CBM_KE,8,OK,0.923217550274223,0.9779947502714142,0.5599056603773584,0.3007021433850702,0.33683576697275325,0.4703859110349028,v26 main_pc0,103.7,,,,,
43,page-blocks,CBM_KE,9,OK,0.9579524680073126,0.9622521849550052,0.6280342375677062,0.6250739098300074,0.6257379094375837,0.7726648199804667,v26 main_pc0,79.1,,,,,
43,page-blocks,CBM,0,OK,0.35036496350364965,0.6561411769751568,0.23315883779432464,0.42876016260162597,0.1621230889439328,0.16666979946384472,v26 main_pc0,40.3,,,,,
43,page-blocks,CBM,1,OK,0.3284671532846715,0.6250479724762458,0.23410181877352976,0.3641300993643153,0.15633943851628646,0.16664869341805394,v26 main_pc0,26.3,,,,,
43,page-blocks,CBM,2,OK,0.28832116788321166,0.6607293931063073,0.23034490514554712,0.4214281305931,0.14679109982313646,0.14750161667597847,v26 main_pc0,41.6,,,,,
43,page-blocks,CBM,3,OK,0.3327239488117002,0.650168255999135,0.22858020498946696,0.431204098006542,0.15451961105648424,0.15395391540247802,v26 main_pc0,29.5,,,,,
43,page-blocks,CBM,4,OK,0.526508226691042,0.32320202362331996,0.18654088050314466,0.15286058137381967,0.15267675272898207,-0.04023651381962229,v26 main_pc0,15.6,,,,,
43,page-blocks,CBM,5,OK,0.31078610603290674,0.5740377202019611,0.22500747409994643,0.4150095661297291,0.15100184303067335,0.12730553309991924,v26 main_pc0,41.2,,,,,
43,page-blocks,CBM,6,OK,0.31444241316270566,0.5846344194544649,0.22607602282249953,0.3932111337406653,0.14987096136773884,0.12441970591288543,v26 main_pc0,42.6,,,,,
43,page-blocks,CBM,7,OK,0.28884826325411334,0.6003502866412267,0.22393540770722659,0.42708140467814604,0.14169956784508722,0.1343326276063753,v26 main_pc0,44.3,,,,,
43,page-blocks,CBM,8,OK,0.3583180987202925,0.6634767992971077,0.22297259067586545,0.31496674057649665,0.15487039552117834,0.12920443575888152,v26 main_pc0,32.1,,,,,
43,page-blocks,CBM,9,OK,0.5338208409506399,0.31056946444246003,0.19949184771614675,0.2056541019955654,0.17511050908335546,-0.040439171029547485,v26 main_pc0,18.1,,,,,
43,pendigits,CBM_KE,0,OK,0.81,0.9763079150837509,0.8257612471610981,0.8076358494309618,0.8088624964509415,0.7903464000035005,v26 main_pc0,240.8,,,,,
43,pendigits,CBM_KE,1,OK,0.809,0.9834329551297042,0.81598306845057,0.8058821462426845,0.7838814864209114,0.7925356695393453,v25(p_c=0),88.9,,,,,
43,pendigits,CBM_KE,2,OK,0.88,0.990550486482452,0.8825489355055485,0.8781256917913873,0.8732906335392215,0.8679135349375877,v26 main_pc0,599.8,,,,,
43,pendigits,CBM_KE,3,OK,0.866,0.9897694165278308,0.8936536588588936,0.8630915030146621,0.8521004735612745,0.8557266029459446,v26 main_pc0,217.7,,,,,
43,pendigits,CBM_KE,4,OK,0.858,0.9870788417966059,0.8604022851585308,0.8550387233653008,0.8428435832705155,0.8453289454465635,v25(p_c=0),139.4,,,,,
43,pendigits,CBM_KE,5,OK,0.788,0.9836025564538214,0.8138054856859146,0.787041948003376,0.7719381849402216,0.7698474983446829,v26 main_pc0,443.8,,,,,
43,pendigits,CBM_KE,6,OK,0.795,0.9861941761913672,0.8402067340067341,0.7936402718948886,0.7674466284269885,0.7799815994757707,v26 main_pc0,419.2,,,,,
43,pendigits,CBM_KE,7,OK,0.857,0.98515580652337,0.8659997541828076,0.8561099075224188,0.8487668069146297,0.8433478120691,v26 main_pc0,145.8,,,,,
43,pendigits,CBM_KE,8,OK,0.785,0.9794636995831283,0.8006916424972518,0.7824105806224252,0.7722847432570122,0.7648753765317484,v26 main_pc0,63.5,,,,,
43,pendigits,CBM_KE,9,OK,0.82,0.9796914210484626,0.8307779784547726,0.8183569667105639,0.8152236414184181,0.8015449928665161,v26 main_pc0,238.7,,,,,
43,pendigits,CBM,0,OK,0.809,0.9742521361475847,0.8217457033531774,0.8083023837030732,0.8064701420103091,0.7894615273345664,v26 main_pc0,145.6,,,,,
43,pendigits,CBM,1,OK,0.694,0.9613761128420941,0.7776666282193878,0.6927285736674286,0.6635893042124978,0.6715736725949077,v25(p_c=0),59.4,,,,,
43,pendigits,CBM,2,OK,0.864,0.9880221851907134,0.8890260020294631,0.8604498775385607,0.8419200120026031,0.8534127464719258,v26 main_pc0,70.5,,,,,
43,pendigits,CBM,3,OK,0.842,0.9841578101812543,0.855750995872056,0.8425574714735011,0.8398050763865557,0.8264531925566013,v26 main_pc0,151.6,,,,,
43,pendigits,CBM,4,OK,0.817,0.9718003296336957,0.8220673690816248,0.8155298453953141,0.81259934199133,0.7977730851807994,v26 main_pc0,273.1,,,,,
43,pendigits,CBM,5,OK,0.843,0.98879615726733,0.8489888755858562,0.8409677918498257,0.829528044217648,0.8283684298984944,v25(p_c=0),566.3,,,,,
43,pendigits,CBM,6,OK,0.804,0.9812674092461527,0.8050805053701445,0.8009179305933852,0.7856575950133621,0.78540651470247,v26 main_pc0,82.0,,,,,
43,pendigits,CBM,7,OK,0.829,0.9800251790756596,0.8372032966665689,0.8289426416635971,0.8274589558488905,0.8112058418463212,v26 main_pc0,86.7,,,,,
43,pendigits,CBM,8,OK,0.785,0.9714055121309559,0.8226950468687271,0.781993994674733,0.7743472831952952,0.7658600699412446,v26 main_pc0,37.3,,,,,
43,pendigits,CBM,9,OK,0.803,0.9823980093033058,0.822390098847906,0.801138472982152,0.7835082696584038,0.7846992783831882,v26 main_pc0,83.8,,,,,
43,phoneme,CBM_KE,0,OK,0.7467652495378928,0.7809279199183379,0.692476560313462,0.6811633573710033,0.6859941449857437,0.3734686058110331,v25(p_c=0),83.0,,,,,
43,phoneme,CBM_KE,1,OK,0.7467652495378928,0.7612203233560538,0.6979659040776454,0.7068639072738647,0.701839641806896,0.4047320121982192,v25(p_c=0),73.2,,,,,
43,phoneme,CBM_KE,2,OK,0.7634011090573013,0.7728934110441568,0.7138886011257295,0.7039579834699858,0.7083754463984907,0.41772856149810933,v25(p_c=0),64.6,,,,,
43,phoneme,CBM_KE,3,OK,0.7467652495378928,0.7729921959893312,0.6920288564303527,0.6774918502420231,0.683418974273547,0.3692346518282547,v25(p_c=0),65.5,,,,,
43,phoneme,CBM_KE,4,OK,0.7240740740740741,0.7684902909404202,0.6703216957208249,0.6769335277354365,0.6732336708213019,0.3471922722283267,v25(p_c=0),69.9,,,,,
43,phoneme,CBM_KE,5,OK,0.7351851851851852,0.7589137782490556,0.6809436405054163,0.6829312744383326,0.6819067470207077,0.3638694862676303,v25(p_c=0),76.4,,,,,
43,phoneme,CBM_KE,6,OK,0.7185185185185186,0.7560557359665983,0.6600172310955,0.6600172310955,0.6600172310955,0.32003446219100007,v25(p_c=0),83.1,,,,,
43,phoneme,CBM_KE,7,OK,0.6925925925925925,0.7360825767115116,0.6224747474747474,0.6157134336271456,0.618481758286658,0.23809219695673026,v25(p_c=0),61.7,,,,,
43,phoneme,CBM_KE,8,OK,0.7685185185185185,0.7603377408012678,0.7220420342501297,0.7260189174466399,0.723938800299373,0.4480433024111133,v26 main_pc0,19.1,,,,,
43,phoneme,CBM_KE,9,OK,0.7055555555555556,0.7431948364944948,0.6380597014925373,0.6264299509731095,0.6307906652734239,0.2642338456069822,v25(p_c=0),57.3,,,,,
43,phoneme,CBM,0,OK,0.7541589648798521,0.7908228785933025,0.7074797633872976,0.719442523626066,0.7124697796159764,0.42675465025725334,v25(p_c=0),15.5,,,,,
43,phoneme,CBM,1,OK,0.7541589648798521,0.767394382429451,0.7074797633872976,0.719442523626066,0.7124697796159764,0.42675465025725334,v25(p_c=0),18.2,,,,,
43,phoneme,CBM,2,OK,0.7763401109057301,0.7781290131383978,0.7308055636991433,0.7333135763442984,0.7320258227205554,0.4641123635793768,v26 main_pc0,12.1,,,,,
43,phoneme,CBM,3,OK,0.7652495378927912,0.7911356975863546,0.721037242228378,0.7364746945898778,0.7272200319997459,0.4572514159581992,v25(p_c=0),15.3,,,,,
43,phoneme,CBM,4,OK,0.7759259259259259,0.8522516402677448,0.7421671300364454,0.7785307177414009,0.7509519398991458,0.5194265474248552,v26 main_pc0,21.8,,,,,
43,phoneme,CBM,5,OK,0.7462962962962963,0.7476058718271589,0.6951515151515151,0.7000629597720194,0.6974369251281128,0.395183955773542,v25(p_c=0),19.1,,,,,
43,phoneme,CBM,6,OK,0.7611111111111111,0.7579031082245343,0.7162390926299266,0.7328020412220824,0.7226899788613808,0.44873556648100826,v26 main_pc0,28.9,,,,,
43,phoneme,CBM,7,OK,0.7055555555555556,0.7444330306846046,0.6416605662336778,0.6378653323613228,0.6396056061350157,0.27950013271051716,v25(p_c=0),14.8,,,,,
43,phoneme,CBM,8,OK,0.7759259259259259,0.7978589940408392,0.7305996472663139,0.733100579408706,0.7318163348232425,0.4636934823316843,v26 main_pc0,11.8,,,,,
43,phoneme,CBM,9,OK,0.7351851851851852,0.7617656283530596,0.6918103448275862,0.7115584608527707,0.6982167352537723,0.4028851018708106,v25(p_c=0),18.9,,,,,
43,satimage,CBM_KE,0,OK,0.8102643856920684,0.9669860755503352,0.7794314604355165,0.7563760203373496,0.7595418481590385,0.7658602543631087,v26 main_pc0,182.1,,,,,
43,satimage,CBM_KE,1,OK,0.6842923794712286,0.9338639510127612,0.5776573926205201,0.5738970201767241,0.5529239553986369,0.6166792739247816,v26 main_pc0,176.6,,,,,
43,satimage,CBM_KE,2,OK,0.8009331259720062,0.9487791598133232,0.8273302574618363,0.7103641029681572,0.723574363713903,0.757300493876982,v26 main_pc0,174.7,,,,,
43,satimage,CBM_KE,3,OK,0.8367029548989113,0.9760995760314048,0.8049839850819643,0.8088632311700827,0.8063014418629663,0.7991343059788609,v25(p_c=0),69.6,,,,,
43,satimage,CBM_KE,4,OK,0.8009331259720062,0.9520849191494284,0.7853833709277706,0.715809632665804,0.7263696440177901,0.7551891393039957,v26 main_pc0,56.5,,,,,
43,satimage,CBM_KE,5,OK,0.8273716951788491,0.9697120745067375,0.7911296167973308,0.7684484876276793,0.7756273567601158,0.7865275430151712,v26 main_pc0,156.6,,,,,
43,satimage,CBM_KE,6,OK,0.8195956454121306,0.9692007804056356,0.7786814004162537,0.7801981838353443,0.7785779292202551,0.7775539367236637,v25(p_c=0),71.1,,,,,
43,satimage,CBM_KE,7,OK,0.7993779160186625,0.9488325932503693,0.7876920696299549,0.7455587884606111,0.7593066561866336,0.7520382226868926,v26 main_pc0,29.1,,,,,
43,satimage,CBM_KE,8,OK,0.8320373250388803,0.9658075999552849,0.7967512708468748,0.7908228784471536,0.7916463537397377,0.7926468564944495,v25(p_c=0),161.6,,,,,
43,satimage,CBM_KE,9,OK,0.8351477449455676,0.970305287515909,0.8120916550123606,0.8037599463571213,0.8067385163426871,0.7966734550597968,v25(p_c=0),164.3,,,,,
43,satimage,CBM,0,OK,0.8195956454121306,0.96470059420793,0.7993615469442906,0.8058802545224649,0.7994588508335306,0.7802523421660835,v26 main_pc0,65.7,,,,,
43,satimage,CBM,1,OK,0.749611197511664,0.9490662013164428,0.7156315543350078,0.7292023476471812,0.7194376505374368,0.6946060812246323,v26 main_pc0,112.7,,,,,
43,satimage,CBM,2,OK,0.8522550544323484,0.9741563804173206,0.8315958436549143,0.8134618836670784,0.8210943638489466,0.8173984326075378,v26 main_pc0,51.8,,,,,
43,satimage,CBM,3,OK,0.8491446345256609,0.976511090749836,0.8397458475631283,0.8502328694595747,0.8347919951736645,0.8198232192240501,v26 main_pc0,50.8,,,,,
43,satimage,CBM,4,OK,0.7356143079315708,0.9560250233033659,0.7634180444892196,0.6434551822634001,0.6314056651224891,0.6778965686945669,v25(p_c=0),33.6,,,,,
43,satimage,CBM,5,OK,0.6936236391912908,0.9492225167861159,0.7557324591506219,0.6085410615330812,0.5836768510410136,0.6308420185899062,v26 main_pc0,39.8,,,,,
43,satimage,CBM,6,OK,0.8009331259720062,0.9567292222952858,0.7833352282063294,0.7555004715142021,0.764716965818629,0.7543767745902644,v26 main_pc0,148.5,,,,,
43,satimage,CBM,7,OK,0.7418351477449455,0.938702370981421,0.7113257704543542,0.7228775704334942,0.7129464488802771,0.6846702011091383,v26 main_pc0,19.7,,,,,
43,satimage,CBM,8,OK,0.776049766718507,0.9674880016507333,0.7719742157141489,0.7871315474546626,0.7602886667995393,0.7372248303115485,v26 main_pc0,41.3,,,,,
43,satimage,CBM,9,OK,0.7465007776049767,0.9562753032521147,0.7978717542600084,0.6562582074565153,0.6519075046439989,0.6935811158491569,v26 main_pc0,32.3,,,,,
43,segment,CBM_KE,0,OK,0.7792207792207793,0.9817875726966635,0.8531215516509633,0.7792207792207793,0.7742436944832128,0.7554870596548056,v26 main_pc0,38.7,,,,,
43,segment,CBM_KE,1,OK,0.8354978354978355,0.976605885696795,0.8361198139305349,0.8354978354978356,0.8319383477695974,0.8092848909414287,v25(p_c=0),25.9,,,,,
43,segment,CBM_KE,2,OK,0.9047619047619048,0.990423717696445,0.9075681453319097,0.9047619047619049,0.9050102634868583,0.8892972917998876,v26 main_pc0,61.1,,,,,
43,segment,CBM_KE,3,OK,0.8658008658008658,0.9825309370763916,0.8832213154463794,0.8658008658008659,0.8661005719351793,0.8465122428449624,v26 main_pc0,84.9,,,,,
43,segment,CBM_KE,4,OK,0.9090909090909091,0.986925532380078,0.9109623339357916,0.9090909090909092,0.9057345703064478,0.8953892275602181,v26 main_pc0,12.4,,,,,
43,segment,CBM_KE,5,OK,0.8874458874458875,0.9766714766714768,0.8867058566855727,0.8874458874458874,0.8854020226054066,0.8692952727841692,v26 main_pc0,12.0,,,,,
43,segment,CBM_KE,6,OK,0.8095238095238095,0.9785954785954785,0.7975346725346727,0.8095238095238095,0.8000925248882097,0.7790733930698006,v26 main_pc0,30.3,,,,,
43,segment,CBM_KE,7,OK,0.8831168831168831,0.9819187546460272,0.8957260323484233,0.8831168831168832,0.8853364335955689,0.8650560252508783,v26 main_pc0,81.0,,,,,
43,segment,CBM_KE,8,OK,0.8398268398268398,0.9831431195067558,0.8347649700590878,0.8398268398268398,0.8311538624307663,0.8151297955634415,v25(p_c=0),31.3,,,,,
43,segment,CBM_KE,9,OK,0.8268398268398268,0.9809786173422536,0.8136370090558218,0.8268398268398268,0.8136144582309355,0.8011741871560613,v26 main_pc0,44.9,,,,,
43,segment,CBM,0,OK,0.8917748917748918,0.9873409418863963,0.8969907407407408,0.8917748917748918,0.8915688998221117,0.8747324319537093,v25(p_c=0),19.3,,,,,
43,segment,CBM,1,OK,0.8831168831168831,0.9809348900257991,0.8806462178172705,0.8831168831168831,0.8782788252024724,0.8648852961234793,v26 main_pc0,12.3,,,,,
43,segment,CBM,2,OK,0.8138528138528138,0.9794481612663432,0.8331275430433689,0.8138528138528139,0.804311379080105,0.7878569324930145,v25(p_c=0),14.9,,,,,
43,segment,CBM,3,OK,0.8787878787878788,0.9807162534435261,0.8834529596139503,0.8787878787878789,0.8785171567207064,0.859413012784036,v26 main_pc0,10.7,,,,,
43,segment,CBM,4,OK,0.8354978354978355,0.9831868468232104,0.8313930117501547,0.8354978354978355,0.7907746642005563,0.8194467784840027,v26 main_pc0,15.2,,,,,
43,segment,CBM,5,OK,0.8441558441558441,0.9756876120512484,0.858329739014627,0.8441558441558443,0.8454118247750653,0.8202648057268371,v26 main_pc0,35.5,,,,,
43,segment,CBM,6,OK,0.8658008658008658,0.9789890244435699,0.8667473789864681,0.8658008658008658,0.8510565793481571,0.8479139552694177,v26 main_pc0,9.8,,,,,
43,segment,CBM,7,OK,0.7619047619047619,0.9711618347981984,0.8278257153063656,0.761904761904762,0.7644504424841868,0.7313617878454997,v25(p_c=0),50.7,,,,,
43,segment,CBM,8,OK,0.8528138528138528,0.9856137128864402,0.852171394873739,0.8528138528138527,0.8468571610479815,0.8300632632554283,v26 main_pc0,48.9,,,,,
43,segment,CBM,9,OK,0.8658008658008658,0.9843237570510298,0.8778298363879965,0.8658008658008658,0.8644723719960037,0.8454701521971199,v26 main_pc0,12.6,,,,,
43,spambase,CBM_KE,0,OK,0.9088937093275488,0.9643251014218756,0.9142099178331062,0.8951219031864193,0.9026213084412972,0.8091066951963932,v26 main_pc0,64.8,,,,,
43,spambase,CBM_KE,1,OK,0.8934782608695652,0.9587516584486822,0.8876811594202898,0.889869106318937,0.888732568184623,0.7775471874037685,v26 main_pc0,39.0,,,,,
43,spambase,CBM_KE,2,OK,0.9173913043478261,0.969781579833264,0.9148749276317103,0.9115230004554545,0.9131195451201812,0.8263911302349294,v26 main_pc0,66.1,,,,,
43,spambase,CBM_KE,3,OK,0.8760869565217392,0.9502861442800847,0.8699699580994544,0.8706806075367829,0.8703206374170958,0.7406502247043848,v26 main_pc0,55.0,,,,,
43,spambase,CBM_KE,4,OK,0.8608695652173913,0.9311570526149033,0.8542545396938553,0.8542545396938553,0.8542545396938553,0.7085090793877107,v26 main_pc0,17.8,,,,,
43,spambase,CBM_KE,5,OK,0.782608695652174,0.8057783322442029,0.7739878604565613,0.7654805045644468,0.7689092516678724,0.5394012808236226,v26 main_pc0,61.9,,,,,
43,spambase,CBM_KE,6,OK,0.8869565217391304,0.9484544248400959,0.8821248931390286,0.8806114972573715,0.8813492063492063,0.762734888980329,v25(p_c=0),23.8,,,,,
43,spambase,CBM_KE,7,OK,0.8913043478260869,0.9487217568664726,0.8861363591358244,0.8861363591358244,0.8861363591358244,0.7722727182716489,v26 main_pc0,100.8,,,,,
43,spambase,CBM_KE,8,OK,0.8565217391304348,0.9264368724800379,0.856864694672301,0.8405012253933117,0.8467781007751938,0.6971739118341377,v26 main_pc0,72.3,,,,,
43,spambase,CBM_KE,9,OK,0.9021739130434783,0.9519428413313306,0.8986361557883855,0.8962961498932722,0.8974226829667145,0.7949288615899961,v26 main_pc0,61.3,,,,,
43,spambase,CBM,0,OK,0.8503253796095445,0.9164303438496987,0.8432205055627628,0.843869392256489,0.8435404933474336,0.6870895914153617,v26 main_pc0,29.0,,,,,
43,spambase,CBM,1,OK,0.8739130434782608,0.9522267767678568,0.8662552638217772,0.8737400740608725,0.8693463399345753,0.7399574837135858,v26 main_pc0,15.2,,,,,
43,spambase,CBM,2,OK,0.9,0.9608507099150478,0.893516078017923,0.8991267153805026,0.896019656019656,0.7926229360009996,v25(p_c=0),14.4,,,,,
43,spambase,CBM,3,OK,0.8347826086956521,0.9004732766985485,0.8263539921831379,0.8356601120814273,0.8296296296296297,0.6619486916503826,v26 main_pc0,13.3,,,,,
43,spambase,CBM,4,OK,0.8434782608695652,0.9187211627953029,0.8352105354357997,0.8447692033505614,0.8385964912280701,0.6799125510149545,v25(p_c=0),16.3,,,,,
43,spambase,CBM,5,OK,0.7804347826086957,0.8260757638765124,0.7718424719285304,0.7627180736252204,0.7663342235365713,0.5344826678371584,v26 main_pc0,67.9,,,,,
43,spambase,CBM,6,OK,0.8543478260869565,0.9023247985108616,0.8466564633859195,0.8498485118517198,0.8481406842045617,0.6964976606977058,v26 main_pc0,44.2,,,,,
43,spambase,CBM,7,OK,0.8760869565217392,0.9431869938018574,0.8683977176343589,0.878443137487871,0.8721218890064817,0.7467732938580961,v26 main_pc0,18.6,,,,,
43,spambase,CBM,8,OK,0.8695652173913043,0.9431872084749783,0.8636255830500434,0.8636255830500434,0.8636255830500434,0.727251166100087,v25(p_c=0),10.9,,,,,
43,spambase,CBM,9,OK,0.8934782608695652,0.9463297493873033,0.8875144463379757,0.8909992884813029,0.8891397262429974,0.7785059352230388,v26 main_pc0,21.4,,,,,
43,tic-tac-toe,CBM_KE,0,OK,0.6875,0.7471537001897534,0.65625,0.6518026565464896,0.6536796536796536,0.30802055181684873,v26 main_pc0,15.7,,,,,
43,tic-tac-toe,CBM_KE,1,OK,0.625,0.6558349146110056,0.5736263736263736,0.5635673624288425,0.5636363636363637,0.13682447700070427,v26 main_pc0,16.3,,,,,
43,tic-tac-toe,CBM_KE,2,OK,0.7291666666666666,0.7590187590187589,0.6988727858293076,0.6782106782106783,0.6848484848484848,0.3765169533515741,v25(p_c=0),10.6,,,,,
43,tic-tac-toe,CBM_KE,3,OK,0.7083333333333334,0.7097162097162096,0.6737004632012351,0.6623376623376623,0.666501240694789,0.33584595958896196,v26 main_pc0,13.4,,,,,
43,tic-tac-toe,CBM_KE,4,OK,0.625,0.6486291486291487,0.5796526054590571,0.5772005772005772,0.578125,0.15683401565947422,v26 main_pc0,14.2,,,,,
43,tic-tac-toe,CBM_KE,5,OK,0.625,0.5882635882635883,0.5991902834008097,0.606060606060606,0.6,0.20513587275572404,v26 main_pc0,5.4,,,,,
43,tic-tac-toe,CBM_KE,6,OK,0.6145833333333334,0.6940836940836941,0.6082608695652174,0.6197691197691197,0.6021059706508345,0.2277394041729764,v26 main_pc0,4.1,,,,,
43,tic-tac-toe,CBM_KE,7,OK,0.65625,0.49783549783549785,0.328125,0.5,0.39622641509433965,0.0,v26 main_pc0,9.3,,,,,
43,tic-tac-toe,CBM_KE,8,OK,0.7578947368421053,0.7468230694037146,0.7328869047619048,0.7294721407624634,0.7310769230769231,0.4623464354410368,v26 main_pc0,6.5,,,,,
43,tic-tac-toe,CBM_KE,9,OK,0.5684210526315789,0.520039100684262,0.5208333333333333,0.5205278592375366,0.5206153846153847,0.04136006451229722,v26 main_pc0,9.2,,,,,
43,tic-tac-toe,CBM,0,OK,0.6354166666666666,0.7186907020872865,0.6324359531046461,0.644686907020873,0.6262929596262929,0.27685193467319397,v26 main_pc0,5.3,,,,,
43,tic-tac-toe,CBM,1,OK,0.65625,0.6688804554079696,0.6379157427937916,0.6475332068311195,0.6389743589743591,0.28528688583153583,v25(p_c=0),3.6,,,,,
43,tic-tac-toe,CBM,2,OK,0.6666666666666666,0.6820586820586821,0.6191549295774648,0.6017316017316017,0.6047349459598559,0.22019829100273872,v25(p_c=0),3.2,,,,,
43,tic-tac-toe,CBM,3,OK,0.625,0.7000962000962001,0.615686274509804,0.6277056277056277,0.611336032388664,0.24309494690922775,v25(p_c=0),2.6,,,,,
43,tic-tac-toe,CBM,4,OK,0.6666666666666666,0.6623376623376623,0.6242923314462172,0.6161616161616161,0.6188585607940447,0.24031644219476833,v26 main_pc0,3.6,,,,,
43,tic-tac-toe,CBM,5,OK,0.53125,0.6435786435786436,0.5515873015873016,0.5562770562770563,0.5270935960591133,0.10776235844876533,v25(p_c=0),3.6,,,,,
43,tic-tac-toe,CBM,6,OK,0.46875,0.6534391534391535,0.5156546489563567,0.5158730158730158,0.4686923494302767,0.031526908593818195,v25(p_c=0),3.3,,,,,
43,tic-tac-toe,CBM,7,OK,0.7083333333333334,0.6724386724386724,0.691358024691358,0.6118326118326118,0.6111111111111112,0.29257523952900727,v25(p_c=0),4.8,,,,,
43,tic-tac-toe,CBM,8,OK,0.7473684210526316,0.793010752688172,0.7350178890876565,0.7568426197458455,0.736842105263158,0.4913760690974369,v25(p_c=0),2.3,,,,,
43,tic-tac-toe,CBM,9,OK,0.6736842105263158,0.5899315738025416,0.6335287846481876,0.6224340175953079,0.6257466005845724,0.2557222365700432,v26 main_pc0,2.4,,,,,
43,vehicle,CBM_KE,0,OK,0.6235294117647059,0.8718021648490398,0.6844512195121951,0.622564935064935,0.6095468556448593,0.5236847449134207,v26 main_pc0,10.7,,,,,
43,vehicle,CBM_KE,1,OK,0.5411764705882353,0.7974630664474415,0.530982905982906,0.5408008658008658,0.5140141710460951,0.40204669382983976,v26 main_pc0,22.2,,,,,
43,vehicle,CBM_KE,2,OK,0.5058823529411764,0.7415616154678654,0.46374427917620137,0.5112012987012987,0.4609661385523455,0.3631728806518127,v25(p_c=0),11.7,,,,,
43,vehicle,CBM_KE,3,OK,0.5294117647058824,0.8060721743534243,0.5343993152816683,0.5338203463203464,0.530683239524703,0.37544458607059406,v26 main_pc0,41.2,,,,,
43,vehicle,CBM_KE,4,OK,0.6,0.8370612373737374,0.5951204592508941,0.6025974025974026,0.585690094219506,0.47330704522556416,v26 main_pc0,16.0,,,,,
43,vehicle,CBM_KE,5,OK,0.6705882352941176,0.8407234258796759,0.648809523809524,0.6731060606060606,0.643262987012987,0.5709936559313192,v26 main_pc0,20.7,,,,,
43,vehicle,CBM_KE,6,OK,0.7023809523809523,0.8843609133841709,0.6904430708610275,0.7016774891774892,0.6922932330827067,0.6051685269920303,v26 main_pc0,17.0,,,,,
43,vehicle,CBM_KE,7,OK,0.44047619047619047,0.7615572129988211,0.4255598674104616,0.45044429254955565,0.4145742220353238,0.2696186055057346,v26 main_pc0,31.9,,,,,
43,vehicle,CBM_KE,8,OK,0.5357142857142857,0.8251345925966102,0.5413194444444445,0.5398268398268398,0.5302603702603703,0.38718138691935094,v26 main_pc0,14.3,,,,,
43,vehicle,CBM_KE,9,OK,0.4880952380952381,0.7361378405274215,0.45150867650867643,0.4928030303030303,0.46441488843681694,0.32230287355249404,v25(p_c=0),13.6,,,,,
43,vehicle,CBM,0,OK,0.5647058823529412,0.8342826704545454,0.5495339052961556,0.5696428571428571,0.5528247785600726,0.4236910916936285,v26 main_pc0,7.1,,,,,
43,vehicle,CBM,1,OK,0.4,0.7259590236152735,0.35130494505494503,0.40600649350649354,0.36724137931034484,0.20848355208569003,v26 main_pc0,8.7,,,,,
43,vehicle,CBM,2,OK,0.5176470588235295,0.7839905927405928,0.4884648617511521,0.5226190476190476,0.4830919804254469,0.3686424444457768,v26 main_pc0,5.2,,,,,
43,vehicle,CBM,3,OK,0.6352941176470588,0.8373262067793318,0.622458925090504,0.6406385281385281,0.6255681819940035,0.5177128483909412,v25(p_c=0),12.0,,,,,
43,vehicle,CBM,4,OK,0.6352941176470588,0.8700447989510489,0.6216325660699062,0.6384199134199134,0.6188794127900615,0.5203249846187346,v26 main_pc0,12.9,,,,,
43,vehicle,CBM,5,OK,0.611764705882353,0.8334526411088912,0.5761554621848739,0.6151515151515151,0.5778405572755418,0.4931254065692457,v26 main_pc0,7.1,,,,,
43,vehicle,CBM,6,OK,0.4880952380952381,0.8327007062651144,0.5128663003663003,0.49150432900432905,0.480094537815126,0.32846209676837274,v26 main_pc0,9.0,,,,,
43,vehicle,CBM,7,OK,0.5476190476190477,0.7995648981187424,0.5562665575814243,0.5557644110275689,0.5369385026737968,0.41069905672799867,v26 main_pc0,4.7,,,,,
43,vehicle,CBM,8,OK,0.40476190476190477,0.7374010410692258,0.4184796684796685,0.4086038961038961,0.4006073459944085,0.21250106076391356,v26 main_pc0,12.0,,,,,
43,vehicle,CBM,9,OK,0.44047619047619047,0.7679849090428367,0.42400560224089634,0.4449134199134199,0.4319761186145067,0.2555460568806457,v26 main_pc0,4.0,,,,,
43,wdbc,CBM_KE,0,OK,0.9122807017543859,0.9841269841269842,0.9015151515151516,0.9206349206349206,0.9082125603864735,0.8219277191853159,v26 main_pc0,10.4,,,,,
43,wdbc,CBM_KE,1,OK,0.9298245614035088,0.9814814814814814,0.9199999999999999,0.9444444444444444,0.9271099744245523,0.8640987597877147,v25(p_c=0),7.7,,,,,
43,wdbc,CBM_KE,2,OK,0.8245614035087719,0.914021164021164,0.8269704433497538,0.8511904761904762,0.821875,0.6777282809510347,v26 main_pc0,13.1,,,,,
43,wdbc,CBM_KE,3,OK,0.9824561403508771,1.0,0.9772727272727273,0.9861111111111112,0.981329839502129,0.9633432944855655,v26 main_pc0,4.1,,,,,
43,wdbc,CBM_KE,4,OK,1.0,1.0,1.0,1.0,1.0,1.0,v26 main_pc0,6.9,,,,,
43,wdbc,CBM_KE,5,OK,0.9122807017543859,0.9748677248677249,0.9094594594594595,0.9007936507936507,0.9047778149014367,0.810206767705014,v26 main_pc0,4.3,,,,,
43,wdbc,CBM_KE,6,OK,0.9824561403508771,0.9973544973544973,0.9772727272727273,0.9861111111111112,0.981329839502129,0.9633432944855655,v26 main_pc0,13.4,,,,,
43,wdbc,CBM_KE,7,OK,0.9298245614035088,0.9623376623376624,0.9344594594594595,0.9175324675324675,0.9246031746031746,0.851823761469308,v26 main_pc0,13.9,,,,,
43,wdbc,CBM_KE,8,OK,0.9649122807017544,0.9727272727272728,0.9629870129870131,0.9629870129870131,0.9629870129870131,0.925974025974026,v26 main_pc0,6.5,,,,,
43,wdbc,CBM_KE,9,OK,0.9107142857142857,0.9768707482993197,0.9024064171122994,0.9095238095238095,0.905628581058308,0.8118990304530631,v26 main_pc0,4.8,,,,,
43,wdbc,CBM,0,OK,0.8947368421052632,0.947089947089947,0.884375,0.9067460317460317,0.8906649616368286,0.790804668555721,v25(p_c=0),4.7,,,,,
43,wdbc,CBM,1,OK,0.9298245614035088,0.9880952380952381,0.9246031746031746,0.9246031746031746,0.9246031746031746,0.8492063492063492,v25(p_c=0),3.0,,,,,
43,wdbc,CBM,2,OK,0.8947368421052632,0.9973544973544973,0.8888888888888888,0.9166666666666667,0.8920454545454546,0.8050764858994133,v26 main_pc0,9.3,,,,,
43,wdbc,CBM,3,OK,0.9473684210526315,0.9973544973544974,0.9375,0.9583333333333333,0.9449275362318841,0.8955910525085281,v25(p_c=0),2.0,,,,,
43,wdbc,CBM,4,OK,0.9824561403508771,1.0,0.9772727272727273,0.9861111111111112,0.981329839502129,0.9633432944855655,v26 main_pc0,6.5,,,,,
43,wdbc,CBM,5,OK,0.8947368421052632,0.9735449735449736,0.8869047619047619,0.8869047619047619,0.8869047619047619,0.7738095238095238,v26 main_pc0,2.9,,,,,
43,wdbc,CBM,6,OK,0.8421052631578947,0.9854497354497355,0.85,0.875,0.8403361344537814,0.724568837309472,v26 main_pc0,6.5,,,,,
43,wdbc,CBM,7,OK,0.9122807017543859,0.974025974025974,0.9053708439897699,0.9116883116883117,0.9082125603864735,0.8170347321131809,v25(p_c=0),2.2,,,,,
43,wdbc,CBM,8,OK,0.8771929824561403,0.9597402597402597,0.8955882352941176,0.8493506493506493,0.8635897435897435,0.7435025403466419,v26 main_pc0,1.9,,,,,
43,wdbc,CBM,9,OK,0.8928571428571429,0.9768707482993197,0.8827404479578393,0.8952380952380952,0.8877005347593583,0.777878154009821,v26 main_pc0,2.3,,,,,
43,wine-quality,CBM_KE,0,PARTIAL,0.463265306122449,nan,0.15224703903649603,0.18417047184170474,0.14923288432568413,0.09181776576224336,v25(p_c=0),59.0,,,,,
43,wine-quality,CBM_KE,1,PARTIAL,0.463265306122449,nan,0.14645427493035948,0.1860730593607306,0.15296542143346722,0.09622982241473539,v25(p_c=0),66.4,,,,,
43,wine-quality,CBM_KE,2,PARTIAL,0.463265306122449,nan,0.15161370788241615,0.18685997910135843,0.1557955932955933,0.09303022007750494,v25(p_c=0),56.2,,,,,
43,wine-quality,CBM_KE,3,OK,0.4714285714285714,0.6366518851356314,0.13194314762942214,0.16276309896999552,0.1354335403726708,0.11128052423019003,v25(p_c=0),63.8,,,,,
43,wine-quality,CBM_KE,4,OK,0.46530612244897956,0.6367907544222345,0.12739689460337233,0.16820420958351992,0.14374156309640182,0.11861587777415002,v25(p_c=0),61.0,,,,,
43,wine-quality,CBM_KE,5,OK,0.4714285714285714,0.5555024133715127,0.13081282825443005,0.162506671410781,0.1351089888624592,0.1109445715980713,v25(p_c=0),53.2,,,,,
43,wine-quality,CBM_KE,6,OK,0.4387755102040816,0.6487118009679639,0.11507825879166833,0.14750933997509338,0.11704494882064975,0.026770251243446674,v25(p_c=0),70.5,,,,,
43,wine-quality,CBM_KE,7,OK,0.46938775510204084,0.5490457117386257,0.1268667063898039,0.162186443693293,0.134878916825627,0.10864750911084563,v25(p_c=0),75.1,,,,,
43,wine-quality,CBM_KE,8,PARTIAL,0.46830265848670755,nan,0.14868375992019178,0.1922997094229971,0.1631599243984507,0.11180256930812638,v25(p_c=0),69.2,,,,,
43,wine-quality,CBM_KE,9,PARTIAL,0.49693251533742333,nan,0.16959856141697585,0.2109692818596928,0.18400517990164847,0.1703496765784078,v26 main_pc0,110.3,,,,,
43,wine-quality,CBM,0,PARTIAL,0.3183673469387755,nan,0.10550146095956724,0.2039573820395738,0.10087941927704318,-0.07032171888713053,v25(p_c=0),10.9,,,,,
43,wine-quality,CBM,1,PARTIAL,0.3673469387755102,nan,0.12773826458036985,0.1415525114155251,0.11534707207823604,-0.004723593921422459,v25(p_c=0),11.7,,,,,
43,wine-quality,CBM,2,PARTIAL,0.3551020408163265,nan,0.12633196268293762,0.13691222570532915,0.11586144899159224,9.347543780248213e-05,v25(p_c=0),12.7,,,,,
43,wine-quality,CBM,3,OK,0.3489795918367347,0.4221055714737013,0.09488478975354717,0.11439767129422303,0.09276923786629217,-0.03773702333600665,v25(p_c=0),9.9,,,,,
43,wine-quality,CBM,4,OK,0.32040816326530613,0.4378518898041916,0.08259144622780987,0.10396327810120913,0.08342062250418046,-0.06689662604405143,v25(p_c=0),13.7,,,,,
43,wine-quality,CBM,5,OK,0.32448979591836735,0.5429830128135926,0.10072591944513128,0.1773172033446006,0.09272970954782368,-0.03242295980384703,v25(p_c=0),13.3,,,,,
43,wine-quality,CBM,6,OK,0.3122448979591837,0.4579524121310457,0.08073498317400755,0.10132538694182529,0.08272246965973143,-0.0644453729147256,v25(p_c=0),14.3,,,,,
43,wine-quality,CBM,7,OK,0.336734693877551,0.44991909662856383,0.09043380808974584,0.18055506137697921,0.09234664202533704,-0.03392754421345675,v25(p_c=0),13.9,,,,,
43,wine-quality,CBM,8,PARTIAL,0.35787321063394684,nan,0.11454473127734859,0.2182233291822333,0.11282281650805637,-0.003010607780820929,v25(p_c=0),13.3,,,,,
43,wine-quality,CBM,9,PARTIAL,0.3496932515337423,nan,0.10790679908326967,0.13300124533001245,0.10686653771760153,-0.040534302019112844,v25(p_c=0),11.2,,,,,
44,balance-scale,CBM_KE,0,OK,0.7301587301587301,0.7179175118323191,0.4947368421052632,0.5287356321839081,0.5056200479086052,0.5166142365829446,v26 main_pc0,11.8,,,,,
44,balance-scale,CBM_KE,1,OK,0.6349206349206349,0.7020283975659228,0.4259259259259259,0.4597701149425288,0.43992673992674,0.33047514668412137,v25(p_c=0),17.2,,,,,
44,balance-scale,CBM_KE,2,OK,0.5396825396825397,0.6075726842461122,0.3595238095238095,0.39080459770114945,0.3733552631578947,0.14960159292191555,v26 main_pc0,13.0,,,,,
44,balance-scale,CBM_KE,3,OK,0.6984126984126984,0.7294793779580798,0.46517917511832324,0.5057471264367815,0.4838533114395183,0.4474371632587326,v26 main_pc0,11.9,,,,,
44,balance-scale,CBM_KE,4,OK,0.7777777777777778,0.8146720757268425,0.530982905982906,0.5632183908045977,0.538660747317795,0.6123099582752681,v26 main_pc0,7.3,,,,,
44,balance-scale,CBM_KE,5,OK,0.7741935483870968,0.8251044932079415,0.5220458553791887,0.5517241379310345,0.5342261904761905,0.5849241189204336,v26 main_pc0,4.4,,,,,
44,balance-scale,CBM_KE,6,OK,0.7580645161290323,0.8543899355925619,0.5206243032329989,0.5513136288998358,0.5250669728281668,0.5821735273271932,v26 main_pc0,6.7,,,,,
44,balance-scale,CBM_KE,7,OK,0.6451612903225806,0.6730332789223042,0.43010752688172044,0.4679802955665025,0.44821092278719393,0.3472118402175218,v26 main_pc0,9.8,,,,,
44,balance-scale,CBM_KE,8,OK,0.8064516129032258,0.8525189884016083,0.538515406162465,0.5857963875205255,0.5593284285983776,0.653664161466022,v26 main_pc0,14.6,,,,,
44,balance-scale,CBM_KE,9,OK,0.7258064516129032,0.6947858054842682,0.49707602339181295,0.5254515599343185,0.5051664753157291,0.5078821849980357,v25(p_c=0),10.4,,,,,
44,balance-scale,CBM,0,OK,0.6825396825396826,0.7933062880324545,0.5604761904761905,0.5494252873563218,0.5480181936322287,0.4756406928625166,v26 main_pc0,3.8,,,,,
44,balance-scale,CBM,1,OK,0.6984126984126984,0.8137254901960785,0.5628306878306878,0.560919540229885,0.5585919928025191,0.4888026781435112,v26 main_pc0,6.8,,,,,
44,balance-scale,CBM,2,OK,0.6507936507936508,0.713049357674104,0.5817907582613465,0.5264367816091954,0.5269856111370838,0.4562867766971699,v26 main_pc0,3.4,,,,,
44,balance-scale,CBM,3,OK,0.38095238095238093,0.5542934415145369,0.23891843971631208,0.27586206896551724,0.24074074074074073,-0.17078130796383764,v25(p_c=0),2.7,,,,,
44,balance-scale,CBM,4,OK,0.5396825396825397,0.6271129141311698,0.37261632341723877,0.39080459770114945,0.3756218905472637,0.17100769676932992,v25(p_c=0),1.6,,,,,
44,balance-scale,CBM,5,OK,0.6774193548387096,0.6538444792755138,0.4521072796934866,0.4827586206896552,0.4664441972562106,0.39769416247233347,v26 main_pc0,3.8,,,,,
44,balance-scale,CBM,6,OK,0.5483870967741935,0.5484286523826932,0.44263565891472867,0.39367816091954017,0.37280701754385964,0.26867535829731803,v26 main_pc0,3.4,,,,,
44,balance-scale,CBM,7,OK,0.5483870967741935,0.5655945926189867,0.36789297658862874,0.39614121510673234,0.3758169934640523,0.16784743255407386,v25(p_c=0),1.8,,,,,
44,balance-scale,CBM,8,OK,0.46774193548387094,0.489698774796725,0.3427350427350427,0.33825944170771755,0.34023854362837413,0.07682162944218734,v25(p_c=0),2.0,,,,,
44,balance-scale,CBM,9,OK,0.5,0.42412768660233163,0.35019841269841273,0.3657635467980295,0.3257853937168503,0.10016373278081944,v25(p_c=0),1.6,,,,,
44,bank,CBM_KE,0,OK,0.88,0.666903409090909,0.44,0.5,0.46808510638297873,0.0,v26 main_pc0,109.7,,,,,
44,bank,CBM_KE,1,OK,0.895,0.8106155303030302,0.8948709694726111,0.5696969696969697,0.5940915188322207,0.33179095824657806,v26 main_pc0,119.4,,,,,
44,bank,CBM_KE,2,OK,0.879,0.7999857954545455,0.6407035175879396,0.5066287878787878,0.48373333333333335,0.061080071116191466,v26 main_pc0,120.8,,,,,
44,bank,CBM_KE,3,OK,0.884,0.821875,0.8588195841716968,0.5202651515151515,0.5087326997679186,0.17054657123311626,v26 main_pc0,125.6,,,,,
44,bank,CBM_KE,4,OK,0.879,0.8342406378397691,0.693762781186094,0.5391974351018719,0.5443436477362165,0.17429864073709972,v26 main_pc0,108.1,,,,,
44,bank,CBM_KE,5,OK,0.889,0.840399025940447,0.7932791028273574,0.5698295395782209,0.592497549478507,0.28621351972503384,v26 main_pc0,44.3,,,,,
44,bank,CBM_KE,6,OK,0.879,0.7660893765454733,0.4395,0.5,0.46780202235231505,0.0,v26 main_pc0,101.3,,,,,
44,bank,CBM_KE,7,OK,0.813,0.6229609153903289,0.5443820224719101,0.540852208087703,0.542383375057202,0.0851611089024933,v26 main_pc0,102.3,,,,,
44,bank,CBM_KE,8,OK,0.871,0.7039037599074831,0.6155820565471489,0.5275200030086782,0.5264160710155622,0.1127974918857108,v26 main_pc0,23.7,,,,,
44,bank,CBM_KE,9,OK,0.891,0.8368779322859372,0.8464285714285715,0.5638403896238212,0.5841583402958198,0.29742989074283555,v25(p_c=0),69.9,,,,,
44,bank,CBM,0,OK,0.835,0.826221590909091,0.66774699717931,0.7551136363636364,0.6938542634968523,0.41373685569209045,v26 main_pc0,134.5,,,,,
44,bank,CBM,1,OK,0.635,0.8265246212121211,0.6030823974112536,0.7422348484848484,0.5554586631363183,0.31603891480873025,v26 main_pc0,130.6,,,,,
44,bank,CBM,2,OK,0.794,0.4401515151515152,0.501584095679379,0.5015151515151515,0.5015051640193203,0.0030984802524825703,v25(p_c=0),134.1,,,,,
44,bank,CBM,3,OK,0.784,0.8357481060606062,0.6448412698412699,0.7765151515151516,0.6625,0.4002539477671928,v26 main_pc0,56.5,,,,,
44,bank,CBM,4,OK,0.79,0.5470858131422822,0.5098126465871272,0.5099521432130802,0.5098771425370626,0.019764297521989795,v26 main_pc0,132.5,,,,,
44,bank,CBM,5,OK,0.703,0.8646000808582254,0.6284238829974368,0.7882971821848644,0.6116504854368933,0.3848336970349648,v26 main_pc0,168.3,,,,,
44,bank,CBM,6,OK,0.653,0.8403755206423528,0.6119563808412729,0.759855771490894,0.5720144306373531,0.3411305422669587,v26 main_pc0,42.1,,,,,
44,bank,CBM,7,OK,0.655,0.8304797901446987,0.6039779681762546,0.7396130087721773,0.5678852303171722,0.3156863874209977,v25(p_c=0),156.6,,,,,
44,bank,CBM,8,OK,0.83,0.36726088060248785,0.456037935087964,0.4792542239020675,0.464944417167101,-0.060399574682869175,v25(p_c=0),138.4,,,,,
44,bank,CBM,9,OK,0.768,0.808925431792326,0.6340736950340573,0.7611297586475991,0.6466667885057051,0.37422256278976657,v26 main_pc0,109.7,,,,,
44,blood,CBM_KE,0,OK,0.76,0.3079922027290449,0.38,0.5,0.4318181818181818,0.0,v26 main_pc0,6.0,,,,,
44,blood,CBM_KE,1,OK,0.7466666666666667,0.615009746588694,0.6039915966386554,0.5482456140350878,0.544,0.14166352295945625,v26 main_pc0,4.8,,,,,
44,blood,CBM_KE,2,OK,0.7866666666666666,0.7763157894736842,0.7076923076923076,0.631578947368421,0.648711943793911,0.33062326126679026,v26 main_pc0,10.9,,,,,
44,blood,CBM_KE,3,OK,0.76,0.6023391812865497,0.38,0.5,0.4318181818181818,0.0,v26 main_pc0,11.7,,,,,
44,blood,CBM_KE,4,OK,0.7733333333333333,0.7850877192982456,0.6792929292929293,0.6038011695906433,0.6160794941282746,0.27284292741384053,v25(p_c=0),9.6,,,,,
44,blood,CBM_KE,5,OK,0.7466666666666667,0.6949317738791423,0.6161616161616161,0.567251461988304,0.5709123757904246,0.17677147409910796,v26 main_pc0,9.7,,,,,
44,blood,CBM_KE,6,OK,0.76,0.24366471734892786,0.38,0.5,0.4318181818181818,0.0,v26 main_pc0,4.8,,,,,
44,blood,CBM_KE,7,OK,0.76,0.35136452241715405,0.38,0.5,0.4318181818181818,0.0,v26 main_pc0,7.8,,,,,
44,blood,CBM_KE,8,OK,0.7702702702702703,0.7461300309597523,0.38513513513513514,0.5,0.4351145038167939,0.0,v26 main_pc0,5.6,,,,,
44,blood,CBM_KE,9,OK,0.7702702702702703,0.7394220846233232,0.6470588235294117,0.5619195046439628,0.5624347826086956,0.1908487307420736,v26 main_pc0,8.9,,,,,
44,blood,CBM,0,OK,0.28,0.3148148148148148,0.44696969696969696,0.4692982456140351,0.2694805194805195,-0.08070002078437537,v26 main_pc0,2.0,,,,,
44,blood,CBM,1,OK,0.6266666666666667,0.601364522417154,0.5518053375196232,0.564327485380117,0.5497427101200686,0.1154557420296728,v26 main_pc0,2.4,,,,,
44,blood,CBM,2,OK,0.26666666666666666,0.28606237816764135,0.4076923076923077,0.4415204678362573,0.25822693760115084,-0.146943671674129,v26 main_pc0,2.4,,,,,
44,blood,CBM,3,OK,0.38666666666666666,0.3654970760233918,0.5197368421052632,0.52046783625731,0.3865576102418208,0.040198032411893334,v26 main_pc0,2.6,,,,,
44,blood,CBM,4,OK,0.76,0.4108187134502924,0.6335616438356164,0.5190058479532164,0.4807692307692308,0.10076611127003691,v25(p_c=0),1.9,,,,,
44,blood,CBM,5,OK,0.36,0.3499025341130605,0.46825396825396826,0.4649122807017544,0.358974358974359,-0.06675015657623451,v26 main_pc0,2.4,,,,,
44,blood,CBM,6,OK,0.7066666666666667,0.7475633528265108,0.6722383720930232,0.7309941520467836,0.67,0.3989288493530961,v26 main_pc0,2.2,,,,,
44,blood,CBM,7,OK,0.36,0.3484405458089669,0.5030425963488844,0.5029239766081871,0.35988620199146515,0.005965393717867585,v26 main_pc0,2.9,,,,,
44,blood,CBM,8,OK,0.33783783783783783,0.3147574819401445,0.4870689655172414,0.4876160990712074,0.33771689497716895,-0.025309022102110796,v26 main_pc0,3.0,,,,,
44,blood,CBM,9,OK,0.7162162162162162,0.3740970072239423,0.37857142857142856,0.4649122807017544,0.41732283464566927,-0.13054733438983243,v25(p_c=0),2.0,,,,,
44,car,CBM_KE,0,OK,0.7283236994219653,0.9302923221259489,0.6208295420078859,0.48715678261132805,0.49773324197784624,0.2967897919875039,v25(p_c=0),11.1,,,,,
44,car,CBM_KE,1,OK,0.7225433526011561,0.8993584004530697,0.4201388888888889,0.3809296763842218,0.36327466907340555,0.27126486618494805,v25(p_c=0),12.8,,,,,
44,car,CBM_KE,2,OK,0.7514450867052023,0.9117103066307879,0.3494531784005468,0.32072472981563893,0.3179937304075235,0.3481217028512117,v25(p_c=0),9.8,,,,,
44,car,CBM_KE,3,OK,0.6994219653179191,0.7944742290523742,0.3769953051643192,0.415001665001665,0.38510586744203384,0.2547623165331361,v25(p_c=0),12.2,,,,,
44,car,CBM_KE,4,OK,0.7456647398843931,0.9178461946977396,0.5332565284178187,0.4191729323308271,0.4194193487671748,0.36417149227072404,v25(p_c=0),13.4,,,,,
44,car,CBM_KE,5,OK,0.7456647398843931,0.9029064306118695,0.3897306397306397,0.30714441061331016,0.3038508689694959,0.3281738542924175,v25(p_c=0),19.1,,,,,
44,car,CBM_KE,6,OK,0.791907514450867,0.8977874562964924,0.3576388888888889,0.3958786428882123,0.3755020080321285,0.5167724405232593,v26 main_pc0,33.2,,,,,
44,car,CBM_KE,7,OK,0.7225433526011561,0.8776904797023549,0.2955623306233062,0.2763157894736842,0.25483389324374767,0.22589907238751253,v25(p_c=0),14.7,,,,,
44,car,CBM_KE,8,OK,0.7383720930232558,0.9396976393454868,0.3086301369863014,0.3120378425402349,0.30453005172106296,0.3182312820237626,v26 main_pc0,16.9,,,,,
44,car,CBM_KE,9,OK,0.7151162790697675,0.926455842341071,0.3934599156118143,0.33947989809233825,0.33007875714748086,0.2172961293006355,v25(p_c=0),15.0,,,,,
44,car,CBM,0,OK,0.5491329479768786,0.938107028818685,0.476463963963964,0.7649925831744013,0.45596038865673105,0.41094272298001316,v26 main_pc0,6.1,,,,,
44,car,CBM,1,OK,0.49710982658959535,0.8876139926113328,0.4594165927240461,0.6736521054702873,0.39120994713561336,0.34937804671868844,v26 main_pc0,8.1,,,,,
44,car,CBM,2,OK,0.6589595375722543,0.924359853046252,0.5083333333333333,0.728264160082342,0.49925980968180456,0.48668983320767606,v26 main_pc0,13.7,,,,,
44,car,CBM,3,OK,0.6416184971098265,0.9215214788188317,0.4587797619047619,0.6710410801319893,0.46479472756938267,0.43594770651062914,v26 main_pc0,11.9,,,,,
44,car,CBM,4,OK,0.653179190751445,0.9035507717949207,0.5166830136588201,0.7566410861865407,0.5192612529135101,0.48553688175661797,v26 main_pc0,9.1,,,,,
44,car,CBM,5,OK,0.5606936416184971,0.9004196907350189,0.461427152959411,0.6763965699372398,0.4357345070093195,0.39185192003902697,v26 main_pc0,6.6,,,,,
44,car,CBM,6,OK,0.5606936416184971,0.8662261530394348,0.4437258687258688,0.6000745665817436,0.4094646762172535,0.37354192611839226,v26 main_pc0,6.5,,,,,
44,car,CBM,7,OK,0.5780346820809249,0.8608991269289159,0.4236480520913806,0.671114770397067,0.40260356834569727,0.3731901135580274,v26 main_pc0,5.9,,,,,
44,car,CBM,8,OK,0.622093023255814,0.8985473364724441,0.500689728353141,0.7619073510221837,0.47732660079434275,0.4526580906341509,v26 main_pc0,14.9,,,,,
44,car,CBM,9,OK,0.6337209302325582,0.94749721563984,0.5080745341614906,0.8066550674206177,0.5233101066047288,0.4814023067084805,v26 main_pc0,12.8,,,,,
44,credit-g,CBM_KE,0,OK,0.72,0.5907142857142857,0.8571428571428572,0.5333333333333333,0.4791666666666667,0.21821789023599236,v26 main_pc0,20.5,,,,,
44,credit-g,CBM_KE,1,OK,0.68,0.6766666666666667,0.5880758807588076,0.5619047619047619,0.5614035087719298,0.14767960492804935,v25(p_c=0),14.9,,,,,
44,credit-g,CBM_KE,2,OK,0.71,0.519047619047619,0.6459293394777266,0.5452380952380953,0.5191510528933843,0.16250003516708206,v25(p_c=0),9.0,,,,,
44,credit-g,CBM_KE,3,OK,0.66,0.6107142857142857,0.42907801418439717,0.48095238095238096,0.42411924119241196,-0.0735090461893295,v26 main_pc0,6.6,,,,,
44,credit-g,CBM_KE,4,OK,0.71,0.5519047619047619,0.6890034364261168,0.5261904761904762,0.47377971330067137,0.14071375201644498,v26 main_pc0,18.4,,,,,
44,credit-g,CBM_KE,5,OK,0.69,0.7007142857142857,0.5171821305841924,0.5023809523809524,0.43748865904554524,0.01279215927422227,v26 main_pc0,20.7,,,,,
44,credit-g,CBM_KE,6,OK,0.7,0.27190476190476187,0.35,0.5,0.4117647058823529,0.0,v26 main_pc0,14.1,,,,,
44,credit-g,CBM_KE,7,OK,0.67,0.6154761904761905,0.5875211744776963,0.5738095238095238,0.5764343473238351,0.160746959056139,v26 main_pc0,18.2,,,,,
44,credit-g,CBM_KE,8,OK,0.7,0.6502380952380953,0.35,0.5,0.4117647058823529,0.0,v26 main_pc0,9.7,,,,,
44,credit-g,CBM_KE,9,OK,0.71,0.6397619047619049,0.6404151404151404,0.5547619047619048,0.538143016403886,0.17537845416747638,v26 main_pc0,14.0,,,,,
44,credit-g,CBM,0,OK,0.68,0.6352380952380953,0.4739583333333333,0.49523809523809526,0.4330262225372077,-0.0222717701593687,v25(p_c=0),4.0,,,,,
44,credit-g,CBM,1,OK,0.68,0.6697619047619048,0.59375,0.5714285714285714,0.5733333333333333,0.1636634176769943,v25(p_c=0),2.3,,,,,
44,credit-g,CBM,2,OK,0.68,0.5423809523809524,0.3469387755102041,0.4857142857142857,0.40476190476190477,-0.09352195295828244,v26 main_pc0,4.6,,,,,
44,credit-g,CBM,3,OK,0.73,0.7030952380952381,0.6750380517503805,0.6642857142857144,0.6687523003312477,0.3391533656562534,v25(p_c=0),3.9,,,,,
44,credit-g,CBM,4,OK,0.71,0.7371428571428572,0.6798263745349318,0.7071428571428571,0.6833715471121302,0.3860038808655027,v26 main_pc0,4.7,,,,,
44,credit-g,CBM,5,OK,0.7,0.611904761904762,0.35,0.5,0.4117647058823529,0.0,v26 main_pc0,4.6,,,,,
44,credit-g,CBM,6,OK,0.62,0.7066666666666667,0.62,0.6428571428571428,0.6041666666666667,0.26186146828319085,v26 main_pc0,6.3,,,,,
44,credit-g,CBM,7,OK,0.45,0.43666666666666665,0.47756017951856383,0.4738095238095238,0.4405452141186044,-0.048485444580311454,v26 main_pc0,4.8,,,,,
44,credit-g,CBM,8,OK,0.59,0.6473809523809524,0.620359037127703,0.6404761904761904,0.5829518868884143,0.2600582936580342,v26 main_pc0,3.6,,,,,
44,credit-g,CBM,9,OK,0.68,0.6011904761904762,0.3469387755102041,0.4857142857142857,0.40476190476190477,-0.09352195295828244,v26 main_pc0,8.7,,,,,
44,diabetes,CBM_KE,0,OK,0.7272727272727273,0.7755555555555556,0.7,0.6792592592592592,0.6857142857142857,0.378691704962503,v26 main_pc0,17.3,,,,,
44,diabetes,CBM_KE,1,OK,0.7142857142857143,0.7655555555555555,0.6839774557165862,0.6692592592592592,0.6742307692307692,0.3529299526817895,v26 main_pc0,8.8,,,,,
44,diabetes,CBM_KE,2,OK,0.6883116883116883,0.762962962962963,0.655,0.6492592592592592,0.6515837104072397,0.30420509650684807,v26 main_pc0,17.2,,,,,
44,diabetes,CBM_KE,3,OK,0.8051948051948052,0.8311111111111111,0.7857142857142857,0.7903703703703704,0.7878787878787878,0.5760658398584765,v26 main_pc0,7.5,,,,,
44,diabetes,CBM_KE,4,OK,0.7402597402597403,0.7477777777777778,0.7148148148148148,0.7148148148148148,0.7148148148148148,0.42962962962962964,v26 main_pc0,12.7,,,,,
44,diabetes,CBM_KE,5,OK,0.7662337662337663,0.8462962962962962,0.75,0.7177777777777778,0.7275943396226415,0.4666666666666667,v26 main_pc0,13.4,,,,,
44,diabetes,CBM_KE,6,OK,0.7272727272727273,0.794074074074074,0.7042553191489361,0.7133333333333334,0.7075420510037982,0.417489966754203,v26 main_pc0,15.3,,,,,
44,diabetes,CBM_KE,7,OK,0.5974025974025974,0.6244444444444444,0.5612244897959183,0.5622222222222222,0.5616161616161616,0.12344267996967352,v26 main_pc0,17.7,,,,,
44,diabetes,CBM_KE,8,OK,0.7236842105263158,0.7915384615384615,0.692156862745098,0.6884615384615385,0.6901572510192195,0.3806004623165025,v26 main_pc0,20.4,,,,,
44,diabetes,CBM_KE,9,OK,0.8157894736842105,0.8711538461538462,0.7946428571428572,0.8046153846153846,0.7989417989417988,0.5991752573421144,v26 main_pc0,12.5,,,,,
44,diabetes,CBM,0,OK,0.7012987012987013,0.7555555555555555,0.673469387755102,0.6762962962962963,0.6747474747474747,0.349754259914075,v26 main_pc0,6.7,,,,,
44,diabetes,CBM,1,OK,0.7272727272727273,0.7844444444444444,0.7015306122448979,0.7048148148148148,0.703030303030303,0.4063321549001754,v26 main_pc0,4.6,,,,,
44,diabetes,CBM,2,OK,0.6883116883116883,0.7088888888888889,0.6902834008097165,0.7088888888888889,0.6818181818181819,0.39873845146482073,v26 main_pc0,4.4,,,,,
44,diabetes,CBM,3,OK,0.7142857142857143,0.7748148148148148,0.696969696969697,0.7118518518518518,0.699645390070922,0.4085505846855608,v25(p_c=0),2.6,,,,,
44,diabetes,CBM,4,OK,0.7012987012987013,0.7951851851851851,0.6924119241192412,0.7103703703703703,0.6910866910866911,0.4023817477999735,v26 main_pc0,1.9,,,,,
44,diabetes,CBM,5,OK,0.6753246753246753,0.7481481481481482,0.6904761904761905,0.7074074074074074,0.6717817561807331,0.39752319599996266,v26 main_pc0,4.7,,,,,
44,diabetes,CBM,6,OK,0.6623376623376623,0.7437037037037036,0.6643049932523617,0.6803703703703703,0.6553030303030303,0.34430075507689306,v26 main_pc0,4.8,,,,,
44,diabetes,CBM,7,OK,0.6623376623376623,0.7151851851851851,0.6439393939393939,0.6548148148148148,0.6450354609929079,0.29855619650098675,v25(p_c=0),2.2,,,,,
44,diabetes,CBM,8,OK,0.5921052631578947,0.6853846153846155,0.5963270963270964,0.6069230769230769,0.5833775419982317,0.20297378678399594,v26 main_pc0,5.0,,,,,
44,diabetes,CBM,9,OK,0.75,0.8423076923076923,0.7229780801209373,0.726923076923077,0.7247951210215361,0.4498838606904829,v25(p_c=0),6.4,,,,,
44,kr-vs-kp,CBM_KE,0,OK,0.671875,0.8084419396501116,0.7353712671509282,0.6826151618331964,0.6558752137977653,0.4146437605542919,v26 main_pc0,9.1,,,,,
44,kr-vs-kp,CBM_KE,1,OK,0.925,0.9538569918985558,0.9353366452603094,0.9218425893311416,0.9240386137047001,0.8570730136163234,v26 main_pc0,28.6,,,,,
44,kr-vs-kp,CBM_KE,2,OK,0.78125,0.9248953074243669,0.7891013156325768,0.7846659621932606,0.7808304958710031,0.5737501344170125,v26 main_pc0,28.7,,,,,
44,kr-vs-kp,CBM_KE,3,OK,0.865625,0.9553833509451685,0.8676378446115288,0.8674220187076827,0.8656236877313255,0.7350598316341583,v26 main_pc0,70.4,,,,,
44,kr-vs-kp,CBM_KE,4,OK,0.84375,0.9325858087746076,0.8768472906403941,0.8502994011976048,0.8417471118847919,0.7266619028248826,v25(p_c=0),25.0,,,,,
44,kr-vs-kp,CBM_KE,5,OK,0.909375,0.9389652068412195,0.909607843137255,0.9087902626120309,0.9091185082899982,0.8183976973673032,v26 main_pc0,13.2,,,,,
44,kr-vs-kp,CBM_KE,6,OK,0.8683385579937304,0.9439410652379452,0.8741427995159339,0.8653876457611094,0.8669143356643356,0.7394786181996009,v26 main_pc0,56.4,,,,,
44,kr-vs-kp,CBM_KE,7,OK,0.9153605015673981,0.9774661203907974,0.9203618655475493,0.9182752915222188,0.9153305480462031,0.8386345613119576,v26 main_pc0,43.4,,,,,
44,kr-vs-kp,CBM_KE,8,OK,0.8808777429467085,0.9443941065237945,0.8811640587956378,0.8800228490387645,0.8804536489151873,0.7611860523543437,v25(p_c=0),30.0,,,,,
44,kr-vs-kp,CBM_KE,9,OK,0.877742946708464,0.9719859831482793,0.880734307145677,0.879714938184109,0.8777237210673743,0.7604485621063146,v25(p_c=0),29.2,,,,,
44,kr-vs-kp,CBM,0,OK,0.890625,0.9184963406520293,0.8975686085700529,0.8878126100739696,0.8894493194223727,0.7853206218431518,v26 main_pc0,12.4,,,,,
44,kr-vs-kp,CBM,1,OK,0.778125,0.7693632343156823,0.8508403361344538,0.7679738562091503,0.7612818492251117,0.6132406959348476,v26 main_pc0,5.9,,,,,
44,kr-vs-kp,CBM,2,OK,0.890625,0.9670462995577473,0.90234375,0.886990724433486,0.888975901822976,0.7891851475637016,v26 main_pc0,24.2,,,,,
44,kr-vs-kp,CBM,3,OK,0.88125,0.9594927791475872,0.8819944162636153,0.8802003835466322,0.8807843137254902,0.7621926884354072,v26 main_pc0,13.2,,,,,
44,kr-vs-kp,CBM,4,OK,0.78125,0.7836679582012446,0.8473091364205256,0.7715157919455207,0.7658764998536729,0.6141658252463545,v26 main_pc0,21.5,,,,,
44,kr-vs-kp,CBM,5,OK,0.940625,0.9541505224844429,0.94209573295544,0.9395522680129936,0.940368187212507,0.881644332141778,v26 main_pc0,14.2,,,,,
44,kr-vs-kp,CBM,6,OK,0.8808777429467085,0.9271194453198864,0.8837390263367917,0.8788410022061142,0.8800182120516272,0.7625642984641454,v25(p_c=0),46.1,,,,,
44,kr-vs-kp,CBM,7,OK,0.9122257053291536,0.9749251497005988,0.9166266314356634,0.9099629687992437,0.9114942528735632,0.8265627397946096,v26 main_pc0,54.2,,,,,
44,kr-vs-kp,CBM,8,OK,0.890282131661442,0.9552867948313899,0.8928400669376046,0.888413961550583,0.8895483998615027,0.7812414905905375,v26 main_pc0,12.3,,,,,
44,kr-vs-kp,CBM,9,OK,0.8996865203761756,0.958599102291519,0.9037370103916866,0.8977281675722497,0.8989627048855808,0.8014426525315056,v26 main_pc0,30.6,,,,,
44,magic,CBM_KE,0,OK,0.675,0.5770196532908397,0.6382820258192652,0.5782444172274681,0.5683879355795753,0.20803650182852138,v26 main_pc0,110.2,,,,,
44,magic,CBM_KE,1,OK,0.723,0.7211445177546872,0.6959157787924911,0.6695134745982203,0.6765375269016849,0.36447422071653574,v25(p_c=0),23.0,,,,,
44,magic,CBM_KE,2,OK,0.738,0.7497530717869701,0.7158762014332072,0.6836860565674125,0.6921283566234706,0.39826347132529366,v25(p_c=0),25.5,,,,,
44,magic,CBM_KE,3,OK,0.726,0.7177577601306415,0.7044639132248645,0.6613593562746105,0.6693233438409663,0.3632749119845847,v26 main_pc0,83.4,,,,,
44,magic,CBM_KE,4,OK,0.733,0.7259294377938446,0.7173452372681164,0.6647900122476393,0.6734627986072639,0.3785040254019975,v26 main_pc0,60.2,,,,,
44,magic,CBM_KE,5,OK,0.735,0.7180848028305655,0.7111364789446981,0.6826829792931488,0.6905503416207455,0.3927902290591385,v26 main_pc0,47.5,,,,,
44,magic,CBM_KE,6,OK,0.693,0.6679814222187104,0.6739215686274509,0.5973445888700126,0.5912111733837195,0.2602331538729598,v26 main_pc0,19.2,,,,,
44,magic,CBM_KE,7,OK,0.679,0.6355756609993899,0.6494754362957733,0.5780556543268408,0.5655580954391721,0.2160315068304305,v26 main_pc0,19.8,,,,,
44,magic,CBM_KE,8,OK,0.678,0.6489428571428572,0.6420281929760603,0.5821978021978022,0.5740537909212609,0.216096324010914,v26 main_pc0,18.1,,,,,
44,magic,CBM_KE,9,OK,0.719,0.7154483516483516,0.6910962437278226,0.6612087912087912,0.6682874543009896,0.35103500939879395,v25(p_c=0),23.3,,,,,
44,magic,CBM,0,OK,0.628,0.6802817396037736,0.5929924069161101,0.5937076106567633,0.5933252872960068,0.18669864767941027,v26 main_pc0,178.2,,,,,
44,magic,CBM,1,OK,0.712,0.7170400221247679,0.681755485893417,0.6590766421274896,0.6651645576684292,0.34007677006332004,v26 main_pc0,69.1,,,,,
44,magic,CBM,2,OK,0.7,0.8439764880442847,0.7206543917507373,0.7387872642109929,0.6975501562657526,0.4590836897224699,v26 main_pc0,67.3,,,,,
44,magic,CBM,3,OK,0.637,0.6909029451402333,0.63640618249892,0.6496977598672513,0.6285301151556643,0.2857950311123816,v25(p_c=0),131.6,,,,,
44,magic,CBM,4,OK,0.699,0.7084381406415303,0.6658345823394061,0.6379417820095786,0.6433543647619895,0.3024930928580807,v26 main_pc0,66.8,,,,,
44,magic,CBM,5,OK,0.639,0.7006242345225395,0.6079292514211355,0.6106852971259751,0.6089988746532708,0.21859717529860678,v26 main_pc0,161.8,,,,,
44,magic,CBM,6,OK,0.725,0.734232810503997,0.6971306400433404,0.6789033314457043,0.6848321759988815,0.3755919500403465,v26 main_pc0,47.3,,,,,
44,magic,CBM,7,OK,0.617,0.6703980263302297,0.5803423064140911,0.58065443658664,0.5804923464497933,0.1609964404314543,v26 main_pc0,133.7,,,,,
44,magic,CBM,8,OK,0.692,0.6857582417582417,0.6590631883635834,0.6536263736263737,0.6558751497166557,0.31264229276120725,v26 main_pc0,62.2,,,,,
44,magic,CBM,9,OK,0.713,0.718687912087912,0.6822553125484722,0.6704395604395604,0.6747326177450923,0.35249689563760017,v26 main_pc0,66.3,,,,,
44,mfeat-factors,CBM_KE,0,OK,0.835,0.9883333333333333,0.8357656395891689,0.835,0.8343983971134163,0.8168709099277482,v26 main_pc0,12.3,,,,,
44,mfeat-factors,CBM_KE,1,OK,0.74,0.9691944444444445,0.7490802987861811,0.74,0.7375728722487388,0.7126966450997984,v26 main_pc0,19.5,,,,,
44,mfeat-factors,CBM_KE,2,OK,0.83,0.982861111111111,0.8454565390749602,0.8300000000000001,0.8280010904613236,0.8130557364539505,v26 main_pc0,49.3,,,,,
44,mfeat-factors,CBM_KE,3,OK,0.77,0.9771944444444445,0.7720234195890407,0.7700000000000001,0.7676208968257509,0.7451485284737271,v26 main_pc0,57.7,,,,,
44,mfeat-factors,CBM_KE,4,OK,0.715,0.9599444444444444,0.7438171829890096,0.7149999999999999,0.7153747896458893,0.6871615612328407,v26 main_pc0,58.6,,,,,
44,mfeat-factors,CBM_KE,5,OK,0.815,0.9863888888888888,0.8240981240981242,0.8150000000000001,0.8132453269167005,0.7955501435800073,v26 main_pc0,43.8,,,,,
44,mfeat-factors,CBM_KE,6,OK,0.8,0.9813055555555555,0.8075441152414836,0.8,0.8000144071539953,0.7787084579243997,v26 main_pc0,73.5,,,,,
44,mfeat-factors,CBM_KE,7,OK,0.815,0.9800833333333333,0.825267634666376,0.8150000000000001,0.8145075093701045,0.7955501435800073,v26 main_pc0,21.0,,,,,
44,mfeat-factors,CBM_KE,8,OK,0.815,0.9790277777777778,0.8225174976345053,0.8150000000000001,0.8115409936311808,0.7959271342892835,v25(p_c=0),48.7,,,,,
44,mfeat-factors,CBM_KE,9,OK,0.735,0.9688333333333332,0.7429354337326474,0.735,0.7337595411626732,0.7067738271188067,v25(p_c=0),28.9,,,,,
44,mfeat-factors,CBM,0,OK,0.795,0.9793888888888889,0.8065287081339714,0.7949999999999999,0.7952005727593634,0.7735556060591663,v26 main_pc0,49.9,,,,,
44,mfeat-factors,CBM,1,OK,0.825,0.9819722222222221,0.8321912955465587,0.825,0.8240350953394431,0.8066093171524953,v25(p_c=0),11.9,,,,,
44,mfeat-factors,CBM,2,OK,0.835,0.9875833333333333,0.8496750962203917,0.835,0.8340826059755335,0.8182136437434548,v26 main_pc0,39.2,,,,,
44,mfeat-factors,CBM,3,OK,0.745,0.9746388888888889,0.7603364389233954,0.7449999999999999,0.7359959806477945,0.7200952816470115,v26 main_pc0,8.0,,,,,
44,mfeat-factors,CBM,4,OK,0.76,0.9629444444444444,0.7625724535705691,0.76,0.757358825963477,0.7341699480068484,v25(p_c=0),12.4,,,,,
44,mfeat-factors,CBM,5,OK,0.79,0.982638888888889,0.8126267331702115,0.7899999999999999,0.7855277219840284,0.7693641701836096,v26 main_pc0,24.4,,,,,
44,mfeat-factors,CBM,6,OK,0.785,0.97725,0.7873202604667136,0.785,0.779164011313968,0.7623615625217491,v26 main_pc0,12.5,,,,,
44,mfeat-factors,CBM,7,OK,0.83,0.9751666666666668,0.8390616212992373,0.8300000000000001,0.8283220339748316,0.8123531557200793,v26 main_pc0,18.6,,,,,
44,mfeat-factors,CBM,8,OK,0.745,0.9668333333333333,0.7579225327812285,0.745,0.7459556120066719,0.7177041001663479,v26 main_pc0,43.7,,,,,
44,mfeat-factors,CBM,9,OK,0.735,0.9690277777777776,0.7448043951880269,0.735,0.7340599811624179,0.7068132313407935,v26 main_pc0,24.8,,,,,
44,optdigits,CBM_KE,0,OK,0.8790035587188612,0.9895297580918202,0.8799507880214182,0.8794307477156842,0.8786072149747529,0.8658080709737438,v26 main_pc0,261.0,,,,,
44,optdigits,CBM_KE,1,OK,0.8594306049822064,0.9887558388628743,0.8629939703977053,0.8607823045073498,0.8590238525221505,0.8445430420568176,v25(p_c=0),107.1,,,,,
44,optdigits,CBM_KE,2,OK,0.8879003558718861,0.989587691491826,0.8878393173389407,0.888462064251538,0.8876784988506596,0.8755598423801416,v26 main_pc0,225.5,,,,,
44,optdigits,CBM_KE,3,OK,0.8736654804270463,0.987878535086429,0.8742600340804906,0.873987240829346,0.8726929940227436,0.8599411373774272,v26 main_pc0,34.0,,,,,
44,optdigits,CBM_KE,4,OK,0.7295373665480427,0.9526670041820662,0.7163443045117787,0.7300341763499658,0.7201178171562936,0.700215194291539,v26 main_pc0,58.4,,,,,
44,optdigits,CBM_KE,5,OK,0.9199288256227758,0.9933663064831642,0.9210509197922401,0.9203890407837776,0.9200763151891976,0.9111811735444191,v25(p_c=0),143.4,,,,,
44,optdigits,CBM_KE,6,OK,0.7829181494661922,0.9716961365187103,0.7790048139259707,0.7837571200729095,0.7683411176385422,0.7615352141546373,v26 main_pc0,34.6,,,,,
44,optdigits,CBM_KE,7,OK,0.8505338078291815,0.9853672133400417,0.8501694544052117,0.8507416267942582,0.8497663570853258,0.8340839818153845,v26 main_pc0,207.9,,,,,
44,optdigits,CBM_KE,8,OK,0.8202846975088968,0.9782724603569839,0.827370855455413,0.8205678970152654,0.8210149689704013,0.8010108888059183,v26 main_pc0,55.0,,,,,
44,optdigits,CBM_KE,9,OK,0.8665480427046264,0.9892140031679594,0.869419175684846,0.8667213488266121,0.8672167752978014,0.8519033567605595,v26 main_pc0,135.4,,,,,
44,optdigits,CBM,0,OK,0.8665480427046264,0.9900948917295578,0.8694472139391378,0.8671098985708785,0.866824374687452,0.8520531442149745,v26 main_pc0,57.3,,,,,
44,optdigits,CBM,1,OK,0.8629893238434164,0.9882677116865434,0.8673708160862361,0.8641376167691958,0.8630325606063389,0.8484334107692253,v26 main_pc0,53.0,,,,,
44,optdigits,CBM,2,OK,0.8594306049822064,0.9876171846829574,0.8600378342230846,0.8597920938710413,0.8592781229711534,0.8439466147974255,v26 main_pc0,142.7,,,,,
44,optdigits,CBM,3,OK,0.8790035587188612,0.9869558640924764,0.8835266886245655,0.8793130553656869,0.8797495253145431,0.8659675505167166,v26 main_pc0,68.7,,,,,
44,optdigits,CBM,4,OK,0.8451957295373665,0.9808406610414085,0.8466650988581265,0.8458173843700159,0.843829246707636,0.8285672557327258,v26 main_pc0,65.3,,,,,
44,optdigits,CBM,5,OK,0.8790035587188612,0.9881764579713666,0.8827464288826272,0.8795021645021646,0.879713803625287,0.8658859099618309,v26 main_pc0,164.0,,,,,
44,optdigits,CBM,6,OK,0.6209964412811388,0.9432833740153749,0.6564181582534055,0.6221451355661882,0.583125036154988,0.5842109599582758,v25(p_c=0),16.5,,,,,
44,optdigits,CBM,7,OK,0.8576512455516014,0.9863509284103096,0.858300111506861,0.8577278423331055,0.857089755129388,0.8420397312397986,v26 main_pc0,65.8,,,,,
44,optdigits,CBM,8,OK,0.8736654804270463,0.9872355526278799,0.8791739066605329,0.8738978127136022,0.8748168135150308,0.8600653681962697,v26 main_pc0,62.3,,,,,
44,optdigits,CBM,9,OK,0.8647686832740213,0.9899299897328326,0.8682396060150263,0.8650609478241057,0.8654019767655143,0.85000373669953,v26 main_pc0,56.2,,,,,
44,page-blocks,CBM_KE,0,OK,0.9434306569343066,0.9733075507204761,0.5804726263560676,0.4362804878048781,0.48718863561281794,0.6544007662440066,v26 main_pc0,31.4,,,,,
44,page-blocks,CBM_KE,1,OK,0.9124087591240876,0.8966025071543371,0.5249193817413544,0.3040239461828057,0.3437310924369748,0.40019057953775466,v26 main_pc0,125.5,,,,,
44,page-blocks,CBM_KE,2,OK,0.9178832116788321,0.9716925479612485,0.5028747072599532,0.5204293443600979,0.5097029210049699,0.5842867464074802,v25(p_c=0),110.7,,,,,
44,page-blocks,CBM_KE,3,OK,0.926873857404022,0.9682359380670901,0.6798976327575176,0.39392293608179557,0.4652305310221635,0.5275476862726788,v26 main_pc0,82.9,,,,,
44,page-blocks,CBM_KE,4,OK,0.9159049360146252,0.9065426810697502,0.437732050995303,0.31311485527371474,0.3484837758112095,0.4269980954443934,v26 main_pc0,132.1,,,,,
44,page-blocks,CBM_KE,5,OK,0.9177330895795247,0.9381682878634543,0.90960606891509,0.4193708983933016,0.5133149298366689,0.4580017616584202,v25(p_c=0),49.9,,,,,
44,page-blocks,CBM_KE,6,OK,0.9414990859232175,0.97953170340783,0.5648832684824903,0.4836264889218046,0.5121904263145425,0.6445893993560452,v26 main_pc0,23.7,,,,,
44,page-blocks,CBM_KE,7,OK,0.943327239488117,0.9680868321664787,0.6047376623376624,0.5656236499413689,0.5836099366110548,0.6805999732216474,v25(p_c=0),97.4,,,,,
44,page-blocks,CBM_KE,8,OK,0.9213893967093236,0.8994751789186365,0.3477826245001817,0.30099778270509975,0.31765820939049283,0.46698718546187923,v26 main_pc0,87.8,,,,,
44,page-blocks,CBM_KE,9,OK,0.9451553930530164,0.977766244742676,0.5346978557504873,0.42716186252771615,0.46533996683250417,0.6632735616102823,v25(p_c=0),117.1,,,,,
44,page-blocks,CBM,0,OK,0.6003649635036497,0.4421975330982229,0.27477203647416415,0.23892276422764228,0.2488198307930342,0.1571363038142076,v25(p_c=0),6.7,,,,,
44,page-blocks,CBM,1,OK,0.5602189781021898,0.4042123814991716,0.26779994546984837,0.2423686971548479,0.23413043478260867,0.13148910150670862,v25(p_c=0),14.7,,,,,
44,page-blocks,CBM,2,OK,0.6186131386861314,0.4643680943636497,0.2979895685158843,0.2610565944578165,0.26223302329061704,0.15644890015152244,v25(p_c=0),15.1,,,,,
44,page-blocks,CBM,3,OK,0.5959780621572212,0.46476246034151175,0.28378006621871654,0.3008084922545208,0.25105838385185114,0.15801336898650437,v25(p_c=0),13.4,,,,,
44,page-blocks,CBM,4,OK,0.5685557586837294,0.4573816079567803,0.28733352257942424,0.2583348762574832,0.25074849064217924,0.1586402434993588,v25(p_c=0),13.0,,,,,
44,page-blocks,CBM,5,OK,0.5978062157221207,0.40867967043367714,0.2811395226855494,0.26001357773251865,0.2433211233211233,0.1548671363435148,v25(p_c=0),12.8,,,,,
44,page-blocks,CBM,6,OK,0.5557586837294333,0.42098018916419233,0.27376965169908973,0.23770906622230453,0.2388208536405258,0.1464831166659139,v25(p_c=0),12.5,,,,,
44,page-blocks,CBM,7,OK,0.6325411334552102,0.43722754284598475,0.27909424022324514,0.2911806455594643,0.2540583788538887,0.17075097148244267,v25(p_c=0),7.6,,,,,
44,page-blocks,CBM,8,OK,0.5594149908592322,0.49300105211803286,0.2697470610356273,0.2685883222468588,0.23332576862808665,0.14644673416454457,v25(p_c=0),12.0,,,,,
44,page-blocks,CBM,9,OK,0.5795246800731262,0.4447577793562213,0.27170166013164126,0.30062823355506285,0.24618895659135384,0.1728277359411238,v25(p_c=0),11.0,,,,,
44,pendigits,CBM_KE,0,OK,0.826,0.9808513180033971,0.8340225259953804,0.8228529910580598,0.8144518821282161,0.8090381319708708,v26 main_pc0,314.5,,,,,
44,pendigits,CBM_KE,1,OK,0.776,0.970994707516158,0.778693013129148,0.7744081881858315,0.7483438816618192,0.7566268811625179,v26 main_pc0,243.3,,,,,
44,pendigits,CBM_KE,2,OK,0.764,0.9723542280576714,0.7913806638060127,0.7591035191884675,0.7288814839165498,0.7424406708899086,v26 main_pc0,86.8,,,,,
44,pendigits,CBM_KE,3,OK,0.85,0.9901861922871594,0.8565538463592126,0.8478586124545398,0.8378710995989275,0.8356370043479199,v26 main_pc0,610.2,,,,,
44,pendigits,CBM_KE,4,OK,0.842,0.9873934685042391,0.8564610458147239,0.8400438982304387,0.8244806191684534,0.8289125215398966,v26 main_pc0,577.8,,,,,
44,pendigits,CBM_KE,5,OK,0.859,0.989579071550958,0.867806691201402,0.8568384149018344,0.847515741749745,0.8456705341897207,v26 main_pc0,496.4,,,,,
44,pendigits,CBM_KE,6,OK,0.839,0.9877654272046005,0.864502139032606,0.8356814473950982,0.808300729511485,0.8260513686868989,v26 main_pc0,59.9,,,,,
44,pendigits,CBM_KE,7,OK,0.848,0.987916859874067,0.8612175033934749,0.8450769614476819,0.8285006784336879,0.8353260032377389,v26 main_pc0,529.2,,,,,
44,pendigits,CBM_KE,8,OK,0.817,0.9835653416191,0.8328404639021925,0.8154426774607074,0.8052509105136678,0.7998020584198601,v26 main_pc0,163.8,,,,,
44,pendigits,CBM_KE,9,OK,0.734,0.9725639077377094,0.7374768993797208,0.7324757734776027,0.7047772639810024,0.7098957713045935,v25(p_c=0),68.7,,,,,
44,pendigits,CBM,0,OK,0.837,0.9879014975573492,0.8499325469556667,0.8342421935525663,0.8226216839165694,0.8228573700394061,v26 main_pc0,144.7,,,,,
44,pendigits,CBM,1,OK,0.857,0.9913798115496328,0.8781432546467742,0.8545855559211889,0.8462704412763091,0.8441290302093619,v26 main_pc0,124.9,,,,,
44,pendigits,CBM,2,OK,0.751,0.9646929808809978,0.7616180937961605,0.7498817109693745,0.7398244315577095,0.726288449216802,v25(p_c=0),32.6,,,,,
44,pendigits,CBM,3,OK,0.853,0.989874718891196,0.8642506547997801,0.8502690793960224,0.8419416975229014,0.8389258171820326,v25(p_c=0),449.6,,,,,
44,pendigits,CBM,4,OK,0.851,0.9888376715298414,0.8666631710557814,0.8483964538275763,0.831486531794507,0.8388981397555475,v26 main_pc0,113.4,,,,,
44,pendigits,CBM,5,OK,0.847,0.9886593563374909,0.8570341993370209,0.8451406794614001,0.8365769722369366,0.8328859391361795,v26 main_pc0,128.6,,,,,
44,pendigits,CBM,6,OK,0.771,0.9747880327610942,0.7874067256499295,0.7677732720316802,0.7426125069253198,0.7502448806557639,v26 main_pc0,74.9,,,,,
44,pendigits,CBM,7,OK,0.681,0.9629221396512424,0.745639250252232,0.6815118628816252,0.6632143320988477,0.655579997275137,v26 main_pc0,47.8,,,,,
44,pendigits,CBM,8,OK,0.842,0.985654419321469,0.8624917932840661,0.8409803047366691,0.8298888477270804,0.8286818739929254,v26 main_pc0,130.0,,,,,
44,pendigits,CBM,9,OK,0.732,0.9646171497051622,0.7577406032385372,0.7324947660625428,0.7174389948672407,0.7068406317630697,v25(p_c=0),37.7,,,,,
44,phoneme,CBM_KE,0,OK,0.7818853974121996,0.8260644077842537,0.743890921969071,0.7721195956402911,0.7530024452904943,0.5152378055483171,v25(p_c=0),18.2,,,,,
44,phoneme,CBM_KE,1,OK,0.7153419593345656,0.736647568243933,0.6513652482269503,0.6405545128255787,0.6448678601875533,0.29171951407653074,v26 main_pc0,85.2,,,,,
44,phoneme,CBM_KE,2,OK,0.7855822550831792,0.8381573314893478,0.7510341635569441,0.7857519180743522,0.76052446805263,0.5356621836142156,v25(p_c=0),14.4,,,,,
44,phoneme,CBM_KE,3,OK,0.8040665434380776,0.8719582468965063,0.7694129477949107,0.8043481840034246,0.7799800491098834,0.572696573792407,v26 main_pc0,72.1,,,,,
44,phoneme,CBM_KE,4,OK,0.7833333333333333,0.8255020213400491,0.7415851586536254,0.7614984425740605,0.749284719383807,0.502689338406656,v25(p_c=0),13.5,,,,,
44,phoneme,CBM_KE,5,OK,0.8166666666666667,0.8837646629995362,0.7831452493629414,0.8221717807674465,0.7945987067325979,0.6040576436172347,v26 main_pc0,73.3,,,,,
44,phoneme,CBM_KE,6,OK,0.8037037037037037,0.8485568957518722,0.7679411764705882,0.8018755384717344,0.7785481050465033,0.5688053689121045,v25(p_c=0),14.1,,,,,
44,phoneme,CBM_KE,7,OK,0.7814814814814814,0.8343163894227582,0.7428808732795444,0.771323480681291,0.7520661157024793,0.5134171166960352,v25(p_c=0),15.4,,,,,
44,phoneme,CBM_KE,8,OK,0.7981481481481482,0.8408937090410868,0.7605064655172413,0.7873272916357154,0.7699693995990293,0.5471768167262273,v25(p_c=0),18.1,,,,,
44,phoneme,CBM_KE,9,OK,0.8203703703703704,0.8722824741246966,0.788961038961039,0.8305600950824543,0.8003499022331996,0.6181229279490797,v25(p_c=0),17.6,,,,,
44,phoneme,CBM,0,OK,0.7707948243992606,0.8296288978892951,0.7411552601809954,0.7807879745793408,0.7485230169440695,0.5204363441012769,v25(p_c=0),12.1,,,,,
44,phoneme,CBM,1,OK,0.756007393715342,0.8299581810398762,0.731892035003623,0.7739882775198393,0.735980479148181,0.5041257749459471,v25(p_c=0),16.6,,,,,
44,phoneme,CBM,2,OK,0.7929759704251387,0.8657677236655801,0.761706377514624,0.8020020415555336,0.7711713344814043,0.562266343639808,v25(p_c=0),17.6,,,,,
44,phoneme,CBM,3,OK,0.7800369685767098,0.8611742237149725,0.7529779463407782,0.7965112450195924,0.7600886917960088,0.547762013403645,v25(p_c=0),14.1,,,,,
44,phoneme,CBM,4,OK,0.7962962962962963,0.8523924713367352,0.7670454545454546,0.8114851878852144,0.7761497761497762,0.5768213019054805,v25(p_c=0),15.3,,,,,
44,phoneme,CBM,5,OK,0.762962962962963,0.8381188282855061,0.7289749194661759,0.7638014447610842,0.7368861819566045,0.4915441569960122,v25(p_c=0),107.2,,,,,
44,phoneme,CBM,6,OK,0.75,0.7595847968718935,0.7063492063492063,0.7268042945191862,0.7133881919080326,0.4326702493614541,v26 main_pc0,28.2,,,,,
44,phoneme,CBM,7,OK,0.7574074074074074,0.8497249652064418,0.7202402621041135,0.7505964609980781,0.7282063695148518,0.4698571282957405,v25(p_c=0),105.4,,,,,
44,phoneme,CBM,8,OK,0.7481481481481481,0.8116426484425296,0.728708419489585,0.7720497202000693,0.73,0.49887898945352127,v25(p_c=0),109.7,,,,,
44,phoneme,CBM,9,OK,0.725925925925926,0.8224467224615791,0.7112159980126693,0.7526370524439162,0.7085084033613445,0.46199994444554127,v25(p_c=0),101.3,,,,,
44,satimage,CBM_KE,0,OK,0.8258164852255054,0.967216373196695,0.7920072949058458,0.7748500709586795,0.7808223214744808,0.7846177433995297,v25(p_c=0),99.3,,,,,
44,satimage,CBM_KE,1,OK,0.7667185069984448,0.9513307293612074,0.8499630821726861,0.6519620311721576,0.635637928114309,0.7185331519463157,v26 main_pc0,79.6,,,,,
44,satimage,CBM_KE,2,OK,0.807153965785381,0.947840842327644,0.7717654526071924,0.7300360219045082,0.7343864704572954,0.762138492343622,v25(p_c=0),35.8,,,,,
44,satimage,CBM_KE,3,OK,0.8164852255054432,0.9713402272360717,0.768099097381134,0.7426338901016739,0.742661674421159,0.7746809423232427,v26 main_pc0,80.4,,,,,
44,satimage,CBM_KE,4,OK,0.7853810264385692,0.9475186811490824,0.7272866369448591,0.6990756390384986,0.6890774902683212,0.7360501602673651,v26 main_pc0,64.8,,,,,
44,satimage,CBM_KE,5,OK,0.776049766718507,0.9364022244676059,0.7429217965923679,0.6782722523964398,0.6737701302256504,0.726243970054468,v26 main_pc0,95.9,,,,,
44,satimage,CBM_KE,6,OK,0.8087091757387247,0.9434440000952621,0.7935714267275206,0.7550347351235126,0.7666463939249399,0.7636669580315115,v25(p_c=0),33.8,,,,,
44,satimage,CBM_KE,7,OK,0.7931570762052877,0.9528341455763408,0.7659479725925008,0.7391056250356166,0.7458875922293483,0.7448236811392279,v26 main_pc0,151.6,,,,,
44,satimage,CBM_KE,8,OK,0.7900466562986003,0.9486146187052672,0.7475429840043706,0.7072518224817314,0.7010064443984495,0.7428979634081667,v25(p_c=0),32.2,,,,,
44,satimage,CBM_KE,9,OK,0.8289269051321928,0.9602169139027606,0.8088703779880251,0.7772582819777166,0.7851169517403161,0.7889697360487817,v25(p_c=0),27.8,,,,,
44,satimage,CBM,0,OK,0.833592534992224,0.9637826049623861,0.8214167926510657,0.8194205961601271,0.8173242043672007,0.7969126375067992,v26 main_pc0,20.1,,,,,
44,satimage,CBM,1,OK,0.7480559875583204,0.9492052891100821,0.7258118601082192,0.7085381933349364,0.714103615039666,0.6900095062639122,v25(p_c=0),18.3,,,,,
44,satimage,CBM,2,OK,0.7931570762052877,0.9699415010542635,0.8020170679593334,0.8051535928087626,0.7834668209579942,0.7579968674016525,v26 main_pc0,203.4,,,,,
44,satimage,CBM,3,OK,0.8289269051321928,0.978739742611641,0.8225604823706544,0.8407458028225615,0.817878604989104,0.7972616160169069,v26 main_pc0,203.0,,,,,
44,satimage,CBM,4,OK,0.7107309486780715,0.9445313287617854,0.7734755387545641,0.6131245042445409,0.5967119116537228,0.6504055570586106,v26 main_pc0,14.7,,,,,
44,satimage,CBM,5,OK,0.8227060653188181,0.9637504809975527,0.8086787806075219,0.8106100362642658,0.8021600279836725,0.7856113108209171,v26 main_pc0,146.1,,,,,
44,satimage,CBM,6,OK,0.8211508553654744,0.9710289321033656,0.7990586329172805,0.8154720005139927,0.7999937104783162,0.7848442710512611,v26 main_pc0,163.8,,,,,
44,satimage,CBM,7,OK,0.749611197511664,0.9457179994378317,0.7187644084407121,0.7284091696146376,0.7197875499343581,0.6952061179816932,v25(p_c=0),18.7,,,,,
44,satimage,CBM,8,OK,0.8040435458786936,0.9644885162205884,0.7970748423864339,0.7976386313523843,0.788864812187449,0.7637882133608069,v26 main_pc0,74.0,,,,,
44,satimage,CBM,9,OK,0.8522550544323484,0.9761608470877677,0.8285393306656652,0.8409443720279518,0.8298874289193412,0.8207953557810173,v26 main_pc0,46.9,,,,,
44,segment,CBM_KE,0,OK,0.8181818181818182,0.9732388823297914,0.8236346986346987,0.8181818181818181,0.8123441155481567,0.7902841603584791,v26 main_pc0,13.6,,,,,
44,segment,CBM_KE,1,OK,0.8181818181818182,0.9754908391272028,0.8287950979680303,0.8181818181818182,0.8067879845437776,0.7927818875734007,v26 main_pc0,26.1,,,,,
44,segment,CBM_KE,2,OK,0.7532467532467533,0.9742883379247014,0.6860943462750955,0.7532467532467534,0.7073537248641599,0.7294894244299639,v26 main_pc0,48.6,,,,,
44,segment,CBM_KE,3,OK,0.8614718614718615,0.9816782544055273,0.8560677417820274,0.8614718614718614,0.8558173570730696,0.8393938180758935,v26 main_pc0,77.4,,,,,
44,segment,CBM_KE,4,OK,0.670995670995671,0.9787703878612969,0.6581742939069607,0.670995670995671,0.6214688548811707,0.6403036969700122,v26 main_pc0,61.8,,,,,
44,segment,CBM_KE,5,OK,0.8354978354978355,0.9806725261270717,0.8364239217954389,0.8354978354978355,0.7925953023683961,0.8201847198091816,v26 main_pc0,46.3,,,,,
44,segment,CBM_KE,6,OK,0.7316017316017316,0.9710962438235164,0.6965700314036908,0.7316017316017317,0.6965907011966946,0.7094063036566356,v26 main_pc0,67.7,,,,,
44,segment,CBM_KE,7,OK,0.8398268398268398,0.9805850714941623,0.8378944984587242,0.8398268398268398,0.8136659533339593,0.8210683613267488,v26 main_pc0,43.2,,,,,
44,segment,CBM_KE,8,OK,0.8138528138528138,0.9663518299881938,0.8355650806308701,0.8138528138528137,0.8108731313216536,0.786499547597453,v26 main_pc0,37.0,,,,,
44,segment,CBM_KE,9,OK,0.9090909090909091,0.9891993528357165,0.910928155045802,0.9090909090909092,0.9086395238389537,0.8944088383167363,v26 main_pc0,26.4,,,,,
44,segment,CBM,0,OK,0.8268398268398268,0.9770868861777952,0.8152733023033775,0.8268398268398268,0.8142046651769739,0.8005745189957991,v26 main_pc0,19.5,,,,,
44,segment,CBM,1,OK,0.6493506493506493,0.9592024137478683,0.517872525359604,0.6493506493506495,0.5652750167334858,0.6185172583749623,v26 main_pc0,38.6,,,,,
44,segment,CBM,2,OK,0.8658008658008658,0.9791857973676156,0.8599049178704199,0.8658008658008658,0.8597671120724735,0.8445429589804633,v26 main_pc0,29.4,,,,,
44,segment,CBM,3,OK,0.9264069264069265,0.9918229918229918,0.9342918985776129,0.9264069264069263,0.9258601048074732,0.9157646318994708,v26 main_pc0,34.7,,,,,
44,segment,CBM,4,OK,0.8268398268398268,0.9776553412917048,0.8230752222882453,0.8268398268398268,0.8227194743344265,0.798941103951754,v25(p_c=0),44.3,,,,,
44,segment,CBM,5,OK,0.8181818181818182,0.9839302112029384,0.8624433281468727,0.8181818181818182,0.8119073583198535,0.7958000028522333,v26 main_pc0,17.2,,,,,
44,segment,CBM,6,OK,0.6623376623376623,0.9654554200008746,0.6531631275992178,0.6623376623376623,0.622329902042963,0.6317039506249382,v26 main_pc0,23.8,,,,,
44,segment,CBM,7,OK,0.8441558441558441,0.972320608684245,0.8572626150773789,0.844155844155844,0.8399494514701888,0.8225636622902123,v26 main_pc0,10.6,,,,,
44,segment,CBM,8,OK,0.7272727272727273,0.960230005684551,0.6559668401773665,0.7272727272727272,0.6800908931890065,0.6971210683035891,v25(p_c=0),62.2,,,,,
44,segment,CBM,9,OK,0.922077922077922,0.9910359001268091,0.9265508353879186,0.9220779220779222,0.9232703406664627,0.9094289904907187,v26 main_pc0,31.5,,,,,
44,spambase,CBM_KE,0,OK,0.8872017353579176,0.9439225648903069,0.8916632059800664,0.8714699279215408,0.879149021980238,0.7628659197917675,v26 main_pc0,67.1,,,,,
44,spambase,CBM_KE,1,OK,0.8760869565217392,0.9380383769975642,0.8709658140090843,0.8687399750490108,0.8698106743330404,0.739702440179146,v25(p_c=0),16.3,,,,,
44,spambase,CBM_KE,2,OK,0.8521739130434782,0.9141072100437633,0.8440024134373966,0.8499970296441514,0.8465583549171964,0.693973552503287,v26 main_pc0,72.2,,,,,
44,spambase,CBM_KE,3,OK,0.7978260869565217,0.8304421869739995,0.7987741034813716,0.7712330937246282,0.7793833253399756,0.5693414596252573,v26 main_pc0,52.2,,,,,
44,spambase,CBM_KE,4,OK,0.7891304347826087,0.8414226024277709,0.7842864372469636,0.7669755836749242,0.7728926915422633,0.5509901542309911,v26 main_pc0,60.1,,,,,
44,spambase,CBM_KE,5,OK,0.9,0.9606526861918058,0.895842859699,0.8942751341610725,0.8950396825396825,0.7901164385444105,v26 main_pc0,89.7,,,,,
44,spambase,CBM_KE,6,OK,0.8913043478260869,0.9432563021049921,0.892552645095018,0.8783738291847363,0.8841916577712433,0.7707960754471931,v26 main_pc0,68.0,,,,,
44,spambase,CBM_KE,7,OK,0.8782608695652174,0.940424562862631,0.8720285652285416,0.8734430384760095,0.8727172108467072,0.745470261777938,v26 main_pc0,15.1,,,,,
44,spambase,CBM_KE,8,OK,0.8717391304347826,0.9355186180725749,0.8692709281855158,0.8606806862202545,0.8644023762059645,0.7299010666635367,v26 main_pc0,82.9,,,,,
44,spambase,CBM_KE,9,OK,0.8065217391304348,0.8805636809233932,0.8448462789437001,0.764032729860068,0.7771499801318376,0.6034921852405104,v26 main_pc0,55.3,,,,,
44,spambase,CBM,0,OK,0.8763557483731019,0.9461577848674623,0.8690066506844019,0.8758812871716097,0.8718976234003657,0.7448562138671799,v26 main_pc0,28.8,,,,,
44,spambase,CBM,1,OK,0.8913043478260869,0.9603754529792669,0.8839864537977746,0.8929285728430266,0.8875547559449312,0.7768635640363483,v25(p_c=0),13.4,,,,,
44,spambase,CBM,2,OK,0.8065217391304348,0.8743440464167607,0.7969727784730913,0.8007188261153686,0.7986415435842199,0.5976798652477677,v26 main_pc0,51.2,,,,,
44,spambase,CBM,3,OK,0.8978260869565218,0.9431572902433711,0.8961563307493541,0.8886017544901879,0.8919815539267852,0.7847217218392623,v26 main_pc0,21.1,,,,,
44,spambase,CBM,4,OK,0.8717391304347826,0.9407513020059802,0.8647084216309552,0.868066694389988,0.8662731398219274,0.7327674205800792,v25(p_c=0),69.4,,,,,
44,spambase,CBM,5,OK,0.8521739130434782,0.9511673498485119,0.8500236406619386,0.8664924057902137,0.850108297713289,0.7163267582595059,v25(p_c=0),12.9,,,,,
44,spambase,CBM,6,OK,0.8630434782608696,0.9089189884948218,0.8633068191233739,0.8473138081942218,0.8535705443355852,0.7104406376120901,v25(p_c=0),56.5,,,,,
44,spambase,CBM,7,OK,0.8434782608695652,0.9391770134062061,0.8355983209062505,0.8467098358383334,0.8390858208955223,0.6822176742038467,v26 main_pc0,61.6,,,,,
44,spambase,CBM,8,OK,0.8608695652173913,0.9303008142936199,0.8531617192331478,0.861174796426595,0.8563033249380113,0.7142915708580032,v26 main_pc0,23.1,,,,,
44,spambase,CBM,9,OK,0.8434782608695652,0.9283836666930192,0.8354537743850721,0.843940232429441,0.8385964912280701,0.6793410016518507,v26 main_pc0,52.9,,,,,
44,tic-tac-toe,CBM_KE,0,OK,0.6875,0.7001897533206831,0.65625,0.6518026565464896,0.6536796536796536,0.30802055181684873,v26 main_pc0,13.8,,,,,
44,tic-tac-toe,CBM_KE,1,OK,0.6770833333333334,0.7042220113851994,0.641533710756562,0.6304554079696394,0.633813215208564,0.27176341165215195,v26 main_pc0,14.0,,,,,
44,tic-tac-toe,CBM_KE,2,OK,0.65625,0.6916786916786917,0.6102941176470589,0.601010101010101,0.603553998248029,0.21110016546037452,v26 main_pc0,8.3,,,,,
44,tic-tac-toe,CBM_KE,3,OK,0.6979166666666666,0.7087542087542088,0.6640625,0.6616161616161615,0.6627498485766202,0.3256694736394648,v26 main_pc0,35.8,,,,,
44,tic-tac-toe,CBM_KE,4,OK,0.7395833333333334,0.639009139009139,0.7797619047619048,0.6356421356421357,0.63718820861678,0.3896023728532285,v26 main_pc0,7.4,,,,,
44,tic-tac-toe,CBM_KE,5,OK,0.65625,0.6382876382876382,0.5892857142857143,0.5432900432900433,0.5210884353741496,0.12434118282549846,v26 main_pc0,13.9,,,,,
44,tic-tac-toe,CBM_KE,6,OK,0.5833333333333334,0.6455026455026456,0.5320099255583126,0.531024531024531,0.53125,0.06302675395661114,v25(p_c=0),7.5,,,,,
44,tic-tac-toe,CBM_KE,7,OK,0.7916666666666666,0.8645983645983645,0.7700412276683464,0.7835497835497836,0.775175644028103,0.5534261708841657,v26 main_pc0,14.2,,,,,
44,tic-tac-toe,CBM_KE,8,OK,0.7263157894736842,0.7438905180840665,0.7,0.7052785923753666,0.7022661523625844,0.4052442151348903,v26 main_pc0,15.2,,,,,
44,tic-tac-toe,CBM_KE,9,OK,0.6210526315789474,0.6769305962854351,0.5968406593406593,0.6033724340175952,0.597457627118644,0.20010651831374943,v26 main_pc0,17.6,,,,,
44,tic-tac-toe,CBM,0,OK,0.6458333333333334,0.6681688804554079,0.6166666666666667,0.6195445920303606,0.6177985948477751,0.23619372616738768,v26 main_pc0,11.1,,,,,
44,tic-tac-toe,CBM,1,OK,0.7291666666666666,0.7507115749525617,0.7078039927404718,0.7172675521821632,0.711111111111111,0.4249661861202716,v26 main_pc0,4.5,,,,,
44,tic-tac-toe,CBM,2,OK,0.6354166666666666,0.7392977392977393,0.6354166666666666,0.65007215007215,0.6262929596262929,0.2851124011492332,v26 main_pc0,4.9,,,,,
44,tic-tac-toe,CBM,3,OK,0.6770833333333334,0.6226551226551226,0.6355042016806722,0.624098124098124,0.6275810286572394,0.25935163185131727,v26 main_pc0,4.1,,,,,
44,tic-tac-toe,CBM,4,OK,0.7083333333333334,0.5983645983645983,0.6731078904991948,0.6551226551226551,0.6606060606060606,0.3277374290307224,v26 main_pc0,4.3,,,,,
44,tic-tac-toe,CBM,5,OK,0.5625,0.43626743626743625,0.3103448275862069,0.42857142857142855,0.36,-0.2327814256297667,v26 main_pc0,5.7,,,,,
44,tic-tac-toe,CBM,6,OK,0.6458333333333334,0.5832130832130832,0.5958132045088567,0.5858585858585859,0.5878787878787879,0.18139885606816727,v26 main_pc0,4.6,,,,,
44,tic-tac-toe,CBM,7,OK,0.8020833333333334,0.7306397306397306,0.7867647058823529,0.7626262626262625,0.7717432111125015,0.5488604301969737,v26 main_pc0,4.4,,,,,
44,tic-tac-toe,CBM,8,OK,0.6526315789473685,0.6803519061583577,0.6479591836734694,0.6630009775171066,0.6424905918576804,0.3105961466046134,v26 main_pc0,5.2,,,,,
44,tic-tac-toe,CBM,9,OK,0.6421052631578947,0.6793743890518085,0.6185897435897436,0.6265884652981427,0.6198210922787194,0.24504769854969788,v26 main_pc0,6.3,,,,,
44,vehicle,CBM_KE,0,OK,0.6235294117647059,0.837003049034299,0.6328983516483517,0.6254329004329005,0.589170692431562,0.513803971465059,v26 main_pc0,19.2,,,,,
44,vehicle,CBM_KE,1,OK,0.4117647058823529,0.7007225933788434,0.4527777777777778,0.4264069264069264,0.33861236802413275,0.25539036383905506,v26 main_pc0,19.2,,,,,
44,vehicle,CBM_KE,2,OK,0.5529411764705883,0.849771756021756,0.5423136645962733,0.5566017316017317,0.531352931488801,0.4138780968629687,v26 main_pc0,13.8,,,,,
44,vehicle,CBM_KE,3,OK,0.5882352941176471,0.8604537996725496,0.5772966507177033,0.589556277056277,0.5813737119134109,0.4519898352046096,v25(p_c=0),25.4,,,,,
44,vehicle,CBM_KE,4,OK,0.25882352941176473,0.4147530941280942,0.16498447204968944,0.26022727272727275,0.19818181818181818,0.02107653032240239,v25(p_c=0),6.6,,,,,
44,vehicle,CBM_KE,5,OK,0.5529411764705883,0.7661836861055611,0.5411490683229814,0.5550324675324675,0.5187307739633321,0.4206662440923784,v26 main_pc0,12.5,,,,,
44,vehicle,CBM_KE,6,OK,0.5833333333333334,0.8484401804745806,0.5804298642533936,0.5824675324675325,0.5726782990083905,0.4488753972313296,v25(p_c=0),7.9,,,,,
44,vehicle,CBM_KE,7,OK,0.5,0.7300553358975624,0.49850226401950537,0.5095978582820688,0.4921236643620365,0.34182046201357374,v26 main_pc0,16.6,,,,,
44,vehicle,CBM_KE,8,OK,0.5357142857142857,0.8030458975348448,0.509283200459671,0.5431277056277056,0.5157402110348335,0.38793852813864715,v26 main_pc0,13.5,,,,,
44,vehicle,CBM_KE,9,OK,0.5,0.7858316269903611,0.524198717948718,0.5021103896103896,0.49595951902597546,0.33951031664616527,v25(p_c=0),8.0,,,,,
44,vehicle,CBM,0,OK,0.5647058823529412,0.8319549547674547,0.5458572796934866,0.568560606060606,0.5468142968142968,0.4252919933379949,v26 main_pc0,5.3,,,,,
44,vehicle,CBM,1,OK,0.5176470588235295,0.8140756118881118,0.5110563765736179,0.5213744588744589,0.5014892443463872,0.3647481002371851,v26 main_pc0,6.8,,,,,
44,vehicle,CBM,2,OK,0.49411764705882355,0.7983960657398157,0.4658025265442145,0.4997835497835498,0.4546634674541651,0.34329054692328775,v26 main_pc0,5.8,,,,,
44,vehicle,CBM,3,OK,0.5176470588235295,0.8406195540570541,0.5253493788819876,0.517965367965368,0.4834166389783742,0.37629318538344375,v26 main_pc0,7.8,,,,,
44,vehicle,CBM,4,OK,0.6823529411764706,0.872939439033189,0.6945855102751655,0.6856060606060606,0.6599649337491283,0.5895729923146187,v26 main_pc0,6.8,,,,,
44,vehicle,CBM,5,OK,0.47058823529411764,0.7364339913558664,0.47667610167610164,0.47196969696969693,0.45247529273622755,0.30224795024806334,v26 main_pc0,10.7,,,,,
44,vehicle,CBM,6,OK,0.6428571428571429,0.8829619857575647,0.6338887972281801,0.641504329004329,0.6297449928092883,0.527937639198395,v25(p_c=0),16.4,,,,,
44,vehicle,CBM,7,OK,0.5595238095238095,0.8096966632104882,0.5380434782608695,0.5696343130553656,0.5445050753975239,0.4187064128923698,v26 main_pc0,7.8,,,,,
44,vehicle,CBM,8,OK,0.5595238095238095,0.8344962562452481,0.5439910161878125,0.5647186147186147,0.547496376126552,0.41669402979312925,v25(p_c=0),5.9,,,,,
44,vehicle,CBM,9,OK,0.7261904761904762,0.8942945270575239,0.7129826695044087,0.7331709956709958,0.7116077185226122,0.6424732311757904,v26 main_pc0,4.2,,,,,
44,wdbc,CBM_KE,0,OK,0.9473684210526315,0.9986772486772487,0.9615384615384616,0.9285714285714286,0.9415384615384615,0.8894991799933214,v26 main_pc0,9.4,,,,,
44,wdbc,CBM_KE,1,OK,0.9298245614035088,0.9947089947089947,0.9199999999999999,0.9444444444444444,0.9271099744245523,0.8640987597877147,v26 main_pc0,19.2,,,,,
44,wdbc,CBM_KE,2,OK,0.9473684210526315,0.9828042328042328,0.9479729729729729,0.9384920634920635,0.942866688940862,0.8864143349643965,v26 main_pc0,12.5,,,,,
44,wdbc,CBM_KE,3,OK,0.9298245614035088,0.9378306878306878,0.9342105263157894,0.9146825396825397,0.922972972972973,0.8486684247915055,v25(p_c=0),11.1,,,,,
44,wdbc,CBM_KE,4,OK,0.8245614035087719,0.9775132275132276,0.8387096774193548,0.8611111111111112,0.8232009925558312,0.6994621589678437,v26 main_pc0,13.6,,,,,
44,wdbc,CBM_KE,5,OK,0.9473684210526315,0.9894179894179894,0.9479729729729729,0.9384920634920635,0.942866688940862,0.8864143349643965,v26 main_pc0,8.5,,,,,
44,wdbc,CBM_KE,6,OK,0.9473684210526315,0.9894179894179894,0.9402597402597402,0.9484126984126984,0.9439895185063871,0.8886350389948482,v26 main_pc0,9.0,,,,,
44,wdbc,CBM_KE,7,OK,0.9649122807017544,0.9987012987012986,0.9583333333333333,0.9714285714285714,0.9635549872122762,0.9296696802013683,v26 main_pc0,9.0,,,,,
44,wdbc,CBM_KE,8,OK,0.8596491228070176,0.951948051948052,0.8503787878787878,0.8603896103896104,0.8542199488491049,0.7106978960217072,v26 main_pc0,5.8,,,,,
44,wdbc,CBM_KE,9,OK,0.875,0.9782312925170067,0.867948717948718,0.8904761904761904,0.8716857610474632,0.7580902681744798,v26 main_pc0,15.4,,,,,
44,wdbc,CBM,0,OK,0.9649122807017544,0.9986772486772487,0.9736842105263157,0.9523809523809523,0.9614864864864865,0.9258200997725514,v26 main_pc0,3.0,,,,,
44,wdbc,CBM,1,OK,0.9649122807017544,1.0,0.9565217391304348,0.9722222222222222,0.9629870129870131,0.9286112429750731,v26 main_pc0,7.3,,,,,
44,wdbc,CBM,2,OK,0.9122807017543859,0.9880952380952381,0.9094594594594595,0.9007936507936507,0.9047778149014367,0.810206767705014,v26 main_pc0,1.8,,,,,
44,wdbc,CBM,3,OK,0.9298245614035088,0.9246031746031745,0.9342105263157894,0.9146825396825397,0.922972972972973,0.8486684247915055,v26 main_pc0,7.6,,,,,
44,wdbc,CBM,4,OK,0.8771929824561403,0.9973544973544973,0.875,0.9027777777777778,0.8747252747252747,0.7772815877574013,v26 main_pc0,7.2,,,,,
44,wdbc,CBM,5,OK,0.9649122807017544,0.9907407407407407,0.9623015873015872,0.9623015873015872,0.9623015873015872,0.9246031746031746,v25(p_c=0),2.7,,,,,
44,wdbc,CBM,6,OK,0.9473684210526315,0.9788359788359788,0.9375,0.9583333333333333,0.9449275362318841,0.8955910525085281,v26 main_pc0,10.7,,,,,
44,wdbc,CBM,7,OK,0.9649122807017544,1.0,0.9583333333333333,0.9714285714285714,0.9635549872122762,0.9296696802013683,v26 main_pc0,2.5,,,,,
44,wdbc,CBM,8,OK,0.8947368421052632,0.9571428571428572,0.888961038961039,0.888961038961039,0.888961038961039,0.7779220779220779,v26 main_pc0,9.0,,,,,
44,wdbc,CBM,9,OK,0.9285714285714286,0.9877551020408164,0.919631093544137,0.9333333333333333,0.9251336898395721,0.8528543616252254,v26 main_pc0,8.0,,,,,
44,wine-quality,CBM_KE,0,PARTIAL,0.4714285714285714,nan,0.1547893161409164,0.19063926940639267,0.15876321470083576,0.1144277439144075,v26 main_pc0,15.0,,,,,
44,wine-quality,CBM_KE,1,PARTIAL,0.46938775510204084,nan,0.14885844748858448,0.19406392694063926,0.16424034103354732,0.1192132988679991,v26 main_pc0,13.6,,,,,
44,wine-quality,CBM_KE,2,PARTIAL,0.4714285714285714,nan,0.14845420527441197,0.1938087774294671,0.16366659023159827,0.12043912558801464,v26 main_pc0,17.4,,,,,
44,wine-quality,CBM_KE,3,OK,0.48367346938775513,0.5649074067190419,0.13765312701482915,0.16901030004478282,0.14284938014764673,0.1398971997585868,v26 main_pc0,12.2,,,,,
44,wine-quality,CBM_KE,4,OK,0.4530612244897959,0.5681764462948717,0.12673325520469345,0.15893416927899687,0.13447566410312864,0.07651716775282186,v26 main_pc0,11.6,,,,,
44,wine-quality,CBM_KE,5,OK,0.4816326530612245,0.5960018200689353,0.13365481805929919,0.16871553104429818,0.1426919553693442,0.1365353726041747,v26 main_pc0,12.5,,,,,
44,wine-quality,CBM_KE,6,OK,0.45102040816326533,0.5879166894072358,0.12121287684213151,0.161279131827077,0.13726356385009106,0.09136285523032937,v26 main_pc0,81.9,,,,,
44,wine-quality,CBM_KE,7,OK,0.45510204081632655,0.5494664686809446,0.12079863987096211,0.15829923501156376,0.13233107992619836,0.08366404615484578,v26 main_pc0,61.5,,,,,
44,wine-quality,CBM_KE,8,PARTIAL,0.47443762781186094,nan,0.15458388622367392,0.1930365296803653,0.16325067476383268,0.11873136052516592,v26 main_pc0,14.0,,,,,
44,wine-quality,CBM_KE,9,PARTIAL,0.46830265848670755,nan,0.15104014775930785,0.19114777916147777,0.16186495822797525,0.10762747257828188,v26 main_pc0,61.5,,,,,
44,wine-quality,CBM,0,PARTIAL,0.11836734693877551,nan,0.14782769412750435,0.05179979837514085,0.07601346022398654,-0.017124287851609007,v26 main_pc0,24.5,,,,,
44,wine-quality,CBM,1,PARTIAL,0.3448979591836735,nan,0.16076745496186512,0.16666361438722438,0.15026570320374316,0.10427647662599404,v26 main_pc0,11.0,,,,,
44,wine-quality,CBM,2,PARTIAL,0.3551020408163265,nan,0.1700200593057736,0.15244724849187324,0.15087820932754778,0.0968853906379438,v26 main_pc0,9.0,,,,,
44,wine-quality,CBM,3,OK,0.3408163265306122,0.614473144104012,0.153396320713808,0.150794894760412,0.14505090913344415,0.09875775330090249,v26 main_pc0,9.8,,,,,
44,wine-quality,CBM,4,OK,0.17755102040816326,0.459337193428021,0.18276551141986203,0.1011618649549684,0.11470393028735093,0.02508442038494519,v26 main_pc0,27.7,,,,,
44,wine-quality,CBM,5,OK,0.19387755102040816,0.5910534187310424,0.18536616532469066,0.23978973282962,0.11945318518987444,0.04164343492915396,v26 main_pc0,26.7,,,,,
44,wine-quality,CBM,6,OK,0.13673469387755102,0.5156855745354357,0.14525200989486703,0.07599364777044068,0.08792154689360847,0.002164499564165524,v26 main_pc0,26.5,,,,,
44,wine-quality,CBM,7,OK,0.17959183673469387,0.55298980499573,0.16969979787924036,0.16301552999780236,0.10973728679097754,0.028654610310908785,v26 main_pc0,24.9,,,,,
44,wine-quality,CBM,8,PARTIAL,0.3537832310838446,nan,0.16661632062503254,0.15280421633161362,0.15108321491840696,0.11082969927168852,v26 main_pc0,9.4,,,,,
44,wine-quality,CBM,9,PARTIAL,0.2903885480572597,nan,0.15236987539892105,0.13119551681195515,0.13714313381599075,-0.04704402821927279,v26 main_pc0,15.5,,,,,
