Seed,Dataset,Algorithm,CV index,Status,Accuracy,AUC_ROC,Precision,Recall,F1_macro,MCC,bp_source,wall_s
42,balance-scale,CBM_KE,0,OK,0.873015873015873,0.9198782961460447,0.5848546315077755,0.632183908045977,0.6066411238825031,0.7755577496484698,v26 main_pc0,4.3
42,balance-scale,CBM_KE,1,OK,0.9841269841269841,0.993238674780257,0.9444444444444445,0.9885057471264368,0.9638490164805954,0.9729158085985287,v26 main_pc0,11.0
42,balance-scale,CBM_KE,2,OK,0.9682539682539683,0.993238674780257,0.9047619047619048,0.9770114942528735,0.9325396825396827,0.9472669881727528,v26 main_pc0,13.9
42,balance-scale,CBM_KE,3,OK,0.9206349206349206,0.9310344827586207,0.6176470588235294,0.6666666666666666,0.6402116402116401,0.8650451823002163,v26 main_pc0,4.7
42,balance-scale,CBM_KE,4,OK,0.9206349206349206,1.0,0.6176470588235294,0.6666666666666666,0.6402116402116401,0.8650451823002163,v26 main_pc0,4.7
42,balance-scale,CBM_KE,5,OK,0.9193548387096774,0.9250696621386276,0.6147683733890631,0.6551724137931035,0.6336670374490174,0.8565720422481028,v26 main_pc0,8.3
42,balance-scale,CBM_KE,6,OK,0.967741935483871,0.9329831932773108,0.9777777777777779,0.8666666666666667,0.9051724137931035,0.9442866675107502,v26 main_pc0,14.1
42,balance-scale,CBM_KE,7,OK,0.9193548387096774,0.991812865497076,0.6147683733890631,0.6666666666666666,0.6393133371062064,0.8613019518202981,v26 main_pc0,4.4
42,balance-scale,CBM_KE,8,OK,0.9838709677419355,0.9978991596638654,0.9888888888888889,0.9880952380952381,0.9882896764252697,0.972171937508383,v26 main_pc0,4.7
42,balance-scale,CBM_KE,9,OK,0.8709677419354839,0.9807237876176704,0.5840336134453782,0.6313628899835796,0.6058201058201058,0.7720674002944482,v26 main_pc0,5.6
42,balance-scale,CBM,0,OK,0.9523809523809523,0.9947261663286003,0.8773946360153256,0.9103448275862069,0.8917487030009715,0.9177707830099481,v26 main_pc0,12.2
42,balance-scale,CBM,1,OK,0.9682539682539683,0.9674780256930359,0.9218390804597701,0.9218390804597701,0.9218390804597701,0.9442970822281167,v25(p_c=0),14.1
42,balance-scale,CBM,2,OK,0.9523809523809523,0.9959432048681541,0.8932676518883417,0.9655172413793104,0.9210454296661194,0.9199419788985388,v26 main_pc0,10.3
42,balance-scale,CBM,3,OK,0.9841269841269841,0.9988505747126437,0.9444444444444445,0.9885057471264368,0.9638490164805954,0.9729158085985287,v25(p_c=0),14.7
42,balance-scale,CBM,4,OK,0.9841269841269841,0.9989858012170386,0.9888888888888889,0.9885057471264368,0.9885023292695014,0.972578600211013,v25(p_c=0),13.4
42,balance-scale,CBM,5,OK,0.967741935483871,1.0,0.8888888888888888,0.9770114942528737,0.9216374269005847,0.9450415061127537,v25(p_c=0),13.2
42,balance-scale,CBM,6,OK,0.9516129032258065,0.8934554523563811,0.8944444444444445,0.8551724137931035,0.8715466827989514,0.9156901489163423,v26 main_pc0,12.1
42,balance-scale,CBM,7,OK,1.0,1.0,1.0,1.0,1.0,1.0,v25(p_c=0),17.1
42,balance-scale,CBM,8,OK,0.967741935483871,1.0,0.978494623655914,0.9214285714285714,0.9457912457912458,0.9442155540638497,v26 main_pc0,11.6
42,balance-scale,CBM,9,OK,0.9838709677419355,0.9996498599439776,0.9444444444444445,0.9880952380952381,0.9636363636363637,0.972520851765122,v25(p_c=0),15.8
42,bank,CBM_KE,0,OK,0.899,0.9290246212121211,0.7609715850017646,0.759090909090909,0.7600260407385495,0.5200590935845758,v25(p_c=0),277.4
42,bank,CBM_KE,1,OK,0.902,0.9188920454545455,0.7696629213483146,0.75,0.7592729059199215,0.5192907868894986,v26 main_pc0,68.2
42,bank,CBM_KE,2,OK,0.894,0.8754166666666667,0.75,0.7130681818181819,0.7293156281920328,0.46159309117249775,v25(p_c=0),39.8
42,bank,CBM_KE,3,OK,0.899,0.8948390151515152,0.7624776297474647,0.7375,0.7490502421292466,0.4993533300781036,v25(p_c=0),284.5
42,bank,CBM_KE,4,OK,0.89,0.873466279299354,0.7624200116346713,0.606032399702893,0.6386856039205897,0.3336166876143057,v25(p_c=0),34.1
42,bank,CBM_KE,5,OK,0.89,0.9192169915098863,0.7440024763968426,0.6630468507601613,0.6917005796029103,0.3989177125883772,v25(p_c=0),299.7
42,bank,CBM_KE,6,OK,0.889,0.9036752884100077,0.8099553820412716,0.5627027331960623,0.5820011975100828,0.27881929361374863,v25(p_c=0),34.6
42,bank,CBM_KE,7,OK,0.895,0.9170639062044585,0.7541788020767379,0.726468846077906,0.7391116378571375,0.4798482260206171,v25(p_c=0),477.1
42,bank,CBM_KE,8,OK,0.912,0.9218495848964356,0.793788571047034,0.7895899735800449,0.7916666666666666,0.5833634356989809,v25(p_c=0),61.8
42,bank,CBM_KE,9,OK,0.893,0.8988520012410797,0.7485454411548091,0.7538384151787814,0.751148322576894,0.5023559729221813,v26 main_pc0,430.7
42,bank,CBM,0,OK,0.881,0.8980871212121212,0.7158177081724482,0.6984848484848485,0.7065778345444189,0.41393982706164256,v26 main_pc0,277.6
42,bank,CBM,1,OK,0.891,0.8791287878787879,0.7458484443596106,0.8049242424242424,0.770223978919631,0.5475952908765114,v26 main_pc0,486.3
42,bank,CBM,2,OK,0.887,0.8005397727272726,0.7316648541868285,0.7198863636363637,0.7255356305758165,0.45139757362879174,v25(p_c=0),376.3
42,bank,CBM,3,OK,0.883,0.8843844696969697,0.7183732261621083,0.6744318181818182,0.6926156829054911,0.3903395387694459,v26 main_pc0,261.4
42,bank,CBM,4,OK,0.897,0.8398348987861864,0.7576667002925451,0.7881843567540123,0.771577600411604,0.5449972927666192,v26 main_pc0,472.5
42,bank,CBM,5,OK,0.884,0.8026683214396525,0.7270195251766995,0.7237751389163117,0.7253787878787878,0.4507829889564648,v26 main_pc0,392.6
42,bank,CBM,6,OK,0.895,0.8414802696527798,0.7534850104946339,0.740722458842223,0.7468507021879331,0.49404265000469333,v26 main_pc0,289.0
42,bank,CBM,7,OK,0.891,0.8976015193824689,0.7439424068345853,0.7491373555599432,0.7464968893540322,0.49305239538084145,v26 main_pc0,407.6
42,bank,CBM,8,OK,0.892,0.8306772346486899,0.7463809291879753,0.7568329901559812,0.7514361467079098,0.503105359783641,v25(p_c=0),378.2
42,bank,CBM,9,OK,0.881,0.835434706982954,0.72404082181647,0.7505758798033076,0.7360945092134064,0.4738743548178907,v26 main_pc0,391.8
42,blood,CBM_KE,0,OK,0.8133333333333334,0.7855750487329436,0.7476580796252927,0.706140350877193,0.7219279661016949,0.45189522427894563,v25(p_c=0),12.0
42,blood,CBM_KE,1,OK,0.76,0.6374269005847953,0.38,0.5,0.4318181818181818,0.0,v26 main_pc0,19.0
42,blood,CBM_KE,2,OK,0.72,0.604775828460039,0.6110547667342798,0.6067251461988304,0.6086956521739131,0.21773687070216685,v26 main_pc0,19.5
42,blood,CBM_KE,3,OK,0.7866666666666666,0.8060428849902533,0.7693661971830985,0.5745614035087719,0.5738636363636364,0.28343832993998846,v25(p_c=0),10.9
42,blood,CBM_KE,4,OK,0.7866666666666666,0.7753411306042886,0.7043650793650793,0.6505847953216374,0.6666666666666667,0.3508519553719527,v25(p_c=0),13.3
42,blood,CBM_KE,5,OK,0.76,0.7207602339181287,0.65,0.5950292397660819,0.6048009367681498,0.23878346647045964,v26 main_pc0,15.1
42,blood,CBM_KE,6,OK,0.8,0.7446393762183237,0.7615546218487395,0.6213450292397661,0.64,0.35630522441317786,v25(p_c=0),11.3
42,blood,CBM_KE,7,OK,0.8533333333333334,0.7612085769980507,0.8387784090909092,0.7324561403508771,0.7648902821316614,0.5612526041328744,v26 main_pc0,22.7
42,blood,CBM_KE,8,OK,0.7567567567567568,0.7739938080495357,0.6320346320346321,0.5944272445820433,0.6035714285714285,0.2233174108074361,v26 main_pc0,5.5
42,blood,CBM_KE,9,OK,0.7702702702702703,0.45098039215686275,0.38513513513513514,0.5,0.4351145038167939,0.0,v25(p_c=0),6.4
42,blood,CBM,0,OK,0.8133333333333334,0.7923976608187134,0.7447033898305084,0.7251461988304093,0.7337728194726166,0.4694423843721605,v25(p_c=0),12.1
42,blood,CBM,1,OK,0.8,0.7115009746588694,0.7322443181818181,0.6593567251461988,0.6793958392704474,0.38475807453134153,v25(p_c=0),13.2
42,blood,CBM,2,OK,0.72,0.5921052631578947,0.553030303030303,0.5307017543859649,0.5257452574525745,0.08070002078437537,v25(p_c=0),12.5
42,blood,CBM,3,OK,0.7866666666666666,0.6890838206627681,0.7693661971830985,0.5745614035087719,0.5738636363636364,0.28343832993998846,v26 main_pc0,8.5
42,blood,CBM,4,OK,0.7733333333333333,0.6291423001949317,0.6805210918114144,0.6418128654970761,0.6543778801843317,0.32000133319995666,v25(p_c=0),13.5
42,blood,CBM,5,OK,0.64,0.7139376218323586,0.5978739002932552,0.6301169590643275,0.5908264295817337,0.22569939546151688,v25(p_c=0),7.5
42,blood,CBM,6,OK,0.36,0.24951267056530216,0.3493589743589744,0.293859649122807,0.3055555555555556,-0.3524383286882472,v25(p_c=0),5.4
42,blood,CBM,7,OK,0.8533333333333334,0.7300194931773879,0.8387784090909092,0.7324561403508771,0.7648902821316614,0.5612526041328744,v25(p_c=0),13.8
42,blood,CBM,8,OK,0.7972972972972973,0.7801857585139318,0.7110215053763441,0.6620227038183695,0.678354100260794,0.36981224893125353,v25(p_c=0),11.7
42,blood,CBM,9,OK,0.8513513513513513,0.8771929824561404,0.7886904761904762,0.8003095975232198,0.7941845764854614,0.5888854581785785,v26 main_pc0,6.9
42,car,CBM_KE,0,OK,1.0,1.0,1.0,1.0,1.0,1.0,v25(p_c=0),40.1
42,car,CBM_KE,1,OK,0.9884393063583815,1.0,0.9959349593495935,0.951923076923077,0.9719767936981052,0.9746659217405227,v25(p_c=0),42.2
42,car,CBM_KE,2,OK,0.9942196531791907,1.0,0.9979508196721312,0.9935897435897436,0.9957244401688846,0.9873704017981242,v25(p_c=0),33.2
42,car,CBM_KE,3,OK,0.9942196531791907,0.9998248585426333,0.99375,0.9979338842975207,0.9957980986396344,0.9875198273466141,v26 main_pc0,13.1
42,car,CBM_KE,4,OK,1.0,1.0,1.0,1.0,1.0,1.0,v25(p_c=0),50.1
42,car,CBM_KE,5,OK,0.9884393063583815,0.9996101364522417,0.9667008196721312,0.9577067669172933,0.9597404241848686,0.9748376976441581,v25(p_c=0),48.1
42,car,CBM_KE,6,OK,0.9710982658959537,0.9993747756271535,0.9852432432432432,0.8796992481203008,0.9250375234521577,0.9363402171996391,v25(p_c=0),47.3
42,car,CBM_KE,7,OK,0.9826589595375722,0.99811976367865,0.9559294871794872,0.9892888212266203,0.9715097402597402,0.9630774855432847,v26 main_pc0,12.4
42,car,CBM_KE,8,OK,0.9883720930232558,0.9994108405341713,0.9622365339578455,0.9868421052631579,0.9729836674281119,0.9744840080513751,v25(p_c=0),65.6
42,car,CBM_KE,9,OK,0.9593023255813954,0.9997489959839357,0.6153846153846154,0.75,0.6578947368421053,0.9136299926722429,v25(p_c=0),22.0
42,car,CBM,0,OK,0.9942196531791907,1.0,0.99375,0.9979338842975207,0.9957980986396344,0.9875198273466141,v26 main_pc0,44.9
42,car,CBM,1,OK,0.9884393063583815,0.9693461613777609,0.9285714285714286,0.9578754578754578,0.9418081918081918,0.9748458797618453,v26 main_pc0,40.0
42,car,CBM,2,OK,0.9826589595375722,1.0,0.93125,0.993801652892562,0.9579830820098815,0.9636237094639504,v26 main_pc0,63.6
42,car,CBM,3,OK,0.9942196531791907,0.9999205340114431,0.99375,0.9979338842975207,0.9957980986396344,0.9875198273466141,v26 main_pc0,39.5
42,car,CBM,4,OK,1.0,1.0,1.0,1.0,1.0,1.0,v26 main_pc0,39.9
42,car,CBM,5,OK,1.0,1.0,1.0,1.0,1.0,1.0,v26 main_pc0,47.7
42,car,CBM,6,OK,1.0,1.0,1.0,1.0,1.0,1.0,v26 main_pc0,61.4
42,car,CBM,7,OK,0.9942196531791907,1.0,0.96875,0.993421052631579,0.98,0.9875168595946126,v26 main_pc0,62.2
42,car,CBM,8,OK,0.9709302325581395,0.9983405047339614,0.9398954703832753,0.9851565898216617,0.9607447652868353,0.9387723817272595,v26 main_pc0,50.4
42,car,CBM,9,OK,0.9883720930232558,0.9984848484848485,0.9444444444444444,0.9958677685950413,0.9666666666666667,0.9752012075018419,v26 main_pc0,56.8
42,credit-g,CBM_KE,0,OK,0.75,0.7428571428571429,0.7156862745098038,0.6309523809523809,0.6415770609318996,0.3361227822436775,v26 main_pc0,9.4
42,credit-g,CBM_KE,1,OK,0.76,0.7514285714285714,0.7130977130977132,0.6952380952380952,0.7023809523809523,0.40794505318629176,v26 main_pc0,13.6
42,credit-g,CBM_KE,2,OK,0.74,0.7961904761904762,0.696078431372549,0.7095238095238094,0.7012867647058824,0.4053793280700402,v25(p_c=0),8.1
42,credit-g,CBM_KE,3,OK,0.71,0.7076190476190476,0.6496702181633689,0.6404761904761904,0.6442154336891179,0.29000070396694133,v26 main_pc0,27.7
42,credit-g,CBM_KE,4,OK,0.82,0.8695238095238095,0.803030303030303,0.7476190476190476,0.7661122661122661,0.5478542690755455,v25(p_c=0),35.8
42,credit-g,CBM_KE,5,OK,0.67,0.7338095238095238,0.6384869780901199,0.6595238095238095,0.6396986570586308,0.29726735652860553,v25(p_c=0),32.2
42,credit-g,CBM_KE,6,OK,0.78,0.8890476190476191,0.7390852390852392,0.719047619047619,0.7271825396825397,0.45769444991632735,v26 main_pc0,15.2
42,credit-g,CBM_KE,7,OK,0.77,0.7171428571428571,0.7371669915529564,0.6738095238095239,0.6891471820516286,0.40606345250542664,v26 main_pc0,10.8
42,credit-g,CBM_KE,8,OK,0.76,0.8185714285714286,0.7156177156177156,0.6761904761904762,0.6881496881496881,0.3898193837652919,v26 main_pc0,15.9
42,credit-g,CBM_KE,9,OK,0.74,0.7142857142857144,0.6875,0.6428571428571428,0.6533333333333333,0.3273268353539886,v26 main_pc0,25.7
42,credit-g,CBM,0,OK,0.69,0.7428571428571429,0.6428571428571429,0.6547619047619048,0.6467236467236468,0.2973808570665904,v26 main_pc0,6.5
42,credit-g,CBM,1,OK,0.74,0.6628571428571428,0.6864035087719298,0.6619047619047619,0.6702181633688482,0.3474456257081473,v25(p_c=0),16.9
42,credit-g,CBM,2,OK,0.78,0.7652380952380952,0.7461799660441426,0.7761904761904762,0.7549019607843137,0.5215076684010965,v26 main_pc0,26.6
42,credit-g,CBM,3,OK,0.66,0.6514285714285714,0.6188455008488964,0.6333333333333333,0.6212121212121212,0.2517623226763914,v26 main_pc0,12.3
42,credit-g,CBM,4,OK,0.69,0.8276190476190476,0.6786431152147732,0.7119047619047619,0.6726850385386971,0.3891289081808827,v26 main_pc0,4.5
42,credit-g,CBM,5,OK,0.69,0.6728571428571428,0.6332398316970547,0.6357142857142857,0.6343908479773559,0.26894273433173405,v26 main_pc0,9.9
42,credit-g,CBM,6,OK,0.79,0.8476190476190476,0.7511415525114156,0.7357142857142858,0.7423629002576371,0.4866113507241897,v26 main_pc0,18.4
42,credit-g,CBM,7,OK,0.76,0.710952380952381,0.7235772357723578,0.6571428571428571,0.6710526315789473,0.37487899712504835,v26 main_pc0,14.4
42,credit-g,CBM,8,OK,0.77,0.8166666666666667,0.7266666666666667,0.7023809523809523,0.7115987460815048,0.4283597360771242,v26 main_pc0,5.3
42,credit-g,CBM,9,OK,0.7,0.7361904761904763,0.6219512195121951,0.5857142857142857,0.5888157894736843,0.20447945297729908,v25(p_c=0),4.3
42,diabetes,CBM_KE,0,OK,0.7532467532467533,0.7940740740740742,0.7295918367346939,0.7333333333333334,0.7313131313131314,0.4629100498862757,v26 main_pc0,9.5
42,diabetes,CBM_KE,1,OK,0.8181818181818182,0.8214814814814815,0.7995689655172413,0.8088888888888889,0.8035714285714286,0.6083864722500479,v26 main_pc0,4.8
42,diabetes,CBM_KE,2,OK,0.7272727272727273,0.8214814814814815,0.6998491704374057,0.6962962962962963,0.6979263964132263,0.3961295342422729,v26 main_pc0,13.3
42,diabetes,CBM_KE,3,OK,0.6233766233766234,0.5925925925925926,0.5950354609929078,0.5992592592592593,0.596129499005245,0.1942488039759139,v26 main_pc0,11.7
42,diabetes,CBM_KE,4,OK,0.7922077922077922,0.857037037037037,0.7719109195402298,0.7803703703703704,0.7755102040816326,0.5522164981933888,v26 main_pc0,5.1
42,diabetes,CBM_KE,5,OK,0.7272727272727273,0.757037037037037,0.6992924528301887,0.6877777777777778,0.692175899486008,0.3868989217888074,v26 main_pc0,23.2
42,diabetes,CBM_KE,6,OK,0.7272727272727273,0.7044444444444444,0.6998491704374057,0.6962962962962963,0.6979263964132263,0.3961295342422729,v26 main_pc0,8.3
42,diabetes,CBM_KE,7,OK,0.7792207792207793,0.8851851851851851,0.7588652482269503,0.7703703703703704,0.7632483270030747,0.5291105481433476,v26 main_pc0,5.4
42,diabetes,CBM_KE,8,OK,0.75,0.8453846153846154,0.7252384446074835,0.7361538461538462,0.7293345829428304,0.4612631569755697,v26 main_pc0,10.8
42,diabetes,CBM_KE,9,OK,0.7631578947368421,0.8276923076923077,0.7405797101449275,0.7553846153846153,0.7455357142857143,0.49574330754818896,v26 main_pc0,7.3
42,diabetes,CBM,0,OK,0.7532467532467533,0.7718518518518518,0.7288838612368025,0.7248148148148148,0.7266953110405381,0.4536804288397352,v26 main_pc0,21.2
42,diabetes,CBM,1,OK,0.7922077922077922,0.8281481481481482,0.7718518518518518,0.7718518518518518,0.7718518518518518,0.5437037037037037,v26 main_pc0,3.0
42,diabetes,CBM,2,OK,0.7662337662337663,0.8385185185185184,0.7682186234817814,0.7944444444444444,0.7613636363636364,0.5620515406286037,v26 main_pc0,3.2
42,diabetes,CBM,3,OK,0.8051948051948052,0.8555555555555555,0.7881944444444444,0.8074074074074074,0.7939339875111507,0.5952918846948437,v25(p_c=0),5.3
42,diabetes,CBM,4,OK,0.7532467532467533,0.8214814814814815,0.7288838612368025,0.7248148148148148,0.7266953110405381,0.4536804288397352,v26 main_pc0,5.2
42,diabetes,CBM,5,OK,0.7662337662337663,0.7622222222222222,0.7442528735632183,0.7518518518518519,0.7474489795918368,0.49604652413672967,v26 main_pc0,5.7
42,diabetes,CBM,6,OK,0.6363636363636364,0.6674074074074074,0.6059626436781609,0.6092592592592592,0.6071428571428572,0.2151966538534342,v26 main_pc0,15.4
42,diabetes,CBM,7,OK,0.7272727272727273,0.8385185185185187,0.7042553191489361,0.7133333333333334,0.7075420510037982,0.417489966754203,v26 main_pc0,16.6
42,diabetes,CBM,8,OK,0.7236842105263158,0.8253846153846154,0.7014336917562725,0.7161538461538461,0.7052631578947368,0.41732801112835244,v26 main_pc0,15.5
42,diabetes,CBM,9,OK,0.7105263157894737,0.7946153846153846,0.6815476190476191,0.6876923076923077,0.6840513983371126,0.3691887949279695,v26 main_pc0,18.4
42,kr-vs-kp,CBM_KE,0,OK,1.0,1.0,1.0,1.0,1.0,1.0,v26 main_pc0,57.3
42,kr-vs-kp,CBM_KE,1,OK,0.99375,0.9991781143595163,0.9940828402366864,0.9934640522875817,0.993734335839599,0.9875466986607835,v26 main_pc0,27.7
42,kr-vs-kp,CBM_KE,2,OK,0.9875,0.9995694884740324,0.987476028335486,0.987476028335486,0.987476028335486,0.9749520566709717,v26 main_pc0,17.2
42,kr-vs-kp,CBM_KE,3,OK,0.99375,1.0,0.9935483870967742,0.9940119760479043,0.9937411985604757,0.9875602543337462,v25(p_c=0),80.3
42,kr-vs-kp,CBM_KE,4,OK,0.996875,0.9999608625885484,0.9967532467532467,0.9970059880239521,0.9968698340033845,0.9937592026375474,v25(p_c=0),100.5
42,kr-vs-kp,CBM_KE,5,OK,0.9875,0.994716449454033,0.9872922776148583,0.9877499902156471,0.9874823971209513,0.9750421603988364,v26 main_pc0,25.5
42,kr-vs-kp,CBM_KE,6,OK,0.9968652037617555,0.9967105263157895,0.9970238095238095,0.9967105263157895,0.9968572976700655,0.9937342864569987,v26 main_pc0,52.6
42,kr-vs-kp,CBM_KE,7,OK,0.9905956112852664,0.9967105263157895,0.9911764705882353,0.9901315789473684,0.9905655727200134,0.981307493237889,v26 main_pc0,52.6
42,kr-vs-kp,CBM_KE,8,OK,0.9968652037617555,0.9999606051055783,0.9970238095238095,0.9967105263157895,0.9968572976700655,0.9937342864569987,v26 main_pc0,35.6
42,kr-vs-kp,CBM_KE,9,OK,0.9968652037617555,0.9998425072840381,0.9967532467532467,0.9969879518072289,0.9968607614867591,0.9937411708437707,v26 main_pc0,29.4
42,kr-vs-kp,CBM,0,OK,1.0,1.0,1.0,1.0,1.0,1.0,v26 main_pc0,99.4
42,kr-vs-kp,CBM,1,OK,0.99375,0.9997260381198387,0.993738014167743,0.993738014167743,0.993738014167743,0.9874760283354859,v26 main_pc0,20.1
42,kr-vs-kp,CBM,2,OK,0.996875,0.9999608625885484,0.9967532467532467,0.9970059880239521,0.9968698340033845,0.9937592026375474,v26 main_pc0,43.0
42,kr-vs-kp,CBM,3,OK,0.996875,1.0,0.9967532467532467,0.9970059880239521,0.9968698340033845,0.9937592026375474,v26 main_pc0,77.0
42,kr-vs-kp,CBM,4,OK,1.0,1.0,1.0,1.0,1.0,1.0,v26 main_pc0,28.1
42,kr-vs-kp,CBM,5,OK,0.990625,0.995029548745646,0.9904944453137224,0.9907440021916951,0.9906095020101535,0.9812384157707068,v26 main_pc0,21.4
42,kr-vs-kp,CBM,6,OK,0.9968652037617555,0.9999999999999999,0.9970238095238095,0.9967105263157895,0.9968572976700655,0.9937342864569987,v26 main_pc0,23.1
42,kr-vs-kp,CBM,7,OK,0.9905956112852664,0.9934210526315789,0.9911764705882353,0.9901315789473684,0.9905655727200134,0.981307493237889,v26 main_pc0,91.0
42,kr-vs-kp,CBM,8,OK,0.9968652037617555,0.9977150961235425,0.9970238095238095,0.9967105263157895,0.9968572976700655,0.9937342864569987,v26 main_pc0,70.2
42,kr-vs-kp,CBM,9,OK,0.9905956112852664,0.9997243877470667,0.9907225023636936,0.9904520040948106,0.9905774627086102,0.9811744691719083,v26 main_pc0,18.9
42,magic,CBM_KE,0,OK,0.887,0.9327301700183055,0.8861383824216924,0.862578413425871,0.8723277809099527,0.7483460217340357,v26 main_pc0,132.4
42,magic,CBM_KE,1,OK,0.882,0.9345914600151888,0.8764262293582596,0.861342674901997,0.8679681870465602,0.7376146978459314,v26 main_pc0,665.7
42,magic,CBM_KE,2,OK,0.889,0.9276862497201479,0.8981655599302658,0.8569243060768486,0.8721538392432429,0.7539627740991194,v26 main_pc0,108.4
42,magic,CBM_KE,3,OK,0.897,0.9455133692421828,0.8993002580475034,0.8722448298719485,0.8832664098527683,0.7710705716721863,v26 main_pc0,156.4
42,magic,CBM_KE,4,OK,0.885,0.93988560090255,0.8795839725326904,0.864962093775653,0.8714185883997205,0.7444024754908078,v26 main_pc0,63.6
42,magic,CBM_KE,5,OK,0.877,0.9333842554181537,0.88013817424987,0.8463711429813126,0.859263708916159,0.7257241732387223,v26 main_pc0,151.1
42,magic,CBM_KE,6,OK,0.894,0.9359479189987664,0.8969084856835755,0.8679713255984443,0.8795843159707548,0.7643322356626244,v25(p_c=0),528.7
42,magic,CBM_KE,7,OK,0.885,0.9474624559370323,0.889773756528107,0.8551508127779314,0.8684172888240511,0.7441195238144602,v26 main_pc0,147.5
42,magic,CBM_KE,8,OK,0.878,0.9315516483516484,0.8793093558194229,0.8487912087912088,0.8607458543355979,0.7274607033292486,v25(p_c=0),57.5
42,magic,CBM_KE,9,OK,0.87,0.9315868131868131,0.8828195090123154,0.8301098901098901,0.8477887213784253,0.7109782164088505,v26 main_pc0,57.4
42,magic,CBM,0,OK,0.873,0.9132832014187947,0.8617236245036869,0.8583334430792058,0.8599740896937622,0.7200490866920002,v26 main_pc0,280.6
42,magic,CBM,1,OK,0.86,0.9269048591082489,0.8466146417897966,0.8457016931593203,0.8461538461538463,0.6923157330020573,v26 main_pc0,341.4
42,magic,CBM,2,OK,0.864,0.913827540946185,0.8663659060049933,0.8304689660621865,0.84375,0.695909655509697,v26 main_pc0,167.0
42,magic,CBM,3,OK,0.871,0.9227806092212871,0.8662559655345305,0.8463272446323293,0.8546929120554194,0.7123044836970418,v26 main_pc0,73.3
42,magic,CBM,4,OK,0.882,0.9380989380989382,0.8708224948173187,0.8698457851000224,0.8703296703296703,0.7406676359298014,v26 main_pc0,71.6
42,magic,CBM,5,OK,0.857,0.9038845649015141,0.8516346370392613,0.8290005662887019,0.8381838570857931,0.6802587587459322,v26 main_pc0,87.6
42,magic,CBM,6,OK,0.88,0.9193192244039702,0.8763990267639903,0.8565314158534498,0.8649323986655321,0.7326611165826284,v26 main_pc0,66.5
42,magic,CBM,7,OK,0.881,0.9343412394259852,0.8740018873403019,0.8618804296770399,0.8673294988957132,0.7357824778852302,v26 main_pc0,86.1
42,magic,CBM,8,OK,0.877,0.9251648351648352,0.8698005698005697,0.8565934065934067,0.8624737945492662,0.7262739013495336,v26 main_pc0,210.1
42,magic,CBM,9,OK,0.845,0.872901098901099,0.8407861521817526,0.8115384615384615,0.8226493892845905,0.6516686076966274,v26 main_pc0,86.6
42,mfeat-factors,CBM_KE,0,OK,0.98,0.9953611111111111,0.9807142857142856,0.9799999999999999,0.9799906191369605,0.9778592694458592,v25(p_c=0),23.5
42,mfeat-factors,CBM_KE,1,OK,0.99,1.0,0.9904761904761905,0.9899999999999999,0.9899937460913071,0.9889438317391072,v26 main_pc0,59.4
42,mfeat-factors,CBM_KE,2,OK,0.99,0.9999722222222223,0.9902380952380951,0.99,0.9899968730456535,0.9889163591692915,v25(p_c=0),35.8
42,mfeat-factors,CBM_KE,3,OK,0.97,0.9953333333333333,0.9713385737069947,0.97,0.9702166532654338,0.9667740919786244,v26 main_pc0,15.8
42,mfeat-factors,CBM_KE,4,OK,0.975,0.9955277777777777,0.9766233766233766,0.975,0.974965556480319,0.9724113205875764,v26 main_pc0,18.4
42,mfeat-factors,CBM_KE,5,OK,0.975,0.99875,0.9761471861471861,0.975,0.9749718103890119,0.9723572812243633,v26 main_pc0,69.2
42,mfeat-factors,CBM_KE,6,OK,0.965,0.9964444444444445,0.9663852813852813,0.9649999999999999,0.9649686834346655,0.9612713363537198,v25(p_c=0),29.8
42,mfeat-factors,CBM_KE,7,OK,0.97,0.9982222222222223,0.9719565217391304,0.97,0.9703309481216458,0.966827818066747,v26 main_pc0,27.0
42,mfeat-factors,CBM_KE,8,OK,0.955,0.9848333333333332,0.9557112478165111,0.9550000000000001,0.9544339272195499,0.9502111815075548,v26 main_pc0,17.0
42,mfeat-factors,CBM_KE,9,OK,0.985,0.9972222222222221,0.9861471861471862,0.985,0.9851067631555436,0.983442610805842,v26 main_pc0,41.4
42,mfeat-factors,CBM,0,OK,0.97,0.9980833333333333,0.9711904761904762,0.97,0.9699744906355946,0.9668009539030812,v26 main_pc0,15.1
42,mfeat-factors,CBM,1,OK,0.98,0.99875,0.9818181818181818,0.9800000000000001,0.9800848274532485,0.9779679567052196,v26 main_pc0,62.6
42,mfeat-factors,CBM,2,OK,0.99,0.9999722222222222,0.9902380952380951,0.99,0.9899968730456535,0.9889163591692915,v25(p_c=0),62.9
42,mfeat-factors,CBM,3,OK,0.97,0.9996666666666668,0.972846790890269,0.97,0.9705417056100698,0.9668815531129505,v26 main_pc0,18.5
42,mfeat-factors,CBM,4,OK,0.98,0.9965833333333334,0.9807142857142856,0.9799999999999999,0.9799906191369606,0.9778592694458592,v26 main_pc0,60.2
42,mfeat-factors,CBM,5,OK,0.955,0.9937222222222222,0.9588294265074451,0.9550000000000001,0.9549876330364135,0.9505017861712359,v26 main_pc0,27.3
42,mfeat-factors,CBM,6,OK,0.955,0.9914166666666666,0.9575773920968429,0.9549999999999998,0.9550463482542474,0.9502904108895494,v26 main_pc0,29.5
42,mfeat-factors,CBM,7,OK,0.965,0.9993333333333334,0.9663602187286398,0.9649999999999999,0.9650973822925042,0.9612446265817991,v26 main_pc0,29.1
42,mfeat-factors,CBM,8,OK,0.97,0.9935833333333333,0.9713852813852814,0.97,0.9698337306681337,0.9668546844699331,v26 main_pc0,15.8
42,mfeat-factors,CBM,9,OK,0.99,1.0,0.9904761904761905,0.9899999999999999,0.9899937460913071,0.9889438317391072,v25(p_c=0),56.8
42,optdigits,CBM_KE,0,OK,0.9911032028469751,0.999601214003388,0.9914377556984221,0.9911027568922306,0.9911137606555671,0.9901491012841828,v25(p_c=0),92.0
42,optdigits,CBM_KE,1,OK,0.9839857651245552,0.9997686394096006,0.9843813135197059,0.9840169781821324,0.9841204513424598,0.9822224575054728,v25(p_c=0),94.6
42,optdigits,CBM_KE,2,OK,0.9875444839857651,0.9978216170342108,0.9878684877008419,0.9876879699248121,0.9875594401684342,0.9862089838972663,v26 main_pc0,78.4
42,optdigits,CBM_KE,3,OK,0.9911032028469751,0.9999434104214412,0.9912269898885144,0.9910378218272955,0.9910518674935151,0.9901318569091079,v26 main_pc0,196.6
42,optdigits,CBM_KE,4,OK,0.9893238434163701,0.9980302278887387,0.9896489104116224,0.9894110275689224,0.9894099329362893,0.9881653890950031,v25(p_c=0),108.9
42,optdigits,CBM_KE,5,OK,0.9839857651245552,0.9976361352571962,0.9843438097158606,0.9838949646844384,0.9839500738730887,0.9822437550303996,v26 main_pc0,172.8
42,optdigits,CBM_KE,6,OK,0.9822064056939501,0.9997834520020881,0.9824506799915149,0.9822658920027341,0.9822021677343056,0.9802636444348388,v26 main_pc0,252.3
42,optdigits,CBM_KE,7,OK,0.9928825622775801,0.9990129015897404,0.9931013975617008,0.9928246753246753,0.9928694366527975,0.9921124942087617,v25(p_c=0),104.1
42,optdigits,CBM_KE,8,OK,0.9928825622775801,0.9997079061044385,0.9929824561403509,0.9929197994987469,0.9928876092080564,0.9921056242703015,v26 main_pc0,190.3
42,optdigits,CBM_KE,9,OK,0.9875444839857651,0.9991047147375738,0.9878058310592378,0.9875313283208019,0.9875430754105698,0.9861880208462894,v26 main_pc0,122.8
42,optdigits,CBM,0,OK,0.9911032028469751,0.9999682382834557,0.991551724137931,0.991070289359763,0.9911600418070294,0.9901490667800412,v26 main_pc0,210.5
42,optdigits,CBM,1,OK,0.9804270462633452,0.9995743574341859,0.9805697826069878,0.9806022501394553,0.9805545495677677,0.9782582692456534,v26 main_pc0,196.7
42,optdigits,CBM,2,OK,0.9911032028469751,0.9985789008779923,0.9912269898885142,0.9911967418546366,0.9911182823014297,0.9901355135829004,v26 main_pc0,27.0
42,optdigits,CBM,3,OK,0.9750889679715302,0.9993555711938379,0.97531110602793,0.9749305080884028,0.9748658745774129,0.9723748766305483,v26 main_pc0,92.3
42,optdigits,CBM,4,OK,0.9857651245551602,0.9995973323078047,0.9861401384817977,0.9858709273182958,0.9858224168487733,0.9842250985695001,v26 main_pc0,75.6
42,optdigits,CBM,5,OK,0.9893238434163701,0.9995111281278195,0.9896394984326019,0.9892845750740488,0.9893586901436076,0.988161580099572,v26 main_pc0,163.1
42,optdigits,CBM,6,OK,0.9733096085409253,0.9957510409283363,0.9737568014798166,0.9733686488949645,0.9733956321640245,0.9703809778551299,v26 main_pc0,52.9
42,optdigits,CBM,7,OK,0.9822064056939501,0.9988970499243276,0.9825759586843803,0.9821103896103895,0.9821298149237162,0.9802768862401394,v25(p_c=0),49.7
42,optdigits,CBM,8,OK,0.99644128113879,0.9999756267307018,0.9965214761040532,0.9964598997493734,0.996459622377283,0.9960528260183082,v26 main_pc0,130.3
42,optdigits,CBM,9,OK,0.9839857651245552,0.9997959189102957,0.9844170259078439,0.9839912280701754,0.9840338768885679,0.9822441291594752,v26 main_pc0,210.4
42,page-blocks,CBM_KE,0,OK,0.9653284671532847,0.9915099567027618,0.6924987305544015,0.6774220867208671,0.6845239278026163,0.8092113707987085,v26 main_pc0,239.5
42,page-blocks,CBM_KE,1,OK,0.9051094890510949,0.8344173981081806,0.30939563230066025,0.31585200271554653,0.31201150397563865,0.30622491907023586,v26 main_pc0,17.1
42,page-blocks,CBM_KE,2,OK,0.9671532846715328,0.9934419307145653,0.8178917583293479,0.8451284741508773,0.8181216620505873,0.8283441661929487,v25(p_c=0),85.5
42,page-blocks,CBM_KE,3,OK,0.9451553930530164,0.9890969347716231,0.381681805670245,0.36322903166080356,0.37110858626846294,0.665494032311083,v26 main_pc0,24.3
42,page-blocks,CBM_KE,4,OK,0.9670932358318098,0.9697130862818828,0.6944111776447106,0.6145322882593758,0.649331494057725,0.815348981743385,v25(p_c=0),171.7
42,page-blocks,CBM_KE,5,OK,0.9652650822669104,0.9752742642685984,0.6686282423851038,0.6852229011088482,0.6752188983370446,0.8200929937447716,v26 main_pc0,146.0
42,page-blocks,CBM_KE,6,OK,0.9707495429616088,0.9901110426411506,0.8419017810567107,0.8609969347240224,0.8382771030139452,0.8399389033964499,v26 main_pc0,23.8
42,page-blocks,CBM_KE,7,OK,0.943327239488117,0.9888441282903244,0.36525173918170023,0.37412824785533544,0.36958842152872007,0.6556798940519939,v26 main_pc0,25.3
42,page-blocks,CBM_KE,8,OK,0.9762340036563071,0.9936954654924881,0.8755061139635106,0.9671470805617147,0.9129889945978762,0.884944912883701,v26 main_pc0,33.0
42,page-blocks,CBM_KE,9,OK,0.9762340036563071,0.9958097598024567,0.8951061972650567,0.8187730968218773,0.8366805509466031,0.8737836773712351,v25(p_c=0),187.7
42,page-blocks,CBM,0,OK,0.8083941605839416,0.48939055342903987,0.18818181818181817,0.19176829268292683,0.18983451536643026,-0.040058880018116666,v25(p_c=0),54.8
42,page-blocks,CBM,1,OK,0.8102189781021898,0.48983867481857885,0.18897831433042703,0.19216194531876812,0.19054157131960336,-0.03804469689539503,v25(p_c=0),39.8
42,page-blocks,CBM,2,OK,0.8083941605839416,0.48221161264695667,0.18313036111405273,0.18610133925816205,0.18458117123795403,-0.04886411314986617,v25(p_c=0),37.1
42,page-blocks,CBM,3,OK,0.8062157221206582,0.44135961118101674,0.17746478873239438,0.17963340122199595,0.1785425101214575,-0.07896115501712934,v25(p_c=0),44.9
42,page-blocks,CBM,4,OK,0.7952468007312614,0.5068465129243622,0.19120218579234974,0.19496389557489355,0.19270841518032528,-0.05669180231734797,v25(p_c=0),38.9
42,page-blocks,CBM,5,OK,0.8153564899451554,0.47171838535346905,0.18340540540540543,0.1873233351848423,0.1853308346547499,-0.05508180393592867,v25(p_c=0),37.8
42,page-blocks,CBM,6,OK,0.8117001828153565,0.4596000541642412,0.1783132530120482,0.18085539714867618,0.1795753286147624,-0.06014308996246954,v25(p_c=0),46.6
42,page-blocks,CBM,7,OK,0.8062157221206582,0.4517796623927888,0.211744738628649,0.20871443559834596,0.20934058008413955,-0.027108904347167374,v25(p_c=0),47.0
42,page-blocks,CBM,8,OK,0.8190127970749543,0.5051177097999229,0.18370627166719194,0.1877679231337768,0.18569422577762648,-0.05455498146941881,v25(p_c=0),33.2
42,page-blocks,CBM,9,OK,0.8080438756855576,0.4836414407146704,0.18683231913455037,0.1909830007390983,0.18855674625556182,-0.04447066208789787,v25(p_c=0),37.2
42,pendigits,CBM_KE,0,OK,0.995,0.9992575225290933,0.9950519476228239,0.9948389001349527,0.9949241691534733,0.99444763064901,v25(p_c=0),183.4
42,pendigits,CBM_KE,1,OK,0.996,0.9996761075661265,0.9960332096419433,0.9959114280546728,0.9959516133264383,0.9955591069909513,v25(p_c=0),380.9
42,pendigits,CBM_KE,2,OK,0.995,0.9990293629820541,0.9950808286895624,0.994951251755763,0.9949846502354902,0.9944500690611741,v25(p_c=0),349.2
42,pendigits,CBM_KE,3,OK,0.995,0.9999879746397398,0.9951054204269016,0.9950726646934077,0.9950610230854334,0.9944500381283062,v26 main_pc0,183.5
42,pendigits,CBM_KE,4,OK,0.996,0.9989129264303447,0.9960053712206532,0.9959962137114957,0.9959961914860731,0.9955559012947265,v25(p_c=0),224.7
42,pendigits,CBM_KE,5,OK,0.996,0.9991042095598865,0.995864426051184,0.9959022705455153,0.9958730377645661,0.9955570323520709,v26 main_pc0,180.6
42,pendigits,CBM_KE,6,OK,0.99,0.998633733981746,0.9900142125558216,0.9901348954443616,0.9900458472355599,0.9888936551976093,v26 main_pc0,75.9
42,pendigits,CBM_KE,7,OK,0.992,0.9985109775679415,0.9919321447593518,0.9919034364758049,0.9918896055955233,0.9911161293317277,v25(p_c=0),351.2
42,pendigits,CBM_KE,8,OK,0.99,0.9997394996813638,0.9900454667512939,0.9899821669558513,0.9899282894220315,0.988905669884973,v26 main_pc0,176.9
42,pendigits,CBM_KE,9,OK,0.994,0.9993816584285021,0.9942749504060918,0.994122635051033,0.9941708423891761,0.9933386605078556,v26 main_pc0,74.5
42,pendigits,CBM,0,OK,0.994,0.9995777764048709,0.9940868476525131,0.9937862685560054,0.9939043908817309,0.9933384092879002,v25(p_c=0),301.2
42,pendigits,CBM,1,OK,0.997,0.9999845380627743,0.9970641374769948,0.9969640596336202,0.9969991357045973,0.996669341331265,v26 main_pc0,382.5
42,pendigits,CBM,2,OK,0.994,0.999106131676441,0.9940453259467731,0.9940485829959513,0.993975518654038,0.9933477728083254,v26 main_pc0,79.2
42,pendigits,CBM,3,OK,0.997,0.9999978441364725,0.9970748299319728,0.997014595311809,0.9970346182687381,0.9966682373663486,v26 main_pc0,146.3
42,pendigits,CBM,4,OK,0.993,0.9991159821155348,0.9931163244650086,0.9929511158359583,0.9930037607711164,0.992227438130743,v26 main_pc0,93.4
42,pendigits,CBM,5,OK,0.995,0.9997833487343678,0.9949832973557333,0.9949407320839768,0.9949420347988356,0.994447914199205,v26 main_pc0,81.1
42,pendigits,CBM,6,OK,0.995,0.9999899459869038,0.9948916912125677,0.9950320512820514,0.9949425372688478,0.9944479574832925,v26 main_pc0,280.9
42,pendigits,CBM,7,OK,0.995,0.9991033982721863,0.9950569114633459,0.9948498650472336,0.9949288787515641,0.9944488592029362,v26 main_pc0,71.5
42,pendigits,CBM,8,OK,0.992,0.9999406441374715,0.992189477189477,0.9919052438789281,0.9919723604580464,0.9911247541088515,v26 main_pc0,131.0
42,pendigits,CBM,9,OK,0.992,0.9991511736765247,0.9922571940310327,0.9921194299228281,0.9921369025888952,0.9911215676494711,v26 main_pc0,83.4
42,phoneme,CBM_KE,0,OK,0.8983364140480592,0.9650959860383945,0.8812068732241916,0.8711021107049952,0.8759075990174368,0.7522411189738275,v26 main_pc0,79.0
42,phoneme,CBM_KE,1,OK,0.88909426987061,0.948006190523231,0.8672787287685775,0.8645576080871942,0.8658988002776218,0.7318312779901607,v26 main_pc0,40.4
42,phoneme,CBM_KE,2,OK,0.8964879852125693,0.9503605650498864,0.8721060552691409,0.8826434851328657,0.8770733924108157,0.7546759776943396,v26 main_pc0,77.2
42,phoneme,CBM_KE,3,OK,0.8835489833641405,0.9342915473015244,0.8639641943734016,0.851452138694063,0.8573079290119192,0.7153069118094516,v26 main_pc0,112.5
42,phoneme,CBM_KE,4,OK,0.9092592592592592,0.9620087480946385,0.8958015070632863,0.8820498376300616,0.888500743749763,0.7777297769978008,v26 main_pc0,87.3
42,phoneme,CBM_KE,5,OK,0.9092592592592592,0.9590264431042481,0.8932208542331661,0.8857611505069918,0.8893623070844083,0.7789462860360227,v26 main_pc0,100.0
42,phoneme,CBM_KE,6,OK,0.8851851851851852,0.9357147590960303,0.8621794871794872,0.8594671615083835,0.860803911459979,0.7216415515003893,v26 main_pc0,89.0
42,phoneme,CBM_KE,7,OK,0.912962962962963,0.9558618861422228,0.9018798359038271,0.8846676386771821,0.8926282390269699,0.7863591228162833,v26 main_pc0,94.3
42,phoneme,CBM_KE,8,OK,0.8907407407407407,0.9432806748213077,0.8680921052631578,0.8694349527063834,0.8687587277917606,0.7375258354782911,v26 main_pc0,41.0
42,phoneme,CBM_KE,9,OK,0.8925925925925926,0.9491242839928028,0.8698929841524771,0.8725796067944338,0.8712171052631579,0.7424677301850893,v26 main_pc0,92.1
42,phoneme,CBM,0,OK,0.9094269870609981,0.9558266653495341,0.8876626506024097,0.8973130494912576,0.8922507875215933,0.7849163774178936,v25(p_c=0),321.7
42,phoneme,CBM,1,OK,0.8853974121996303,0.9362672462050118,0.8585448877012152,0.8711185748625243,0.8643737465226111,0.7295551185425782,v25(p_c=0),346.0
42,phoneme,CBM,2,OK,0.8724584103512015,0.9373703447594587,0.8417590027700831,0.8656277783265831,0.8517967102990746,0.7069839740925787,v25(p_c=0),259.4
42,phoneme,CBM,3,OK,0.8521256931608133,0.9043267805986368,0.8191174270755422,0.8512298725674208,0.8310694769711163,0.6695776974953269,v26 main_pc0,275.7
42,phoneme,CBM,4,OK,0.9111111111111111,0.9587447809662668,0.8867858948432761,0.9056266154152031,0.8952727272727272,0.7921884962952157,v26 main_pc0,355.6
42,phoneme,CBM,5,OK,0.8962962962962963,0.9408178143018093,0.8702702702702703,0.8858771290343959,0.8774001037882719,0.7559863196081837,v25(p_c=0),373.5
42,phoneme,CBM,6,OK,0.8833333333333333,0.9317217840811187,0.8538777606574217,0.8767148253694745,0.8636882700591004,0.7302355751624301,v25(p_c=0),323.5
42,phoneme,CBM,7,OK,0.8833333333333333,0.9490191530253828,0.8545856893102959,0.8730035124925442,0.8627777620916509,0.7273560547416386,v26 main_pc0,143.8
42,phoneme,CBM,8,OK,0.8814814814814815,0.9400122154542003,0.8532232914901324,0.8702025454365374,0.8608337091682237,0.7232265526572405,v25(p_c=0),359.7
42,phoneme,CBM,9,OK,0.8888888888888888,0.9557107248386405,0.8609048886398656,0.8827811617887387,0.8703917050691243,0.7433642245058693,v25(p_c=0),351.2
42,satimage,CBM_KE,0,OK,0.9237947122861586,0.993262292883582,0.9187545449432943,0.9092006443330855,0.9113132838055931,0.9065029653603895,v25(p_c=0),119.3
42,satimage,CBM_KE,1,OK,0.9300155520995335,0.9902314876740391,0.918882110249136,0.9220902173151835,0.9203921022219491,0.9137548564975302,v26 main_pc0,83.4
42,satimage,CBM_KE,2,OK,0.911353032659409,0.9922952949869069,0.8946983843788839,0.8867957203211198,0.8902020165030963,0.8904966295648092,v25(p_c=0),74.8
42,satimage,CBM_KE,3,OK,0.9346811819595645,0.9931104884804648,0.9240404482376929,0.9147891976426704,0.9187227560730875,0.9194135580795586,v26 main_pc0,101.1
42,satimage,CBM_KE,4,OK,0.8989113530326595,0.9865668259325795,0.8798072193503993,0.8811199736224894,0.880223110717388,0.8754715785082243,v25(p_c=0),372.9
42,satimage,CBM_KE,5,OK,0.9160186625194401,0.9866915282711686,0.9154525971260049,0.8907493874995832,0.9012906565890818,0.8963575436347173,v26 main_pc0,35.5
42,satimage,CBM_KE,6,OK,0.9129082426127527,0.9903524376692889,0.9074064247356893,0.8916430491550288,0.8976294141911992,0.8927228196328156,v26 main_pc0,255.9
42,satimage,CBM_KE,7,OK,0.9284603421461898,0.994355408224484,0.9240885738220098,0.9065113557159953,0.9127113753954532,0.9120282527876261,v25(p_c=0),204.6
42,satimage,CBM_KE,8,OK,0.9331259720062208,0.9896060892520322,0.9262428516336781,0.9106027778873678,0.9173461942535716,0.9174803729270861,v26 main_pc0,89.6
42,satimage,CBM_KE,9,OK,0.9284603421461898,0.9867128269179548,0.9214790440984143,0.9074622875643779,0.9107483758007732,0.9120372948929502,v25(p_c=0),228.0
42,satimage,CBM,0,OK,0.9160186625194401,0.9860183675520608,0.899342320843894,0.9108541029611277,0.9040506397805673,0.8970138340037677,v26 main_pc0,90.8
42,satimage,CBM,1,OK,0.9253499222395023,0.9865381178376499,0.9164615197125016,0.9147345388078713,0.9154748300998822,0.9079063536355055,v26 main_pc0,94.6
42,satimage,CBM,2,OK,0.9191290824261276,0.9895110861928728,0.9095461914256618,0.9013348115877772,0.904889309733417,0.9002060320092101,v25(p_c=0),374.1
42,satimage,CBM,3,OK,0.9237947122861586,0.9899103637233991,0.9126063570968292,0.9061859077295562,0.9085503527057458,0.9060813106843204,v26 main_pc0,240.8
42,satimage,CBM,4,OK,0.8942457231726283,0.9821543531245212,0.8786213378125143,0.8782323207355756,0.8779602765088675,0.8696929343984225,v26 main_pc0,297.6
42,satimage,CBM,5,OK,0.9237947122861586,0.9886186852749398,0.9184320186982857,0.9053289892067292,0.9114413176402443,0.9058258279596259,v26 main_pc0,108.0
42,satimage,CBM,6,OK,0.911353032659409,0.9835332746921678,0.9030652208806043,0.8955770280600497,0.8990573226122666,0.8905100932155339,v26 main_pc0,88.0
42,satimage,CBM,7,OK,0.9284603421461898,0.9906570968935459,0.9187082552984119,0.9102795640948086,0.9137948766653746,0.9117833798625845,v26 main_pc0,209.9
42,satimage,CBM,8,OK,0.9315707620528771,0.9907239613692238,0.921787452735605,0.9176632343078076,0.9195483404174701,0.9155595349152239,v26 main_pc0,401.6
42,satimage,CBM,9,OK,0.9362363919129082,0.9886027890069417,0.9282245070266056,0.9221950961565901,0.9230503363670343,0.9216107946074795,v26 main_pc0,245.9
42,segment,CBM_KE,0,OK,0.9826839826839827,0.9994315448860903,0.9830659536541889,0.9826839826839827,0.982612319272767,0.979883678912969,v25(p_c=0),44.1
42,segment,CBM_KE,1,OK,0.974025974025974,0.9973107700380428,0.974480840723386,0.974025974025974,0.9739424644714373,0.969802992698314,v26 main_pc0,15.3
42,segment,CBM_KE,2,OK,0.9567099567099567,0.9963269054178144,0.9576530612244898,0.9567099567099567,0.9570135746606335,0.9495572339221537,v25(p_c=0),27.1
42,segment,CBM_KE,3,OK,0.9783549783549783,0.9959770868861778,0.9788265306122449,0.9783549783549784,0.9784098254686491,0.9748114156754025,v26 main_pc0,20.8
42,segment,CBM_KE,4,OK,0.9696969696969697,0.9993222265949537,0.9699357015533485,0.9696969696969697,0.9697566115476564,0.9646675560387828,v25(p_c=0),65.4
42,segment,CBM_KE,5,OK,0.987012987012987,0.9993878175696357,0.9871323529411765,0.987012987012987,0.9870100049204528,0.9848700179453542,v26 main_pc0,57.8
42,segment,CBM_KE,6,OK,0.9913419913419913,0.9998906817088635,0.9915966386554622,0.9913419913419913,0.9912713219616204,0.9899639247273518,v26 main_pc0,41.0
42,segment,CBM_KE,7,OK,0.9567099567099567,0.9987100441645895,0.9574096880131363,0.9567099567099567,0.9559576468412373,0.9498688400191847,v26 main_pc0,50.3
42,segment,CBM_KE,8,OK,0.9696969696969697,0.9976824522279069,0.9698725457925105,0.9696969696969697,0.9694781787571516,0.964751935444677,v26 main_pc0,38.5
42,segment,CBM_KE,9,OK,0.974025974025974,0.9946652673925402,0.9748209767778079,0.974025974025974,0.9739368434939493,0.9698666231942564,v26 main_pc0,41.3
42,segment,CBM,0,OK,0.9826839826839827,0.9972451790633609,0.9830659536541889,0.9826839826839827,0.982612319272767,0.979883678912969,v26 main_pc0,65.0
42,segment,CBM,1,OK,0.9696969696969697,0.9985788622152258,0.9700165550091004,0.9696969696969697,0.9695468600758329,0.964751935444677,v26 main_pc0,21.6
42,segment,CBM,2,OK,0.9653679653679653,0.9920853557217193,0.9654714158390628,0.9653679653679654,0.9653610071520519,0.95961694056214,v26 main_pc0,34.0
42,segment,CBM,3,OK,0.974025974025974,0.996064541519087,0.9744960740894599,0.974025974025974,0.9739463528862125,0.969802992698314,v26 main_pc0,28.8
42,segment,CBM,4,OK,0.9696969696969697,0.9956054046963139,0.9699357015533485,0.9696969696969697,0.9697566115476564,0.9646675560387828,v26 main_pc0,96.6
42,segment,CBM,5,OK,0.9783549783549783,0.9991254536709082,0.9795186891961085,0.9783549783549784,0.9785216594999203,0.9748966898229371,v26 main_pc0,41.1
42,segment,CBM,6,OK,0.9956709956709957,0.9997157724430451,0.9957983193277311,0.9956709956709957,0.9956700016401508,0.9949712488986399,v25(p_c=0),86.7
42,segment,CBM,7,OK,0.9523809523809523,0.9951899951899952,0.9526585634253701,0.9523809523809524,0.951255468427501,0.9448576957307139,v26 main_pc0,19.3
42,segment,CBM,8,OK,0.9567099567099567,0.9937032664305392,0.9590912532089002,0.9567099567099567,0.9565437510280043,0.9499311980589707,v26 main_pc0,29.6
42,segment,CBM,9,OK,0.9826839826839827,0.9989068170886354,0.9833060496926044,0.9826839826839827,0.982675030924592,0.9799051072055881,v26 main_pc0,83.2
42,spambase,CBM_KE,0,OK,0.9501084598698482,0.9823348694316436,0.9451522202831104,0.9520953956437828,0.948221724119408,0.8972207513217717,v26 main_pc0,80.8
42,spambase,CBM_KE,1,OK,0.9565217391304348,0.9775738133428384,0.9544545436543298,0.9544545436543298,0.9544545436543298,0.9089090873086596,v25(p_c=0),158.2
42,spambase,CBM_KE,2,OK,0.9630434782608696,0.9877225291589933,0.9617063492063492,0.9608012039842373,0.9612485691207588,0.9225071091356477,v26 main_pc0,136.9
42,spambase,CBM_KE,3,OK,0.9434782608695652,0.9863759678409473,0.9424247868878641,0.9388502742628566,0.9405554782401241,0.8812678118856381,v25(p_c=0),36.0
42,spambase,CBM_KE,4,OK,0.9543478260869566,0.9834848214816134,0.9543854033290653,0.9497514802273312,0.951938146484171,0.9041250084826545,v26 main_pc0,147.3
42,spambase,CBM_KE,5,OK,0.9478260869565217,0.9831283787797778,0.943980343980344,0.9472860848729678,0.9455524649346039,0.8912602982732296,v26 main_pc0,23.5
42,spambase,CBM_KE,6,OK,0.9434782608695652,0.9537812629953069,0.9443717145676824,0.9369096417750846,0.9403086382783334,0.8812497639755628,v26 main_pc0,128.3
42,spambase,CBM_KE,7,OK,0.9304347826086956,0.9823164815144854,0.9258968058968059,0.9290679023346997,0.9274032865794717,0.8549588273529697,v26 main_pc0,36.7
42,spambase,CBM_KE,8,OK,0.9391304347826087,0.9838524784567949,0.9388204225352113,0.9335125306348329,0.9359828227201337,0.8723168045325874,v25(p_c=0),173.8
42,spambase,CBM_KE,9,OK,0.9543478260869566,0.9923907028223575,0.9518948136750114,0.952743299865602,0.9523139577934099,0.9046377156306851,v26 main_pc0,23.8
42,spambase,CBM,0,OK,0.9414316702819957,0.9765252668478475,0.9358518289382105,0.9439717988105085,0.9393199268738575,0.8797861569916802,v26 main_pc0,161.7
42,spambase,CBM,1,OK,0.9456521739130435,0.9864056713994336,0.941429244172357,0.9454939701776273,0.9433360761957319,0.8869139000801657,v26 main_pc0,34.6
42,spambase,CBM,2,OK,0.9586956521739131,0.9872868769678608,0.9580245437883497,0.9552763421057843,0.9566035581110135,0.9132967510960069,v25(p_c=0),21.2
42,spambase,CBM,3,OK,0.9456521739130435,0.983148181152102,0.9434523809523809,0.9425830214459692,0.9430126016481747,0.8860349758995155,v26 main_pc0,15.8
42,spambase,CBM,4,OK,0.9521739130434783,0.97461335868037,0.951608073306582,0.9479593655319907,0.949700789280105,0.8995600391025409,v25(p_c=0),156.4
42,spambase,CBM,5,OK,0.941304347826087,0.9848313827996594,0.9359649122807018,0.9428800570308322,0.9390216959038487,0.8788177631666738,v25(p_c=0),171.9
42,spambase,CBM,6,OK,0.9347826086956522,0.960098219766728,0.9332415004691461,0.9297411829937227,0.9314101672001431,0.8629755846687351,v26 main_pc0,42.3
42,spambase,CBM,7,OK,0.9326086956521739,0.9781381809540783,0.9278902754885802,0.9318303332739262,0.9297367344827077,0.8597115801683858,v26 main_pc0,62.9
42,spambase,CBM,8,OK,0.9369565217391305,0.9654518143726777,0.9360663592262083,0.9317139694837537,0.9337633255378627,0.8677694138418911,v25(p_c=0),155.0
42,spambase,CBM,9,OK,0.9521739130434783,0.9870740770021346,0.9486304057766266,0.9518934303106965,0.9501811594202898,0.9005179243259503,v25(p_c=0),21.6
42,tic-tac-toe,CBM_KE,0,OK,0.8020833333333334,0.8529411764705882,0.7897581060216161,0.7670777988614801,0.775562938353636,0.5563738209460419,v26 main_pc0,9.8
42,tic-tac-toe,CBM_KE,1,OK,0.9895833333333334,1.0,0.9920634920634921,0.9852941176470589,0.9885373134328358,0.977334166408364,v26 main_pc0,12.2
42,tic-tac-toe,CBM_KE,2,OK,0.96875,0.9802789802789802,0.9772727272727273,0.9545454545454546,0.964562569213732,0.9315409787235999,v25(p_c=0),23.4
42,tic-tac-toe,CBM_KE,3,OK,0.9895833333333334,1.0,0.9852941176470589,0.9920634920634921,0.9885373134328358,0.977334166408364,v26 main_pc0,12.7
42,tic-tac-toe,CBM_KE,4,OK,0.9583333333333334,0.9706589706589707,0.9607940446650125,0.9466089466089466,0.953125,0.9072921092823789,v26 main_pc0,13.5
42,tic-tac-toe,CBM_KE,5,OK,0.9791666666666666,0.9971139971139972,0.9846153846153847,0.9696969696969697,0.9765625,0.9541957401338105,v26 main_pc0,27.1
42,tic-tac-toe,CBM_KE,6,OK,0.96875,1.0,0.9772727272727273,0.9545454545454546,0.964562569213732,0.9315409787235999,v26 main_pc0,23.7
42,tic-tac-toe,CBM_KE,7,OK,0.96875,0.998075998075998,0.96875,0.9617604617604618,0.9651120533010298,0.9304842103984708,v26 main_pc0,10.1
42,tic-tac-toe,CBM_KE,8,OK,0.9578947368421052,0.9843597262952102,0.9488095238095238,0.9606549364613881,0.9541947926711668,0.9093873161062717,v26 main_pc0,15.2
42,tic-tac-toe,CBM_KE,9,OK,0.9578947368421052,0.9995112414467253,0.9459459459459459,0.967741935483871,0.9547619047619047,0.9134278731852722,v26 main_pc0,12.4
42,tic-tac-toe,CBM,0,OK,1.0,1.0,1.0,1.0,1.0,1.0,v26 main_pc0,7.8
42,tic-tac-toe,CBM,1,OK,0.9895833333333334,0.9995256166982922,0.9857142857142858,0.9919354838709677,0.9886885825379993,0.9776299753299275,v25(p_c=0),23.7
42,tic-tac-toe,CBM,2,OK,0.9791666666666666,1.0,0.9846153846153847,0.9696969696969697,0.9765625,0.9541957401338105,v26 main_pc0,26.2
42,tic-tac-toe,CBM,3,OK,1.0,1.0,1.0,1.0,1.0,1.0,v26 main_pc0,9.6
42,tic-tac-toe,CBM,4,OK,0.9583333333333334,0.9836459836459835,0.9607940446650125,0.9466089466089466,0.953125,0.9072921092823789,v26 main_pc0,10.8
42,tic-tac-toe,CBM,5,OK,0.9895833333333334,1.0,0.9852941176470589,0.9920634920634921,0.9885373134328358,0.977334166408364,v26 main_pc0,25.8
42,tic-tac-toe,CBM,6,OK,0.9895833333333334,1.0,0.9921875,0.9848484848484849,0.9883706844336766,0.9770084209183943,v26 main_pc0,10.6
42,tic-tac-toe,CBM,7,OK,0.7291666666666666,0.796055796055796,0.7202614379084967,0.7431457431457431,0.7192982456140351,0.4628417915729365,v26 main_pc0,8.1
42,tic-tac-toe,CBM,8,OK,0.9789473684210527,1.0,0.984375,0.9696969696969697,0.9764384920634921,0.9539590550898287,v25(p_c=0),25.7
42,tic-tac-toe,CBM,9,OK,0.9789473684210527,1.0,0.9714285714285714,0.9838709677419355,0.9770973963355833,0.95521850710367,v26 main_pc0,10.2
42,vehicle,CBM_KE,0,OK,0.8235294117647058,0.9439984841547341,0.8245658263305322,0.8268398268398268,0.821661636348805,0.7678237351225552,v26 main_pc0,16.1
42,vehicle,CBM_KE,1,OK,0.8470588235294118,0.9764441287878788,0.8460497835497836,0.8495670995670995,0.8471567428600895,0.7965288035450517,v26 main_pc0,22.4
42,vehicle,CBM_KE,2,OK,0.7647058823529411,0.9461467352092352,0.7708046429274051,0.7678030303030303,0.7651754864520822,0.6896038979820596,v25(p_c=0),40.0
42,vehicle,CBM_KE,3,OK,0.8,0.9453725267787767,0.794534632034632,0.8024891774891775,0.7976190476190477,0.7339364844903988,v26 main_pc0,39.8
42,vehicle,CBM_KE,4,OK,0.8823529411764706,0.9816637355699855,0.8819875776397516,0.8836580086580086,0.882595053525286,0.8432133107772912,v26 main_pc0,12.7
42,vehicle,CBM_KE,5,OK,0.788235294117647,0.9501975628538128,0.7988468171929073,0.7872294372294373,0.7834302951950012,0.7237698639921494,v26 main_pc0,7.7
42,vehicle,CBM_KE,6,OK,0.9285714285714286,0.989634017962431,0.9367316017316016,0.9291125541125541,0.9270158884421875,0.9083556874432135,v26 main_pc0,17.5
42,vehicle,CBM_KE,7,OK,0.8095238095238095,0.9504469226213103,0.8163875598086123,0.8125996810207335,0.8142733949037498,0.7459326522890655,v25(p_c=0),32.6
42,vehicle,CBM_KE,8,OK,0.8095238095238095,0.9536351278862799,0.8147619047619048,0.8127705627705628,0.8118637978523812,0.7472546786113962,v26 main_pc0,38.7
42,vehicle,CBM_KE,9,OK,0.8214285714285714,0.9535322234648992,0.8332792207792208,0.8267857142857142,0.8181372936771607,0.7704973275073658,v26 main_pc0,13.8
42,vehicle,CBM,0,OK,0.8235294117647058,0.9088671224608724,0.8273913043478262,0.8268398268398268,0.8186333451753067,0.7702824458196476,v26 main_pc0,5.5
42,vehicle,CBM,1,OK,0.8705882352941177,0.9651355415417915,0.8725649350649352,0.8733766233766234,0.870038802660754,0.8295127419308626,v25(p_c=0),21.4
42,vehicle,CBM,2,OK,0.8235294117647058,0.9143254488566988,0.8226902173913043,0.8262987012987013,0.8185097610128209,0.7684794531951743,v26 main_pc0,4.8
42,vehicle,CBM,3,OK,0.7294117647058823,0.9119381833444334,0.718372859025033,0.7304653679653679,0.7200439040864572,0.6418711105974853,v26 main_pc0,22.3
42,vehicle,CBM,4,OK,0.8941176470588236,0.9792737644300145,0.8953804347826088,0.8944805194805195,0.8932738758825716,0.8597868945913505,v26 main_pc0,24.5
42,vehicle,CBM,5,OK,0.8235294117647058,0.9515347846597847,0.8199275362318841,0.8262987012987013,0.8224738675958189,0.7650969659549535,v26 main_pc0,24.2
42,vehicle,CBM,6,OK,0.8928571428571429,0.9739310705495541,0.8987032085561497,0.8928030303030303,0.8923608036667621,0.8591241659072318,v25(p_c=0),35.0
42,vehicle,CBM,7,OK,0.7619047619047619,0.9232521351457805,0.7643849206349206,0.7683982683982684,0.7636304909560723,0.6846595329672999,v26 main_pc0,19.2
42,vehicle,CBM,8,OK,0.7857142857142857,0.9549351591402282,0.8028388278388279,0.7927489177489178,0.7830429732868757,0.7260177578986032,v25(p_c=0),10.2
42,vehicle,CBM,9,OK,0.7976190476190477,0.9451855226093777,0.8134430904848328,0.8023809523809523,0.7975131175131176,0.7383438226140686,v25(p_c=0),18.8
42,wdbc,CBM_KE,0,OK,0.9824561403508771,0.9973544973544973,0.9772727272727273,0.9861111111111112,0.981329839502129,0.9633432944855655,v25(p_c=0),6.0
42,wdbc,CBM_KE,1,OK,0.9473684210526315,0.9947089947089947,0.9402597402597402,0.9484126984126984,0.9439895185063871,0.8886350389948482,v25(p_c=0),6.9
42,wdbc,CBM_KE,2,OK,1.0,1.0,1.0,1.0,1.0,1.0,v26 main_pc0,10.0
42,wdbc,CBM_KE,3,OK,0.9824561403508771,1.0,0.9772727272727273,0.9861111111111112,0.981329839502129,0.9633432944855655,v25(p_c=0),12.8
42,wdbc,CBM_KE,4,OK,0.9298245614035088,0.9708994708994709,0.9246031746031746,0.9246031746031746,0.9246031746031746,0.8492063492063492,v25(p_c=0),14.0
42,wdbc,CBM_KE,5,OK,0.9649122807017544,0.9682539682539681,0.9736842105263157,0.9523809523809523,0.9614864864864865,0.9258200997725514,v26 main_pc0,17.8
42,wdbc,CBM_KE,6,OK,0.9649122807017544,0.9563492063492063,0.9736842105263157,0.9523809523809523,0.9614864864864865,0.9258200997725514,v26 main_pc0,7.0
42,wdbc,CBM_KE,7,OK,0.9298245614035088,0.9818181818181819,0.9259740259740259,0.9259740259740259,0.9259740259740259,0.8519480519480519,v25(p_c=0),5.4
42,wdbc,CBM_KE,8,OK,0.9824561403508771,1.0,0.9782608695652174,0.9857142857142858,0.9816425120772947,0.9639463400956773,v25(p_c=0),14.8
42,wdbc,CBM_KE,9,OK,0.9464285714285714,0.9918367346938776,0.9398395721925134,0.9476190476190476,0.9433771486349849,0.8874245216579992,v26 main_pc0,5.8
42,wdbc,CBM,0,OK,0.9649122807017544,0.996031746031746,0.9623015873015872,0.9623015873015872,0.9623015873015872,0.9246031746031746,v26 main_pc0,8.6
42,wdbc,CBM,1,OK,0.9649122807017544,0.9947089947089947,0.9623015873015872,0.9623015873015872,0.9623015873015872,0.9246031746031746,v26 main_pc0,6.5
42,wdbc,CBM,2,OK,1.0,1.0,1.0,1.0,1.0,1.0,v26 main_pc0,11.5
42,wdbc,CBM,3,OK,0.9824561403508771,1.0,0.9772727272727273,0.9861111111111112,0.981329839502129,0.9633432944855655,v26 main_pc0,3.8
42,wdbc,CBM,4,OK,0.9298245614035088,0.955026455026455,0.9246031746031746,0.9246031746031746,0.9246031746031746,0.8492063492063492,v26 main_pc0,10.9
42,wdbc,CBM,5,OK,0.9473684210526315,0.996031746031746,0.9402597402597402,0.9484126984126984,0.9439895185063871,0.8886350389948482,v26 main_pc0,4.2
42,wdbc,CBM,6,OK,0.9473684210526315,0.992063492063492,0.9479729729729729,0.9384920634920635,0.942866688940862,0.8864143349643965,v26 main_pc0,7.2
42,wdbc,CBM,7,OK,0.9824561403508771,0.9766233766233767,0.9861111111111112,0.9772727272727273,0.981329839502129,0.9633432944855655,v26 main_pc0,10.8
42,wdbc,CBM,8,OK,0.8771929824561403,0.9753246753246753,0.8793103448275862,0.9,0.8758169934640523,0.7790356549761621,v25(p_c=0),5.8
42,wdbc,CBM,9,OK,0.9464285714285714,0.9605442176870748,0.9398395721925134,0.9476190476190476,0.9433771486349849,0.8874245216579992,v26 main_pc0,3.7
42,wine-quality,CBM_KE,0,PARTIAL,0.6224489795918368,nan,0.3586413341113088,0.3282972176001991,0.33940728150291805,0.43337722093613157,v25(p_c=0),166.8
42,wine-quality,CBM_KE,1,PARTIAL,0.6816326530612244,nan,0.45153926824349355,0.3950999868606638,0.4171471604333682,0.5180775347713048,v25(p_c=0),127.8
42,wine-quality,CBM_KE,2,PARTIAL,0.6571428571428571,nan,0.4896807880455553,0.3938757930897891,0.4128648283581586,0.47827490323800337,v26 main_pc0,43.9
42,wine-quality,CBM_KE,3,OK,0.6224489795918368,0.7192629662071296,0.39430195154985065,0.35135156988605265,0.3654774213066018,0.4395871722066266,v25(p_c=0),172.5
42,wine-quality,CBM_KE,4,OK,0.6142857142857143,0.6645338274261253,0.38205203339924043,0.3122331691297208,0.3281659372585842,0.41362139689583644,v25(p_c=0),159.8
42,wine-quality,CBM_KE,5,OK,0.6326530612244898,0.72567916358822,0.2691602316602317,0.27930528375733854,0.27333576287657924,0.43204016967651365,v26 main_pc0,36.9
42,wine-quality,CBM_KE,6,OK,0.5918367346938775,0.7685154007663105,0.24925129834743062,0.2750845045365593,0.26083474877428836,0.3823564683939757,v25(p_c=0),38.1
42,wine-quality,CBM_KE,7,OK,0.6244897959183674,0.7595506428215956,0.34137868480725625,0.298925902864259,0.30837821628421225,0.42345375576862637,v26 main_pc0,36.9
42,wine-quality,CBM_KE,8,PARTIAL,0.6339468302658486,nan,0.49272463768115937,0.40993745879422755,0.4354465663202797,0.4418327530888899,v26 main_pc0,47.6
42,wine-quality,CBM_KE,9,PARTIAL,0.588957055214724,nan,0.3303700589567691,0.2962017434620175,0.30825289349462587,0.3800050557744595,v25(p_c=0),235.4
42,wine-quality,CBM,0,PARTIAL,0.026530612244897958,nan,0.00851900393184797,0.10317460317460317,0.015738498789346248,0.017621905111711696,v25(p_c=0),20.4
42,wine-quality,CBM,1,PARTIAL,0.0163265306122449,nan,0.0032653061224489797,0.06349206349206349,0.006211180124223602,-0.021532490585493527,v25(p_c=0),20.7
42,wine-quality,CBM,2,PARTIAL,0.030612244897959183,nan,0.009874917709019092,0.11904761904761905,0.0182370820668693,0.02483470263817799,v25(p_c=0),20.7
42,wine-quality,CBM,3,OK,0.026530612244897958,0.4038664441547117,0.009148486980999296,0.10317460317460317,0.01680672268907563,0.017660490170307026,v25(p_c=0),20.8
42,wine-quality,CBM,4,OK,0.02040816326530612,0.43555768191240063,0.0065832784726793945,0.07936507936507937,0.0121580547112462,0.005198622476223656,v25(p_c=0),22.0
42,wine-quality,CBM,5,OK,0.024489795918367346,0.41764811930243706,0.008241758241758242,0.10084033613445378,0.01523809523809524,0.014953378638746488,v25(p_c=0),21.8
42,wine-quality,CBM,6,OK,0.02040816326530612,0.45692881782454975,0.00630058039238268,0.21848739495798317,0.011780383795309168,0.0060605343954518364,v25(p_c=0),23.2
42,wine-quality,CBM,7,OK,0.024489795918367346,0.48701707080207346,0.007518796992481203,0.10084033613445378,0.013994169096209912,0.012518058377844437,v25(p_c=0),21.8
42,wine-quality,CBM,8,PARTIAL,0.02044989775051125,nan,0.006377551020408163,0.08403361344537816,0.011855364552459988,0.007823505142268046,v25(p_c=0),22.6
42,wine-quality,CBM,9,PARTIAL,0.016359918200409,nan,0.005772005772005773,0.06722689075630252,0.0106312292358804,0.004007140875440159,v25(p_c=0),24.4
43,balance-scale,CBM_KE,0,OK,0.9206349206349206,0.9047329276538202,0.6151515151515151,0.6666666666666666,0.6395115728084564,0.8632958474820323,v25(p_c=0),13.3
43,balance-scale,CBM_KE,1,OK,0.8888888888888888,0.9910750507099392,0.6018518518518519,0.6436781609195402,0.6188644688644689,0.8111662691337523,v26 main_pc0,16.6
43,balance-scale,CBM_KE,2,OK,0.9206349206349206,0.9319134550371873,0.6139112903225806,0.6666666666666666,0.6391621129326047,0.8624251504904709,v25(p_c=0),17.7
43,balance-scale,CBM_KE,3,OK,0.8412698412698413,0.8039891818796484,0.5616161616161617,0.6091954022988505,0.5841078913796246,0.7144517358471991,v26 main_pc0,7.4
43,balance-scale,CBM_KE,4,OK,0.9206349206349206,0.9965517241379311,0.6176470588235294,0.6666666666666666,0.6402116402116401,0.8650451823002163,v26 main_pc0,14.9
43,balance-scale,CBM_KE,5,OK,0.9838709677419355,0.995733194009056,0.9333333333333332,0.9885057471264368,0.9571150097465887,0.9719488478899142,v26 main_pc0,24.6
43,balance-scale,CBM_KE,6,OK,0.967741935483871,0.9988304093567252,0.978494623655914,0.8666666666666667,0.9055555555555556,0.944255877099193,v26 main_pc0,24.6
43,balance-scale,CBM_KE,7,OK,0.967741935483871,0.9843462419340502,0.9777777777777779,0.9218390804597701,0.9456207568730255,0.9442766490335694,v26 main_pc0,11.0
43,balance-scale,CBM_KE,8,OK,0.9193548387096774,0.9845716695081487,0.9455197132616489,0.7218390804597702,0.7440613026819923,0.8583865306404453,v26 main_pc0,13.8
43,balance-scale,CBM_KE,9,OK,0.9193548387096774,0.9964912280701754,0.6176470588235294,0.6666666666666666,0.6402116402116401,0.8630715425344782,v26 main_pc0,14.9
43,balance-scale,CBM,0,OK,0.9682539682539683,0.9898580121703855,0.9333333333333335,0.9770114942528735,0.9521424902780836,0.9461635504451551,v25(p_c=0),3.6
43,balance-scale,CBM,1,OK,0.9523809523809523,0.9425963488843814,0.8777777777777778,0.9103448275862069,0.8915364296720228,0.9185671135571714,v25(p_c=0),6.0
43,balance-scale,CBM,2,OK,1.0,1.0,1.0,1.0,1.0,1.0,v26 main_pc0,3.7
43,balance-scale,CBM,3,OK,0.9365079365079365,0.9851250845165653,0.8456486042692939,0.8988505747126437,0.8654898741105638,0.8926169696243248,v26 main_pc0,4.6
43,balance-scale,CBM,4,OK,1.0,1.0,1.0,1.0,1.0,1.0,v25(p_c=0),3.8
43,balance-scale,CBM,5,OK,0.967741935483871,0.9804075235109718,0.9222222222222222,0.9770114942528735,0.9454084835440768,0.9442368089671022,v25(p_c=0),4.4
43,balance-scale,CBM,6,OK,0.9354838709677419,1.0,0.8518518518518517,0.9532019704433498,0.8805114638447972,0.8968915976381704,v26 main_pc0,6.4
43,balance-scale,CBM,7,OK,0.967741935483871,0.9988304093567252,0.9218390804597701,0.9218390804597701,0.9216374269005847,0.9439380127620784,v26 main_pc0,3.5
43,balance-scale,CBM,8,OK,0.9516129032258065,0.9981301292446804,0.875,0.9651067323481116,0.9051115551115552,0.9210963683856861,v25(p_c=0),9.7
43,balance-scale,CBM,9,OK,0.8548387096774194,0.9846156820534957,0.7857142857142857,0.8944991789819375,0.7847341665711118,0.789587672485598,v26 main_pc0,35.4
43,bank,CBM_KE,0,OK,0.902,0.9220265151515151,0.767165997706422,0.7823863636363637,0.7744513183090294,0.5493415497833659,v25(p_c=0),183.7
43,bank,CBM_KE,1,OK,0.904,0.890719696969697,0.7866783569796483,0.7043560606060606,0.7356799083690349,0.4840845368047976,v26 main_pc0,266.1
43,bank,CBM_KE,2,OK,0.893,0.9085227272727273,0.7473311305946527,0.7700757575757575,0.7579136226755748,0.5169067322735097,v26 main_pc0,36.1
43,bank,CBM_KE,3,OK,0.898,0.9156723484848485,0.7611111111111111,0.7225378787878788,0.7395301327885597,0.4821083396690532,v25(p_c=0),95.0
43,bank,CBM_KE,4,OK,0.891,0.9033274099982136,0.7436262715799249,0.7170667268402298,0.7291730335850285,0.4599267652317842,v26 main_pc0,263.3
43,bank,CBM_KE,5,OK,0.92,0.9296251375059938,0.817033006009384,0.7941405992910802,0.8049617725074114,0.6107447204279471,v26 main_pc0,281.0
43,bank,CBM_KE,6,OK,0.907,0.9147321806335147,0.7816287878787879,0.7796190261284893,0.7806184672071788,0.5612442156366998,v26 main_pc0,86.2
43,bank,CBM_KE,7,OK,0.905,0.9116764918812702,0.7876068376068377,0.7214669186434622,0.7483303706961182,0.5047589527906443,v26 main_pc0,231.1
43,bank,CBM_KE,8,OK,0.895,0.9220940399966153,0.7543137254901962,0.8048637162816499,0.7759086902609917,0.5568878790362474,v26 main_pc0,172.1
43,bank,CBM_KE,9,OK,0.898,0.9075207551782172,0.7605869655699781,0.7531191530570991,0.7567699043294958,0.5136518354792176,v26 main_pc0,322.8
43,bank,CBM,0,OK,0.894,0.8792234848484849,0.7503569574247144,0.7922348484848485,0.7687124703253736,0.5409732988610032,v26 main_pc0,370.7
43,bank,CBM,1,OK,0.88,0.8515340909090909,0.7183908045977012,0.7339015151515151,0.7257142857142858,0.4520262828224075,v26 main_pc0,278.1
43,bank,CBM,2,OK,0.893,0.888721590909091,0.7473311305946527,0.7700757575757575,0.7579136226755748,0.5169067322735097,v25(p_c=0),236.0
43,bank,CBM,3,OK,0.888,0.8449621212121213,0.7353071144498453,0.7420454545454546,0.7386011426864334,0.4773050072010228,v26 main_pc0,97.4
43,bank,CBM,4,OK,0.876,0.8391015334856476,0.7132393365530191,0.7370415291606729,0.7240986480833757,0.44965132453373247,v26 main_pc0,446.1
43,bank,CBM,5,OK,0.894,0.8458710593367744,0.7510905290908934,0.772224259348057,0.7609834853117587,0.5228878782725039,v26 main_pc0,112.4
43,bank,CBM,6,OK,0.88,0.8808328397220734,0.726169116243558,0.7785142771180624,0.7478059114294361,0.5019614643257212,v26 main_pc0,428.9
43,bank,CBM,7,OK,0.887,0.8756663752009703,0.73498056736043,0.7432986395133463,0.7390245986637136,0.47820686883760616,v26 main_pc0,473.2
43,bank,CBM,8,OK,0.893,0.8586109309038258,0.7499539085545723,0.7039507705036715,0.7234506126731988,0.45156745781825014,v26 main_pc0,321.5
43,bank,CBM,9,OK,0.883,0.8045299410487123,0.7270458036587069,0.744586729848908,0.7352887275985258,0.47130623014257017,v26 main_pc0,93.4
43,blood,CBM_KE,0,OK,0.7066666666666667,0.6949317738791424,0.6090909090909091,0.6169590643274854,0.612312030075188,0.225912997889962,v26 main_pc0,10.7
43,blood,CBM_KE,1,OK,0.84,0.7314814814814815,0.823076923076923,0.7046783625730995,0.7365339578454333,0.5143028508594515,v26 main_pc0,5.5
43,blood,CBM_KE,2,OK,0.6933333333333334,0.706140350877193,0.4464285714285714,0.47514619883040937,0.44799999999999995,-0.07297817849426534,v26 main_pc0,23.3
43,blood,CBM_KE,3,OK,0.84,0.6900584795321638,0.823076923076923,0.7046783625730995,0.7365339578454333,0.5143028508594515,v26 main_pc0,10.8
43,blood,CBM_KE,4,OK,0.8,0.8031189083820663,0.8,0.6023391812865497,0.6148579253680246,0.3504383220252312,v26 main_pc0,4.9
43,blood,CBM_KE,5,OK,0.84,0.861598440545809,0.7915690866510539,0.7426900584795322,0.7616525423728814,0.5320184909950707,v25(p_c=0),5.7
43,blood,CBM_KE,6,OK,0.76,0.6695906432748538,0.6413043478260869,0.5570175438596491,0.5535714285714286,0.17951965741648493,v25(p_c=0),9.0
43,blood,CBM_KE,7,OK,0.8,0.7997076023391814,0.7270471464019852,0.6783625730994152,0.6950393060449986,0.4024759036123166,v25(p_c=0),8.1
43,blood,CBM_KE,8,OK,0.7297297297297297,0.6578947368421053,0.5939470365699874,0.5768833849329206,0.5819209039548022,0.16997607097374035,v26 main_pc0,19.2
43,blood,CBM_KE,9,OK,0.7972972972972973,0.848297213622291,0.7377450980392157,0.6001031991744066,0.6139130434782609,0.3085387813663523,v25(p_c=0),7.8
43,blood,CBM,0,OK,0.76,0.6939571150097466,0.6772727272727272,0.6900584795321638,0.6828007518796992,0.36710862157118823,v26 main_pc0,3.3
43,blood,CBM,1,OK,0.76,0.4761208576998051,0.38,0.5,0.4318181818181818,0.0,v26 main_pc0,3.8
43,blood,CBM,2,OK,0.6933333333333334,0.6437621832358674,0.6091137123745819,0.6271929824561404,0.614007607965988,0.23561407855885477,v26 main_pc0,4.1
43,blood,CBM,3,OK,0.76,0.38401559454191037,0.38,0.5,0.4318181818181818,0.0,v26 main_pc0,4.3
43,blood,CBM,4,OK,0.7866666666666666,0.7582846003898636,0.704978813559322,0.6885964912280702,0.6957403651115619,0.3932342050909656,v26 main_pc0,3.1
43,blood,CBM,5,OK,0.8133333333333334,0.7826510721247563,0.7447033898305084,0.7251461988304093,0.7337728194726166,0.4694423843721605,v26 main_pc0,3.7
43,blood,CBM,6,OK,0.6933333333333334,0.6773879142300195,0.5583333333333333,0.5511695906432749,0.5532245532245532,0.10926834468453096,v26 main_pc0,4.5
43,blood,CBM,7,OK,0.7733333333333333,0.7958089668615984,0.6871196754563895,0.6798245614035088,0.6832298136645962,0.36687171364885646,v25(p_c=0),4.1
43,blood,CBM,8,OK,0.5945945945945946,0.6176470588235294,0.5521380345086272,0.5717234262125903,0.5375,0.1223032047159682,v26 main_pc0,5.4
43,blood,CBM,9,OK,0.8378378378378378,0.848297213622291,0.7922077922077921,0.7089783281733746,0.7357142857142858,0.4942270567049815,v26 main_pc0,4.7
43,car,CBM_KE,0,OK,0.9884393063583815,0.9905335628227194,0.9375,0.9285714285714286,0.9226190476190477,0.9750000104198729,v25(p_c=0),11.6
43,car,CBM_KE,1,OK,0.9942196531791907,1.0,0.96875,0.9935897435897436,0.9800865800865801,0.9874596806226167,v26 main_pc0,46.5
43,car,CBM_KE,2,OK,1.0,1.0,1.0,1.0,1.0,1.0,v26 main_pc0,45.3
43,car,CBM_KE,3,OK,0.9942196531791907,1.0,0.9979508196721312,0.9935897435897436,0.9957244401688846,0.9873704017981242,v26 main_pc0,25.1
43,car,CBM_KE,4,OK,0.9942196531791907,1.0,0.9935897435897436,0.9979338842975207,0.9957159023549065,0.9875788336733873,v26 main_pc0,51.2
43,car,CBM_KE,5,OK,1.0,1.0,1.0,1.0,1.0,1.0,v26 main_pc0,45.9
43,car,CBM_KE,6,OK,0.9595375722543352,1.0,0.7111111111111111,0.75,0.7289156626506024,0.913976182968624,v26 main_pc0,19.3
43,car,CBM_KE,7,OK,0.9942196531791907,1.0,0.9935897435897436,0.9979338842975207,0.9957159023549065,0.9875788336733873,v26 main_pc0,10.8
43,car,CBM_KE,8,OK,0.9883720930232558,0.9996329806714451,0.9577067669172932,0.9913549369290997,0.9731529390024695,0.9746797888198101,v26 main_pc0,44.0
43,car,CBM_KE,9,OK,1.0,1.0,1.0,1.0,1.0,1.0,v26 main_pc0,46.3
43,car,CBM,0,OK,0.9884393063583815,0.9311531841652323,0.9375,0.9285714285714286,0.9226190476190477,0.9750000104198729,v26 main_pc0,24.3
43,car,CBM,1,OK,0.9942196531791907,0.9962686567164178,0.9642857142857143,0.9935897435897436,0.9775224775224776,0.9874607602464589,v26 main_pc0,46.5
43,car,CBM,2,OK,0.9942196531791907,1.0,0.99375,0.9979338842975207,0.9957980986396344,0.9875198273466141,v26 main_pc0,63.7
43,car,CBM,3,OK,1.0,1.0,1.0,1.0,1.0,1.0,v25(p_c=0),7.7
43,car,CBM,4,OK,0.9653179190751445,0.9723494296057276,0.9659090909090909,0.9539551357733176,0.957202286239026,0.928867676918659,v26 main_pc0,45.8
43,car,CBM,5,OK,0.9884393063583815,0.9936426994527819,0.9667008196721312,0.9868421052631579,0.9755477699922145,0.9749549125437694,v26 main_pc0,58.2
43,car,CBM,6,OK,0.9942196531791907,1.0,0.96875,0.993421052631579,0.98,0.9875168595946126,v26 main_pc0,53.2
43,car,CBM,7,OK,0.9884393063583815,0.9988266761592121,0.9875,0.9958677685950413,0.9915064102564103,0.9754760122914541,v26 main_pc0,60.3
43,car,CBM,8,OK,0.9825581395348837,1.0,0.9266254578754578,0.993801652892562,0.9577177355420035,0.9630675489436704,v26 main_pc0,18.5
43,car,CBM,9,OK,1.0,1.0,1.0,1.0,1.0,1.0,v25(p_c=0),9.4
43,credit-g,CBM_KE,0,OK,0.78,0.8114285714285715,0.7390852390852392,0.719047619047619,0.7271825396825397,0.45769444991632735,v25(p_c=0),10.5
43,credit-g,CBM_KE,1,OK,0.77,0.7747619047619048,0.7286843591191418,0.6928571428571428,0.7047875754075215,0.42001624785636316,v26 main_pc0,23.0
43,credit-g,CBM_KE,2,OK,0.76,0.7809523809523808,0.7408637873754154,0.638095238095238,0.6503496503496503,0.3647582326206156,v25(p_c=0),7.8
43,credit-g,CBM_KE,3,OK,0.77,0.6861904761904761,0.7549019607843137,0.6547619047619048,0.6702508960573477,0.3972360153788916,v26 main_pc0,18.8
43,credit-g,CBM_KE,4,OK,0.69,0.7304761904761905,0.6243023845763571,0.6166666666666667,0.6196785670469881,0.24084804227762924,v25(p_c=0),10.1
43,credit-g,CBM_KE,5,OK,0.79,0.8033333333333333,0.8138815207780725,0.669047619047619,0.6889349725966524,0.46069913718425354,v26 main_pc0,17.1
43,credit-g,CBM_KE,6,OK,0.71,0.751904761904762,0.652986886838271,0.65,0.6514004087029691,0.3029721639077798,v25(p_c=0),26.1
43,credit-g,CBM_KE,7,OK,0.7,0.770952380952381,0.6388888888888888,0.6333333333333333,0.6357455075279261,0.2721655269759087,v26 main_pc0,17.4
43,credit-g,CBM_KE,8,OK,0.79,0.8223809523809523,0.7501214181641573,0.7452380952380953,0.7475658131987017,0.49533544257938605,v26 main_pc0,20.0
43,credit-g,CBM_KE,9,OK,0.67,0.7071428571428572,0.6265551265551266,0.6404761904761904,0.6296711929076422,0.2666681988066545,v26 main_pc0,8.8
43,credit-g,CBM,0,OK,0.76,0.8057142857142857,0.7132936507936507,0.7047619047619047,0.7085964060223409,0.41796848785585977,v25(p_c=0),8.4
43,credit-g,CBM,1,OK,0.73,0.6366666666666666,0.6721897335932423,0.6261904761904762,0.6350858224084336,0.29481319154503577,v25(p_c=0),26.1
43,credit-g,CBM,2,OK,0.79,0.7976190476190477,0.7511415525114156,0.7357142857142858,0.7423629002576371,0.4866113507241897,v25(p_c=0),15.2
43,credit-g,CBM,3,OK,0.73,0.709047619047619,0.6750380517503805,0.6642857142857144,0.6687523003312477,0.3391533656562534,v26 main_pc0,10.2
43,credit-g,CBM,4,OK,0.7,0.719047619047619,0.6612903225806452,0.680952380952381,0.6657754010695187,0.3416774379179598,v26 main_pc0,9.2
43,credit-g,CBM,5,OK,0.79,0.7947619047619048,0.8138815207780725,0.669047619047619,0.6889349725966524,0.46069913718425354,v26 main_pc0,5.6
43,credit-g,CBM,6,OK,0.73,0.7766666666666666,0.6868131868131868,0.7023809523809523,0.6923076923076923,0.3888826592409259,v26 main_pc0,8.2
43,credit-g,CBM,7,OK,0.73,0.8142857142857143,0.6868131868131868,0.7023809523809523,0.6923076923076923,0.3888826592409259,v25(p_c=0),3.2
43,credit-g,CBM,8,OK,0.79,0.7676190476190475,0.7510176390773405,0.7642857142857142,0.7566909975669099,0.5151325112701336,v26 main_pc0,12.7
43,credit-g,CBM,9,OK,0.65,0.7004761904761905,0.6313131313131313,0.6547619047619048,0.6266666666666667,0.28511240114923325,v26 main_pc0,10.0
43,diabetes,CBM_KE,0,OK,0.6883116883116883,0.7829629629629629,0.6577777777777778,0.6577777777777778,0.6577777777777778,0.31555555555555553,v26 main_pc0,8.9
43,diabetes,CBM_KE,1,OK,0.7402597402597403,0.7866666666666666,0.7234848484848485,0.7403703703703703,0.7269503546099291,0.46354777877784786,v26 main_pc0,12.6
43,diabetes,CBM_KE,2,OK,0.6883116883116883,0.7585185185185185,0.6704545454545454,0.6833333333333333,0.6723404255319149,0.3535533905932738,v26 main_pc0,7.8
43,diabetes,CBM_KE,3,OK,0.7922077922077922,0.8355555555555556,0.7912885662431942,0.7377777777777779,0.7520128824476651,0.5263532956993116,v25(p_c=0),17.7
43,diabetes,CBM_KE,4,OK,0.7272727272727273,0.7844444444444445,0.7,0.6792592592592592,0.6857142857142857,0.378691704962503,v26 main_pc0,9.7
43,diabetes,CBM_KE,5,OK,0.7272727272727273,0.8185185185185185,0.7222222222222222,0.6451851851851852,0.6509820850420893,0.35924016749576715,v26 main_pc0,18.6
43,diabetes,CBM_KE,6,OK,0.7142857142857143,0.7866666666666666,0.6846153846153846,0.6777777777777778,0.6806184012066365,0.36232865092627065,v26 main_pc0,10.3
43,diabetes,CBM_KE,7,OK,0.7532467532467533,0.8474074074074074,0.7424670433145009,0.6907407407407408,0.7017329255861366,0.43010856046828544,v26 main_pc0,7.3
43,diabetes,CBM_KE,8,OK,0.75,0.81,0.728673835125448,0.7453846153846153,0.7333333333333334,0.47376382757987345,v26 main_pc0,15.6
43,diabetes,CBM_KE,9,OK,0.7894736842105263,0.7876923076923077,0.7713068181818181,0.7938461538461539,0.776962582538518,0.5647033381695739,v26 main_pc0,6.1
43,diabetes,CBM,0,OK,0.7272727272727273,0.7874074074074074,0.7079861111111111,0.7218518518518519,0.711507582515611,0.4296142637737487,v25(p_c=0),11.2
43,diabetes,CBM,1,OK,0.7532467532467533,0.8074074074074074,0.7347222222222223,0.7503703703703704,0.7389830508474576,0.4848401374141137,v25(p_c=0),19.4
43,diabetes,CBM,2,OK,0.6753246753246753,0.6977777777777778,0.6734143049932524,0.6903703703703703,0.6672428694900605,0.3633892979661664,v25(p_c=0),3.3
43,diabetes,CBM,3,OK,0.7922077922077922,0.9014814814814814,0.7719109195402298,0.7803703703703704,0.7755102040816326,0.5522164981933888,v26 main_pc0,3.1
43,diabetes,CBM,4,OK,0.6883116883116883,0.7533333333333333,0.6827702702702703,0.7003703703703703,0.6791666666666667,0.38273618458017133,v26 main_pc0,10.2
43,diabetes,CBM,5,OK,0.6753246753246753,0.76,0.6663279132791329,0.6818518518518519,0.6642246642246642,0.3478335179045545,v26 main_pc0,11.6
43,diabetes,CBM,6,OK,0.7272727272727273,0.8118518518518518,0.7042553191489361,0.7133333333333334,0.7075420510037982,0.417489966754203,v26 main_pc0,3.7
43,diabetes,CBM,7,OK,0.7792207792207793,0.8007407407407408,0.7588652482269503,0.7703703703703704,0.7632483270030747,0.5291105481433476,v26 main_pc0,3.6
43,diabetes,CBM,8,OK,0.6842105263157895,0.7553846153846153,0.6633522727272727,0.676923076923077,0.6654438738077769,0.3400046276937225,v26 main_pc0,13.9
43,diabetes,CBM,9,OK,0.7236842105263158,0.8461538461538461,0.727997227997228,0.7530769230769231,0.7177718832891247,0.4804199701578033,v26 main_pc0,12.9
43,kr-vs-kp,CBM_KE,0,OK,0.99375,0.999804312942742,0.9940828402366864,0.9934640522875817,0.993734335839599,0.9875466986607835,v26 main_pc0,44.4
43,kr-vs-kp,CBM_KE,1,OK,0.990625,0.9998825877656452,0.9904944453137224,0.9907440021916951,0.9906095020101535,0.9812384157707068,v25(p_c=0),32.9
43,kr-vs-kp,CBM_KE,2,OK,0.99375,0.9999608625885484,0.9940828402366864,0.9934640522875817,0.993734335839599,0.9875466986607835,v26 main_pc0,19.8
43,kr-vs-kp,CBM_KE,3,OK,0.99375,0.9999608625885484,0.993738014167743,0.993738014167743,0.993738014167743,0.9874760283354859,v26 main_pc0,23.7
43,kr-vs-kp,CBM_KE,4,OK,1.0,1.0,1.0,1.0,1.0,1.0,v26 main_pc0,25.4
43,kr-vs-kp,CBM_KE,5,OK,0.99375,0.9999608625885484,0.9940828402366864,0.9934640522875817,0.993734335839599,0.9875466986607835,v26 main_pc0,59.5
43,kr-vs-kp,CBM_KE,6,OK,0.9937304075235109,0.9998424204223133,0.9935064935064934,0.9940119760479043,0.9937199779510197,0.9875183401833406,v25(p_c=0),33.0
43,kr-vs-kp,CBM_KE,7,OK,0.9937304075235109,0.9953514024582414,0.9940828402366864,0.993421052631579,0.9937125512456638,0.9875036711157809,v26 main_pc0,48.9
43,kr-vs-kp,CBM_KE,8,OK,0.9968652037617555,0.9998424204223133,0.9967320261437909,0.9970059880239521,0.9968591542362034,0.9937379764037085,v25(p_c=0),34.0
43,kr-vs-kp,CBM_KE,9,OK,0.9843260188087775,0.9974407433656194,0.9848323471400394,0.9839160563823923,0.9842864883503275,0.9687479701854903,v26 main_pc0,100.6
43,kr-vs-kp,CBM,0,OK,0.9875,0.9978474423701617,0.9878130020768838,0.9872020664553246,0.987468671679198,0.975014877128823,v25(p_c=0),24.1
43,kr-vs-kp,CBM,1,OK,0.99375,0.9994520762396776,0.993738014167743,0.993738014167743,0.993738014167743,0.9874760283354859,v26 main_pc0,11.9
43,kr-vs-kp,CBM,2,OK,0.99375,0.9993346640053227,0.9940828402366864,0.9934640522875817,0.993734335839599,0.9875466986607835,v26 main_pc0,66.1
43,kr-vs-kp,CBM,3,OK,0.85625,0.9963406520292748,0.8844221105527639,0.8622754491017964,0.8547979797979798,0.746369058161344,v26 main_pc0,58.1
43,kr-vs-kp,CBM,4,OK,1.0,1.0,1.0,1.0,1.0,1.0,v25(p_c=0),14.1
43,kr-vs-kp,CBM,5,OK,0.996875,0.9985910531877422,0.9970238095238095,0.9967320261437909,0.996868118424272,0.9937557928313525,v25(p_c=0),14.4
43,kr-vs-kp,CBM,6,OK,0.9968652037617555,1.0,0.9970238095238095,0.9967105263157895,0.9968572976700655,0.9937342864569987,v26 main_pc0,88.0
43,kr-vs-kp,CBM,7,OK,0.9968652037617555,0.9962574850299402,0.9970238095238095,0.9967105263157895,0.9968572976700655,0.9937342864569987,v25(p_c=0),12.1
43,kr-vs-kp,CBM,8,OK,0.9968652037617555,1.0,0.9967320261437909,0.9970059880239521,0.9968591542362034,0.9937379764037085,v26 main_pc0,11.0
43,kr-vs-kp,CBM,9,OK,0.987460815047022,0.9919678714859439,0.9877601702932828,0.9871840302386015,0.9874330286794831,0.9749440302978384,v26 main_pc0,14.0
43,magic,CBM_KE,0,OK,0.881,0.9399865671052112,0.8804646738618598,0.8546854902787107,0.8651330366260139,0.7346980315270308,v25(p_c=0),135.8
43,magic,CBM_KE,1,OK,0.879,0.9252718405260778,0.8850460362047441,0.8466038042309229,0.860868205395324,0.7306392295862629,v26 main_pc0,55.3
43,magic,CBM_KE,2,OK,0.898,0.9490427965004237,0.9000991769721411,0.8736693312964499,0.884489420589874,0.7733169904028747,v26 main_pc0,55.2
43,magic,CBM_KE,3,OK,0.89,0.9434896553540622,0.8914258756928883,0.8642355760999829,0.8752359175377468,0.7551721110672439,v26 main_pc0,533.9
43,magic,CBM_KE,4,OK,0.868,0.9230813129118214,0.8728744939271256,0.8335506301607997,0.847839318320146,0.7053297737095237,v26 main_pc0,70.1
43,magic,CBM_KE,5,OK,0.87,0.9292139122647596,0.8684981841082243,0.8416323162085874,0.8523203875113032,0.7096221195976099,v26 main_pc0,86.4
43,magic,CBM_KE,6,OK,0.894,0.9389066677202271,0.8976943806767141,0.8673172401985961,0.8793941490233201,0.7644082740333481,v26 main_pc0,60.6
43,magic,CBM_KE,7,OK,0.892,0.9483974907703722,0.8903023983315954,0.8697009205483781,0.8784391587989788,0.7597240445199311,v26 main_pc0,62.1
43,magic,CBM_KE,8,OK,0.881,0.9373186813186813,0.8840605842048324,0.8510989010989012,0.863840498870105,0.7344201769279453,v26 main_pc0,54.2
43,magic,CBM_KE,9,OK,0.887,0.9335824175824176,0.888155745273236,0.8603296703296703,0.8715312002965014,0.747967998595856,v26 main_pc0,72.1
43,magic,CBM,0,OK,0.85,0.91199697979359,0.83442359295818,0.8386516183126352,0.8364331076837184,0.673061931644373,v26 main_pc0,82.8
43,magic,CBM,1,OK,0.863,0.9202279202279201,0.8569710868878944,0.8375475748357104,0.8456816197797865,0.6942470011904306,v26 main_pc0,58.0
43,magic,CBM,2,OK,0.874,0.9328135768813735,0.8645269891145775,0.8564875175044666,0.8602180598266704,0.7209696842803682,v26 main_pc0,73.9
43,magic,CBM,3,OK,0.88,0.9131405317845996,0.8758076956828983,0.8571855012532978,0.8651345956735179,0.7327566039479763,v26 main_pc0,501.6
43,magic,CBM,4,OK,0.856,0.910592232626131,0.8422132139666108,0.8413118582610108,0.8417582417582418,0.6835244779242856,v26 main_pc0,281.3
43,magic,CBM,5,OK,0.87,0.9201401235299542,0.8617537067582735,0.8494813410067648,0.8549618661275711,0.7111291600041425,v26 main_pc0,323.9
43,magic,CBM,6,OK,0.878,0.9259347055957224,0.8694481588034811,0.860223267002928,0.8644661298636662,0.7296131104973554,v25(p_c=0),37.3
43,magic,CBM,7,OK,0.871,0.9251928234979083,0.8631237370519379,0.8502517570314181,0.8559739011311073,0.7132593551360007,v26 main_pc0,75.9
43,magic,CBM,8,OK,0.873,0.9209010989010988,0.875209388320597,0.8416483516483516,0.8544497685522108,0.7160716976468718,v26 main_pc0,33.9
43,magic,CBM,9,OK,0.874,0.9181274725274725,0.8676470588235294,0.8516483516483516,0.8586017282010998,0.7191174652966195,v26 main_pc0,70.2
43,mfeat-factors,CBM_KE,0,OK,0.97,0.9964722222222221,0.9711904761904762,0.97,0.9699744906355946,0.9668009539030812,v25(p_c=0),17.5
43,mfeat-factors,CBM_KE,1,OK,0.98,0.9998333333333334,0.9804761904761904,0.9799999999999999,0.9799937460913071,0.9778321032926003,v26 main_pc0,17.1
43,mfeat-factors,CBM_KE,2,OK,0.98,0.9976944444444446,0.9813852813852815,0.9800000000000001,0.9799686834346655,0.9779407814928016,v26 main_pc0,15.9
43,mfeat-factors,CBM_KE,3,OK,0.98,0.9983888888888888,0.9813852813852814,0.9800000000000001,0.9799686834346655,0.9779407814928016,v26 main_pc0,85.4
43,mfeat-factors,CBM_KE,4,OK,0.985,0.9995555555555555,0.9857142857142858,0.985,0.9849906191369605,0.9834152880222562,v25(p_c=0),21.7
43,mfeat-factors,CBM_KE,5,OK,0.97,0.9901666666666668,0.9711221234905445,0.9700000000000001,0.9698404783064605,0.966827818066747,v25(p_c=0),31.0
43,mfeat-factors,CBM_KE,6,OK,0.98,0.9992222222222222,0.980952380952381,0.9799999999999999,0.9801125703564729,0.9778592694458592,v26 main_pc0,68.8
43,mfeat-factors,CBM_KE,7,OK,0.975,0.9968611111111112,0.9754761904761905,0.975,0.9748587933247752,0.9723032508694623,v26 main_pc0,43.1
43,mfeat-factors,CBM_KE,8,OK,0.97,0.9984999999999999,0.9731037078863165,0.97,0.9696061104455886,0.9670965829283773,v26 main_pc0,18.9
43,mfeat-factors,CBM_KE,9,OK,0.97,0.9996944444444444,0.9708840282524491,0.97,0.9699785580273386,0.9667740919786244,v26 main_pc0,63.9
43,mfeat-factors,CBM,0,OK,0.965,0.9962777777777777,0.9668614718614718,0.9650000000000001,0.9649525549332996,0.9613247625778186,v25(p_c=0),12.3
43,mfeat-factors,CBM,1,OK,0.975,0.9998611111111112,0.9757142857142856,0.975,0.9749906191369606,0.9723032508694623,v26 main_pc0,53.6
43,mfeat-factors,CBM,2,OK,0.985,0.9999722222222222,0.9861471861471862,0.985,0.9849718103890119,0.9834699358669274,v26 main_pc0,59.0
43,mfeat-factors,CBM,3,OK,0.955,0.9979166666666668,0.9562808536492747,0.9550000000000001,0.9545580649560111,0.9502375890996255,v26 main_pc0,49.4
43,mfeat-factors,CBM,4,OK,0.99,0.9998888888888888,0.9904761904761905,0.99,0.9899937460913071,0.9889438317391072,v25(p_c=0),30.1
43,mfeat-factors,CBM,5,OK,0.97,0.9972222222222223,0.9709273182957393,0.97,0.9698462855073895,0.9668009539030812,v26 main_pc0,37.0
43,mfeat-factors,CBM,6,OK,0.98,0.9991666666666665,0.9807142857142856,0.9799999999999999,0.9799906191369606,0.9778592694458592,v25(p_c=0),18.8
43,mfeat-factors,CBM,7,OK,0.975,0.9952222222222222,0.9763852813852815,0.975,0.9749686834346655,0.9723842997797743,v25(p_c=0),12.9
43,mfeat-factors,CBM,8,OK,0.965,0.9888333333333333,0.9669552669552669,0.9650000000000001,0.9646408374264599,0.9614049186192517,v26 main_pc0,16.4
43,mfeat-factors,CBM,9,OK,0.98,0.999888888888889,0.9811471861471862,0.9799999999999999,0.9801067631555437,0.9778864378634362,v26 main_pc0,20.2
43,optdigits,CBM_KE,0,OK,0.994661921708185,0.9989632719049091,0.9948568088836938,0.9946741854636592,0.9947194111565023,0.9940790309134085,v26 main_pc0,32.4
43,optdigits,CBM_KE,1,OK,0.9822064056939501,0.997488647767163,0.9824787085268027,0.9823544166057777,0.98227891999598,0.9802598481423255,v25(p_c=0),33.3
43,optdigits,CBM_KE,2,OK,0.9875444839857651,0.9976817665544656,0.9882934264717758,0.9875603782182729,0.9876479358001097,0.986226236515074,v26 main_pc0,27.4
43,optdigits,CBM_KE,3,OK,0.9893238434163701,0.9990956466787904,0.9895299689902723,0.9893472317156528,0.9893777490833269,0.9881512337544002,v25(p_c=0),32.5
43,optdigits,CBM_KE,4,OK,0.9893238434163701,0.9986243201634462,0.9894693041380883,0.9891871724766462,0.9891985028916185,0.9881650566955985,v26 main_pc0,221.6
43,optdigits,CBM_KE,5,OK,0.9875444839857651,0.9995574686317736,0.9877375878490954,0.9875290498974708,0.9875573319505941,0.9861775634743242,v26 main_pc0,196.5
43,optdigits,CBM_KE,6,OK,0.9768683274021353,0.999198071420337,0.9778295343853497,0.9766222374117112,0.9767574506704942,0.9743995827927187,v26 main_pc0,189.3
43,optdigits,CBM_KE,7,OK,0.9893238434163701,0.9998449406889038,0.9895243274918902,0.9892857142857142,0.9893128519103032,0.9881581453171582,v26 main_pc0,226.7
43,optdigits,CBM_KE,8,OK,0.9822064056939501,0.9998108548593534,0.9825401626672046,0.9822345636819321,0.982248656146141,0.9802602650651036,v25(p_c=0),44.7
43,optdigits,CBM_KE,9,OK,0.9875444839857651,0.999467598320558,0.9877451662070538,0.9875615174299386,0.98760684901015,0.9861706732548596,v26 main_pc0,178.5
43,optdigits,CBM,0,OK,0.9928825622775801,0.9997632607933381,0.9930710945979794,0.9928560036454774,0.9929171665790285,0.9921018286660114,v25(p_c=0),28.8
43,optdigits,CBM,1,OK,0.9804270462633452,0.9977036503368828,0.9809926222228968,0.9804724389343263,0.9804160893412852,0.9783197676158918,v26 main_pc0,91.2
43,optdigits,CBM,2,OK,0.9911032028469751,0.9998587655288448,0.991163194035245,0.9910702893597632,0.9910690151434063,0.9901248901595999,v26 main_pc0,100.3
43,optdigits,CBM,3,OK,0.9893238434163701,0.9973071937119762,0.9896164428791548,0.9893159033948506,0.9893759644524287,0.9881581035402397,v25(p_c=0),20.7
43,optdigits,CBM,4,OK,0.9893238434163701,0.9986830508561862,0.9895644283121598,0.9891558441558443,0.989229410927658,0.9881648907824382,v26 main_pc0,24.2
43,optdigits,CBM,5,OK,0.9839857651245552,0.9986359163039683,0.9842072854550169,0.9840202779676464,0.9839893922800306,0.9822339490858195,v25(p_c=0),29.2
43,optdigits,CBM,6,OK,0.9750889679715302,0.9988114326790406,0.9765259489289955,0.9747727272727273,0.9748340524116152,0.9724935884403368,v26 main_pc0,28.7
43,optdigits,CBM,7,OK,0.9857651245551602,0.9998208426596173,0.9861967418546366,0.9857769423558898,0.9857863532571255,0.9842282845754943,v26 main_pc0,63.0
43,optdigits,CBM,8,OK,0.9804270462633452,0.9979637677436403,0.981103381058009,0.9804175210754158,0.980520221585326,0.9783070660025149,v25(p_c=0),27.1
43,optdigits,CBM,9,OK,0.9857651245551602,0.9976632075863229,0.9860837438423646,0.9857758031442241,0.9858531526637966,0.9842004724197103,v25(p_c=0),25.5
43,page-blocks,CBM_KE,0,OK,0.9708029197080292,0.9967046190807519,0.6847836817653891,0.7238313008130082,0.7030485747671242,0.8461661277092538,v25(p_c=0),399.5
43,page-blocks,CBM_KE,1,OK,0.968978102189781,0.9949623689677127,0.6936310843627916,0.7123001913225946,0.7020228252345329,0.837728803443409,v26 main_pc0,201.4
43,page-blocks,CBM_KE,2,OK,0.9708029197080292,0.9761130246809937,0.8495956376280919,0.8623001913225945,0.8333280540597613,0.8463864250860527,v26 main_pc0,190.5
43,page-blocks,CBM_KE,3,OK,0.9689213893967094,0.984769023386777,0.9370326014637392,0.7846365899319057,0.8376288944030879,0.8260952978449128,v25(p_c=0),34.3
43,page-blocks,CBM_KE,4,OK,0.9616087751371115,0.9955318493105884,0.8154645790554416,0.8759200971013599,0.8377391281613583,0.8052971430004402,v26 main_pc0,239.4
43,page-blocks,CBM_KE,5,OK,0.9670932358318098,0.9956371781761181,0.8046893592376139,0.8197617725112633,0.8077225271768377,0.832846826094012,v26 main_pc0,148.0
43,page-blocks,CBM_KE,6,OK,0.9634369287020109,0.9879279753038818,0.7642224475997296,0.7284618074842107,0.7387243212966358,0.8048320416934563,v26 main_pc0,199.4
43,page-blocks,CBM_KE,7,OK,0.9689213893967094,0.9944865247789456,0.8327725897291114,0.9284453496266124,0.8752936023713069,0.8486884943796384,v26 main_pc0,153.1
43,page-blocks,CBM_KE,8,OK,0.9762340036563071,0.9973623986769976,0.8748658837175582,0.9508869179600886,0.9076864262943204,0.8830994952284658,v26 main_pc0,316.9
43,page-blocks,CBM_KE,9,OK,0.9652650822669104,0.9751573168272915,0.840548774533737,0.7376016260162601,0.7706553022791549,0.8169705903908464,v26 main_pc0,187.8
43,page-blocks,CBM,0,OK,0.3905109489051095,0.7276980597477125,0.3179355252281583,0.4377032520325203,0.2495759049686071,0.2377734811650667,v26 main_pc0,50.2
43,page-blocks,CBM,1,OK,0.35766423357664234,0.7659472205643268,0.31615612414119876,0.4256001974942912,0.23824933480588903,0.23463630640835578,v26 main_pc0,64.1
43,page-blocks,CBM,2,OK,0.3193430656934307,0.7615334808789399,0.30903921607679896,0.41139295192248343,0.2219624023615508,0.22089220156592201,v26 main_pc0,69.9
43,page-blocks,CBM,3,OK,0.36745886654478976,0.7949851048241025,0.30070728467310526,0.42763685737209156,0.2296597067001036,0.23200750840363668,v26 main_pc0,48.9
43,page-blocks,CBM,4,OK,0.5539305301645339,0.6188775089235605,0.2166053357225155,0.34802197123989387,0.18631673881673882,0.1380558125739148,v26 main_pc0,24.1
43,page-blocks,CBM,5,OK,0.3327239488117002,0.7506276774405637,0.2831311655096821,0.3803246312411282,0.19786058312207608,0.1910646390347883,v26 main_pc0,53.9
43,page-blocks,CBM,6,OK,0.34186471663619744,0.7174745476550732,0.31489982979464043,0.28941554033203726,0.23265563323346172,0.2208907275696587,v26 main_pc0,62.9
43,page-blocks,CBM,7,OK,0.35648994515539306,0.7531361929220959,0.30747855917667233,0.43649941368882306,0.2339888334988637,0.24495911838154208,v26 main_pc0,55.1
43,page-blocks,CBM,8,OK,0.39488117001828155,0.7692039721542485,0.30167391597240234,0.4057280118255727,0.2284420587000215,0.21225341303810066,v26 main_pc0,50.1
43,page-blocks,CBM,9,OK,0.5246800731261426,0.5760533977120009,0.2116252032636634,0.3303769401330377,0.17133880802517704,0.13107518767091073,v26 main_pc0,25.2
43,pendigits,CBM_KE,0,OK,0.989,0.9993018974899002,0.9892429908856746,0.9891697421765768,0.9891665117782859,0.9877841149259622,v26 main_pc0,226.7
43,pendigits,CBM_KE,1,OK,0.993,0.9998567323693603,0.9929909257007343,0.9931209388816236,0.9930307520998491,0.9922264304472685,v25(p_c=0),44.6
43,pendigits,CBM_KE,2,OK,0.996,0.9999988583301936,0.995975662367415,0.9958111774281063,0.9958605762623367,0.9955613593751054,v26 main_pc0,425.7
43,pendigits,CBM_KE,3,OK,0.995,0.9996946623753933,0.9949895164123246,0.9950409827105432,0.9949911077490421,0.9944489761543142,v26 main_pc0,195.4
43,pendigits,CBM_KE,4,OK,0.996,0.9990362160934151,0.9959548355424644,0.995923974289411,0.9959186095671942,0.9955592302690386,v25(p_c=0),110.5
43,pendigits,CBM_KE,5,OK,0.997,0.9994725485495085,0.9970748299319728,0.9970362990557048,0.9970410272361505,0.9966694153071992,v26 main_pc0,309.7
43,pendigits,CBM_KE,6,OK,0.99,0.9990847014392001,0.9899851605745786,0.9900732600732601,0.989970015381785,0.9889002736255715,v26 main_pc0,387.2
43,pendigits,CBM_KE,7,OK,0.991,0.9968121052974738,0.9910777476537426,0.9908852809561571,0.9909378195110474,0.9900079241920408,v26 main_pc0,113.7
43,pendigits,CBM_KE,8,OK,0.994,0.999972934002243,0.9941603213158631,0.9941210054636217,0.9940851570676289,0.9933454097105794,v26 main_pc0,52.2
43,pendigits,CBM_KE,9,OK,0.997,1.0,0.9970641374769948,0.9970352564102564,0.997035096063942,0.9966693819908631,v26 main_pc0,190.1
43,pendigits,CBM,0,OK,0.988,0.9979411893146878,0.9881318452364241,0.98812807550991,0.9881008400861282,0.9866707119219074,v26 main_pc0,60.6
43,pendigits,CBM,1,OK,0.996,0.9999881401329386,0.9960267714255233,0.9961443330132651,0.9960756729488424,0.99555700774763,v25(p_c=0),45.1
43,pendigits,CBM,2,OK,0.997,0.9999953689437442,0.9970065902024665,0.9968638090070538,0.9969191592649949,0.9966693673182431,v26 main_pc0,46.5
43,pendigits,CBM,3,OK,0.993,0.9996241993033342,0.9930477688395092,0.9931179057874664,0.9930679876574745,0.9922241299947029,v26 main_pc0,82.5
43,pendigits,CBM,4,OK,0.993,0.9974785353288015,0.9929616382635528,0.9928383189746537,0.9928636002020241,0.9922285925613843,v26 main_pc0,375.3
43,pendigits,CBM,5,OK,0.998,0.9999920083113562,0.9979486640016832,0.9979164405860012,0.9979271511230273,0.997778501366338,v25(p_c=0),347.4
43,pendigits,CBM,6,OK,0.995,0.9988443618526903,0.9950967081582387,0.9950320512820513,0.9950345552337698,0.9944500566519598,v26 main_pc0,44.4
43,pendigits,CBM,7,OK,0.995,0.9977641024535302,0.9949700120145726,0.99488253370341,0.9949067530260314,0.9944478216865672,v26 main_pc0,107.6
43,pendigits,CBM,8,OK,0.995,0.9998422383852518,0.9950533511295697,0.9950918792500294,0.9950528751069723,0.9944478956846425,v26 main_pc0,37.5
43,pendigits,CBM,9,OK,0.999,1.0,0.9989583333333334,0.9990384615384615,0.9989933480031363,0.9988898076061209,v26 main_pc0,44.9
43,phoneme,CBM_KE,0,OK,0.9020332717190388,0.9634166419704304,0.8846102218195242,0.8773914188810958,0.8808751251573554,0.7619674463614393,v25(p_c=0),366.4
43,phoneme,CBM_KE,1,OK,0.8964879852125693,0.9440054002436695,0.873583925731165,0.8789719780038856,0.8762013729977116,0.7525366151485157,v25(p_c=0),309.7
43,phoneme,CBM_KE,2,OK,0.9168207024029574,0.9640916724291217,0.9015234765234765,0.8970413908920281,0.8992363568634755,0.7985522890698735,v25(p_c=0),354.8
43,phoneme,CBM_KE,3,OK,0.8909426987060998,0.9506404557278805,0.8770116148894487,0.8548519872238138,0.8647712011252473,0.731528046625637,v25(p_c=0),430.5
43,phoneme,CBM_KE,4,OK,0.8944444444444445,0.9494499304128835,0.8739421868454127,0.8697229770031148,0.8717879294042179,0.7436531948362516,v25(p_c=0),423.6
43,phoneme,CBM_KE,5,OK,0.9,0.9532275167340447,0.8835897435897435,0.8717940221353304,0.8773635690734136,0.7552916618607433,v25(p_c=0),325.2
43,phoneme,CBM_KE,6,OK,0.9,0.9502783484657698,0.8823928377645144,0.8736496785737955,0.8778382907415165,0.7559919600620957,v25(p_c=0),410.0
43,phoneme,CBM_KE,7,OK,0.8796296296296297,0.9480250513619193,0.8567411460708314,0.8499734906223076,0.8532357134793171,0.7066822316685524,v25(p_c=0),376.1
43,phoneme,CBM_KE,8,OK,0.8888888888888888,0.9429835421515705,0.8725658202212183,0.8552963898380628,0.8632010943912449,0.7276573119309818,v26 main_pc0,104.3
43,phoneme,CBM_KE,9,OK,0.8833333333333333,0.9536142887799401,0.8618027050669538,0.8550240182241371,0.8582919219730829,0.716794671177827,v25(p_c=0),354.4
43,phoneme,CBM,0,OK,0.88909426987061,0.951611841022095,0.8613739266198283,0.8810793901676051,0.8700726888469051,0.7421917692315296,v25(p_c=0),90.9
43,phoneme,CBM,1,OK,0.8613678373382625,0.9275083143995521,0.8291872844504424,0.8614458823142019,0.8413905252582901,0.6898793763399694,v25(p_c=0),70.3
43,phoneme,CBM,2,OK,0.8983364140480592,0.9497678553788402,0.8698842746067145,0.9041456748658172,0.8833343135525104,0.7732713101704571,v26 main_pc0,40.3
43,phoneme,CBM,3,OK,0.8817005545286506,0.9383911225262603,0.8525873843670454,0.8740080345088742,0.8618664624026555,0.7262796007592217,v25(p_c=0),91.4
43,phoneme,CBM,4,OK,0.8740740740740741,0.9402379216647889,0.8432553231113042,0.8664590098747431,0.853110599078341,0.7093349162182941,v26 main_pc0,86.5
43,phoneme,CBM,5,OK,0.8944444444444445,0.952365961959043,0.865825882208098,0.8938465107031612,0.8774676650782846,0.7591554445107144,v25(p_c=0),99.6
43,phoneme,CBM,6,OK,0.8851851851851852,0.9396414606667108,0.8553318190189698,0.88359069520843,0.8669316375198728,0.7383819593873151,v26 main_pc0,148.5
43,phoneme,CBM,7,OK,0.8722222222222222,0.9222446815561004,0.84077237452358,0.8688614222281132,0.8521422704058349,0.7090776621014624,v25(p_c=0),96.8
43,phoneme,CBM,8,OK,0.8796296296296297,0.9243302134403011,0.8517488076311606,0.8652255732184421,0.8579401729811114,0.7168477101755829,v26 main_pc0,44.3
43,phoneme,CBM,9,OK,0.8925925925925926,0.9451129929513528,0.8635953293572687,0.9055613331352449,0.8784840772239122,0.7680109543382369,v25(p_c=0),78.2
43,satimage,CBM_KE,0,OK,0.9300155520995335,0.9930937097046822,0.9124714331889235,0.9154260870401632,0.9136302389088881,0.9137644081281505,v26 main_pc0,407.7
43,satimage,CBM_KE,1,OK,0.9331259720062208,0.9936507144189107,0.926176627722147,0.9172602535333002,0.9212654093701951,0.9174366822015411,v26 main_pc0,350.5
43,satimage,CBM_KE,2,OK,0.9393468118195957,0.9945777440570417,0.9304945756919142,0.9262847844439795,0.928269173549639,0.9251093494209423,v26 main_pc0,311.7
43,satimage,CBM_KE,3,OK,0.9455676516329704,0.9957177542470087,0.9423859115697643,0.9349152439868679,0.9383877618240262,0.932771492536401,v25(p_c=0),76.6
43,satimage,CBM_KE,4,OK,0.9206842923794712,0.9905752241308224,0.9057523155901933,0.8985211121072026,0.9019373816824398,0.9020041624882547,v26 main_pc0,94.6
43,satimage,CBM_KE,5,OK,0.926905132192846,0.9912189893422026,0.914434336301968,0.9101297802167339,0.9119316217627794,0.9097678338910172,v26 main_pc0,150.4
43,satimage,CBM_KE,6,OK,0.9237947122861586,0.9936702034877234,0.9168117033442112,0.9105837031517128,0.9129739923784771,0.9059503045421029,v25(p_c=0),57.1
43,satimage,CBM_KE,7,OK,0.9222395023328149,0.990025297860753,0.906242129098585,0.9079319161154289,0.9059978538407295,0.904493226307143,v26 main_pc0,49.8
43,satimage,CBM_KE,8,OK,0.9331259720062208,0.9911134410167026,0.9279533079118446,0.9082906809045997,0.9162874072083009,0.917584961645786,v25(p_c=0),157.0
43,satimage,CBM_KE,9,OK,0.9129082426127527,0.9905324242847017,0.9054845875349793,0.8944269622989781,0.8987259060990191,0.8926230287033535,v25(p_c=0),148.9
43,satimage,CBM,0,OK,0.9237947122861586,0.9786723603401409,0.9038009148373777,0.9135654752457766,0.9082037810413035,0.9063827192086192,v26 main_pc0,142.9
43,satimage,CBM,1,OK,0.9051321928460342,0.9861693904679649,0.8910915176884789,0.8984209430644959,0.8937813024005851,0.8836137180465943,v26 main_pc0,332.8
43,satimage,CBM,2,OK,0.9097978227060654,0.9852827784619934,0.8894997391828071,0.8927543459753383,0.8905884790390176,0.8889127004613883,v26 main_pc0,41.2
43,satimage,CBM,3,OK,0.937791601866252,0.9944944039625255,0.929466236343743,0.9243557825251819,0.9264317544724207,0.9232915730508189,v26 main_pc0,53.3
43,satimage,CBM,4,OK,0.9284603421461898,0.9900673594239239,0.9181421825379457,0.9133723715207953,0.915601425066655,0.9116542860114616,v25(p_c=0),85.6
43,satimage,CBM,5,OK,0.9253499222395023,0.9841195015311589,0.9134239168197734,0.9097143197436083,0.9107744541633561,0.9079639496466668,v26 main_pc0,66.1
43,satimage,CBM,6,OK,0.9051321928460342,0.9885657430219386,0.891939173701234,0.8948959782658767,0.8930916792602891,0.8831302273048449,v26 main_pc0,245.2
43,satimage,CBM,7,OK,0.8989113530326595,0.9813494972254478,0.8778361787484462,0.887920168067227,0.8808487313991594,0.8767352711156611,v26 main_pc0,70.0
43,satimage,CBM,8,OK,0.9082426127527217,0.9857170832902203,0.8913581700649101,0.8871780903284631,0.8885385071037698,0.8869900380318329,v26 main_pc0,40.3
43,satimage,CBM,9,OK,0.9144634525660964,0.9878759972116525,0.9134894260782861,0.8944322932598646,0.9013816188355936,0.894818672100405,v26 main_pc0,54.6
43,segment,CBM_KE,0,OK,0.9567099567099567,0.9967641785823603,0.9582243153671726,0.9567099567099567,0.9552512235550079,0.9501807530870667,v26 main_pc0,42.3
43,segment,CBM_KE,1,OK,0.974025974025974,0.998666316848135,0.9761526232114467,0.974025974025974,0.9737305443342006,0.9701425001453319,v25(p_c=0),25.8
43,segment,CBM_KE,2,OK,0.9783549783549783,0.9982290436835891,0.9797979797979798,0.9783549783549784,0.9785163077088542,0.9749393352895842,v26 main_pc0,86.4
43,segment,CBM_KE,3,OK,0.974025974025974,0.9963050417595872,0.9754610177404296,0.974025974025974,0.9742603424587525,0.9698666231942564,v26 main_pc0,93.9
43,segment,CBM_KE,4,OK,0.974025974025974,0.9963487690760419,0.9753170085238396,0.974025974025974,0.97412297982139,0.9698878361430061,v26 main_pc0,15.9
43,segment,CBM_KE,5,OK,0.961038961038961,0.987603305785124,0.9612776928953399,0.961038961038961,0.9610329968538923,0.9545871969945635,v26 main_pc0,14.1
43,segment,CBM_KE,6,OK,0.961038961038961,0.9981197253924528,0.9608377075170244,0.961038961038961,0.9607562835174777,0.9546080702728035,v26 main_pc0,26.8
43,segment,CBM_KE,7,OK,0.9826839826839827,0.9998250907341816,0.9838935574229691,0.9826839826839827,0.982656100427492,0.9800122697595995,v26 main_pc0,96.7
43,segment,CBM_KE,8,OK,0.9956709956709957,0.9981853163671346,0.9957983193277311,0.9956709956709957,0.9956700016401508,0.9949712488986399,v25(p_c=0),26.1
43,segment,CBM_KE,9,OK,0.974025974025974,0.9943154488609033,0.9742151406016953,0.974025974025974,0.97367024602695,0.969845411637326,v26 main_pc0,82.6
43,segment,CBM,0,OK,0.9437229437229437,0.9971139971139971,0.945970695970696,0.9437229437229437,0.9419745207097823,0.9353460258851048,v25(p_c=0),25.2
43,segment,CBM,1,OK,0.9653679653679653,0.9980104071013163,0.968450082735797,0.9653679653679654,0.9654443366249401,0.9600788702804308,v26 main_pc0,13.0
43,segment,CBM,2,OK,0.974025974025974,0.990576763304036,0.975030012004802,0.974025974025974,0.9740046190692121,0.9698666231942564,v25(p_c=0),12.2
43,segment,CBM,3,OK,0.9653679653679653,0.9935502208229481,0.9685063097626765,0.9653679653679654,0.9659958292880828,0.9599528232957586,v26 main_pc0,10.2
43,segment,CBM,4,OK,0.9783549783549783,0.9940968122786306,0.9784576587233135,0.9783549783549784,0.9782136395942366,0.9748114156754025,v26 main_pc0,13.1
43,segment,CBM,5,OK,0.9696969696969697,0.9928505837596745,0.9714285714285715,0.9696969696969697,0.969991073352418,0.9648363369964279,v26 main_pc0,69.0
43,segment,CBM,6,OK,0.961038961038961,0.9963269054178144,0.9609758932898673,0.961038961038961,0.9606949276944887,0.9546498209374029,v26 main_pc0,9.0
43,segment,CBM,7,OK,0.9826839826839827,0.9996939087848179,0.9835534213685475,0.9826839826839827,0.9826617214049799,0.9799479680085481,v25(p_c=0),40.7
43,segment,CBM,8,OK,0.9956709956709957,0.9993003629367266,0.9957983193277311,0.9956709956709957,0.9956700016401508,0.9949712488986399,v26 main_pc0,79.5
43,segment,CBM,9,OK,0.974025974025974,0.9966329966329966,0.9741453399541635,0.974025974025974,0.9740229919334398,0.9697181715154257,v26 main_pc0,17.5
43,spambase,CBM_KE,0,OK,0.9370932754880694,0.9768403639371381,0.9371028971028972,0.9308361889007051,0.9337200366872412,0.8679164622134302,v26 main_pc0,87.8
43,spambase,CBM_KE,1,OK,0.9521739130434783,0.9824550981207549,0.9491625732378529,0.9508703142636488,0.9499960471183493,0.9000312673484625,v26 main_pc0,78.3
43,spambase,CBM_KE,2,OK,0.9652173913043478,0.9867522129151072,0.9644326924988569,0.9625933186795779,0.9634920634920635,0.9270241863648176,v26 main_pc0,129.8
43,spambase,CBM_KE,3,OK,0.9478260869565217,0.9856036753203034,0.9434095316448258,0.9482564011168538,0.9456521739130435,0.8916527594888479,v26 main_pc0,156.7
43,spambase,CBM_KE,4,OK,0.9369565217391305,0.9805738727499554,0.9329710144927537,0.9354145626646072,0.9341478464766135,0.8683821392032741,v26 main_pc0,26.8
43,spambase,CBM_KE,5,OK,0.9695652173913043,0.9910295253371353,0.9681181805580308,0.9681181805580308,0.9681181805580308,0.9362363611160617,v26 main_pc0,173.8
43,spambase,CBM_KE,6,OK,0.9456521739130435,0.9835244262262619,0.9442784285600446,0.9416127052020832,0.942899418567123,0.8858871230565026,v25(p_c=0),46.3
43,spambase,CBM_KE,7,OK,0.9478260869565217,0.9775837145290006,0.9429118100704816,0.9492267173607398,0.9457493857493857,0.8921161774528381,v26 main_pc0,128.5
43,spambase,CBM_KE,8,OK,0.9478260869565217,0.985038342952012,0.9435622653316647,0.9482963080085383,0.9457493857493857,0.8918460089501749,v26 main_pc0,129.9
43,spambase,CBM_KE,9,OK,0.9260869565217391,0.9754723693572614,0.9210732165206508,0.9255672385168788,0.9231449631449632,0.8466285276745951,v26 main_pc0,66.9
43,spambase,CBM,0,OK,0.93058568329718,0.9805624483043839,0.9280842230130486,0.9264149828665957,0.9272296764009471,0.8544975754712686,v26 main_pc0,79.0
43,spambase,CBM,1,OK,0.95,0.9784352165389414,0.9465579710144927,0.9490781995683083,0.9477724299642107,0.8956326247431259,v26 main_pc0,29.4
43,spambase,CBM,2,OK,0.9652173913043478,0.9854056515970614,0.9653830029346588,0.9616230024356918,0.9634187558400764,0.9269983799278952,v25(p_c=0),25.9
43,spambase,CBM,3,OK,0.9543478260869566,0.9826333194716728,0.9504552232948749,0.9546030614467613,0.952402304004415,0.9050487800213524,v26 main_pc0,23.6
43,spambase,CBM,4,OK,0.9282608695652174,0.9676825283668984,0.9245197248794371,0.9253351551515872,0.924922474294108,0.8498544888308927,v25(p_c=0),18.2
43,spambase,CBM,5,OK,0.9695652173913043,0.9837620546941523,0.9681181805580308,0.9681181805580308,0.9681181805580308,0.9362363611160617,v26 main_pc0,217.1
43,spambase,CBM,6,OK,0.9521739130434783,0.9824154933761066,0.951608073306582,0.9479593655319907,0.949700789280105,0.8995600391025409,v26 main_pc0,89.8
43,spambase,CBM,7,OK,0.9543478260869566,0.9861977464900294,0.9490049751243781,0.9575140101784194,0.9526542535202984,0.9064790494197109,v26 main_pc0,18.4
43,spambase,CBM,8,OK,0.9521739130434783,0.9801170052968613,0.9526248399487836,0.9471499723298284,0.949700789280105,0.8997581556371504,v25(p_c=0),16.2
43,spambase,CBM,9,OK,0.9391304347826087,0.9785951458613329,0.9341130604288499,0.940153371808048,0.936818146142375,0.8742455657163363,v26 main_pc0,36.3
43,tic-tac-toe,CBM_KE,0,OK,0.9791666666666666,0.9995256166982922,0.9772296015180266,0.9772296015180266,0.9772296015180266,0.9544592030360531,v26 main_pc0,30.1
43,tic-tac-toe,CBM_KE,1,OK,0.9583333333333334,0.9822106261859582,0.9544592030360531,0.9544592030360531,0.9544592030360531,0.9089184060721063,v26 main_pc0,28.8
43,tic-tac-toe,CBM_KE,2,OK,0.9791666666666666,0.9826839826839827,0.9846153846153847,0.9696969696969697,0.9765625,0.9541957401338105,v25(p_c=0),9.1
43,tic-tac-toe,CBM_KE,3,OK,0.9895833333333334,1.0,0.9921875,0.9848484848484849,0.9883706844336766,0.9770084209183943,v26 main_pc0,13.8
43,tic-tac-toe,CBM_KE,4,OK,0.9583333333333334,0.9807599807599807,0.9701492537313433,0.9393939393939394,0.9523573200992556,0.9090230639541237,v26 main_pc0,27.7
43,tic-tac-toe,CBM_KE,5,OK,0.96875,0.9889369889369889,0.9625237191650854,0.968975468975469,0.9656119402985075,0.9314768448173557,v26 main_pc0,8.7
43,tic-tac-toe,CBM_KE,6,OK,0.9791666666666666,0.9985569985569985,0.976911976911977,0.976911976911977,0.976911976911977,0.9538239538239538,v26 main_pc0,7.9
43,tic-tac-toe,CBM_KE,7,OK,0.96875,0.9990379990379991,0.9583333333333333,0.9761904761904762,0.9660657476139979,0.9343531843023134,v26 main_pc0,9.2
43,tic-tac-toe,CBM_KE,8,OK,0.9894736842105263,1.0,0.9920634920634921,0.9848484848484849,0.9883076923076923,0.9768853332428297,v26 main_pc0,10.3
43,tic-tac-toe,CBM_KE,9,OK,0.9789473684210527,0.9995112414467253,0.9767839687194526,0.9767839687194526,0.9767839687194526,0.9535679374389052,v26 main_pc0,15.6
43,tic-tac-toe,CBM,0,OK,1.0,1.0,1.0,1.0,1.0,1.0,v26 main_pc0,8.9
43,tic-tac-toe,CBM,1,OK,0.9479166666666666,0.9952561669829222,0.9374713696747595,0.9530360531309298,0.9441275753695728,0.8903713891971934,v25(p_c=0),4.5
43,tic-tac-toe,CBM,2,OK,0.9895833333333334,0.9838864838864839,0.9921875,0.9848484848484849,0.9883706844336766,0.9770084209183943,v25(p_c=0),5.8
43,tic-tac-toe,CBM,3,OK,0.9895833333333334,1.0,0.9921875,0.9848484848484849,0.9883706844336766,0.9770084209183943,v25(p_c=0),5.0
43,tic-tac-toe,CBM,4,OK,0.9583333333333334,0.9735449735449735,0.9607940446650125,0.9466089466089466,0.953125,0.9072921092823789,v26 main_pc0,7.3
43,tic-tac-toe,CBM,5,OK,0.9791666666666666,0.9995189995189996,0.976911976911977,0.976911976911977,0.976911976911977,0.9538239538239538,v25(p_c=0),4.7
43,tic-tac-toe,CBM,6,OK,1.0,1.0,1.0,1.0,1.0,1.0,v25(p_c=0),6.4
43,tic-tac-toe,CBM,7,OK,0.9895833333333334,0.9995189995189996,0.9852941176470589,0.9920634920634921,0.9885373134328358,0.977334166408364,v25(p_c=0),5.6
43,tic-tac-toe,CBM,8,OK,1.0,1.0,1.0,1.0,1.0,1.0,v25(p_c=0),5.3
43,tic-tac-toe,CBM,9,OK,0.9578947368421052,0.9956011730205279,0.9488095238095238,0.9606549364613881,0.9541947926711668,0.9093873161062717,v26 main_pc0,4.5
43,vehicle,CBM_KE,0,OK,0.7764705882352941,0.945716366966367,0.7805345117845117,0.7770021645021645,0.7745368048939478,0.7048011300690494,v26 main_pc0,19.8
43,vehicle,CBM_KE,1,OK,0.7411764705882353,0.9197373633311132,0.7343048256091733,0.7462121212121212,0.7342800506785976,0.6598066619500939,v26 main_pc0,34.3
43,vehicle,CBM_KE,2,OK,0.8352941176470589,0.9544430395992896,0.8449787281683834,0.8343614718614718,0.8293576521517698,0.7871698288864367,v25(p_c=0),25.3
43,vehicle,CBM_KE,3,OK,0.8470588235294118,0.9795436681374181,0.8516432225063939,0.8495129870129869,0.8459726867335564,0.7992260401391124,v26 main_pc0,33.5
43,vehicle,CBM_KE,4,OK,0.8470588235294118,0.9633612914862915,0.849025974025974,0.849025974025974,0.8488372093023255,0.7961595273264401,v26 main_pc0,49.1
43,vehicle,CBM_KE,5,OK,0.8117647058823529,0.9457183441558441,0.8064393939393939,0.8143939393939393,0.8095238095238095,0.7496307237813885,v26 main_pc0,25.8
43,vehicle,CBM_KE,6,OK,0.8928571428571429,0.9831821617535903,0.8918033720665299,0.8928571428571428,0.8915768576290415,0.8576021793415035,v26 main_pc0,34.8
43,vehicle,CBM_KE,7,OK,0.8809523809523809,0.9677784826675198,0.8987468671679197,0.8807814992025518,0.8812865497076022,0.8467090793599026,v26 main_pc0,30.4
43,vehicle,CBM_KE,8,OK,0.8333333333333334,0.9549124390714252,0.8370082815734989,0.8365800865800865,0.8363143631436315,0.7779879527697785,v26 main_pc0,21.5
43,vehicle,CBM_KE,9,OK,0.8214285714285714,0.945345563155003,0.829848484848485,0.823538961038961,0.8201552351107027,0.7653968742826103,v25(p_c=0),10.7
43,vehicle,CBM,0,OK,0.8352941176470589,0.9537957702020202,0.8405555555555556,0.8382034632034632,0.8364130434782608,0.7827554457858878,v26 main_pc0,14.6
43,vehicle,CBM,1,OK,0.7529411764705882,0.9059549131424132,0.7421497584541064,0.7570346320346321,0.7475913621262458,0.6720891379217716,v26 main_pc0,9.1
43,vehicle,CBM,2,OK,0.8352941176470589,0.9424958201520702,0.8395622895622896,0.8349025974025974,0.8321760768189339,0.7837106348844725,v26 main_pc0,9.5
43,vehicle,CBM,3,OK,0.8235294117647058,0.9726367035742036,0.8276704545454546,0.8262445887445888,0.8206620801014394,0.7689081725887431,v25(p_c=0),27.2
43,vehicle,CBM,4,OK,0.8117647058823529,0.9566084956709957,0.8138528138528138,0.8143939393939393,0.8136698808848554,0.7493077476763178,v26 main_pc0,14.7
43,vehicle,CBM,5,OK,0.8,0.9458479888167388,0.8201546717171717,0.8057359307359307,0.7802437469205576,0.7545882517516098,v26 main_pc0,12.3
43,vehicle,CBM,6,OK,0.8809523809523809,0.9780801209372638,0.8785714285714286,0.8809523809523809,0.8795005807200929,0.8413988657844991,v26 main_pc0,13.3
43,vehicle,CBM,7,OK,0.8571428571428571,0.9679987886997347,0.8731516290726816,0.8575131009341536,0.8573976608187134,0.8146714385192576,v26 main_pc0,14.5
43,vehicle,CBM,8,OK,0.8214285714285714,0.9212748230605373,0.8294413919413919,0.8268398268398268,0.8220099418239424,0.7666239892217657,v26 main_pc0,16.0
43,vehicle,CBM,9,OK,0.7738095238095238,0.9448261138929341,0.7716179653679653,0.7803030303030303,0.7710830041885646,0.702282097185572,v26 main_pc0,10.3
43,wdbc,CBM_KE,0,OK,0.9824561403508771,0.9973544973544973,0.9864864864864865,0.9761904761904762,0.9809555629802873,0.962621902223779,v26 main_pc0,11.7
43,wdbc,CBM_KE,1,OK,0.9824561403508771,0.9920634920634921,0.9864864864864865,0.9761904761904762,0.9809555629802873,0.962621902223779,v25(p_c=0),5.7
43,wdbc,CBM_KE,2,OK,0.9298245614035088,0.9794973544973544,0.920076726342711,0.9345238095238095,0.9259740259740259,0.8544784126535336,v26 main_pc0,14.9
43,wdbc,CBM_KE,3,OK,0.9824561403508771,1.0,0.9772727272727273,0.9861111111111112,0.981329839502129,0.9633432944855655,v26 main_pc0,5.7
43,wdbc,CBM_KE,4,OK,1.0,1.0,1.0,1.0,1.0,1.0,v26 main_pc0,9.5
43,wdbc,CBM_KE,5,OK,0.9824561403508771,1.0,0.9864864864864865,0.9761904761904762,0.9809555629802873,0.962621902223779,v26 main_pc0,5.5
43,wdbc,CBM_KE,6,OK,0.9824561403508771,1.0,0.9772727272727273,0.9861111111111112,0.981329839502129,0.9633432944855655,v26 main_pc0,12.6
43,wdbc,CBM_KE,7,OK,0.9473684210526315,0.9701298701298701,0.9484126984126984,0.9402597402597402,0.9439895185063871,0.8886350389948482,v26 main_pc0,11.5
43,wdbc,CBM_KE,8,OK,0.9473684210526315,0.9727272727272728,0.9605263157894737,0.9318181818181819,0.942866688940862,0.8918825850158447,v26 main_pc0,13.7
43,wdbc,CBM_KE,9,OK,0.9642857142857143,0.9904761904761905,0.9565217391304348,0.9714285714285714,0.9625668449197862,0.9278305692406299,v26 main_pc0,5.1
43,wdbc,CBM,0,OK,0.9824561403508771,1.0,0.9864864864864865,0.9761904761904762,0.9809555629802873,0.962621902223779,v25(p_c=0),8.1
43,wdbc,CBM,1,OK,0.9824561403508771,0.98015873015873,0.9864864864864865,0.9761904761904762,0.9809555629802873,0.962621902223779,v25(p_c=0),4.0
43,wdbc,CBM,2,OK,0.9298245614035088,0.992063492063492,0.9199999999999999,0.9444444444444444,0.9271099744245523,0.8640987597877147,v26 main_pc0,6.0
43,wdbc,CBM,3,OK,0.9824561403508771,0.9986772486772486,0.9772727272727273,0.9861111111111112,0.981329839502129,0.9633432944855655,v25(p_c=0),2.5
43,wdbc,CBM,4,OK,1.0,1.0,1.0,1.0,1.0,1.0,v26 main_pc0,3.6
43,wdbc,CBM,5,OK,0.9824561403508771,1.0,0.9864864864864865,0.9761904761904762,0.9809555629802873,0.962621902223779,v26 main_pc0,3.1
43,wdbc,CBM,6,OK,0.9824561403508771,1.0,0.9772727272727273,0.9861111111111112,0.981329839502129,0.9633432944855655,v26 main_pc0,3.7
43,wdbc,CBM,7,OK,0.9649122807017544,0.9662337662337662,0.972972972972973,0.9545454545454546,0.9623015873015872,0.9273353546322172,v25(p_c=0),4.2
43,wdbc,CBM,8,OK,0.9122807017543859,0.9805194805194806,0.9210526315789473,0.8948051948051948,0.9047778149014367,0.8154355063002009,v26 main_pc0,4.6
43,wdbc,CBM,9,OK,0.9642857142857143,0.9918367346938776,0.9565217391304348,0.9714285714285714,0.9625668449197862,0.9278305692406299,v26 main_pc0,2.9
43,wine-quality,CBM_KE,0,PARTIAL,0.636734693877551,nan,0.4107801770497228,0.3068327164821927,0.31628452765179543,0.4487955386817716,v25(p_c=0),340.3
43,wine-quality,CBM_KE,1,PARTIAL,0.6285714285714286,nan,0.30966654816666134,0.3290784557907846,0.3187928077056869,0.428792734491292,v25(p_c=0),237.6
43,wine-quality,CBM_KE,2,PARTIAL,0.6265306122448979,nan,0.4735272535149256,0.3288080017796043,0.3505829901719969,0.4364902402994517,v25(p_c=0),282.9
43,wine-quality,CBM_KE,3,OK,0.6040816326530613,0.6493259919216798,0.33269297079861027,0.2893416927899687,0.294703733150887,0.3979824029495317,v25(p_c=0),225.4
43,wine-quality,CBM_KE,4,OK,0.636734693877551,0.720611731704664,0.47670967593931973,0.33443984176742797,0.3556601742749826,0.4533585760135309,v25(p_c=0),275.5
43,wine-quality,CBM_KE,5,OK,0.6163265306122448,0.7859156998523592,0.489298500583334,0.3471541854599872,0.3857844570888049,0.42394023419186727,v25(p_c=0),362.5
43,wine-quality,CBM_KE,6,OK,0.6469387755102041,0.7547858286514223,0.4438423213926149,0.3508375890829557,0.36626460253821336,0.4707345187574351,v25(p_c=0),298.4
43,wine-quality,CBM_KE,7,OK,0.6326530612244898,0.7243827488584963,0.40681319381835734,0.31761173958998296,0.3313241129114823,0.45256531206135153,v25(p_c=0),301.3
43,wine-quality,CBM_KE,8,PARTIAL,0.656441717791411,nan,0.37094654280825484,0.3072718377512898,0.3122334041529323,0.47205791260632984,v25(p_c=0),276.7
43,wine-quality,CBM_KE,9,PARTIAL,0.5971370143149284,nan,0.3745909116334706,0.3548807256401938,0.3623251421079798,0.39569627215633957,v26 main_pc0,247.4
43,wine-quality,CBM,0,PARTIAL,0.4061224489795918,nan,0.07786100707449022,0.23401826484018265,0.10648978894300605,-0.0004339012352175289,v25(p_c=0),21.1
43,wine-quality,CBM,1,PARTIAL,0.39387755102040817,nan,0.07360793287566743,0.14687975646879756,0.09806910569105691,-0.014282418600909017,v25(p_c=0),21.5
43,wine-quality,CBM,2,PARTIAL,0.4122448979591837,nan,0.24161073825503357,0.1534221525600836,0.10273288013527482,0.005197408729166451,v25(p_c=0),20.8
43,wine-quality,CBM,3,OK,0.4122448979591837,0.5309499555049741,0.06356198867212083,0.13116883116883118,0.08562950402713014,-0.013342932652759903,v25(p_c=0),20.6
43,wine-quality,CBM,4,OK,0.39591836734693875,0.5055152907545329,0.06313049137650505,0.125974025974026,0.08411012356384132,-0.019023819101251525,v25(p_c=0),19.9
43,wine-quality,CBM,5,OK,0.4,0.49490979463322443,0.06436781609195402,0.12727272727272726,0.08549618320610687,0.0026116125915498366,v25(p_c=0),20.4
43,wine-quality,CBM,6,OK,0.40816326530612246,0.5060417954563305,0.20674157303370785,0.13019925280199254,0.08744309753976778,-0.0016613028990047998,v25(p_c=0),21.9
43,wine-quality,CBM,7,OK,0.40408163265306124,0.4864148634531512,0.20725727361882967,0.12890055150329124,0.08761443259626094,0.007262427414455893,v25(p_c=0),21.6
43,wine-quality,CBM,8,PARTIAL,0.3987730061349693,nan,0.07352941176470588,0.14772727272727273,0.09818731117824774,-0.02418838030744366,v25(p_c=0),20.3
43,wine-quality,CBM,9,PARTIAL,0.43149284253578735,nan,0.07595392368610511,0.15984848484848485,0.10297706198145436,0.020343257817754864,v25(p_c=0),21.1
44,balance-scale,CBM_KE,0,OK,0.9206349206349206,0.8876267748478702,0.6176470588235294,0.6666666666666666,0.6402116402116401,0.8650451823002163,v26 main_pc0,16.8
44,balance-scale,CBM_KE,1,OK,0.9523809523809523,0.9989858012170384,0.9662835249042147,0.9103448275862069,0.934519557547027,0.9160160785863015,v25(p_c=0),21.0
44,balance-scale,CBM_KE,2,OK,0.8888888888888888,0.8455713319810684,0.592741935483871,0.6436781609195402,0.6171220400728598,0.8029475539049211,v26 main_pc0,16.4
44,balance-scale,CBM_KE,3,OK,0.8888888888888888,0.8912102772143341,0.5924059139784946,0.6436781609195402,0.6169398907103826,0.8029475539049211,v26 main_pc0,16.1
44,balance-scale,CBM_KE,4,OK,0.9047619047619048,0.878025693035835,0.6131944444444445,0.6551724137931035,0.633324071501343,0.8315354493324687,v26 main_pc0,6.9
44,balance-scale,CBM_KE,5,OK,0.9354838709677419,0.9204110066179032,0.6262626262626263,0.6666666666666666,0.6451612903225806,0.8871639008998208,v26 main_pc0,10.7
44,balance-scale,CBM_KE,6,OK,0.9193548387096774,0.9849456451997286,0.6176470588235294,0.6666666666666666,0.6402116402116401,0.8630715425344782,v26 main_pc0,9.1
44,balance-scale,CBM_KE,7,OK,0.9193548387096774,0.9277273797931427,0.6129032258064516,0.6666666666666666,0.6386064030131827,0.860481517060815,v26 main_pc0,21.8
44,balance-scale,CBM_KE,8,OK,0.967741935483871,1.0,0.978494623655914,0.8666666666666667,0.9055555555555556,0.944255877099193,v26 main_pc0,25.3
44,balance-scale,CBM_KE,9,OK,0.9193548387096774,0.952985404688191,0.6161616161616162,0.6666666666666666,0.639344262295082,0.8632539109179078,v25(p_c=0),15.3
44,balance-scale,CBM,0,OK,0.9841269841269841,0.971737660581474,0.9888888888888889,0.9333333333333332,0.9573132454488387,0.9723450321743318,v26 main_pc0,5.9
44,balance-scale,CBM,1,OK,0.9841269841269841,0.9922244759972955,0.9444444444444445,0.9885057471264368,0.9638490164805954,0.9729158085985287,v26 main_pc0,6.3
44,balance-scale,CBM,2,OK,0.9523809523809523,0.9976335361730899,0.8932676518883417,0.9655172413793104,0.9210454296661194,0.9199419788985388,v26 main_pc0,5.4
44,balance-scale,CBM,3,OK,0.9365079365079365,0.9443542934415147,0.8832565284178188,0.8436781609195402,0.8602339181286549,0.8886554513021628,v25(p_c=0),3.3
44,balance-scale,CBM,4,OK,0.9682539682539683,0.9845841784989858,0.9222222222222222,0.9218390804597701,0.9218356626028349,0.9447148203959634,v25(p_c=0),2.5
44,balance-scale,CBM,5,OK,0.9838709677419355,1.0,0.9333333333333332,0.9885057471264368,0.9571150097465887,0.9719488478899142,v26 main_pc0,10.3
44,balance-scale,CBM,6,OK,0.967741935483871,0.9595372967423784,0.9222222222222222,0.9214285714285714,0.921623009758603,0.9438872542021794,v26 main_pc0,6.7
44,balance-scale,CBM,7,OK,0.9838709677419355,0.9902473005921282,0.9444444444444445,0.9885057471264368,0.9638490164805954,0.9725376779825632,v25(p_c=0),2.8
44,balance-scale,CBM,8,OK,1.0,1.0,1.0,1.0,1.0,1.0,v25(p_c=0),3.3
44,balance-scale,CBM,9,OK,0.9838709677419355,0.9969641973271738,0.9444444444444445,0.9885057471264368,0.9638490164805954,0.9725376779825632,v25(p_c=0),3.3
44,bank,CBM_KE,0,OK,0.895,0.9172348484848486,0.7514126684154608,0.7532196969696969,0.7523111726532663,0.50462912999749,v26 main_pc0,414.7
44,bank,CBM_KE,1,OK,0.905,0.9242424242424243,0.776099238516335,0.7660984848484849,0.7709601591224158,0.5421054843368297,v26 main_pc0,263.9
44,bank,CBM_KE,2,OK,0.9,0.9102888257575759,0.7684232774411723,0.7164772727272728,0.7383596194702305,0.48211010790889275,v26 main_pc0,403.0
44,bank,CBM_KE,3,OK,0.9,0.9302272727272727,0.7677912979351031,0.7200757575757576,0.740491612688922,0.4855280538352578,v26 main_pc0,396.6
44,bank,CBM_KE,4,OK,0.902,0.9257420622608337,0.7684349281508269,0.7910284978234094,0.7790224675523807,0.5590070264426736,v26 main_pc0,266.7
44,bank,CBM_KE,5,OK,0.915,0.9324363711580591,0.8005681818181818,0.7984232646038416,0.7994899969097871,0.5989876060628396,v26 main_pc0,103.3
44,bank,CBM_KE,6,OK,0.898,0.9157570116304216,0.7599101658684417,0.7709361690124954,0.7652452496685815,0.5307318141125434,v26 main_pc0,396.7
44,bank,CBM_KE,7,OK,0.889,0.9163117366654445,0.7387462942736777,0.7301826831767881,0.7343423537267459,0.4688507763219771,v26 main_pc0,343.0
44,bank,CBM_KE,8,OK,0.88,0.8623529743604209,0.71613572647185,0.7036828101053978,0.7096146586520312,0.4196338028898912,v26 main_pc0,37.5
44,bank,CBM_KE,9,OK,0.885,0.8805272708468489,0.726475279106858,0.6708929192640021,0.6927754134842207,0.39346167075180594,v25(p_c=0),103.9
44,bank,CBM,0,OK,0.887,0.8400946969696969,0.7346392635409976,0.759469696969697,0.7460531490533175,0.493484664840461,v26 main_pc0,525.1
44,bank,CBM,1,OK,0.895,0.878342803030303,0.7514331498774312,0.7496212121212121,0.7505221215598783,0.5010510857781221,v26 main_pc0,436.4
44,bank,CBM,2,OK,0.887,0.9017897727272727,0.735983386508474,0.7738636363636364,0.7526437566627484,0.508437875656864,v25(p_c=0),455.0
44,bank,CBM,3,OK,0.89,0.8653219696969698,0.7404951370468611,0.7575757575757576,0.7485714285714287,0.4977779308813556,v26 main_pc0,234.2
44,bank,CBM,4,OK,0.896,0.8938406716873984,0.7563553537859109,0.8089959476866087,0.7787309368191722,0.5628952495362289,v26 main_pc0,496.6
44,bank,CBM,5,OK,0.904,0.9194050338946398,0.772207498410654,0.8099831702065645,0.7891759414611863,0.5809638312712175,v26 main_pc0,348.7
44,bank,CBM,6,OK,0.881,0.8315516317377937,0.7226818880044686,0.7398856702300699,0.730763748583116,0.4622475265571437,v26 main_pc0,112.9
44,bank,CBM,7,OK,0.891,0.8297088163672094,0.7436899038461539,0.7135033236491505,0.7270735524256651,0.4561955914337435,v25(p_c=0),291.6
44,bank,CBM,8,OK,0.879,0.8329901559811581,0.7158314350797266,0.7173675946558354,0.7165951127881185,0.4331963060525668,v25(p_c=0),245.2
44,bank,CBM,9,OK,0.862,0.8521610771067798,0.6836362713670696,0.7041341118288063,0.6929484954476277,0.3872282384076367,v26 main_pc0,259.0
44,blood,CBM_KE,0,OK,0.8266666666666667,0.7792397660818714,0.9071428571428571,0.6388888888888888,0.6662102019856213,0.47559486560567094,v26 main_pc0,9.5
44,blood,CBM_KE,1,OK,0.7733333333333333,0.6208576998050682,0.6827731092436975,0.5847953216374269,0.592,0.24898437368631707,v26 main_pc0,10.1
44,blood,CBM_KE,2,OK,0.8133333333333334,0.7782651072124755,0.7653846153846153,0.6681286549707602,0.6926229508196722,0.4224630560631209,v26 main_pc0,22.5
44,blood,CBM_KE,3,OK,0.7866666666666666,0.7080896686159844,0.7076023391812866,0.7076023391812866,0.7076023391812866,0.4152046783625731,v26 main_pc0,16.2
44,blood,CBM_KE,4,OK,0.8,0.8055555555555556,0.7270471464019852,0.6783625730994152,0.6950393060449986,0.4024759036123166,v25(p_c=0),28.1
44,blood,CBM_KE,5,OK,0.76,0.7300194931773879,0.6547619047619048,0.6140350877192983,0.625,0.2656937137768185,v26 main_pc0,23.8
44,blood,CBM_KE,6,OK,0.8266666666666667,0.7899610136452241,0.7666666666666666,0.7339181286549707,0.7474747474747474,0.4995124328435701,v26 main_pc0,6.6
44,blood,CBM_KE,7,OK,0.7733333333333333,0.75,0.6833333333333333,0.6608187134502923,0.6697746697746698,0.3434147975799544,v26 main_pc0,8.3
44,blood,CBM_KE,8,OK,0.7702702702702703,0.7579979360165119,0.38513513513513514,0.5,0.4351145038167939,0.0,v26 main_pc0,6.8
44,blood,CBM_KE,9,OK,0.8108108108108109,0.8132094943240454,0.7322033898305085,0.7120743034055728,0.7209051724137931,0.44382146025949554,v26 main_pc0,12.4
44,blood,CBM,0,OK,0.3466666666666667,0.35818713450292394,0.4751461988304093,0.4751461988304093,0.3466666666666667,-0.049707602339181284,v26 main_pc0,3.5
44,blood,CBM,1,OK,0.7733333333333333,0.6530214424951266,0.6789772727272727,0.6228070175438596,0.6366486178398404,0.29651080973057514,v26 main_pc0,3.6
44,blood,CBM,2,OK,0.36,0.30360623781676416,0.4844924812030075,0.48391812865497075,0.35988620199146515,-0.03158416832363047,v26 main_pc0,3.8
44,blood,CBM,3,OK,0.37333333333333335,0.4186159844054581,0.5333686440677966,0.5307017543859649,0.3728873865860167,0.06401487059620371,v26 main_pc0,3.2
44,blood,CBM,4,OK,0.72,0.8036062378167641,0.6697901049475262,0.7207602339181287,0.6746539971080355,0.38721003750006017,v25(p_c=0),2.7
44,blood,CBM,5,OK,0.38666666666666666,0.3859649122807018,0.48494983277591974,0.48245614035087714,0.3839285714285714,-0.032498493594324794,v26 main_pc0,3.9
44,blood,CBM,6,OK,0.8,0.6934697855750487,0.7270471464019852,0.6783625730994152,0.6950393060449986,0.4024759036123166,v26 main_pc0,3.0
44,blood,CBM,7,OK,0.36,0.40886939571150094,0.46825396825396826,0.4649122807017544,0.358974358974359,-0.06675015657623451,v26 main_pc0,3.6
44,blood,CBM,8,OK,0.33783783783783783,0.6661506707946336,0.4870689655172414,0.4876160990712074,0.33771689497716895,-0.025309022102110796,v26 main_pc0,3.3
44,blood,CBM,9,OK,0.7162162162162162,0.78328173374613,0.6712121212121211,0.7332301341589267,0.6726353486412471,0.39965898463533855,v25(p_c=0),4.2
44,car,CBM_KE,0,OK,0.9942196531791907,0.999537832136204,0.9979508196721312,0.9935897435897436,0.9957244401688846,0.9873704017981242,v25(p_c=0),16.6
44,car,CBM_KE,1,OK,1.0,1.0,1.0,1.0,1.0,1.0,v25(p_c=0),14.6
44,car,CBM_KE,2,OK,0.9942196531791907,1.0,0.9979508196721312,0.9583333333333334,0.9762439206883652,0.9873573407507552,v25(p_c=0),17.9
44,car,CBM_KE,3,OK,1.0,1.0,1.0,1.0,1.0,1.0,v25(p_c=0),16.9
44,car,CBM_KE,4,OK,1.0,1.0,1.0,1.0,1.0,1.0,v25(p_c=0),22.2
44,car,CBM_KE,5,OK,0.9710982658959537,0.9978806621641119,0.9383960573476702,0.9088345864661654,0.9137481362407976,0.9369908951137182,v25(p_c=0),13.1
44,car,CBM_KE,6,OK,1.0,1.0,1.0,1.0,1.0,1.0,v26 main_pc0,57.0
44,car,CBM_KE,7,OK,1.0,1.0,1.0,1.0,1.0,1.0,v25(p_c=0),19.1
44,car,CBM_KE,8,OK,0.9825581395348837,0.999485690804988,0.9939516129032258,0.9802631578947368,0.9866648029074643,0.9616473856746538,v26 main_pc0,47.1
44,car,CBM_KE,9,OK,0.9941860465116279,0.9997054202670856,0.9979508196721312,0.993421052631579,0.9956378600823046,0.9871913937551154,v25(p_c=0),16.4
44,car,CBM,0,OK,0.9826589595375722,0.9960728949710658,0.938034188034188,0.989457512184785,0.9602564102564103,0.9630905822871019,v26 main_pc0,9.1
44,car,CBM,1,OK,1.0,1.0,1.0,1.0,1.0,1.0,v26 main_pc0,11.8
44,car,CBM,2,OK,0.9826589595375722,0.9824740161235396,0.9017857142857143,0.9514652014652014,0.9219924812030075,0.9625388973267098,v26 main_pc0,12.1
44,car,CBM,3,OK,0.9942196531791907,1.0,0.96875,0.9979338842975207,0.9822959889349931,0.987564847055808,v26 main_pc0,9.9
44,car,CBM,4,OK,1.0,1.0,1.0,1.0,1.0,1.0,v26 main_pc0,8.2
44,car,CBM,5,OK,0.9884393063583815,0.9304001721170396,0.9444444444444444,0.9285714285714286,0.9270833333333334,0.9751128342067142,v26 main_pc0,7.3
44,car,CBM,6,OK,1.0,1.0,1.0,1.0,1.0,1.0,v26 main_pc0,7.0
44,car,CBM,7,OK,0.9942196531791907,1.0,0.9979508196721312,0.993421052631579,0.9956378600823046,0.9874289994629426,v26 main_pc0,9.3
44,car,CBM,8,OK,0.9941860465116279,1.0,0.96875,0.993421052631579,0.98,0.987283029348207,v26 main_pc0,12.7
44,car,CBM,9,OK,0.9941860465116279,0.9998379517096094,0.96875,0.9979338842975207,0.9822959889349931,0.9873930686662565,v26 main_pc0,11.1
44,credit-g,CBM_KE,0,OK,0.76,0.81,0.7130977130977132,0.6952380952380952,0.7023809523809523,0.40794505318629176,v26 main_pc0,32.9
44,credit-g,CBM_KE,1,OK,0.73,0.7452380952380953,0.6812555260831124,0.5976190476190476,0.6000592504814102,0.2660375299233013,v25(p_c=0),16.5
44,credit-g,CBM_KE,2,OK,0.77,0.7828571428571429,0.7549019607843137,0.6547619047619048,0.6702508960573477,0.3972360153788916,v25(p_c=0),8.7
44,credit-g,CBM_KE,3,OK,0.78,0.7676190476190475,0.7390852390852392,0.719047619047619,0.7271825396825397,0.45769444991632735,v26 main_pc0,6.0
44,credit-g,CBM_KE,4,OK,0.73,0.79,0.7631578947368421,0.5595238095238095,0.5324675324675324,0.2503130871608794,v26 main_pc0,24.8
44,credit-g,CBM_KE,5,OK,0.71,0.771904761904762,0.6496702181633689,0.6404761904761904,0.6442154336891179,0.29000070396694133,v26 main_pc0,25.3
44,credit-g,CBM_KE,6,OK,0.76,0.7980952380952382,0.7130977130977132,0.6952380952380952,0.7023809523809523,0.40794505318629176,v26 main_pc0,22.2
44,credit-g,CBM_KE,7,OK,0.63,0.6685714285714286,0.5701040253279059,0.5738095238095238,0.5713127099988413,0.14386583648084814,v26 main_pc0,21.8
44,credit-g,CBM_KE,8,OK,0.74,0.7128571428571429,0.6897018970189702,0.6333333333333333,0.643640350877193,0.3180791490757986,v26 main_pc0,15.7
44,credit-g,CBM_KE,9,OK,0.71,0.6928571428571428,0.6416515973477999,0.6119047619047618,0.6183708382681932,0.2518053873501101,v26 main_pc0,18.2
44,credit-g,CBM,0,OK,0.79,0.8228571428571427,0.7533333333333334,0.7261904761904762,0.7366771159874608,0.4787549991450212,v25(p_c=0),4.5
44,credit-g,CBM,1,OK,0.81,0.8321428571428571,0.8333333333333334,0.7023809523809523,0.7275985663082437,0.5194624816493197,v25(p_c=0),3.9
44,credit-g,CBM,2,OK,0.69,0.759047619047619,0.5691244239631337,0.5214285714285715,0.4859890565412038,0.07697370086861782,v26 main_pc0,16.8
44,credit-g,CBM,3,OK,0.74,0.8014285714285715,0.6884920634920635,0.680952380952381,0.6843127731908694,0.36936750089587606,v25(p_c=0),12.3
44,credit-g,CBM,4,OK,0.65,0.7347619047619047,0.5927182270465853,0.5976190476190476,0.5944849959448499,0.19027417082950882,v26 main_pc0,7.3
44,credit-g,CBM,5,OK,0.75,0.750952380952381,0.7019288728149488,0.6595238095238095,0.6710093433346493,0.35895661600973144,v26 main_pc0,7.5
44,credit-g,CBM,6,OK,0.78,0.8114285714285715,0.7380952380952381,0.7285714285714285,0.7328800388538126,0.4665694748158435,v26 main_pc0,14.2
44,credit-g,CBM,7,OK,0.66,0.6771428571428572,0.6128472222222222,0.6238095238095238,0.6155585707824514,0.23640271442232508,v26 main_pc0,10.0
44,credit-g,CBM,8,OK,0.74,0.7123809523809523,0.6864035087719298,0.6619047619047619,0.6702181633688482,0.3474456257081473,v26 main_pc0,12.0
44,credit-g,CBM,9,OK,0.71,0.7014285714285714,0.6397011046133854,0.6023809523809524,0.6080551425868361,0.23918806106484033,v26 main_pc0,24.9
44,diabetes,CBM_KE,0,OK,0.7662337662337663,0.8562962962962963,0.7442528735632183,0.7518518518518519,0.7474489795918368,0.49604652413672967,v26 main_pc0,24.7
44,diabetes,CBM_KE,1,OK,0.7792207792207793,0.8451851851851853,0.7787193973634652,0.7192592592592593,0.7331294597349644,0.4944160539751941,v26 main_pc0,10.5
44,diabetes,CBM_KE,2,OK,0.7142857142857143,0.7422222222222222,0.6846153846153846,0.6777777777777778,0.6806184012066365,0.36232865092627065,v26 main_pc0,22.0
44,diabetes,CBM_KE,3,OK,0.8051948051948052,0.8355555555555556,0.7857142857142857,0.7903703703703704,0.7878787878787878,0.5760658398584765,v26 main_pc0,12.5
44,diabetes,CBM_KE,4,OK,0.7142857142857143,0.8022222222222222,0.696969696969697,0.7118518518518518,0.699645390070922,0.4085505846855608,v26 main_pc0,22.8
44,diabetes,CBM_KE,5,OK,0.7532467532467533,0.8518518518518519,0.7315602836879432,0.7418518518518519,0.7353951890034365,0.4733002574487753,v26 main_pc0,26.5
44,diabetes,CBM_KE,6,OK,0.7792207792207793,0.8148148148148148,0.7576530612244898,0.7618518518518518,0.7595959595959596,0.519487944872376,v26 main_pc0,20.5
44,diabetes,CBM_KE,7,OK,0.7402597402597403,0.7829629629629629,0.7165948275862069,0.7233333333333334,0.7193877551020409,0.4398765500800706,v26 main_pc0,18.0
44,diabetes,CBM_KE,8,OK,0.7368421052631579,0.7915384615384615,0.7098214285714286,0.716923076923077,0.7127739984882842,0.4266854105315057,v26 main_pc0,24.3
44,diabetes,CBM_KE,9,OK,0.7631578947368421,0.8853846153846154,0.7492997198879552,0.7738461538461539,0.7521739130434782,0.5225696870130913,v26 main_pc0,26.1
44,diabetes,CBM,0,OK,0.7922077922077922,0.8066666666666666,0.7718518518518518,0.7718518518518518,0.7718518518518518,0.5437037037037037,v26 main_pc0,13.1
44,diabetes,CBM,1,OK,0.7922077922077922,0.8385185185185186,0.7718518518518518,0.7718518518518518,0.7718518518518518,0.5437037037037037,v26 main_pc0,4.6
44,diabetes,CBM,2,OK,0.6753246753246753,0.7266666666666667,0.6454081632653061,0.6477777777777778,0.6464646464646464,0.2931763649279746,v26 main_pc0,9.5
44,diabetes,CBM,3,OK,0.7662337662337663,0.7948148148148148,0.75,0.7177777777777778,0.7275943396226415,0.4666666666666667,v25(p_c=0),5.0
44,diabetes,CBM,4,OK,0.7532467532467533,0.7748148148148146,0.7318181818181818,0.7077777777777778,0.7156462585034014,0.43893811257017395,v26 main_pc0,3.6
44,diabetes,CBM,5,OK,0.7922077922077922,0.8296296296296296,0.773492286115007,0.788888888888889,0.7787356321839081,0.5621703750837337,v26 main_pc0,6.7
44,diabetes,CBM,6,OK,0.7662337662337663,0.7822222222222223,0.7442528735632183,0.7518518518518519,0.7474489795918368,0.49604652413672967,v26 main_pc0,5.3
44,diabetes,CBM,7,OK,0.7402597402597403,0.8288888888888889,0.7194950911640954,0.7318518518518519,0.7234195402298851,0.4511777625672017,v25(p_c=0),2.7
44,diabetes,CBM,8,OK,0.7236842105263158,0.8315384615384616,0.7064834390415786,0.7253846153846153,0.709130672498633,0.4314542408723264,v26 main_pc0,4.6
44,diabetes,CBM,9,OK,0.7631578947368421,0.7461538461538462,0.7405797101449275,0.7553846153846153,0.7455357142857143,0.49574330754818896,v25(p_c=0),8.4
44,kr-vs-kp,CBM_KE,0,OK,0.99375,0.9988650150679035,0.993738014167743,0.993738014167743,0.993738014167743,0.9874760283354859,v26 main_pc0,23.2
44,kr-vs-kp,CBM_KE,1,OK,0.996875,1.0,0.9970238095238095,0.9967320261437909,0.996868118424272,0.9937557928313525,v26 main_pc0,62.8
44,kr-vs-kp,CBM_KE,2,OK,0.9875,0.9993346640053227,0.987476028335486,0.987476028335486,0.987476028335486,0.9749520566709717,v26 main_pc0,63.5
44,kr-vs-kp,CBM_KE,3,OK,0.99375,0.9999217251770969,0.9935483870967742,0.9940119760479043,0.9937411985604757,0.9875602543337462,v26 main_pc0,77.6
44,kr-vs-kp,CBM_KE,4,OK,0.996875,0.996712457438065,0.9970238095238095,0.9967320261437909,0.996868118424272,0.9937557928313525,v25(p_c=0),70.4
44,kr-vs-kp,CBM_KE,5,OK,0.984375,0.9993738014167742,0.9841307066916822,0.9847559782395993,0.9843565150226341,0.9688864831715941,v26 main_pc0,14.3
44,kr-vs-kp,CBM_KE,6,OK,1.0,1.0,1.0,1.0,1.0,1.0,v26 main_pc0,109.7
44,kr-vs-kp,CBM_KE,7,OK,0.9968652037617555,0.9952332177749764,0.9970238095238095,0.9967105263157895,0.9968572976700655,0.9937342864569987,v26 main_pc0,113.2
44,kr-vs-kp,CBM_KE,8,OK,0.9905956112852664,0.9997242357390482,0.9907363607694734,0.990427040655531,0.9905718930101965,0.9811633526671037,v25(p_c=0),39.6
44,kr-vs-kp,CBM_KE,9,OK,0.9905956112852664,0.9998425072840381,0.9904761904761905,0.9907079297582486,0.9905822844602773,0.981184092867967,v25(p_c=0),52.6
44,kr-vs-kp,CBM,0,OK,0.996875,0.9989824273022583,0.9970238095238095,0.9967320261437909,0.996868118424272,0.9937557928313525,v26 main_pc0,22.0
44,kr-vs-kp,CBM,1,OK,1.0,1.0,1.0,1.0,1.0,1.0,v26 main_pc0,12.9
44,kr-vs-kp,CBM,2,OK,0.990625,0.9942859379280654,0.9907581453634086,0.9904700403115339,0.9906043552728163,0.9812281433787039,v26 main_pc0,45.0
44,kr-vs-kp,CBM,3,OK,0.99375,0.9999608625885484,0.993738014167743,0.993738014167743,0.993738014167743,0.9874760283354859,v26 main_pc0,19.0
44,kr-vs-kp,CBM,4,OK,0.99375,0.9990215647137098,0.9940828402366864,0.9934640522875817,0.993734335839599,0.9875466986607835,v26 main_pc0,38.6
44,kr-vs-kp,CBM,5,OK,0.996875,1.0,0.9967532467532467,0.9970059880239521,0.9968698340033845,0.9937592026375474,v26 main_pc0,16.1
44,kr-vs-kp,CBM,6,OK,0.9968652037617555,1.0,0.9970238095238095,0.9967105263157895,0.9968572976700655,0.9937342864569987,v25(p_c=0),77.9
44,kr-vs-kp,CBM,7,OK,0.9905956112852664,0.9990939174283013,0.9911764705882353,0.9901315789473684,0.9905655727200134,0.981307493237889,v26 main_pc0,68.5
44,kr-vs-kp,CBM,8,OK,0.9905956112852664,0.9997636306334698,0.9904520040948106,0.9907225023636936,0.9905774627086102,0.9811744691719083,v26 main_pc0,13.7
44,kr-vs-kp,CBM,9,OK,0.9968652037617555,0.9994881486731239,0.9970059880239521,0.9967320261437909,0.9968591542362034,0.9937379764037085,v26 main_pc0,79.2
44,magic,CBM_KE,0,OK,0.888,0.9412727887304159,0.8938117605032078,0.8581161462517395,0.8717455431576246,0.7510801555626982,v26 main_pc0,534.8
44,magic,CBM_KE,1,OK,0.877,0.9280462161818094,0.8778571428571429,0.8483333991808568,0.8599406284908091,0.7255901404407179,v25(p_c=0),53.1
44,magic,CBM_KE,2,OK,0.875,0.926821452245181,0.8734013297922435,0.8481007379312464,0.858333021665981,0.7210583289725976,v25(p_c=0),64.5
44,magic,CBM_KE,3,OK,0.877,0.9323175255378646,0.877137137327084,0.8489874845807048,0.8601622799687582,0.7255787783493862,v26 main_pc0,268.2
44,magic,CBM_KE,4,OK,0.901,0.9461411156326411,0.9025011687704535,0.8779428355699541,0.8881455779653568,0.7800575185082852,v26 main_pc0,156.5
44,magic,CBM_KE,5,OK,0.888,0.9421419760402812,0.8913449014546825,0.8600784024512838,0.8723646723646723,0.7507725272631043,v26 main_pc0,104.9
44,magic,CBM_KE,6,OK,0.899,0.938564260598159,0.907543920749168,0.8698611495221664,0.8842474537304983,0.7764912440177493,v26 main_pc0,61.7
44,magic,CBM_KE,7,OK,0.884,0.9371375642562083,0.8816589235970628,0.8602671653519112,0.869237428756944,0.7416176333814491,v26 main_pc0,73.3
44,magic,CBM_KE,8,OK,0.9,0.9513846153846155,0.9056004894931069,0.8729670329670329,0.8858572576521294,0.7778833103653024,v26 main_pc0,68.3
44,magic,CBM_KE,9,OK,0.877,0.9240747252747251,0.8724944965820878,0.8532967032967033,0.8614513812621442,0.7255372564896078,v25(p_c=0),71.3
44,magic,CBM,0,OK,0.879,0.9176335278030194,0.8699261331038439,0.8623018538272775,0.8658582687291235,0.7321882921835855,v26 main_pc0,321.6
44,magic,CBM,1,OK,0.872,0.9263385704063669,0.864025700796561,0.8516762584559194,0.8571932220333007,0.7155954064635368,v26 main_pc0,152.6
44,magic,CBM,2,OK,0.861,0.9086080272520951,0.8569201936298054,0.8327363157871632,0.8424663200925708,0.6892323563455865,v26 main_pc0,76.0
44,magic,CBM,3,OK,0.86,0.9000259000259,0.8527141808037467,0.8352363267617504,0.8426570282857708,0.6877284532994922,v25(p_c=0),305.2
44,magic,CBM,4,OK,0.889,0.9305923204228288,0.8913689064308621,0.8621569892756333,0.8738049843620501,0.7529594540188683,v26 main_pc0,132.2
44,magic,CBM,5,OK,0.866,0.9190821733194613,0.8631206510201674,0.837896566710126,0.8480146631823462,0.70056326275722,v26 main_pc0,215.2
44,magic,CBM,6,OK,0.869,0.9236651609532964,0.8566656089133348,0.8552517789805926,0.8559488189452595,0.7119159839971524,v26 main_pc0,137.9
44,magic,CBM,7,OK,0.876,0.9199294114548351,0.8659669134546298,0.8599906057533175,0.8628166832614228,0.725932919380859,v26 main_pc0,458.1
44,magic,CBM,8,OK,0.896,0.9373890109890111,0.8917378917378918,0.8771428571428571,0.8836329784139174,0.7687422135960734,v26 main_pc0,133.7
44,magic,CBM,9,OK,0.858,0.907876923076923,0.8444786197875236,0.8426373626373627,0.8435406529863902,0.687113515422178,v26 main_pc0,148.2
44,mfeat-factors,CBM_KE,0,OK,0.98,0.9981944444444444,0.980952380952381,0.9799999999999999,0.9801125703564729,0.9778592694458592,v26 main_pc0,16.3
44,mfeat-factors,CBM_KE,1,OK,0.975,0.9974444444444444,0.9763852813852815,0.975,0.9752287143750559,0.9723302649210303,v26 main_pc0,21.3
44,mfeat-factors,CBM_KE,2,OK,0.995,1.0,0.9952380952380953,0.9949999999999999,0.9949968730456534,0.9944720690522652,v26 main_pc0,41.9
44,mfeat-factors,CBM_KE,3,OK,0.97,0.9970277777777777,0.9699498746867168,0.97,0.9697373358348969,0.9667203748460935,v26 main_pc0,55.0
44,mfeat-factors,CBM_KE,4,OK,0.97,0.99875,0.9718614718614719,0.97,0.9698274767594409,0.9669084239961102,v26 main_pc0,59.1
44,mfeat-factors,CBM_KE,5,OK,0.99,0.9989166666666666,0.9904761904761905,0.9899999999999999,0.9899937460913071,0.9889438317391072,v26 main_pc0,68.9
44,mfeat-factors,CBM_KE,6,OK,0.97,0.99825,0.9706208703577124,0.97,0.9698503528991335,0.9667740919786244,v26 main_pc0,60.4
44,mfeat-factors,CBM_KE,7,OK,0.965,0.9897777777777778,0.9674327122153208,0.9650000000000001,0.9650547886798894,0.9613781977109899,v26 main_pc0,29.1
44,mfeat-factors,CBM_KE,8,OK,0.975,0.9946666666666666,0.9763852813852815,0.975,0.9742489353464963,0.972519426348954,v25(p_c=0),57.1
44,mfeat-factors,CBM_KE,9,OK,0.965,0.9932777777777778,0.9676708074534162,0.9649999999999999,0.965051661725543,0.9614049186192517,v25(p_c=0),28.5
44,mfeat-factors,CBM,0,OK,0.975,0.9997777777777778,0.9757142857142858,0.975,0.9751156973108193,0.9722762390693469,v26 main_pc0,54.9
44,mfeat-factors,CBM,1,OK,0.98,0.9958611111111111,0.9811471861471862,0.9799999999999999,0.9801067631555437,0.9778864378634362,v25(p_c=0),12.9
44,mfeat-factors,CBM,2,OK,0.995,0.9998888888888888,0.9952380952380953,0.9949999999999999,0.9949968730456534,0.9944720690522652,v26 main_pc0,60.6
44,mfeat-factors,CBM,3,OK,0.975,0.9976388888888887,0.9754761904761905,0.975,0.9751188242651658,0.972249229520371,v26 main_pc0,12.3
44,mfeat-factors,CBM,4,OK,0.97,0.9979722222222221,0.9709523809523809,0.97,0.9698525394160825,0.9668009539030812,v25(p_c=0),13.4
44,mfeat-factors,CBM,5,OK,0.97,0.998638888888889,0.9731037078863165,0.97,0.970167805744126,0.9669890500895584,v26 main_pc0,22.8
44,mfeat-factors,CBM,6,OK,0.97,0.9969722222222221,0.9720562770562771,0.97,0.969361952410733,0.9670159299364021,v26 main_pc0,12.3
44,mfeat-factors,CBM,7,OK,0.94,0.9903333333333333,0.9422009569377992,0.9399999999999998,0.9403046076730288,0.9335148677640733,v26 main_pc0,9.4
44,mfeat-factors,CBM,8,OK,0.975,0.9948333333333335,0.9752648332060098,0.975,0.9742855573343379,0.9724113205875764,v26 main_pc0,52.7
44,mfeat-factors,CBM,9,OK,0.965,0.99475,0.9658840282524492,0.9649999999999999,0.9649785580273385,0.9612179190362184,v26 main_pc0,36.5
44,optdigits,CBM_KE,0,OK,0.9839857651245552,0.9987227223459214,0.9848479770653314,0.9838949646844382,0.9841151413131634,0.982263806872969,v26 main_pc0,183.4
44,optdigits,CBM_KE,1,OK,0.9857651245551602,0.9998178890315325,0.9862764895691616,0.98558327637275,0.9857299629900413,0.9842272321760708,v25(p_c=0),106.8
44,optdigits,CBM_KE,2,OK,0.9928825622775801,0.9994125033212704,0.9931003172747767,0.992888471177945,0.9929338250118459,0.9921054855718424,v26 main_pc0,249.4
44,optdigits,CBM_KE,3,OK,0.9893238434163701,0.9999436407625202,0.9895579975255604,0.9893159033948506,0.9893138261211739,0.9881651812558355,v26 main_pc0,31.8
44,optdigits,CBM_KE,4,OK,0.9875444839857651,0.9998491691540389,0.9878653017699127,0.9874652540442014,0.9875526060664418,0.986184260163649,v26 main_pc0,81.7
44,optdigits,CBM_KE,5,OK,0.9928825622775801,0.9999717102852553,0.9929738058551619,0.9928560036454772,0.9928700217958687,0.9921020229654246,v25(p_c=0),103.7
44,optdigits,CBM_KE,6,OK,0.9857651245551602,0.9962328526085692,0.9863227619018323,0.9858071314650262,0.9858036523330085,0.9842421912581888,v26 main_pc0,53.6
44,optdigits,CBM_KE,7,OK,0.9857651245551602,0.9985317557544919,0.9860525253812499,0.9857758031442241,0.9858053161746108,0.9842073975810881,v26 main_pc0,149.4
44,optdigits,CBM_KE,8,OK,0.9822064056939501,0.9998912591079312,0.9825478927203066,0.9821730462519935,0.9821795197830292,0.9802701957551326,v26 main_pc0,69.8
44,optdigits,CBM_KE,9,OK,0.9893238434163701,0.9981472361302297,0.9895028519574799,0.9893785600364549,0.9893631614633396,0.9881548767565775,v26 main_pc0,203.2
44,optdigits,CBM,0,OK,0.9911032028469751,0.9998979218869088,0.991342686454194,0.991070289359763,0.9911457404530882,0.9901280960209052,v26 main_pc0,66.8
44,optdigits,CBM,1,OK,0.9733096085409253,0.9988691111102324,0.9741330530005567,0.9732959750473362,0.9734384714599219,0.9704034205068658,v26 main_pc0,31.8
44,optdigits,CBM,2,OK,0.9893238434163701,0.9996338014399676,0.9895946763460376,0.9893796992481203,0.989410607829433,0.9881547934135826,v26 main_pc0,173.7
44,optdigits,CBM,3,OK,0.9875444839857651,0.9999291840069724,0.9877417442072615,0.987625313283208,0.9875138015997352,0.9861987202887912,v26 main_pc0,50.6
44,optdigits,CBM,4,OK,0.9822064056939501,0.9983219827204968,0.9826063002333421,0.9821058327637274,0.9820250292573152,0.9802977188000133,v26 main_pc0,69.3
44,optdigits,CBM,5,OK,0.994661921708185,0.9994337275627785,0.994767090139141,0.9946417179311917,0.9946731805810985,0.9940756585402947,v26 main_pc0,176.0
44,optdigits,CBM,6,OK,0.9768683274021353,0.9935655065856702,0.9771516325645184,0.9769725449988609,0.9768937858551274,0.974335972072821,v25(p_c=0),27.2
44,optdigits,CBM,7,OK,0.9822064056939501,0.9985515703526169,0.9823229660706975,0.9822043745727956,0.9821535630587188,0.9802531596013154,v26 main_pc0,37.0
44,optdigits,CBM,8,OK,0.9857651245551602,0.999730903173678,0.985900036140508,0.9858082706766916,0.9857907665768483,0.9841970654220401,v26 main_pc0,39.3
44,optdigits,CBM,9,OK,0.9839857651245552,0.9998705209546259,0.9843606861982541,0.984021417179312,0.9839520680224372,0.9822580148140796,v26 main_pc0,54.3
44,page-blocks,CBM_KE,0,OK,0.9635036496350365,0.9968344199801017,0.8205218461919493,0.9037432249322492,0.857432833712305,0.8197916805061956,v26 main_pc0,62.1
44,page-blocks,CBM_KE,1,OK,0.9671532846715328,0.9884467463136797,0.6942000651678072,0.6787714209302804,0.6861763911902672,0.8233167771879466,v26 main_pc0,197.2
44,page-blocks,CBM_KE,2,OK,0.9708029197080292,0.9939230930950111,0.7846195405564721,0.911583245900965,0.8362057744066552,0.8570049914599579,v25(p_c=0),226.4
44,page-blocks,CBM_KE,3,OK,0.9670932358318098,0.9890813938172152,0.7951310567100041,0.9458125038573104,0.856009118685175,0.8433585183227366,v26 main_pc0,102.8
44,page-blocks,CBM_KE,4,OK,0.9652650822669104,0.9925467768869435,0.6973041474654378,0.6537143327367361,0.6720013425302932,0.8100156227176095,v26 main_pc0,244.3
44,page-blocks,CBM_KE,5,OK,0.9835466179159049,0.9925682245485821,0.9350708502024292,0.9220103273056429,0.9224518389940904,0.9115938135335683,v25(p_c=0),139.6
44,page-blocks,CBM_KE,6,OK,0.9762340036563071,0.9973771274733545,0.8537871537811144,0.9300746775288526,0.8873825438975151,0.8795514558377594,v26 main_pc0,45.0
44,page-blocks,CBM_KE,7,OK,0.9835466179159049,0.9962606849968682,0.9414059458684205,0.9098891151844308,0.924030549396403,0.9120826793486255,v25(p_c=0),177.4
44,page-blocks,CBM_KE,8,OK,0.9725776965265083,0.9845725501833262,0.6902377432865239,0.6937730968218773,0.691401555319901,0.8529623338177473,v26 main_pc0,214.9
44,page-blocks,CBM_KE,9,OK,0.9707495429616088,0.9962111394593262,0.7983554632445664,0.9088137472283814,0.8267617016956036,0.8491707110397688,v25(p_c=0),249.9
44,page-blocks,CBM,0,OK,0.8978102189781022,0.5775187145208212,0.17956204379562044,0.2,0.18923076923076923,0.0,v25(p_c=0),12.7
44,page-blocks,CBM,1,OK,0.8959854014598541,0.5625167201000603,0.17919708029197082,0.2,0.18902791145332049,0.0,v25(p_c=0),15.4
44,page-blocks,CBM,2,OK,0.8959854014598541,0.6190463472069627,0.17919708029197082,0.2,0.18902791145332049,0.0,v25(p_c=0),14.1
44,page-blocks,CBM,3,OK,0.8976234003656307,0.5475833054733472,0.17952468007312614,0.2,0.18921001926782272,0.0,v25(p_c=0),14.2
44,page-blocks,CBM,4,OK,0.8976234003656307,0.5629666328855248,0.17952468007312614,0.2,0.18921001926782272,0.0,v25(p_c=0),14.0
44,page-blocks,CBM,5,OK,0.8976234003656307,0.5961533044288924,0.17952468007312614,0.2,0.18921001926782272,0.0,v25(p_c=0),13.5
44,page-blocks,CBM,6,OK,0.8976234003656307,0.5797446815080736,0.17952468007312614,0.2,0.18921001926782272,0.0,v25(p_c=0),13.5
44,page-blocks,CBM,7,OK,0.8976234003656307,0.6492322399793129,0.17952468007312614,0.2,0.18921001926782272,0.0,v25(p_c=0),18.2
44,page-blocks,CBM,8,OK,0.8994515539305301,0.6247267671099243,0.179890310786106,0.2,0.18941289701636188,0.0,v25(p_c=0),24.8
44,page-blocks,CBM,9,OK,0.8994515539305301,0.615362112926514,0.179890310786106,0.2,0.18941289701636188,0.0,v25(p_c=0),12.4
44,pendigits,CBM_KE,0,OK,0.992,0.9984210237270409,0.9919781768982897,0.9919159827105434,0.9919004721423696,0.9911192856364438,v26 main_pc0,186.6
44,pendigits,CBM_KE,1,OK,0.992,0.9992259524518851,0.991993671352685,0.9918061706784419,0.9918899034810774,0.9911114867187006,v26 main_pc0,348.4
44,pendigits,CBM_KE,2,OK,0.996,0.9999828414609848,0.9959256038768226,0.9960043285752048,0.9959343995350027,0.9955614923736387,v26 main_pc0,58.8
44,pendigits,CBM_KE,3,OK,0.999,0.9999510508113861,0.999056603773585,0.9990476190476191,0.9990475974511893,0.9988897890605382,v26 main_pc0,353.3
44,pendigits,CBM_KE,4,OK,0.998,0.9999839028159341,0.9980272108843538,0.9979858299595141,0.9979965182711178,0.9977796102080928,v26 main_pc0,453.9
44,pendigits,CBM_KE,5,OK,0.995,0.9999729667034923,0.995036135077744,0.9951040646234703,0.9950451897221699,0.9944490933820029,v26 main_pc0,375.6
44,pendigits,CBM_KE,6,OK,0.998,0.9999908608514458,0.9979274054982818,0.9979967948717949,0.9979571068308678,0.9977785013909832,v26 main_pc0,47.2
44,pendigits,CBM_KE,7,OK,0.992,0.9999671078532086,0.992175484503447,0.9919685088374408,0.9920150054383468,0.9911226100800353,v26 main_pc0,410.8
44,pendigits,CBM_KE,8,OK,0.999,1.0,0.9989690721649485,0.9989583333333334,0.99895830507555,0.9988897964633017,v26 main_pc0,95.8
44,pendigits,CBM_KE,9,OK,0.996,0.99926019932043,0.9961119293078056,0.9960027472527472,0.9960276656580056,0.9955613592275575,v25(p_c=0),45.9
44,pendigits,CBM,0,OK,0.991,0.997330117671454,0.9909396728765383,0.9908743160438765,0.9908484862185316,0.9900101465679568,v26 main_pc0,61.1
44,pendigits,CBM,1,OK,0.993,0.9997690588287966,0.9931276359932903,0.992908117474418,0.9929518089399842,0.9922350362944536,v26 main_pc0,79.5
44,pendigits,CBM,2,OK,0.997,0.9996256058750171,0.9970426065162907,0.9969253095975233,0.996974259575147,0.9966682670540149,v25(p_c=0),60.5
44,pendigits,CBM,3,OK,0.998,0.9996211758446396,0.9980361956103195,0.9979949874686718,0.9980056764092684,0.9977795707268637,v25(p_c=0),300.1
44,pendigits,CBM,4,OK,0.994,0.9999978537087912,0.9941939068941741,0.9939574898785425,0.994027215462211,0.9933431355855429,v26 main_pc0,79.9
44,pendigits,CBM,5,OK,0.994,0.9998057859523264,0.9941493142975624,0.9941236724666076,0.9941075755865345,0.9933388380028155,v26 main_pc0,62.4
44,pendigits,CBM,6,OK,0.995,1.0,0.9950590969599131,0.9951923076923077,0.9950779430144818,0.9944546190907463,v26 main_pc0,38.5
44,pendigits,CBM,7,OK,0.993,0.9995355762882315,0.9929921797418073,0.9929393826238486,0.9929374325628437,0.9922274121272107,v26 main_pc0,54.2
44,pendigits,CBM,8,OK,0.997,1.0,0.9969871255401447,0.9970444139194139,0.9970008320883288,0.9966694153195083,v26 main_pc0,72.6
44,pendigits,CBM,9,OK,0.994,0.9988422927756264,0.9942251368549755,0.9939885772122615,0.9940676492357466,0.9933408389209675,v25(p_c=0),63.7
44,phoneme,CBM_KE,0,OK,0.8872458410351202,0.9384569791563766,0.8629759927033454,0.8669202146926143,0.8649055800492056,0.7298855504008179,v25(p_c=0),44.4
44,phoneme,CBM_KE,1,OK,0.8853974121996303,0.9416921861108367,0.8657242316182714,0.8545967927821134,0.8598445595854922,0.7202350715552299,v26 main_pc0,366.9
44,phoneme,CBM_KE,2,OK,0.9020332717190388,0.9567651223286905,0.8789718875502008,0.8884059402680364,0.8834549334417234,0.7673198350599008,v25(p_c=0),44.6
44,phoneme,CBM_KE,3,OK,0.8909426987060998,0.9484013303039284,0.8659357429718875,0.875045276433205,0.8702611523219186,0.7409250215229117,v26 main_pc0,407.0
44,phoneme,CBM_KE,4,OK,0.8759259259259259,0.9362283782888198,0.8497746743921162,0.8510670024521174,0.8504161309127592,0.7008404853388697,v25(p_c=0),41.1
44,phoneme,CBM_KE,5,OK,0.9037037037037037,0.9370733647027637,0.8818342151675485,0.8874014182517065,0.8845394736842105,0.7692154873452186,v26 main_pc0,387.7
44,phoneme,CBM_KE,6,OK,0.8907407407407407,0.9499138445224998,0.8704210366317069,0.8633938630790643,0.8667831860812263,0.7337812520563538,v25(p_c=0),51.2
44,phoneme,CBM_KE,7,OK,0.9018518518518519,0.9610312147922329,0.8753424657534247,0.8972264563589369,0.8849451861500055,0.7722589140754764,v25(p_c=0),49.0
44,phoneme,CBM_KE,8,OK,0.8907407407407407,0.9437263738259133,0.8680921052631578,0.8694349527063834,0.8687587277917606,0.7375258354782911,v25(p_c=0),51.5
44,phoneme,CBM_KE,9,OK,0.9018518518518519,0.9576585945624722,0.8796704722366373,0.8864705591046402,0.8829500513269342,0.7661108527643138,v25(p_c=0),43.3
44,phoneme,CBM,0,OK,0.88909426987061,0.9480226546807601,0.8613739266198283,0.8810793901676051,0.8700726888469051,0.7421917692315296,v25(p_c=0),50.3
44,phoneme,CBM,1,OK,0.8706099815157117,0.9444663966544833,0.8395948434622468,0.8643188778030229,0.8498890122086571,0.70347938783694,v25(p_c=0),44.9
44,phoneme,CBM,2,OK,0.8983364140480592,0.9535381474529948,0.8708987380732534,0.8968026606078567,0.881866942992016,0.7672642467457048,v25(p_c=0),35.5
44,phoneme,CBM,3,OK,0.8743068391866913,0.9417992031347756,0.8438537717828911,0.8852942144950443,0.858066606994043,0.7279694194133356,v25(p_c=0),48.8
44,phoneme,CBM,4,OK,0.8759259259259259,0.9402213533037312,0.8464555698188561,0.8622009410829081,0.8535691013805302,0.708481569080819,v25(p_c=0),48.3
44,phoneme,CBM,5,OK,0.8851851851851852,0.9402379216647888,0.8549323017408124,0.8891576645238253,0.8681702918523886,0.7433024299960823,v25(p_c=0),288.0
44,phoneme,CBM,6,OK,0.8962962962962963,0.9391278414739214,0.8677635213948063,0.8970110676651866,0.8798092209856916,0.7642151222718921,v26 main_pc0,157.7
44,phoneme,CBM,7,OK,0.8962962962962963,0.9595566306580953,0.8680555555555556,0.8951554112267215,0.8794239142570057,0.7627296884475784,v25(p_c=0),349.8
44,phoneme,CBM,8,OK,0.8574074074074074,0.9304544479109922,0.8257575757575757,0.8641360867627396,0.8389065169636319,0.6888253446837749,v25(p_c=0),213.2
44,phoneme,CBM,9,OK,0.9018518518518519,0.9536307961504812,0.875842907092907,0.8974644678849106,0.885325052589402,0.7730050480456132,v25(p_c=0),358.3
44,satimage,CBM_KE,0,OK,0.9175738724727839,0.9925522297780618,0.9073408314350974,0.9005916568246137,0.9030323409578435,0.8983611089825482,v25(p_c=0),153.3
44,satimage,CBM_KE,1,OK,0.9346811819595645,0.9928846697142228,0.9297128068442944,0.9160462909716255,0.9208828247461756,0.919623213797599,v26 main_pc0,395.1
44,satimage,CBM_KE,2,OK,0.9129082426127527,0.9906258723662567,0.9045656911920608,0.8973732132123914,0.9007785422599538,0.8924029579638978,v25(p_c=0),42.0
44,satimage,CBM_KE,3,OK,0.9206842923794712,0.9919629802648834,0.9116016245427149,0.9021677223346763,0.9060388410737428,0.902092874095212,v26 main_pc0,178.9
44,satimage,CBM_KE,4,OK,0.9175738724727839,0.9909258261322095,0.9022133569739953,0.8998554730871243,0.8985288431406203,0.8989847527600958,v26 main_pc0,90.1
44,satimage,CBM_KE,5,OK,0.9160186625194401,0.9864550908066548,0.9047576258779961,0.8999363610203526,0.9022681491144398,0.896274541359608,v26 main_pc0,281.0
44,satimage,CBM_KE,6,OK,0.9129082426127527,0.9906225434997983,0.900732079042418,0.8893542974109218,0.8939540077880467,0.8924406476058007,v25(p_c=0),34.2
44,satimage,CBM_KE,7,OK,0.9175738724727839,0.9883871332371307,0.9001593662626184,0.903611571389119,0.9015367981612546,0.8986327431410008,v26 main_pc0,258.1
44,satimage,CBM_KE,8,OK,0.9191290824261276,0.9919327581349511,0.9156924164855291,0.8997416634885567,0.9067059238859297,0.9001854270651135,v25(p_c=0),40.8
44,satimage,CBM_KE,9,OK,0.9129082426127527,0.99051060021777,0.8956727066766961,0.9006814925633773,0.8979413269216462,0.89283140562344,v25(p_c=0),40.6
44,satimage,CBM,0,OK,0.9237947122861586,0.9910541463824831,0.9109887147917135,0.9123276501264727,0.9116104584922105,0.9060135779603257,v26 main_pc0,34.1
44,satimage,CBM,1,OK,0.9129082426127527,0.9813484948036245,0.9027043315867567,0.8932131056984973,0.896604235105673,0.8926129059893668,v25(p_c=0),51.5
44,satimage,CBM,2,OK,0.9051321928460342,0.9876282580508987,0.8996956796187253,0.8807125854583212,0.8885562687105614,0.8829523922810417,v26 main_pc0,182.6
44,satimage,CBM,3,OK,0.9346811819595645,0.9903939141676598,0.9280796756613604,0.9165605313251243,0.9217153791399548,0.9193495951415039,v26 main_pc0,303.1
44,satimage,CBM,4,OK,0.8989113530326595,0.9779140296625322,0.8770468567393434,0.8850206689833895,0.8790740461527093,0.8763876172215156,v26 main_pc0,41.3
44,satimage,CBM,5,OK,0.9129082426127527,0.9822905929159482,0.9006884806154423,0.9023405960676104,0.9004028231459672,0.8928966179712978,v26 main_pc0,267.1
44,satimage,CBM,6,OK,0.9237947122861586,0.9896672162648844,0.9140834997753068,0.9047678642713577,0.908601661205997,0.9060214417340143,v26 main_pc0,275.1
44,satimage,CBM,7,OK,0.9144634525660964,0.9831306323250725,0.8987226765004542,0.893933316675653,0.8940881401074231,0.8947587000042705,v25(p_c=0),42.1
44,satimage,CBM,8,OK,0.9175738724727839,0.9871465246086849,0.9087282309741399,0.9026157708779913,0.9052326422576428,0.8982524878882957,v26 main_pc0,58.6
44,satimage,CBM,9,OK,0.9051321928460342,0.9824386026010972,0.8879785850602083,0.9019143897614045,0.8913570019470741,0.8849416105152297,v26 main_pc0,66.2
44,segment,CBM_KE,0,OK,0.9783549783549783,0.9992566356202719,0.9803543038837157,0.9783549783549784,0.9782901464722773,0.9751099731372707,v26 main_pc0,22.9
44,segment,CBM_KE,1,OK,0.9653679653679653,0.9990161353797716,0.966532446311858,0.9653679653679654,0.9653285004911963,0.9598058312078552,v26 main_pc0,31.5
44,segment,CBM_KE,2,OK,0.9913419913419913,0.9969828151646335,0.9915966386554622,0.9913419913419913,0.9912713219616204,0.9899639247273518,v26 main_pc0,93.8
44,segment,CBM_KE,3,OK,0.9696969696969697,0.9963050417595872,0.9699044647184387,0.9696969696969697,0.9694861364856975,0.964751935444677,v26 main_pc0,80.9
44,segment,CBM_KE,4,OK,0.9567099567099567,0.9987537714810442,0.957859005671234,0.9567099567099567,0.9564468978584361,0.9497649372371743,v26 main_pc0,87.2
44,segment,CBM_KE,5,OK,0.9653679653679653,0.9972014517469063,0.9653600076394194,0.9653679653679654,0.9653003712705205,0.95961694056214,v26 main_pc0,41.3
44,segment,CBM_KE,6,OK,0.9913419913419913,0.9997813634177272,0.9915966386554622,0.9913419913419913,0.9913400032803017,0.9899422783647326,v26 main_pc0,81.7
44,segment,CBM_KE,7,OK,0.9653679653679653,0.9930473566837204,0.9669203165137022,0.9653679653679654,0.9649797833912889,0.9599738276789632,v26 main_pc0,66.1
44,segment,CBM_KE,8,OK,0.9523809523809523,0.9982071800253619,0.9544364245175604,0.9523809523809524,0.9526105832651645,0.9447129960816574,v26 main_pc0,58.9
44,segment,CBM_KE,9,OK,0.9653679653679653,0.9966985876076785,0.9668109668109669,0.9653679653679654,0.9655292947218413,0.9597848378498498,v26 main_pc0,34.1
44,segment,CBM,0,OK,0.974025974025974,0.998731907822817,0.9761526232114468,0.974025974025974,0.9732866280840694,0.9702699073952272,v26 main_pc0,24.2
44,segment,CBM,1,OK,0.9826839826839827,0.9991035900126809,0.9826839826839827,0.9826839826839827,0.9826839826839827,0.9797979797979798,v26 main_pc0,50.8
44,segment,CBM,2,OK,0.987012987012987,0.9948183130001311,0.9875077303648733,0.987012987012987,0.9870050292844411,0.9849346257114895,v26 main_pc0,37.8
44,segment,CBM,3,OK,0.9783549783549783,0.9970921334557697,0.9787369493251846,0.9783549783549784,0.9784832083339546,0.9747687869920686,v26 main_pc0,42.1
44,segment,CBM,4,OK,0.9567099567099567,0.997179588088679,0.9569609662046636,0.9567099567099567,0.9564027329611174,0.9496402988948817,v25(p_c=0),67.2
44,segment,CBM,5,OK,0.9783549783549783,0.9986007258734533,0.9788178027809363,0.9783549783549784,0.9783390628978864,0.9748327321144485,v26 main_pc0,12.1
44,segment,CBM,6,OK,0.974025974025974,0.9997376361012724,0.9763927192498622,0.974025974025974,0.9741702450210854,0.9700575898567666,v26 main_pc0,46.0
44,segment,CBM,7,OK,0.9696969696969697,0.9929599020508111,0.971266006402561,0.9696969696969697,0.9694471443885007,0.9649840930296065,v26 main_pc0,11.9
44,segment,CBM,8,OK,0.9523809523809523,0.9974200883291793,0.955003285097823,0.9523809523809524,0.9523405951942426,0.9448990507015501,v25(p_c=0),74.0
44,segment,CBM,9,OK,0.9783549783549783,0.9997594997594997,0.9789770453636001,0.9783549783549784,0.9782053934192402,0.9748966898229371,v26 main_pc0,32.1
44,spambase,CBM_KE,0,OK,0.9566160520607375,0.9849541139863721,0.9563266764600786,0.952696049470243,0.9544286279161724,0.909015475558834,v26 main_pc0,245.7
44,spambase,CBM_KE,1,OK,0.967391304347826,0.9916433988791857,0.9662698412698413,0.9653557496188043,0.9658075609889047,0.9316251424446808,v25(p_c=0),25.6
44,spambase,CBM_KE,2,OK,0.9369565217391305,0.9820194459296223,0.9343253968253968,0.9334739301768351,0.9338946179118826,0.8677989092814494,v26 main_pc0,107.2
44,spambase,CBM_KE,3,OK,0.95,0.9860393275114359,0.9497839308578745,0.9451969345927642,0.9473608271017111,0.8949691106334554,v26 main_pc0,149.6
44,spambase,CBM_KE,4,OK,0.9543478260869566,0.9759401176260916,0.9534425053789146,0.9507217964712172,0.9520355115963832,0.9041602084161722,v26 main_pc0,256.2
44,spambase,CBM_KE,5,OK,0.9304347826086956,0.9755044654349592,0.9278514483389332,0.9261569536030416,0.926984126984127,0.8540067208606005,v26 main_pc0,98.7
44,spambase,CBM_KE,6,OK,0.9521739130434783,0.9874452959464545,0.953636381945983,0.9460187330442187,0.9494919246970513,0.8996228639564706,v26 main_pc0,140.7
44,spambase,CBM_KE,7,OK,0.9478260869565217,0.9856828848096002,0.9453454523851957,0.9453454523851957,0.9453454523851957,0.8906909047703915,v26 main_pc0,26.4
44,spambase,CBM_KE,8,OK,0.9326086956521739,0.9747410862518776,0.9285995085995087,0.9309629219701163,0.9297367344827077,0.8595591813970698,v26 main_pc0,150.0
44,spambase,CBM_KE,9,OK,0.9456521739130435,0.9806704087279626,0.9462155388471178,0.9398569056842438,0.9427835077192511,0.8860496288256561,v26 main_pc0,215.3
44,spambase,CBM,0,OK,0.9501084598698482,0.9755799755799757,0.948184688239937,0.9473197053842215,0.9477471084236412,0.8955039758732681,v26 main_pc0,32.1
44,spambase,CBM,1,OK,0.9586956521739131,0.9906928850076239,0.9556159420289855,0.9581872908374423,0.9568554856226089,0.913799615103027,v25(p_c=0),25.3
44,spambase,CBM,2,OK,0.9478260869565217,0.9848907899166319,0.943980343980344,0.9472860848729678,0.9455524649346039,0.8912602982732296,v26 main_pc0,135.3
44,spambase,CBM,3,OK,0.95,0.985861106160518,0.9488604669694796,0.9461672508366502,0.9474674650817532,0.8950236657363374,v26 main_pc0,30.3
44,spambase,CBM,4,OK,0.9565217391304348,0.9852670349907919,0.9552873814588759,0.9534842274104438,0.9543650793650793,0.9087698199887634,v25(p_c=0),141.1
44,spambase,CBM,5,OK,0.9478260869565217,0.9763757698172241,0.9434095316448258,0.9482564011168538,0.9456521739130435,0.8916527594888479,v25(p_c=0),15.2
44,spambase,CBM,6,OK,0.9521739130434783,0.9794253351551515,0.9547744794512232,0.9450484168003327,0.9493838028169015,0.8997703308755237,v25(p_c=0),112.2
44,spambase,CBM,7,OK,0.9521739130434783,0.9832471930137231,0.9485012285012285,0.9518406305075349,0.9500897595233868,0.9003356660032946,v26 main_pc0,170.1
44,spambase,CBM,8,OK,0.9282608695652174,0.9637718396711201,0.9240786240786241,0.9264171080717842,0.9252036205783662,0.8504925172502537,v26 main_pc0,35.7
44,spambase,CBM,9,OK,0.9391304347826087,0.9765791762194641,0.9371031746031746,0.93540991382718,0.9362363611160617,0.8725114453978355,v26 main_pc0,145.0
44,tic-tac-toe,CBM_KE,0,OK,0.9791666666666666,0.9995256166982922,0.9772296015180266,0.9772296015180266,0.9772296015180266,0.9544592030360531,v26 main_pc0,34.3
44,tic-tac-toe,CBM_KE,1,OK,1.0,1.0,1.0,1.0,1.0,1.0,v26 main_pc0,29.0
44,tic-tac-toe,CBM_KE,2,OK,0.9895833333333334,1.0,0.9921875,0.9848484848484849,0.9883706844336766,0.9770084209183943,v26 main_pc0,11.3
44,tic-tac-toe,CBM_KE,3,OK,0.96875,0.9985569985569986,0.9625237191650854,0.968975468975469,0.9656119402985075,0.9314768448173557,v26 main_pc0,30.4
44,tic-tac-toe,CBM_KE,4,OK,0.9375,0.9504569504569504,0.9565217391304348,0.9090909090909092,0.9272727272727272,0.8643121965600912,v26 main_pc0,18.5
44,tic-tac-toe,CBM_KE,5,OK,1.0,1.0,1.0,1.0,1.0,1.0,v26 main_pc0,19.7
44,tic-tac-toe,CBM_KE,6,OK,0.9791666666666666,0.9990379990379991,0.976911976911977,0.976911976911977,0.976911976911977,0.9538239538239538,v25(p_c=0),9.9
44,tic-tac-toe,CBM_KE,7,OK,0.9791666666666666,0.9985569985569986,0.9846153846153847,0.9696969696969697,0.9765625,0.9541957401338105,v26 main_pc0,31.4
44,tic-tac-toe,CBM_KE,8,OK,1.0,1.0,1.0,1.0,1.0,1.0,v26 main_pc0,33.1
44,tic-tac-toe,CBM_KE,9,OK,0.9894736842105263,1.0,0.9920634920634921,0.9848484848484849,0.9883076923076923,0.9768853332428297,v26 main_pc0,34.2
44,tic-tac-toe,CBM,0,OK,0.9895833333333334,0.9905123339658444,0.9857142857142858,0.9919354838709677,0.9886885825379993,0.9776299753299275,v26 main_pc0,24.5
44,tic-tac-toe,CBM,1,OK,0.9895833333333334,1.0,0.9857142857142858,0.9919354838709677,0.9886885825379993,0.9776299753299275,v26 main_pc0,12.5
44,tic-tac-toe,CBM,2,OK,0.9895833333333334,0.9995189995189996,0.9852941176470589,0.9920634920634921,0.9885373134328358,0.977334166408364,v26 main_pc0,5.0
44,tic-tac-toe,CBM,3,OK,0.9895833333333334,0.9995189995189996,0.9921875,0.9848484848484849,0.9883706844336766,0.9770084209183943,v26 main_pc0,16.1
44,tic-tac-toe,CBM,4,OK,0.9583333333333334,0.9470899470899471,0.9701492537313433,0.9393939393939394,0.9523573200992556,0.9090230639541237,v26 main_pc0,9.1
44,tic-tac-toe,CBM,5,OK,1.0,1.0,1.0,1.0,1.0,1.0,v26 main_pc0,5.2
44,tic-tac-toe,CBM,6,OK,0.9791666666666666,0.9927849927849928,0.9714285714285714,0.9841269841269842,0.9772296015180266,0.9554711769949041,v26 main_pc0,11.0
44,tic-tac-toe,CBM,7,OK,0.9895833333333334,1.0,0.9852941176470589,0.9920634920634921,0.9885373134328358,0.977334166408364,v26 main_pc0,10.4
44,tic-tac-toe,CBM,8,OK,0.9894736842105263,1.0,0.9920634920634921,0.9848484848484849,0.9883076923076923,0.9768853332428297,v26 main_pc0,5.0
44,tic-tac-toe,CBM,9,OK,0.968421052631579,0.9946236559139785,0.9583333333333333,0.9758064516129032,0.9658641753503414,0.9339763529966855,v26 main_pc0,12.6
44,vehicle,CBM_KE,0,OK,0.8117647058823529,0.9635473033910533,0.8251231527093597,0.816017316017316,0.808888888888889,0.7582503400318746,v26 main_pc0,46.1
44,vehicle,CBM_KE,1,OK,0.7764705882352941,0.940649315961816,0.7670677361853833,0.7803030303030303,0.7685508935508935,0.7056127934777087,v26 main_pc0,31.8
44,vehicle,CBM_KE,2,OK,0.8470588235294118,0.9714048971861472,0.8449134199134198,0.8484848484848484,0.8464523281596452,0.7961595273264401,v26 main_pc0,19.1
44,vehicle,CBM_KE,3,OK,0.8235294117647058,0.9591675685425686,0.8204099821746881,0.8246753246753247,0.8199030184156042,0.7662861231676977,v25(p_c=0),31.4
44,vehicle,CBM_KE,4,OK,0.8117647058823529,0.9569072420634921,0.8454480286738351,0.8111471861471862,0.7966211695436906,0.7651228113130016,v25(p_c=0),14.8
44,vehicle,CBM_KE,5,OK,0.7764705882352941,0.9247759358696859,0.7826007326007327,0.7764610389610389,0.7689833759590792,0.7082221846336801,v26 main_pc0,27.5
44,vehicle,CBM_KE,6,OK,0.8690476190476191,0.9690098261526833,0.8839285714285714,0.8690476190476191,0.8653061224489795,0.8330835393504604,v25(p_c=0),10.3
44,vehicle,CBM_KE,7,OK,0.8333333333333334,0.9519188782983351,0.8405797101449275,0.8353269537480063,0.8376876876876878,0.7775466069017432,v26 main_pc0,13.9
44,vehicle,CBM_KE,8,OK,0.6547619047619048,0.9127820132869456,0.6559003941011949,0.6601190476190476,0.6555595525135465,0.5409259907290913,v26 main_pc0,19.1
44,vehicle,CBM_KE,9,OK,0.8333333333333334,0.9594248663949125,0.9027777777777778,0.8327380952380952,0.8211759504862953,0.8055974814201158,v25(p_c=0),12.3
44,vehicle,CBM,0,OK,0.7764705882352941,0.9331371753246753,0.7762896825396826,0.7797619047619048,0.7758468834688347,0.7037729593822699,v26 main_pc0,8.6
44,vehicle,CBM,1,OK,0.7764705882352941,0.9527493860306361,0.7703947368421051,0.7797619047619048,0.771286317514338,0.704643106710769,v26 main_pc0,7.6
44,vehicle,CBM,2,OK,0.8588235294117647,0.9611178751803752,0.8603896103896105,0.8603896103896105,0.8603896103896105,0.8116691285081241,v26 main_pc0,8.7
44,vehicle,CBM,3,OK,0.8117647058823529,0.9488072691197691,0.8108277115714186,0.8138528138528138,0.8117054693274205,0.7493073384302974,v26 main_pc0,18.3
44,vehicle,CBM,4,OK,0.8470588235294118,0.95735818001443,0.8502083333333333,0.847943722943723,0.8445008375628172,0.7985984153040627,v26 main_pc0,11.4
44,vehicle,CBM,5,OK,0.8235294117647058,0.9335360646298145,0.8245658263305322,0.8246753246753247,0.8220099418239424,0.7663425222262493,v26 main_pc0,20.7
44,vehicle,CBM,6,OK,0.8214285714285714,0.9680650037792895,0.8366105408834045,0.8208333333333333,0.8150930115635998,0.7712677490925283,v25(p_c=0),21.0
44,vehicle,CBM,7,OK,0.8452380952380952,0.9531947187477141,0.8508771929824561,0.8495670995670995,0.848509485094851,0.79488687686411,v26 main_pc0,11.4
44,vehicle,CBM,8,OK,0.7619047619047619,0.9174991052241196,0.7581415174765559,0.7656926406926406,0.7581884311666083,0.6848015011352582,v25(p_c=0),6.3
44,vehicle,CBM,9,OK,0.8809523809523809,0.9744981081386611,0.8848684210526316,0.8831168831168832,0.8831521739130435,0.8417870680463994,v26 main_pc0,5.3
44,wdbc,CBM_KE,0,OK,0.9824561403508771,1.0,0.9864864864864865,0.9761904761904762,0.9809555629802873,0.962621902223779,v26 main_pc0,10.8
44,wdbc,CBM_KE,1,OK,0.9824561403508771,1.0,0.9772727272727273,0.9861111111111112,0.981329839502129,0.9633432944855655,v26 main_pc0,13.8
44,wdbc,CBM_KE,2,OK,0.9649122807017544,0.9907407407407408,0.9623015873015872,0.9623015873015872,0.9623015873015872,0.9246031746031746,v26 main_pc0,7.4
44,wdbc,CBM_KE,3,OK,0.9298245614035088,0.9695767195767195,0.95,0.9047619047619048,0.9210526315789473,0.8535639569308375,v25(p_c=0),8.3
44,wdbc,CBM_KE,4,OK,1.0,1.0,1.0,1.0,1.0,1.0,v26 main_pc0,16.8
44,wdbc,CBM_KE,5,OK,0.9298245614035088,0.9735449735449735,0.920076726342711,0.9345238095238095,0.9259740259740259,0.8544784126535336,v26 main_pc0,8.7
44,wdbc,CBM_KE,6,OK,0.9649122807017544,0.9986772486772486,0.9623015873015872,0.9623015873015872,0.9623015873015872,0.9246031746031746,v26 main_pc0,11.0
44,wdbc,CBM_KE,7,OK,0.9649122807017544,0.9974025974025974,0.9629870129870131,0.9629870129870131,0.9629870129870131,0.925974025974026,v26 main_pc0,9.0
44,wdbc,CBM_KE,8,OK,0.9473684210526315,0.9870129870129871,0.9484126984126984,0.9402597402597402,0.9439895185063871,0.8886350389948482,v26 main_pc0,8.7
44,wdbc,CBM_KE,9,OK,0.9642857142857143,0.998639455782313,0.9565217391304348,0.9714285714285714,0.9625668449197862,0.9278305692406299,v26 main_pc0,12.6
44,wdbc,CBM,0,OK,0.9824561403508771,1.0,0.9864864864864865,0.9761904761904762,0.9809555629802873,0.962621902223779,v26 main_pc0,6.5
44,wdbc,CBM,1,OK,0.9824561403508771,1.0,0.9772727272727273,0.9861111111111112,0.981329839502129,0.9633432944855655,v26 main_pc0,10.2
44,wdbc,CBM,2,OK,0.9824561403508771,0.9735449735449735,0.9864864864864865,0.9761904761904762,0.9809555629802873,0.962621902223779,v26 main_pc0,2.3
44,wdbc,CBM,3,OK,0.9122807017543859,0.9206349206349205,0.9390243902439024,0.8809523809523809,0.8999648999648999,0.8179178119091964,v26 main_pc0,11.7
44,wdbc,CBM,4,OK,0.9824561403508771,1.0,0.9772727272727273,0.9861111111111112,0.981329839502129,0.9633432944855655,v26 main_pc0,9.5
44,wdbc,CBM,5,OK,0.9473684210526315,0.9841269841269841,0.9402597402597402,0.9484126984126984,0.9439895185063871,0.8886350389948482,v25(p_c=0),2.5
44,wdbc,CBM,6,OK,0.9824561403508771,1.0,0.9864864864864865,0.9761904761904762,0.9809555629802873,0.962621902223779,v26 main_pc0,10.5
44,wdbc,CBM,7,OK,0.9473684210526315,0.9558441558441558,0.9418158567774936,0.9487012987012987,0.9449275362318841,0.8904905361044291,v26 main_pc0,2.5
44,wdbc,CBM,8,OK,0.9824561403508771,0.974025974025974,0.9861111111111112,0.9772727272727273,0.981329839502129,0.9633432944855655,v26 main_pc0,12.0
44,wdbc,CBM,9,OK,0.9821428571428571,1.0,0.9772727272727273,0.9857142857142858,0.9811257162116616,0.9629500128629354,v26 main_pc0,11.2
44,wine-quality,CBM_KE,0,PARTIAL,0.6306122448979592,nan,0.3113584422554047,0.30533521004915043,0.3059033517215833,0.4422469688605134,v26 main_pc0,39.0
44,wine-quality,CBM_KE,1,PARTIAL,0.6020408163265306,nan,0.2531576625557718,0.2616008420802941,0.2560097135236321,0.38257252689327703,v26 main_pc0,28.3
44,wine-quality,CBM_KE,2,PARTIAL,0.6265306122448979,nan,0.3568732836602412,0.33195845736413687,0.3394710962605965,0.4396790809619301,v26 main_pc0,43.8
44,wine-quality,CBM_KE,3,OK,0.5959183673469388,0.6319266445419377,0.2889163605905501,0.2708743842364532,0.27658528209027844,0.393545324462695,v26 main_pc0,33.5
44,wine-quality,CBM_KE,4,OK,0.5877551020408164,0.8303872790092466,0.3174725087569351,0.2823163905060457,0.2960781922698098,0.3867020444104756,v26 main_pc0,43.8
44,wine-quality,CBM_KE,5,OK,0.6204081632653061,0.6313857454412827,0.37076540480795794,0.3005893079523216,0.31970003275244796,0.4403998666851587,v26 main_pc0,47.7
44,wine-quality,CBM_KE,6,OK,0.5673469387755102,0.7260564366167154,0.24292296903301488,0.2523661270236613,0.24735905856595514,0.3423511041978135,v26 main_pc0,147.0
44,wine-quality,CBM_KE,7,OK,0.5591836734693878,0.6769681971908146,0.3404854074496932,0.28639921722113504,0.30424913450553376,0.3515164917003248,v26 main_pc0,229.0
44,wine-quality,CBM_KE,8,PARTIAL,0.6073619631901841,nan,0.31005605091425986,0.29439823874755383,0.30001954567171957,0.4105303605950147,v26 main_pc0,37.6
44,wine-quality,CBM_KE,9,PARTIAL,0.6053169734151329,nan,0.3168397442252404,0.3026863547411493,0.3084529592433712,0.409064763338168,v26 main_pc0,300.6
44,wine-quality,CBM,0,PARTIAL,0.27346938775510204,nan,0.0611592879963487,0.08741030658838878,0.0719656283566058,-0.021541227992358452,v26 main_pc0,40.2
44,wine-quality,CBM,1,PARTIAL,0.42448979591836733,nan,0.13414657318208592,0.17884322678843226,0.1523497267759563,0.04754199618066062,v26 main_pc0,11.5
44,wine-quality,CBM,2,PARTIAL,0.41020408163265304,nan,0.12760831474992038,0.17029780564263322,0.14429943213667715,0.01284384958293262,v26 main_pc0,11.5
44,wine-quality,CBM,3,OK,0.44081632653061226,0.4813795488571736,0.1202328916024885,0.15806090461262876,0.13475452015227254,0.06860411845546759,v26 main_pc0,11.7
44,wine-quality,CBM,4,OK,0.2755102040816326,0.41764364230415046,0.06515444015444015,0.08766233766233766,0.07475083056478406,0.004701674002977207,v26 main_pc0,40.5
44,wine-quality,CBM,5,OK,0.2836734693877551,0.44226298677314624,0.06166814551907719,0.09025974025974026,0.07327358987875594,-0.02315242387110941,v26 main_pc0,40.6
44,wine-quality,CBM,6,OK,0.25918367346938775,0.4145162404001943,0.06256157635467981,0.08246753246753247,0.0711484593837535,-0.014366769381161134,v26 main_pc0,34.7
44,wine-quality,CBM,7,OK,0.29183673469387755,0.5507649427742083,0.06974607313590366,0.2344155844155844,0.08112534058027134,0.03500309719929723,v26 main_pc0,40.8
44,wine-quality,CBM,8,PARTIAL,0.43558282208588955,nan,0.12051600151394089,0.15937555595089842,0.1369265532177388,0.07165348517238661,v26 main_pc0,12.6
44,wine-quality,CBM,9,PARTIAL,0.09815950920245399,nan,0.15308016619424997,0.1035758761786159,0.08178231892503597,0.039961120093767115,v26 main_pc0,23.5
