Seed,Dataset,Algorithm,CV index,Status,Accuracy,AUC_ROC,Precision,Recall,F1_macro,MCC,Train time [s],wall_s,Train size,Test size,Number of classes,n_trials,num_concepts,rule_budget,concept_dropout_p,lambda_concept,kd_alpha_hard,kd_temperature
42,balance-scale,CBM_KE,0,OK,0.9523809523809523,0.9924273157538878,0.8773946360153256,0.9103448275862069,0.8917487030009715,0.9177707830099481,141.20999765396118,141.2,562,63,3,40,3,3,0.0,1.557838157408185,0.5081067456177208,3.7369321060486276
42,balance-scale,CBM_KE,1,OK,0.9682539682539683,0.9950980392156863,0.9047619047619048,0.9770114942528737,0.9327485380116959,0.9468641529479986,148.71747756004333,148.7,562,63,3,40,4,11,0.0,0.7133753808306716,0.6342166859474252,4.0205490226944764
42,balance-scale,CBM_KE,2,OK,0.9682539682539683,0.9851250845165653,0.9047619047619048,0.9770114942528735,0.9325396825396827,0.9472669881727528,171.75197792053223,171.8,562,63,3,40,4,11,0.0,0.7133753808306716,0.6342166859474252,4.0205490226944764
42,balance-scale,CBM_KE,3,OK,1.0,1.0,1.0,1.0,1.0,1.0,150.0857446193695,150.1,562,63,3,40,4,5,0.0,0.7780137305987379,0.38077107180927083,2.9684651723181528
42,balance-scale,CBM_KE,4,OK,0.9523809523809523,0.9983096686950642,0.96875,0.8551724137931035,0.8944252708273416,0.9178201620692914,155.1756317615509,155.2,562,63,3,40,3,3,0.0,1.557838157408185,0.5081067456177208,3.7369321060486276
42,balance-scale,CBM_KE,5,OK,0.9516129032258065,0.9878962034134449,0.8571428571428571,0.9655172413793104,0.8913381939697729,0.919584695374887,144.99700045585632,145.0,563,62,3,40,3,3,0.0,1.557838157408185,0.5081067456177208,3.7369321060486276
42,balance-scale,CBM_KE,6,OK,0.9516129032258065,0.9292452811295556,0.9659003831417624,0.8547619047619047,0.8934730895034195,0.9148943453500895,156.14448499679565,156.2,563,62,3,40,2,3,0.0,0.4880378851570015,0.42773123153428505,1.1809091556421523
42,balance-scale,CBM_KE,7,OK,0.9193548387096774,1.0,0.6147683733890631,0.6666666666666666,0.6393133371062064,0.8613019518202981,164.72249817848206,164.7,563,62,3,40,3,3,0.0,1.557838157408185,0.5081067456177208,3.7369321060486276
42,balance-scale,CBM_KE,8,OK,0.967741935483871,0.996141088014153,0.9222222222222222,0.9214285714285714,0.921623009758603,0.9438872542021794,150.3605375289917,150.4,563,62,3,40,2,3,0.0,0.35233590128157555,0.7237817832685609,4.224805119172245
42,balance-scale,CBM_KE,9,OK,0.9838709677419355,0.9969641973271738,0.9444444444444445,0.9885057471264368,0.9638490164805954,0.9725376779825632,154.5235698223114,154.5,563,62,3,40,3,3,0.0,1.557838157408185,0.5081067456177208,3.7369321060486276
42,balance-scale,CBM,0,OK,0.9365079365079365,0.9897903989181879,0.8456486042692939,0.8988505747126437,0.8654898741105638,0.8926169696243248,202.90518403053284,202.9,562,63,3,40,4,9,0.0,0.24459509221343972,,
42,balance-scale,CBM,2,OK,0.9682539682539683,0.9983096686950642,0.978494623655914,0.9770114942528735,0.9769841269841271,0.9459713691496058,186.70881628990173,186.7,562,63,3,40,4,14,0.0,2.3547101897556777,,
42,balance-scale,CBM,6,OK,0.967741935483871,0.9622229593591823,0.9773946360153257,0.8666666666666667,0.9051689959361681,0.9438201227145492,211.5094199180603,211.5,563,62,3,40,4,9,0.0,0.24459509221343972,,
42,balance-scale,CBM,8,OK,0.9838709677419355,1.0,0.9888888888888889,0.9333333333333332,0.9573132454488387,0.9719410039857248,191.92803311347961,191.9,563,62,3,40,4,14,0.0,2.3547101897556777,,
42,bank,CBM_KE,1,OK,0.915,0.9179829545454546,0.8164814563573799,0.7429924242424243,0.7729209577926848,0.5546263474017538,1673.499047279358,1673.5,9000,1000,2,40,7,18,0.0,3.3544108056790845,0.2286080313865352,1.769156075234683
42,bank,CBM_KE,9,OK,0.892,0.8575578935492061,0.7978126664786438,0.5893530401752555,0.6200982116475073,0.326254300523786,2146.719784975052,2146.7,9000,1000,2,40,11,12,0.0,2.6375275054408704,0.2755239988953131,1.1016765069763808
42,bank,CBM,0,OK,0.888,0.8903598484848485,0.7332684736865922,0.6952651515151516,0.7116939012963478,0.42684518907032587,2886.9471192359924,2887.0,9000,1000,2,40,6,18,0.0,1.5559991026497118,,
42,bank,CBM,1,OK,0.876,0.790681818181818,0.71875,0.7784090909090909,0.7425249169435216,0.49356656546554545,2740.5021023750305,2740.5,9000,1000,2,40,12,16,0.0,2.2801934697849626,,
42,bank,CBM,3,OK,0.865,0.8773674242424242,0.7035353076444563,0.7757575757575758,0.7300815153823546,0.4738202318057245,2550.6323442459106,2550.6,9000,1000,2,40,12,16,0.0,2.2801934697849626,,
42,bank,CBM,4,OK,0.884,0.7515207927866943,0.7305375212025502,0.7594091708271045,0.7435897435897436,0.4890952758704158,2647.3551704883575,2647.4,9000,1000,2,40,10,12,0.0,4.318700358296389,,
42,bank,CBM,5,OK,0.885,0.8764279468592221,0.7277974758347052,0.7029635479837155,0.714265127176865,0.43004457404853497,3284.6698615550995,3284.7,9000,1000,2,40,6,18,0.0,1.5559991026497118,,
42,bank,CBM,6,OK,0.892,0.8846359969537133,0.7461464800914341,0.7247623614362677,0.7347089167280767,0.47042306118886656,2914.552981376648,2914.6,9000,1000,2,40,6,18,0.0,1.5559991026497118,,
42,bank,CBM,7,OK,0.889,0.7873804755591911,0.7383947849194485,0.715929070412471,0.726303694406979,0.45376806542037523,3677.0900943279266,3677.1,9000,1000,2,40,7,7,0.0,3.3179770147527696,,
42,bank,CBM,9,OK,0.881,0.8376442050038079,0.7217961582568808,0.7327588638479113,0.7270635941825555,0.4544228066534649,2835.1553978919983,2835.2,9000,1000,2,40,6,18,0.0,1.5559991026497118,,
42,blood,CBM_KE,1,OK,0.8,0.6676413255360624,0.7424242424242424,0.6403508771929824,0.6612466124661247,0.36891438072857313,178.40431666374207,178.4,673,75,2,40,4,5,0.0,3.3770709596590986,0.7097514440283017,1.9505501759695987
42,blood,CBM_KE,2,OK,0.72,0.6106237816764132,0.6000000000000001,0.587719298245614,0.592074592074592,0.18731716231633877,188.12035870552063,188.1,673,75,2,40,4,11,0.0,2.6375275054408704,0.2755239988953131,1.1016765069763808
42,blood,CBM_KE,5,OK,0.76,0.7236842105263158,0.65,0.5950292397660819,0.6048009367681498,0.23878346647045964,179.03890252113342,179.1,673,75,2,40,4,11,0.0,2.6375275054408704,0.2755239988953131,1.1016765069763808
42,blood,CBM_KE,7,OK,0.8533333333333334,0.7417153996101364,0.8686868686868687,0.7134502923976608,0.7515808491418248,0.5610572873580383,179.0370819568634,179.0,673,75,2,40,4,11,0.0,2.6375275054408704,0.2755239988953131,1.1016765069763808
42,blood,CBM_KE,8,OK,0.7702702702702703,0.7750257997936016,0.65625,0.6031991744066048,0.6149372513008877,0.25396748611609316,176.44167137145996,176.5,674,74,2,40,4,13,0.0,0.41017688150275794,0.25694414644932984,3.824968908625985
42,blood,CBM,3,OK,0.8,0.6978557504873295,0.7615546218487395,0.6213450292397661,0.64,0.35630522441317786,196.78127312660217,196.8,673,75,2,40,3,7,0.0,2.6333232444191257,,
42,blood,CBM,9,OK,0.8243243243243243,0.8761609907120743,0.7521551724137931,0.7414860681114551,0.7465085638998683,0.49352593099116054,189.86262106895447,189.9,674,74,2,40,4,10,0.0,1.4642748270952106,,
42,car,CBM_KE,3,OK,0.9942196531791907,1.0,0.99375,0.9979338842975207,0.9957980986396344,0.9875198273466141,554.7146456241608,554.7,1555,173,4,40,8,6,0.0,1.557838157408185,0.5081067456177208,3.7369321060486276
42,car,CBM_KE,7,OK,0.9826589595375722,0.9981838631446633,0.9559294871794872,0.9892888212266203,0.9715097402597402,0.9630774855432847,550.2402029037476,550.3,1555,173,4,40,8,6,0.0,1.557838157408185,0.5081067456177208,3.7369321060486276
42,car,CBM,0,OK,0.9942196531791907,0.9999124292713166,0.9979508196721312,0.9935897435897436,0.9957244401688846,0.9873704017981242,498.6007218360901,498.6,1555,173,4,40,5,20,0.0,0.5342790952224573,,
42,car,CBM,1,OK,0.9884393063583815,0.9970942899035868,0.9623397435897436,0.9915236278872643,0.9758857325247366,0.9750236506570226,468.15042304992676,468.2,1555,173,4,40,5,20,0.0,0.5342790952224573,,
42,car,CBM,2,OK,1.0,1.0,1.0,1.0,1.0,1.0,463.04621171951294,463.1,1555,173,4,40,6,20,0.0,1.5559991026497118,,
42,car,CBM,3,OK,0.9942196531791907,1.0,0.99375,0.9979338842975207,0.9957980986396344,0.9875198273466141,470.44513845443726,470.5,1555,173,4,40,5,20,0.0,0.5342790952224573,,
42,car,CBM,4,OK,1.0,1.0,1.0,1.0,1.0,1.0,521.18958735466,521.2,1555,173,4,40,5,20,0.0,0.5342790952224573,,
42,car,CBM,5,OK,0.9942196531791907,1.0,0.96875,0.993421052631579,0.98,0.9875168595946126,468.16710138320923,468.2,1555,173,4,40,5,20,0.0,0.5342790952224573,,
42,car,CBM,6,OK,0.9942196531791907,1.0,0.96875,0.9979338842975207,0.9822959889349931,0.9876221214194032,500.38029384613037,500.4,1555,173,4,40,5,20,0.0,0.5342790952224573,,
42,car,CBM,7,OK,1.0,1.0,1.0,1.0,1.0,1.0,453.2793824672699,453.3,1555,173,4,40,5,20,0.0,0.5342790952224573,,
42,car,CBM,8,OK,0.9883720930232558,0.9977930626783184,0.9875,0.9958677685950413,0.9915064102564103,0.9750252248526106,489.178049325943,489.2,1556,172,4,40,5,20,0.0,0.5342790952224573,,
42,car,CBM,9,OK,1.0,1.0,1.0,1.0,1.0,1.0,514.7042109966278,514.7,1556,172,4,40,5,20,0.0,0.5342790952224573,,
42,credit-g,CBM_KE,0,OK,0.76,0.7447619047619047,0.7408637873754154,0.638095238095238,0.6503496503496503,0.3647582326206156,237.0868067741394,237.1,900,100,2,40,8,14,0.0,4.284529890854485,0.268483912455701,2.8966953163493008
42,credit-g,CBM_KE,1,OK,0.75,0.7495238095238095,0.7,0.6785714285714286,0.6865203761755485,0.37796447300922725,258.9156060218811,258.9,900,100,2,40,8,18,0.0,4.001561135885537,0.7570548686052707,3.8078675090308134
42,credit-g,CBM_KE,3,OK,0.73,0.7023809523809523,0.6733333333333333,0.6547619047619048,0.6614420062695925,0.32756920994133026,276.3497824668884,276.4,900,100,2,40,5,18,0.0,0.6045925657318592,0.8058549881257862,4.877881733101475
42,credit-g,CBM_KE,6,OK,0.74,0.8495238095238096,0.687110187110187,0.6714285714285715,0.6775793650793651,0.3581956564562562,258.9718132019043,259.0,900,100,2,40,12,12,0.0,0.7133753808306716,0.6342166859474252,4.0205490226944764
42,credit-g,CBM_KE,7,OK,0.77,0.7219047619047619,0.7371669915529564,0.6738095238095239,0.6891471820516286,0.40606345250542664,237.04879903793335,237.1,900,100,2,40,11,7,0.0,3.861468087838124,0.2597432254956376,3.491561903276001
42,credit-g,CBM_KE,8,OK,0.8,0.758095238095238,0.78125,0.7142857142857143,0.7333333333333334,0.49099025303098287,292.39346408843994,292.4,900,100,2,40,7,3,0.0,3.6518942782530712,0.7694138915271347,3.3216419003274753
42,credit-g,CBM_KE,9,OK,0.68,0.7080952380952381,0.6041666666666666,0.5904761904761905,0.5941146626078133,0.19416079083690585,227.08529949188232,227.1,900,100,2,40,6,6,0.0,3.8677882160954313,0.2811083416675908,2.4338629141770904
42,credit-g,CBM,0,OK,0.71,0.7780952380952381,0.6694551694551694,0.6880952380952381,0.6745595331612613,0.35706419840213055,249.09921431541443,249.1,900,100,2,40,11,7,0.0,1.8294811985377881,,
42,credit-g,CBM,2,OK,0.75,0.7076190476190476,0.7033660589060309,0.7071428571428571,0.7051539096591579,0.41049154187475195,296.4144446849823,296.4,900,100,2,40,7,7,0.0,3.3179770147527696,,
42,credit-g,CBM,3,OK,0.69,0.7223809523809523,0.6157538114059853,0.5976190476190476,0.6021049929405724,0.21260081681618384,274.21162843704224,274.2,900,100,2,40,12,12,0.0,0.7133753808306716,,
42,credit-g,CBM,4,OK,0.73,0.7861904761904761,0.6799906498363721,0.6833333333333333,0.6815662224318906,0.3633086060270793,222.27881050109863,222.3,900,100,2,40,8,3,0.0,1.912484948378033,,
42,credit-g,CBM,5,OK,0.6,0.6580952380952381,0.5697865353037767,0.5809523809523809,0.5659722222222222,0.15032479757189912,262.32843232154846,262.3,900,100,2,40,11,7,0.0,1.8294811985377881,,
42,credit-g,CBM,6,OK,0.79,0.7971428571428572,0.7511415525114156,0.7357142857142858,0.7423629002576371,0.4866113507241897,285.6280198097229,285.6,900,100,2,40,11,10,0.0,0.24459509221343972,,
42,credit-g,CBM,7,OK,0.76,0.7104761904761905,0.71875,0.6666666666666667,0.6799999999999999,0.3818813079129867,247.41723322868347,247.4,900,100,2,40,5,14,0.0,2.9056742289004776,,
42,credit-g,CBM,8,OK,0.79,0.8314285714285715,0.7569169960474309,0.7166666666666667,0.7304582210242587,0.471870105616408,272.57339787483215,272.6,900,100,2,40,10,6,0.0,1.7369775242524383,,
42,diabetes,CBM_KE,0,OK,0.7532467532467533,0.7933333333333334,0.7295918367346939,0.7333333333333334,0.7313131313131314,0.4629100498862757,188.54015469551086,188.6,691,77,2,40,8,7,0.0,3.861468087838124,0.2597432254956376,3.491561903276001
42,diabetes,CBM_KE,1,OK,0.8051948051948052,0.8007407407407408,0.7869532428355958,0.7818518518518518,0.7842331402951616,0.5687822180346598,169.65948057174683,169.7,691,77,2,40,6,4,0.0,1.557838157408185,0.5081067456177208,3.7369321060486276
42,diabetes,CBM_KE,2,OK,0.7532467532467533,0.8296296296296297,0.7347222222222223,0.7503703703703704,0.7389830508474576,0.4848401374141137,173.9829032421112,174.0,691,77,2,40,2,3,0.0,4.028176780650616,0.5775395693409555,4.570235993959911
42,diabetes,CBM_KE,3,OK,0.6623376623376623,0.6081481481481481,0.6292592592592592,0.6292592592592592,0.6292592592592592,0.25851851851851854,211.73764753341675,211.7,691,77,2,40,4,11,0.0,4.2321327892988,0.39729834234137995,4.257873930355743
42,diabetes,CBM_KE,4,OK,0.7532467532467533,0.8466666666666667,0.7318181818181818,0.7077777777777778,0.7156462585034014,0.43893811257017395,167.25364661216736,167.3,691,77,2,40,6,4,0.0,1.557838157408185,0.5081067456177208,3.7369321060486276
42,diabetes,CBM_KE,5,OK,0.7402597402597403,0.7622222222222222,0.7172619047619048,0.6892592592592592,0.6973270440251573,0.40555555555555556,216.72609066963196,216.7,691,77,2,40,5,16,0.0,2.470945507973763,0.53924846922678,2.676005215610997
42,diabetes,CBM_KE,6,OK,0.6753246753246753,0.7222222222222222,0.649645390070922,0.6562962962962963,0.6518357750045216,0.3058693853650585,174.3502299785614,174.4,691,77,2,40,5,18,0.0,3.3544108056790845,0.2286080313865352,1.769156075234683
42,diabetes,CBM_KE,7,OK,0.7662337662337663,0.874074074074074,0.75,0.768888888888889,0.7542553191489361,0.5185449728701349,162.05473375320435,162.1,691,77,2,40,6,4,0.0,1.557838157408185,0.5081067456177208,3.7369321060486276
42,diabetes,CBM_KE,8,OK,0.75,0.84,0.7252384446074835,0.7361538461538462,0.7293345829428304,0.4612631569755697,179.67462587356567,179.7,692,76,2,40,2,3,0.0,4.028176780650616,0.5775395693409555,4.570235993959911
42,diabetes,CBM_KE,9,OK,0.7236842105263158,0.8200000000000001,0.7125435540069687,0.7346153846153847,0.712484237074401,0.44661387202309655,185.0853090286255,185.1,692,76,2,40,2,3,0.0,0.41529299544022436,0.5661684909191042,4.877210142476396
42,diabetes,CBM,0,OK,0.6883116883116883,0.737037037037037,0.6577777777777778,0.6577777777777778,0.6577777777777778,0.31555555555555553,168.16217184066772,168.2,691,77,2,40,4,3,0.0,4.700519760742736,,
42,diabetes,CBM,1,OK,0.8051948051948052,0.8437037037037036,0.7857142857142857,0.7903703703703704,0.7878787878787878,0.5760658398584765,173.99991965293884,174.0,691,77,2,40,6,3,0.0,1.912484948378033,,
42,diabetes,CBM,2,OK,0.7792207792207793,0.8214814814814815,0.7706639566395663,0.7959259259259259,0.7716727716727716,0.5660264374862303,181.32497763633728,181.3,691,77,2,40,6,3,0.0,1.912484948378033,,
42,diabetes,CBM,4,OK,0.7402597402597403,0.8074074074074075,0.7142307692307692,0.7062962962962962,0.7096530920060332,0.4204522053456932,189.07651615142822,189.1,691,77,2,40,7,7,0.0,1.8294811985377881,,
42,diabetes,CBM,5,OK,0.7012987012987013,0.7962962962962963,0.68125,0.6933333333333334,0.6840321141837645,0.37438839013338365,207.72000694274902,207.7,691,77,2,40,7,7,0.0,1.8294811985377881,,
42,diabetes,CBM,6,OK,0.6363636363636364,0.705925925925926,0.6238095238095238,0.6348148148148148,0.6220196353436185,0.2583900773999757,194.33001279830933,194.3,691,77,2,40,8,16,0.0,2.2801934697849626,,
42,diabetes,CBM,7,OK,0.7922077922077922,0.8696296296296295,0.7718518518518518,0.7718518518518518,0.7718518518518518,0.5437037037037037,204.80813002586365,204.8,691,77,2,40,4,3,0.0,4.700519760742736,,
42,diabetes,CBM,8,OK,0.7105263157894737,0.8246153846153846,0.7027777777777777,0.7246153846153847,0.700358422939068,0.4268349027294209,202.54380345344543,202.6,692,76,2,40,4,3,0.0,4.700519760742736,,
42,diabetes,CBM,9,OK,0.75,0.7953846153846154,0.7252384446074835,0.7361538461538462,0.7293345829428304,0.4612631569755697,216.21417832374573,216.2,692,76,2,40,4,3,0.0,4.700519760742736,,
42,kr-vs-kp,CBM_KE,0,OK,1.0,1.0,1.0,1.0,1.0,1.0,868.6997318267822,868.7,2876,320,2,40,12,12,0.0,0.7133753808306716,0.6342166859474252,4.0205490226944764
42,kr-vs-kp,CBM_KE,1,OK,0.99375,0.9983562287190325,0.9940828402366864,0.9934640522875817,0.993734335839599,0.9875466986607835,652.8388528823853,652.9,2876,320,2,40,2,3,0.0,4.028176780650616,0.5775395693409555,4.570235993959911
42,kr-vs-kp,CBM_KE,2,OK,0.990625,0.9997651755312903,0.9904944453137224,0.9907440021916951,0.9906095020101535,0.9812384157707068,631.3229930400848,631.3,2876,320,2,40,8,4,0.0,1.557838157408185,0.5081067456177208,3.7369321060486276
42,kr-vs-kp,CBM_KE,5,OK,0.98125,0.995420922860162,0.9810361681329424,0.9814880043833901,0.981223595681427,0.9625240664639265,718.81383228302,718.8,2876,320,2,40,2,3,0.0,4.028176780650616,0.5775395693409555,4.570235993959911
42,kr-vs-kp,CBM_KE,6,OK,0.9968652037617555,1.0,0.9970238095238095,0.9967105263157895,0.9968572976700655,0.9937342864569987,710.0378286838531,710.1,2877,319,2,40,9,3,0.0,1.6607285058883754,0.7944563873459245,3.5985315961888587
42,kr-vs-kp,CBM_KE,7,OK,0.9937304075235109,0.9934210526315789,0.9940828402366864,0.993421052631579,0.9937125512456638,0.9875036711157809,668.763304233551,668.8,2877,319,2,40,3,5,0.0,0.4880378851570015,0.42773123153428505,1.1809091556421523
42,kr-vs-kp,CBM_KE,8,OK,0.9968652037617555,1.0,0.9970238095238095,0.9967105263157895,0.9968572976700655,0.9937342864569987,718.6659808158875,718.7,2877,319,2,40,2,3,0.0,4.028176780650616,0.5775395693409555,4.570235993959911
42,kr-vs-kp,CBM_KE,9,OK,0.9968652037617555,0.9998818804630285,0.9967532467532467,0.9969879518072289,0.9968607614867591,0.9937411708437707,802.6509356498718,802.7,2877,319,2,40,7,5,0.0,2.534431170577918,0.35196648370753836,2.557117381712093
42,kr-vs-kp,CBM,0,OK,0.99375,1.0,0.9935483870967742,0.9940119760479043,0.9937411985604757,0.9875602543337462,903.9939141273499,904.0,2876,320,2,40,5,3,0.0,4.700519760742736,,
42,kr-vs-kp,CBM,1,OK,0.99375,0.996321083323549,0.993738014167743,0.993738014167743,0.993738014167743,0.9874760283354859,778.838454246521,778.9,2876,320,2,40,11,7,0.0,1.8294811985377881,,
42,kr-vs-kp,CBM,2,OK,0.990625,0.9959688466204845,0.9903846153846154,0.9910179640718563,0.9906139090135805,0.9814023750904909,727.4178352355957,727.4,2876,320,2,40,8,11,0.0,4.686813444246836,,
42,kr-vs-kp,CBM,3,OK,1.0,1.0,1.0,1.0,1.0,1.0,769.6452386379242,769.7,2876,320,2,40,6,18,0.0,1.5559991026497118,,
42,kr-vs-kp,CBM,4,OK,0.996875,1.0,0.9967532467532467,0.9970059880239521,0.9968698340033845,0.9937592026375474,843.3578960895538,843.4,2876,320,2,40,4,12,0.0,1.5075220157444493,,
42,kr-vs-kp,CBM,5,OK,0.984375,0.9966733200266135,0.9841307066916822,0.9847559782395993,0.9843565150226341,0.9688864831715941,821.4840087890625,821.5,2876,320,2,40,2,4,0.0,4.441703075752816,,
42,kr-vs-kp,CBM,6,OK,0.9968652037617555,0.9967105263157895,0.9970238095238095,0.9967105263157895,0.9968572976700655,0.9937342864569987,919.4082977771759,919.4,2877,319,2,40,2,4,0.0,4.441703075752816,,
42,kr-vs-kp,CBM,7,OK,0.9153605015673981,0.9535534194768358,0.9203618655475493,0.9182752915222188,0.9153305480462031,0.8386345613119576,730.5941336154938,730.6,2877,319,2,40,5,3,0.0,4.700519760742736,,
42,kr-vs-kp,CBM,8,OK,0.9968652037617555,0.9999212102111567,0.9970238095238095,0.9967105263157895,0.9968572976700655,0.9937342864569987,857.7786502838135,857.8,2877,319,2,40,6,18,0.0,1.5559991026497118,,
42,kr-vs-kp,CBM,9,OK,0.9937304075235109,0.9992912827781715,0.9937199779510197,0.9937199779510197,0.9937199779510197,0.9874399559020395,887.5815615653992,887.6,2877,319,2,40,2,4,0.0,4.441703075752816,,
42,magic,CBM_KE,0,OK,0.883,0.9298109298109298,0.8784007352941177,0.8614590055268021,0.8687986328144712,0.7396657446982994,2170.995470762253,2171.0,9000,1000,2,40,10,7,0.0,3.861468087838124,0.2597432254956376,3.491561903276001
42,magic,CBM_KE,1,OK,0.876,0.9346573075386635,0.8663614270177371,0.8593365203534695,0.8626276233692569,0.7256639452977809,2734.507026195526,2734.5,9000,1000,2,40,5,18,0.0,1.5559991026497118,0.40386039813862934,2.727780074568463
42,magic,CBM_KE,2,OK,0.878,0.9304737948805745,0.8801720380667749,0.848449729805662,0.8607458543355979,0.7279308866754743,2316.986307144165,2317.0,9000,1000,2,40,3,6,0.0,0.41529299544022436,0.5661684909191042,4.877210142476396
42,magic,CBM_KE,3,OK,0.896,0.949034016830627,0.8992760108148548,0.8701662430475989,0.8818563100090426,0.7688914120013757,2215.5616545677185,2215.6,9000,1000,2,40,3,6,0.0,0.41529299544022436,0.5661684909191042,4.877210142476396
42,magic,CBM_KE,4,OK,0.884,0.9417820095786198,0.8787127694115817,0.8635375923511517,0.8702060143847541,0.7420952186465651,2178.3081228733063,2178.3,9000,1000,2,40,10,5,0.0,1.9926032817420454,0.4638611005974353,2.7565396342808737
42,magic,CBM_KE,5,OK,0.878,0.9341788155347477,0.8786828834737808,0.8497579006053582,0.8611894922721233,0.7278662798041219,2217.488107919693,2217.5,9000,1000,2,40,3,6,0.0,0.41529299544022436,0.5661684909191042,4.877210142476396
42,magic,CBM_KE,7,OK,0.886,0.9394422275778209,0.8905637696838562,0.8565753142024328,0.8696672169606394,0.7463655910908745,2186.9528024196625,2187.0,9000,1000,2,40,10,7,0.0,3.861468087838124,0.2597432254956376,3.491561903276001
42,magic,CBM_KE,9,OK,0.864,0.9228703296703296,0.8593949403197958,0.8367032967032967,0.8459858941198319,0.6957282838124661,2360.8866612911224,2360.9,9000,1000,2,40,5,12,0.0,3.4701418036072065,0.2962646609021953,4.746919954946938
42,magic,CBM,0,OK,0.892,0.9092269939727566,0.8890438641312104,0.8710090913480744,0.8788014813152284,0.7598389580058765,3386.8984978199005,3386.9,9000,1000,2,40,5,18,0.0,1.5559991026497118,,
42,magic,CBM,1,OK,0.865,0.9219443456731592,0.8535204991087344,0.8482456024828906,0.8507494038267853,0.7017462766617958,3576.789335489273,3576.8,9000,1000,2,40,4,12,0.0,1.4676950380583549,,
42,magic,CBM,2,OK,0.856,0.8998327472903744,0.8632193116374685,0.8164566130667825,0.8322898032200359,0.6780653454092502,3074.816665172577,3074.8,9000,1000,2,40,4,13,0.0,2.9056742289004776,,
42,magic,CBM,3,OK,0.875,0.9239197713773986,0.8703179361906876,0.8513711649304869,0.8594101298937928,0.7214403499499474,3543.0256073474884,3543.0,9000,1000,2,40,2,4,0.0,4.441703075752816,,
42,magic,CBM,4,OK,0.866,0.9368434453180216,0.8513860424981123,0.8575191287055695,0.8542438956473312,0.7088786405393332,3296.8736889362335,3296.9,9000,1000,2,40,7,5,0.0,1.1246201347890215,,
42,magic,CBM,5,OK,0.862,0.9056053801816515,0.855023532291662,0.8374312442109052,0.8449047850245455,0.6922312683643406,2731.935270547867,2731.9,9000,1000,2,40,3,6,0.0,2.081395469026367,,
42,magic,CBM,6,OK,0.873,0.9169311542192898,0.8831471695091682,0.83609453948437,0.8524749933497586,0.7177009725252536,2730.7346501350403,2730.7,9000,1000,2,40,3,6,0.0,2.081395469026367,,
42,magic,CBM,7,OK,0.87,0.9230154653883467,0.8570565390054774,0.8579844512047903,0.8575161335578002,0.7150403881319086,2993.8294620513916,2993.8,9000,1000,2,40,4,10,0.0,3.6441521019271748,,
42,magic,CBM,8,OK,0.877,0.9276087912087911,0.880036784760875,0.8460439560439561,0.8590340278104087,0.7252845853618525,3046.1683869361877,3046.2,9000,1000,2,40,4,16,0.0,2.942355844019346,,
42,magic,CBM,9,OK,0.849,0.8943999999999999,0.8476024313920156,0.813956043956044,0.8263727191297019,0.6607023058211298,3016.1343665122986,3016.1,9000,1000,2,40,2,4,0.0,4.441703075752816,,
42,mfeat-factors,CBM_KE,1,OK,0.99,0.9978055555555556,0.9904761904761905,0.9899999999999999,0.9899937460913071,0.9889438317391072,462.08793449401855,462.1,1800,200,10,40,9,16,0.0,4.255754583853187,0.2904115906060465,2.802176541240374
42,mfeat-factors,CBM_KE,3,OK,0.97,0.99725,0.9706892230576442,0.97,0.9699843652282677,0.9667472322930654,393.96478939056396,394.0,1800,200,10,40,7,20,0.0,3.4701418036072065,0.2962646609021953,4.746919954946938
42,mfeat-factors,CBM_KE,4,OK,0.98,0.9968611111111111,0.9804761904761904,0.9799999999999999,0.9799937460913071,0.9778321032926003,394.5894467830658,394.6,1800,200,10,40,12,13,0.0,1.9926032817420454,0.4638611005974353,2.7565396342808737
42,mfeat-factors,CBM_KE,5,OK,0.91,0.9966111111111111,0.9375625823451911,0.9099999999999999,0.9022386976709049,0.9044832785199561,487.19265842437744,487.2,1800,200,10,40,12,14,0.0,3.3770709596590986,0.7097514440283017,1.9505501759695987
42,mfeat-factors,CBM_KE,7,OK,0.965,0.9998333333333334,0.9668181818181818,0.9649999999999999,0.9650848274532484,0.9612980483522898,428.5017147064209,428.5,1800,200,10,40,9,26,0.0,4.001561135885537,0.7570548686052707,3.8078675090308134
42,mfeat-factors,CBM_KE,8,OK,0.97,0.990861111111111,0.9709523809523809,0.97,0.9697175866495507,0.966827818066747,421.63685512542725,421.7,1800,200,10,40,7,20,0.0,3.4701418036072065,0.2962646609021953,4.746919954946938
42,mfeat-factors,CBM_KE,9,OK,0.985,0.9999444444444444,0.985909090909091,0.985,0.98510989010989,0.9834152880222562,399.43336629867554,399.4,1800,200,10,40,5,18,0.0,0.4880378851570015,0.42773123153428505,1.1809091556421523
42,mfeat-factors,CBM,0,OK,0.985,0.9986666666666666,0.9857142857142858,0.985,0.9849906191369605,0.9834152880222562,509.1018183231354,509.1,1800,200,10,40,11,15,0.0,1.8294811985377881,,
42,mfeat-factors,CBM,1,OK,0.98,1.0,0.9813852813852814,0.9799999999999999,0.9801036362011972,0.9779136085456454,540.7913026809692,540.8,1800,200,10,40,6,10,0.0,1.8705265069603036,,
42,mfeat-factors,CBM,3,OK,0.97,0.9987916666666667,0.972846790890269,0.97,0.9705417056100698,0.9668815531129505,501.92514753341675,501.9,1800,200,10,40,11,15,0.0,1.8294811985377881,,
42,mfeat-factors,CBM,4,OK,0.975,0.9960000000000001,0.9763852813852815,0.975,0.9751036362011971,0.9723572812243633,583.5459017753601,583.6,1800,200,10,40,6,10,0.0,1.8705265069603036,,
42,mfeat-factors,CBM,5,OK,0.95,0.9958888888888888,0.9526555023923444,0.95,0.9506776556776557,0.9446018912146379,545.890851020813,545.9,1800,200,10,40,4,15,0.0,4.441703075752816,,
42,mfeat-factors,CBM,6,OK,0.955,0.9992222222222221,0.9578405499915796,0.9549999999999998,0.9550396006159207,0.9503168250880143,543.6226506233215,543.6,1800,200,10,40,6,22,0.0,2.9056742289004776,,
42,mfeat-factors,CBM,7,OK,0.96,0.9986666666666666,0.9622476646160856,0.96,0.9601915906087921,0.9557679720426867,531.218475818634,531.2,1800,200,10,40,11,24,0.0,2.511380104167308,,
42,mfeat-factors,CBM,8,OK,0.97,0.9948611111111113,0.9711904761904762,0.97,0.9698395378690627,0.966827818066747,540.6782531738281,540.7,1800,200,10,40,9,13,0.0,1.1246201347890215,,
42,optdigits,CBM_KE,2,OK,0.9857651245551602,0.9988565461372616,0.9860201167735235,0.9859022556390977,0.9857419779527421,0.9842318577459207,1279.664027929306,1279.7,5058,562,10,40,5,15,0.0,1.1847944064015754,0.6488033430197081,3.8801461461842974
42,optdigits,CBM_KE,3,OK,0.9911032028469751,0.9990527512210262,0.9911654135338346,0.9910702893597632,0.9910701390843835,0.9901249595674491,1390.5223128795624,1390.5,5058,562,10,40,9,16,0.0,4.255754583853187,0.2904115906060465,2.802176541240374
42,optdigits,CBM_KE,5,OK,0.9839857651245552,0.998390439124478,0.9847179207323519,0.9838613579403054,0.9840136085746163,0.982271279283193,1278.9444255828857,1279.0,5058,562,10,40,7,11,0.0,3.6434806104076847,0.7459128821003367,4.548345697060469
42,optdigits,CBM_KE,6,OK,0.9804270462633452,0.9990589494783887,0.9806951548149371,0.9804801777170196,0.9804312746441297,0.9782864144863409,1404.4555690288544,1404.5,5058,562,10,40,7,26,0.0,0.6045925657318592,0.8058549881257862,4.877881733101475
42,optdigits,CBM_KE,8,OK,0.9893238434163701,0.9998429529533535,0.9895946763460375,0.9893483709273182,0.9893137361219558,0.9881722591295474,1248.5845875740051,1248.6,5058,562,10,40,7,11,0.0,3.6434806104076847,0.7459128821003367,4.548345697060469
42,optdigits,CBM_KE,9,OK,0.9786476868327402,0.9992553581935505,0.9791194086912196,0.9786654135338345,0.9786745884669468,0.9763229104401537,1201.3472192287445,1201.4,5058,562,10,40,12,20,0.0,0.7133753808306716,0.6342166859474252,4.0205490226944764
42,optdigits,CBM,0,OK,0.994661921708185,0.998436617730096,0.9948265608498159,0.9946428571428572,0.9946716954566128,0.9940825282792674,1572.4866909980774,1572.5,5058,562,10,40,12,18,0.0,0.24459509221343972,,
42,optdigits,CBM,1,OK,0.9839857651245552,0.998276780822039,0.984293814273743,0.9841445698886716,0.9841879170705825,0.9822123402862505,1535.391098499298,1535.4,5058,562,10,40,12,18,0.0,0.24459509221343972,,
42,optdigits,CBM,2,OK,0.9804270462633452,0.9996924972943393,0.9811774651415213,0.9806077694235589,0.9804578950867804,0.9783487517599136,1289.6468784809113,1289.7,5058,562,10,40,11,14,0.0,1.7369775242524383,,
42,optdigits,CBM,3,OK,0.9768683274021353,0.9981408020865474,0.9769221734026459,0.9767811574390521,0.9767118343817728,0.9743283945180529,1388.9340398311615,1388.9,5058,562,10,40,9,19,0.0,4.686813444246836,,
42,optdigits,CBM,4,OK,0.9822064056939501,0.9987395845785894,0.9827545192613328,0.982299498746867,0.982281582270242,0.9802845448714383,1365.9279947280884,1365.9,5058,562,10,40,11,23,0.0,2.3547101897556777,,
42,optdigits,CBM,5,OK,0.9893238434163701,0.9985983144638146,0.9897725892807859,0.9892521075415812,0.9893693165577279,0.9881719685501724,1585.2201125621796,1585.2,5058,562,10,40,12,18,0.0,0.24459509221343972,,
42,optdigits,CBM,6,OK,0.9786476868327402,0.9975284361413717,0.9790284958051577,0.9786944634313054,0.9787078119859454,0.9763091706373097,1480.7257180213928,1480.7,5058,562,10,40,6,11,0.0,1.1782790545826114,,
42,optdigits,CBM,8,OK,0.994661921708185,0.9998427878093464,0.9948557835266131,0.9946741854636592,0.9947041487627389,0.9940826946737743,1552.511911869049,1552.5,5058,562,10,40,8,25,0.0,0.9926961143005427,,
42,optdigits,CBM,9,OK,0.9857651245551602,0.9989864325187015,0.9861956615677123,0.9857456140350876,0.9858022098766008,0.9842211929951817,1569.011962890625,1569.0,5058,562,10,40,12,18,0.0,0.24459509221343972,,
42,page-blocks,CBM_KE,0,OK,0.968978102189781,0.9948532387437613,0.9004796455500681,0.8767276422764227,0.8832288506909336,0.8307622528134369,1328.4227993488312,1328.4,4925,548,5,40,5,21,0.0,1.5559991026497118,0.40386039813862934,2.727780074568463
42,page-blocks,CBM_KE,1,OK,0.9744525547445255,0.9970363282067332,0.8469163763066202,0.8531115637021951,0.8296810552580023,0.8666200655197489,1223.4121387004852,1223.4,4925,548,5,40,5,15,0.0,3.4701418036072065,0.2962646609021953,4.746919954946938
42,page-blocks,CBM_KE,3,OK,0.979890310786106,0.9983058630835432,0.8210469154859694,0.9543171017712769,0.8755173349219689,0.9006003989080685,979.1837685108185,979.2,4926,547,5,40,5,15,0.0,3.4701418036072065,0.2962646609021953,4.746919954946938
42,page-blocks,CBM_KE,5,OK,0.9634369287020109,0.9907368465308277,0.8064306110480827,0.8779402991215619,0.8377642323555508,0.8177560670227089,1302.9597306251526,1303.0,4926,547,5,40,5,21,0.0,1.5559991026497118,0.40386039813862934,2.727780074568463
42,page-blocks,CBM_KE,6,OK,0.9579524680073126,0.9929622656631777,0.9217808219178082,0.8177744862062581,0.8370665936297831,0.7573294613319757,1080.5879855155945,1080.6,4926,547,5,40,8,8,0.0,0.7780137305987379,0.38077107180927083,2.9684651723181528
42,page-blocks,CBM_KE,7,OK,0.9725776965265083,0.9951909754931669,0.8258632785763176,0.9276471435330904,0.8531626553405693,0.8612411251428772,1189.978526353836,1190.0,4926,547,5,40,5,15,0.0,3.4701418036072065,0.2962646609021953,4.746919954946938
42,page-blocks,CBM_KE,8,OK,0.9780621572212066,0.9956163156922673,0.9032879818594104,0.8354397634885441,0.8518849087496505,0.8845379188930601,1130.193279504776,1130.2,4926,547,5,40,10,8,0.0,1.9926032817420454,0.4638611005974353,2.7565396342808737
42,pendigits,CBM_KE,3,OK,0.998,0.9995074407212463,0.998104222821204,0.99796697626419,0.9980258860846505,0.9977795461612923,2274.8935465812683,2274.9,9000,1000,10,40,12,20,0.0,0.7133753808306716,0.6342166859474252,4.0205490226944764
42,pendigits,CBM_KE,5,OK,0.994,0.9998376509855695,0.9939173804356253,0.9938404148754122,0.9938693752754932,0.9933343483816603,2206.079337120056,2206.1,9000,1000,10,40,5,18,0.0,0.4880378851570015,0.42773123153428505,1.1809091556421523
42,pendigits,CBM_KE,6,OK,0.991,0.9998347706847184,0.99097575101736,0.9911057692307693,0.9910074307952861,0.9900060677660508,2247.138315677643,2247.2,9000,1000,10,40,12,15,0.0,3.861468087838124,0.2597432254956376,3.491561903276001
42,pendigits,CBM_KE,8,OK,0.993,0.9989185022469697,0.993071185344937,0.9930380036630038,0.993011923804545,0.9922296433991402,2250.4873735904694,2250.5,9000,1000,10,40,12,20,0.0,0.7133753808306716,0.6342166859474252,4.0205490226944764
42,pendigits,CBM_KE,9,OK,0.994,0.9994318791442319,0.9943915343915343,0.9940518421707744,0.9941671964854548,0.9933452327465917,2107.5898497104645,2107.6,9000,1000,10,40,12,15,0.0,3.861468087838124,0.2597432254956376,3.491561903276001
42,pendigits,CBM,1,OK,0.996,0.999686900101341,0.9961383748249053,0.9960025211720817,0.9960465813400319,0.9955602183255642,3498.902982711792,3498.9,9000,1000,10,40,12,18,0.0,0.24459509221343972,,
42,pendigits,CBM,2,OK,0.995,0.9990518731556118,0.9950219589878356,0.994951251755763,0.9949502763967685,0.9944512173061076,3022.357670545578,3022.4,9000,1000,10,40,5,22,0.0,2.081395469026367,,
42,pendigits,CBM,3,OK,0.995,0.9999149959818301,0.994989961652819,0.9948090815273478,0.9948618931955865,0.9944510510230334,2852.255006313324,2852.3,9000,1000,10,40,12,22,0.0,2.48349858182832,,
42,pendigits,CBM,4,OK,0.992,0.9997585273117224,0.9920190403506013,0.9920806704918288,0.992021420318564,0.9911163070483533,2301.4247131347656,2301.4,9000,1000,10,40,6,11,0.0,1.1782790545826114,,
42,pendigits,CBM,5,OK,0.994,0.9990706737379151,0.9940448113207546,0.993931507992821,0.9939595921235462,0.9933387714617161,2529.9871718883514,2530.0,9000,1000,10,40,8,19,0.0,2.2350701895279643,,
42,pendigits,CBM,6,OK,0.994,0.999952069328625,0.9939572797121183,0.9940611774956436,0.9939808203379397,0.9933388602663066,3089.8491067886353,3089.9,9000,1000,10,40,7,26,0.0,1.5559991026497118,,
42,pendigits,CBM,7,OK,0.994,0.9979268528339812,0.9941063933943821,0.9939792418873923,0.9940188289619073,0.9933375861051522,2799.9469499588013,2800.0,9000,1000,10,40,5,22,0.0,2.081395469026367,,
42,pendigits,CBM,8,OK,0.991,0.9998681473170711,0.9911141647380604,0.9907834490071334,0.9908804656127204,0.9900122257312373,2566.1667580604553,2566.2,9000,1000,10,40,12,22,0.0,2.48349858182832,,
42,pendigits,CBM,9,OK,0.992,0.9998922329815508,0.9923801145801864,0.9919668792500296,0.9920962738786916,0.9911280390604889,2680.8064064979553,2680.8,9000,1000,10,40,4,15,0.0,4.441703075752816,,
42,phoneme,CBM_KE,0,OK,0.9057301293900185,0.9674174322499918,0.8992162451015319,0.8689946985412756,0.882148669255116,0.7676162531213622,1283.344872713089,1283.4,4863,541,2,40,3,8,0.0,3.3544108056790845,0.2286080313865352,1.769156075234683
42,phoneme,CBM_KE,1,OK,0.8927911275415896,0.9621653659982219,0.8684558349451966,0.8763541769567651,0.8722352519626047,0.7447681317180997,1170.0528826713562,1170.1,4863,541,2,40,3,6,0.0,3.4701418036072065,0.2962646609021953,4.746919954946938
42,phoneme,CBM_KE,2,OK,0.88909426987061,0.9500971385294215,0.8682266421527662,0.8627218545227041,0.8653960987261147,0.7309277680491266,1203.6061425209045,1203.6,4863,541,2,40,3,8,0.0,3.3544108056790845,0.2286080313865352,1.769156075234683
42,phoneme,CBM_KE,3,OK,0.878003696857671,0.9235239882775199,0.852304674730304,0.8548684513813428,0.8535679133858267,0.7071684787543933,1249.2813940048218,1249.3,4863,541,2,40,3,8,0.0,3.3544108056790845,0.2286080313865352,1.769156075234683
42,phoneme,CBM_KE,4,OK,0.9111111111111111,0.9511896083239446,0.893729967948718,0.8907813639074823,0.8922352862915968,0.7845057906382827,1260.5626108646393,1260.6,4864,540,2,40,3,8,0.0,3.3544108056790845,0.2286080313865352,1.769156075234683
42,phoneme,CBM_KE,5,OK,0.9092592592592592,0.9341739015176619,0.9002571735569217,0.8764828683146664,0.8871540734991193,0.7763761170057489,1302.3725876808167,1302.4,4864,540,2,40,3,8,0.0,3.3544108056790845,0.2286080313865352,1.769156075234683
42,phoneme,CBM_KE,6,OK,0.8981481481481481,0.9439492345417191,0.8756370966420295,0.8797634038040957,0.8776564411618106,0.7553892305715384,1208.9229664802551,1208.9,4864,540,2,40,3,8,0.0,3.3544108056790845,0.2286080313865352,1.769156075234683
42,phoneme,CBM_KE,7,OK,0.9018518518518519,0.9479919146398038,0.8865325529102799,0.8731029226588906,0.8793987636477028,0.7595167547687878,1232.5805945396423,1232.6,4864,540,2,40,3,8,0.0,3.3544108056790845,0.2286080313865352,1.769156075234683
42,phoneme,CBM_KE,8,OK,0.8759259259259259,0.9414483566912627,0.850328947368421,0.8516069925221612,0.8509633010516603,0.7019347763935478,1211.9910583496094,1212.0,4864,540,2,40,3,6,0.0,3.4701418036072065,0.2962646609021953,4.746919954946938
42,phoneme,CBM_KE,9,OK,0.8962962962962963,0.9489922250284751,0.8793986959260457,0.867875006190264,0.8733137829912023,0.7471848435624805,1220.2688264846802,1220.3,4864,540,2,40,3,8,0.0,3.3544108056790845,0.2286080313865352,1.769156075234683
42,phoneme,CBM,3,OK,0.8613678373382625,0.9033553953044222,0.8291729162202699,0.8541028680562416,0.8394220380638038,0.6828208365890265,1642.4749138355255,1642.5,4863,541,2,40,3,8,0.0,1.5559991026497118,,
42,phoneme,CBM,4,OK,0.8833333333333333,0.9464344887003777,0.8550135501355014,0.8711478560540791,0.8623112445816925,0.725982143039176,1660.5596401691437,1660.6,4864,540,2,40,5,10,0.0,0.24459509221343972,,
42,phoneme,CBM,7,OK,0.8981481481481481,0.9468984028099942,0.8806840429697476,0.8704851216117702,0.8753352725624268,0.7510999239922934,1543.578458070755,1543.6,4864,540,2,40,5,15,0.0,2.3547101897556777,,
42,satimage,CBM_KE,1,OK,0.9331259720062208,0.9919249689640642,0.92302093059446,0.9253932246515979,0.9241796884034139,0.9175486337869017,1401.402266740799,1401.4,5787,643,6,40,3,7,0.0,4.028176780650616,0.5775395693409555,4.570235993959911
42,satimage,CBM_KE,3,OK,0.9222395023328149,0.9915779737238628,0.9099706348055024,0.9043838327171089,0.9068301451619999,0.9039765208281562,1513.2242529392242,1513.2,5787,643,6,40,3,7,0.0,4.028176780650616,0.5775395693409555,4.570235993959911
42,satimage,CBM_KE,5,OK,0.9253499222395023,0.9913143036814008,0.9203790557121168,0.9055154029471071,0.9123256464145504,0.9077589370355393,1413.9803671836853,1414.0,5787,643,6,40,6,16,0.0,3.4701418036072065,0.2962646609021953,4.746919954946938
42,satimage,CBM_KE,6,OK,0.9237947122861586,0.9912169714563613,0.9176015033904306,0.9053853478025137,0.9101946357882104,0.9060942752542299,1775.1771335601807,1775.2,5787,643,6,40,6,22,0.0,0.6045925657318592,0.8058549881257862,4.877881733101475
42,satimage,CBM_KE,8,OK,0.9300155520995335,0.9922010243722076,0.9214574149102756,0.9072328743704055,0.9127847730503915,0.9137328114291365,1407.4955670833588,1407.5,5787,643,6,40,3,7,0.0,4.028176780650616,0.5775395693409555,4.570235993959911
42,satimage,CBM,0,OK,0.9066874027993779,0.9861436233659125,0.8904793274358491,0.8943944176972264,0.8919426009167141,0.88521493380811,1752.2612102031708,1752.3,5787,643,6,40,3,8,0.0,4.441703075752816,,
42,satimage,CBM,1,OK,0.926905132192846,0.9852158465224733,0.9210558864702257,0.9097809928242596,0.9145286632896145,0.9097954213383411,1822.8668904304504,1822.9,5787,643,6,40,3,8,0.0,4.441703075752816,,
42,satimage,CBM,3,OK,0.9206842923794712,0.9760198558503923,0.9084877223343014,0.9062107953591148,0.906748335052851,0.9024230576098333,1768.8891100883484,1768.9,5787,643,6,40,11,14,0.0,0.24459509221343972,,
42,satimage,CBM,4,OK,0.9035769828926905,0.97156028751888,0.8863877160647601,0.8892133460328129,0.8876465138134377,0.8811753337953403,1754.4368999004364,1754.5,5787,643,6,40,11,14,0.0,0.24459509221343972,,
42,satimage,CBM,5,OK,0.9206842923794712,0.9803262178932676,0.908846712672124,0.9037329570117084,0.9057108403623134,0.9021076923945356,1893.0954008102417,1893.1,5787,643,6,40,8,21,0.0,0.9926961143005427,,
42,satimage,CBM,6,OK,0.911353032659409,0.9814845844237411,0.9130369854174559,0.8892812031740078,0.8981868463441316,0.8908409615365148,1608.0011348724365,1608.0,5787,643,6,40,3,8,0.0,4.441703075752816,,
42,satimage,CBM,7,OK,0.9237947122861586,0.9812971598620748,0.913405228435821,0.9028581510851602,0.9066200243406235,0.9060931790042318,2059.0376613140106,2059.1,5787,643,6,40,11,14,0.0,0.24459509221343972,,
42,satimage,CBM,8,OK,0.926905132192846,0.9866134540921002,0.9362572705274056,0.8908130153469839,0.902958450861277,0.9109896575710403,2109.5081005096436,2109.5,5787,643,6,40,3,6,0.0,1.5821617006173225,,
42,satimage,CBM,9,OK,0.9331259720062208,0.9826063926402949,0.9275617338691272,0.9176389235198134,0.9199256288219219,0.9177263785230578,1966.4827287197113,1966.5,5787,643,6,40,11,14,0.0,0.24459509221343972,,
42,segment,CBM_KE,1,OK,0.9696969696969697,0.9987100441645895,0.9699269737220402,0.9696969696969697,0.9696202429411385,0.9647097429741031,511.9125802516937,511.9,2079,231,7,40,11,22,0.0,2.6180135776296622,0.8802474579046724,2.454518409517176
42,segment,CBM_KE,3,OK,0.974025974025974,0.996807905898815,0.9747753646913312,0.974025974025974,0.9740816342714939,0.969802992698314,532.0740926265717,532.1,2079,231,7,40,6,17,0.0,3.4701418036072065,0.2962646609021953,4.746919954946938
42,segment,CBM_KE,5,OK,0.9826839826839827,0.9989942717215445,0.9831468071099408,0.9826839826839827,0.9826680672268908,0.979883678912969,559.3581898212433,559.4,2079,231,7,40,9,8,0.0,1.6607285058883754,0.7944563873459245,3.5985315961888587
42,segment,CBM_KE,6,OK,0.9956709956709957,0.9999562726835453,0.9957983193277311,0.9956709956709957,0.9956700016401508,0.9949712488986399,537.0032262802124,537.0,2079,231,7,40,12,17,0.0,0.7133753808306716,0.6342166859474252,4.0205490226944764
42,segment,CBM_KE,7,OK,0.974025974025974,0.9977480432025887,0.9757302921168467,0.974025974025974,0.9737740674654237,0.9700575898567666,548.8144192695618,548.8,2079,231,7,40,9,8,0.0,1.6607285058883754,0.7944563873459245,3.5985315961888587
42,segment,CBM_KE,8,OK,0.9826839826839827,0.9984476802658621,0.9828113063407181,0.9826839826839827,0.9826829886531379,0.9798194024687114,568.238606929779,568.3,2079,231,7,40,9,8,0.0,1.6607285058883754,0.7944563873459245,3.5985315961888587
42,segment,CBM_KE,9,OK,0.987012987012987,0.9945996764178581,0.9873949579831933,0.987012987012987,0.9869413236017712,0.9849346257114895,564.5584092140198,564.6,2079,231,7,40,9,8,0.0,1.6607285058883754,0.7944563873459245,3.5985315961888587
42,segment,CBM,0,OK,0.9826839826839827,0.998513271240544,0.9830659536541889,0.9826839826839827,0.982612319272767,0.979883678912969,652.2233288288116,652.2,2079,231,7,40,11,15,0.0,0.24459509221343972,,
42,segment,CBM,1,OK,0.9696969696969697,0.9990379990379991,0.9699269737220401,0.9696969696969697,0.9696202429411385,0.9647097429741031,626.9866633415222,627.0,2079,231,7,40,11,12,0.0,1.8294811985377881,,
42,segment,CBM,2,OK,0.961038961038961,0.994577812759631,0.9614379476130628,0.961038961038961,0.9610071301247771,0.9546289449203668,707.7669064998627,707.8,2079,231,7,40,11,20,0.0,2.3547101897556777,,
42,segment,CBM,3,OK,0.9826839826839827,0.9990817263544536,0.9826839826839827,0.9826839826839827,0.9826839826839827,0.9797979797979798,672.5750727653503,672.6,2079,231,7,40,3,8,0.0,4.441703075752816,,
42,segment,CBM,4,OK,0.974025974025974,0.9955616773798591,0.9737394957983193,0.974025974025974,0.9737575856978842,0.969739374724636,733.076233625412,733.1,2079,231,7,40,11,15,0.0,0.24459509221343972,,
42,segment,CBM,5,OK,0.9437229437229437,0.9974200883291793,0.945908025372311,0.9437229437229437,0.9436414764416934,0.9347318115083385,642.4299716949463,642.4,2079,231,7,40,9,16,0.0,4.686813444246836,,
42,segment,CBM,7,OK,0.961038961038961,0.996807905898815,0.9614795918367347,0.961038961038961,0.9605273101436784,0.9547959914144789,609.3944182395935,609.4,2079,231,7,40,11,20,0.0,3.5752871456703024,,
42,segment,CBM,8,OK,0.974025974025974,0.9940749486204031,0.9740100585688821,0.974025974025974,0.9739563918668397,0.9697181715154257,591.6562929153442,591.7,2079,231,7,40,3,8,0.0,4.441703075752816,,
42,segment,CBM,9,OK,0.9783549783549783,0.9968953605317241,0.9786016679399033,0.9783549783549784,0.9783510022315992,0.9747901006346601,716.3699417114258,716.4,2079,231,7,40,12,21,0.0,2.2801934697849626,,
42,spambase,CBM_KE,0,OK,0.9436008676789588,0.9830438378825476,0.9382551115241635,0.945763913505849,0.9415180139740037,0.8839871348089936,981.8575913906097,981.9,4140,461,2,40,9,3,0.0,1.6607285058883754,0.7944563873459245,3.5985315961888587
42,spambase,CBM_KE,2,OK,0.9608695652173913,0.9874056912018059,0.9582371624154189,0.9599794055327828,0.959087674915013,0.9182149150626419,1051.2019543647766,1051.2,4141,460,2,40,6,18,0.0,1.5559991026497118,0.40386039813862934,2.727780074568463
42,spambase,CBM_KE,4,OK,0.9565217391304348,0.9844353353531754,0.956199716515941,0.9525139111665577,0.9542734448000953,0.9087061527109924,1243.7601735591888,1243.8,4141,460,2,40,6,6,0.0,3.8677882160954313,0.2811083416675908,2.4338629141770904
42,spambase,CBM_KE,5,OK,0.9543478260869566,0.9771084575932198,0.9510869565217391,0.9536327452028753,0.9523139577934099,0.9047161199230764,1074.6799387931824,1074.7,4141,460,2,40,9,5,0.0,0.7780137305987379,0.38077107180927083,2.9684651723181528
42,spambase,CBM_KE,6,OK,0.941304347826087,0.9658211053684232,0.9396963901506096,0.9370581595675163,0.9383313720524928,0.8767505803766679,1239.995451450348,1240.0,4141,460,2,40,3,5,0.0,0.4880378851570015,0.42773123153428505,1.1809091556421523
42,spambase,CBM_KE,7,OK,0.9304347826086956,0.9825343076100518,0.925388337153043,0.9300382185785857,0.9275362318840579,0.8554139178512388,1060.0505681037903,1060.1,4141,460,2,40,11,7,0.0,3.861468087838124,0.2597432254956376,3.491561903276001
42,spambase,CBM_KE,9,OK,0.9586956521739131,0.9895643924420903,0.9536492596689371,0.962032571744802,0.9572354740061162,0.91564345487742,1134.6655168533325,1134.7,4141,460,2,40,6,12,0.0,3.4701418036072065,0.2962646609021953,4.746919954946938
42,spambase,CBM,0,OK,0.93058568329718,0.9768600575052188,0.924060552773424,0.9369215014376304,0.9285935563816605,0.8608859934236031,1345.2574670314789,1345.3,4140,461,2,40,7,7,0.0,3.3179770147527696,,
42,spambase,CBM,1,OK,0.9456521739130435,0.9867423117289452,0.9409026908635795,0.9464642864215134,0.943438635838264,0.8873495483916878,1218.5789754390717,1218.6,4141,460,2,40,4,12,0.0,1.5075220157444493,,
42,spambase,CBM,3,OK,0.95,0.9806134774946038,0.9472487943710965,0.9481078833244223,0.9476732396595299,0.895356265550271,1077.9606750011444,1078.0,4141,460,2,40,6,10,0.0,2.1811527863254225,,
42,spambase,CBM,6,OK,0.9347826086956522,0.9686924493554329,0.9324241038589236,0.9307114992376087,0.9315476190476191,0.8631339040486277,1048.3220744132996,1048.3,4141,460,2,40,3,6,0.0,2.081395469026367,,
42,spambase,CBM,7,OK,0.9282608695652174,0.9717816194380088,0.922514619883041,0.9292164201271311,0.9254709616602596,0.8517046732232352,1118.6034281253815,1118.6,4141,460,2,40,5,14,0.0,2.9056742289004776,,
42,tic-tac-toe,CBM_KE,0,OK,1.0,1.0,1.0,1.0,1.0,1.0,226.67061948776245,226.7,862,96,2,40,2,3,0.0,4.028176780650616,0.5775395693409555,4.570235993959911
42,tic-tac-toe,CBM_KE,1,OK,0.9791666666666666,0.9995256166982922,0.984375,0.9705882352941176,0.976911976911977,0.9548637106322311,199.67296743392944,199.7,862,96,2,40,9,3,0.0,1.6607285058883754,0.7944563873459245,3.5985315961888587
42,tic-tac-toe,CBM_KE,3,OK,0.9895833333333334,1.0,0.9852941176470589,0.9920634920634921,0.9885373134328358,0.977334166408364,228.28889513015747,228.3,862,96,2,40,3,5,0.0,0.4880378851570015,0.42773123153428505,1.1809091556421523
42,tic-tac-toe,CBM_KE,4,OK,0.96875,0.9797979797979799,0.9772727272727273,0.9545454545454546,0.964562569213732,0.9315409787235999,194.0728051662445,194.1,862,96,2,40,3,5,0.0,0.4880378851570015,0.42773123153428505,1.1809091556421523
42,tic-tac-toe,CBM_KE,5,OK,0.9791666666666666,0.9923039923039924,0.9846153846153847,0.9696969696969697,0.9765625,0.9541957401338105,235.63528513908386,235.6,862,96,2,40,6,18,0.0,1.5559991026497118,0.40386039813862934,2.727780074568463
42,tic-tac-toe,CBM_KE,6,OK,0.9895833333333334,0.9990379990379991,0.9921875,0.9848484848484849,0.9883706844336766,0.9770084209183943,209.51338744163513,209.5,862,96,2,40,11,12,0.0,2.6375275054408704,0.2755239988953131,1.1016765069763808
42,tic-tac-toe,CBM_KE,7,OK,0.9895833333333334,0.9841269841269842,0.9921875,0.9848484848484849,0.9883706844336766,0.9770084209183943,221.19775652885437,221.2,862,96,2,40,2,3,0.0,4.028176780650616,0.5775395693409555,4.570235993959911
42,tic-tac-toe,CBM_KE,8,OK,0.968421052631579,0.9936461388074291,0.9685019841269842,0.9616324535679375,0.964923076923077,0.930109069806303,238.89824724197388,238.9,863,95,2,40,3,5,0.0,0.4880378851570015,0.42773123153428505,1.1809091556421523
42,tic-tac-toe,CBM_KE,9,OK,0.9473684210526315,0.9814271749755621,0.9394889103182256,0.945503421309873,0.9423613639121466,0.8849718937333941,210.639794588089,210.7,863,95,2,40,9,3,0.0,1.6607285058883754,0.7944563873459245,3.5985315961888587
42,tic-tac-toe,CBM,0,OK,1.0,1.0,1.0,1.0,1.0,1.0,254.84852075576782,254.9,862,96,2,40,3,6,0.0,2.081395469026367,,
42,tic-tac-toe,CBM,2,OK,0.9791666666666666,1.0,0.9846153846153847,0.9696969696969697,0.9765625,0.9541957401338105,258.7336378097534,258.7,862,96,2,40,11,10,0.0,0.24459509221343972,,
42,tic-tac-toe,CBM,3,OK,0.9895833333333334,1.0,0.9852941176470589,0.9920634920634921,0.9885373134328358,0.977334166408364,256.1924123764038,256.2,862,96,2,40,3,6,0.0,2.081395469026367,,
42,tic-tac-toe,CBM,4,OK,0.96875,0.9947089947089948,0.96875,0.9617604617604618,0.9651120533010298,0.9304842103984708,252.1804518699646,252.2,862,96,2,40,3,6,0.0,2.081395469026367,,
42,tic-tac-toe,CBM,5,OK,0.9791666666666666,0.9985569985569986,0.976911976911977,0.976911976911977,0.976911976911977,0.9538239538239538,265.99118089675903,266.0,862,96,2,40,11,10,0.0,0.24459509221343972,,
42,tic-tac-toe,CBM,6,OK,0.9895833333333334,0.9995189995189996,0.9921875,0.9848484848484849,0.9883706844336766,0.9770084209183943,260.91386914253235,260.9,862,96,2,40,11,7,0.0,1.8294811985377881,,
42,tic-tac-toe,CBM,7,OK,0.96875,0.9985569985569985,0.9625237191650854,0.968975468975469,0.9656119402985075,0.9314768448173557,236.96408224105835,237.0,862,96,2,40,3,6,0.0,2.081395469026367,,
42,tic-tac-toe,CBM,9,OK,0.9473684210526315,0.9931573802541545,0.9449404761904762,0.9384164222873901,0.9415384615384615,0.8833328063697764,242.36489510536194,242.4,863,95,2,40,3,6,0.0,2.081395469026367,,
42,vehicle,CBM_KE,0,OK,0.7764705882352941,0.9452216533466533,0.7730133139172041,0.7797619047619048,0.7742484401588201,0.7034917023527053,303.1028027534485,303.1,761,85,4,40,12,20,0.0,1.2481735939819272,0.3663462807946798,4.04647846131487
42,vehicle,CBM_KE,1,OK,0.8823529411764706,0.9755303897491399,0.8861215538847118,0.8847402597402598,0.8832104367555303,0.8447610333562214,332.89919328689575,332.9,761,85,4,40,12,20,0.0,1.2481735939819272,0.3663462807946798,4.04647846131487
42,vehicle,CBM_KE,3,OK,0.7294117647058823,0.9369456238206237,0.7218998583415059,0.7320887445887445,0.7260099577739964,0.6399409813418516,317.63501620292664,317.6,761,85,4,40,7,17,0.0,1.6498545135027385,0.4545407216655058,3.8120758355807114
42,vehicle,CBM_KE,4,OK,0.8941176470588236,0.9794428661616161,0.8948122529644269,0.8955627705627706,0.894499815430048,0.8592538451088357,329.4838926792145,329.5,761,85,4,40,8,20,0.0,0.9811997406326186,0.6085592782956104,2.4134089121042113
42,vehicle,CBM_KE,5,OK,0.8352941176470589,0.9605260191197691,0.8375111408199644,0.837121212121212,0.8343611003794069,0.782015251510913,291.97793769836426,292.0,761,85,4,40,10,8,0.0,1.7369775242524383,0.5002958191625129,4.433651007372047
42,vehicle,CBM_KE,6,OK,0.9404761904761905,0.9917523873043027,0.9413561076604555,0.940422077922078,0.9406358885017421,0.9207640598045823,277.99884724617004,278.0,762,84,4,40,12,20,0.0,1.2481735939819272,0.3663462807946798,4.04647846131487
42,vehicle,CBM_KE,8,OK,0.7976190476190477,0.9508340728611826,0.8037060978237449,0.800865800865801,0.7992083868207103,0.7322633377571257,336.115332365036,336.1,762,84,4,40,7,5,0.0,0.39931529963212775,0.6100429068914244,1.1060452421664873
42,vehicle,CBM_KE,9,OK,0.8214285714285714,0.9537211879395779,0.8270979020979021,0.8262445887445888,0.8204318471835204,0.766580341887815,304.3269884586334,304.3,762,84,4,40,10,14,0.0,1.2243829831091604,0.6547430293330503,3.9859656204720966
42,vehicle,CBM,0,OK,0.8,0.9097219273781775,0.792083236456638,0.803030303030303,0.7936394354999006,0.7359867230634208,251.87499904632568,251.9,761,85,4,40,7,6,0.0,1.283996534286931,,
42,vehicle,CBM,2,OK,0.8,0.9229038843101344,0.8028209109730848,0.8024350649350649,0.7970899766205899,0.7371696254132302,220.62713527679443,220.6,761,85,4,40,7,6,0.0,1.283996534286931,,
42,vehicle,CBM,3,OK,0.8,0.9410929348429349,0.7971230158730158,0.8014069264069263,0.7979715583109008,0.7340984363498717,262.9075520038605,262.9,761,85,4,40,5,19,0.0,1.6306025060725537,,
42,vehicle,CBM,4,OK,0.8823529411764706,0.9734341179653679,0.8850127877237852,0.8825757575757576,0.8807826303347019,0.844975479748466,281.59564208984375,281.6,761,85,4,40,11,19,0.0,1.160133081829771,,
42,vehicle,CBM,5,OK,0.788235294117647,0.9405312395937395,0.7961595117845117,0.791612554112554,0.7875398724082934,0.7226253946861803,275.5819127559662,275.6,761,85,4,40,8,10,0.0,4.255754583853187,,
42,vehicle,CBM,7,OK,0.7857142857142857,0.9181841744326587,0.7818300279684719,0.7882490316700842,0.7836648477380742,0.7147473035591266,277.4552023410797,277.5,762,84,4,40,5,8,0.0,3.6546709256287047,,
42,wdbc,CBM_KE,2,OK,1.0,1.0,1.0,1.0,1.0,1.0,138.36248636245728,138.4,512,57,2,40,6,6,0.0,3.8677882160954313,0.2811083416675908,2.4338629141770904
42,wdbc,CBM_KE,5,OK,0.9473684210526315,0.9907407407407408,0.9479729729729729,0.9384920634920635,0.942866688940862,0.8864143349643965,160.0784387588501,160.1,512,57,2,40,6,6,0.0,3.8677882160954313,0.2811083416675908,2.4338629141770904
42,wdbc,CBM_KE,6,OK,0.9473684210526315,0.9920634920634921,0.9402597402597402,0.9484126984126984,0.9439895185063871,0.8886350389948482,134.4420347213745,134.5,512,57,2,40,8,18,0.0,4.001561135885537,0.7570548686052707,3.8078675090308134
42,wdbc,CBM_KE,9,OK,0.9464285714285714,0.9918367346938776,0.9398395721925134,0.9476190476190476,0.9433771486349849,0.8874245216579992,147.263818025589,147.3,513,56,2,40,7,10,0.0,0.18123098718102798,0.6028319245131153,4.76092096569983
42,wdbc,CBM,0,OK,0.9824561403508771,1.0,0.9772727272727273,0.9861111111111112,0.981329839502129,0.9633432944855655,143.68010473251343,143.7,512,57,2,40,10,16,0.0,2.511380104167308,,
42,wdbc,CBM,1,OK,0.9824561403508771,0.9973544973544973,0.9864864864864865,0.9761904761904762,0.9809555629802873,0.962621902223779,142.37752747535706,142.4,512,57,2,40,10,16,0.0,2.511380104167308,,
42,wdbc,CBM,2,OK,1.0,1.0,1.0,1.0,1.0,1.0,122.87335968017578,122.9,512,57,2,40,7,7,0.0,3.3179770147527696,,
42,wdbc,CBM,3,OK,1.0,1.0,1.0,1.0,1.0,1.0,132.1782350540161,132.2,512,57,2,40,3,6,0.0,2.081395469026367,,
42,wdbc,CBM,4,OK,0.9298245614035088,0.9537037037037037,0.9246031746031746,0.9246031746031746,0.9246031746031746,0.8492063492063492,140.1823832988739,140.2,512,57,2,40,6,18,0.0,1.5559991026497118,,
42,wdbc,CBM,5,OK,0.9473684210526315,0.9563492063492064,0.9479729729729729,0.9384920634920635,0.942866688940862,0.8864143349643965,133.08929896354675,133.1,512,57,2,40,6,10,0.0,2.1811527863254225,,
42,wdbc,CBM,6,OK,0.9473684210526315,0.9708994708994708,0.9479729729729729,0.9384920634920635,0.942866688940862,0.8864143349643965,149.58550381660461,149.6,512,57,2,40,5,14,0.0,2.9056742289004776,,
42,wdbc,CBM,7,OK,0.9649122807017544,0.9818181818181818,0.972972972972973,0.9545454545454546,0.9623015873015872,0.9273353546322172,141.91294050216675,141.9,512,57,2,40,5,3,0.0,4.700519760742736,,
42,wdbc,CBM,9,OK,0.9464285714285714,0.9945578231292517,0.9398395721925134,0.9476190476190476,0.9433771486349849,0.8874245216579992,125.40540361404419,125.4,513,56,2,40,4,12,0.0,1.5075220157444493,,
42,wine-quality,CBM_KE,2,PARTIAL,0.6591836734693878,nan,0.464084952519041,0.3781814084045321,0.4014278322900203,0.48291386395237496,953.0614650249481,953.1,4408,490,7,40,6,17,0.0,3.4701418036072065,0.2962646609021953,4.746919954946938
42,wine-quality,CBM_KE,5,OK,0.6346938775510204,0.6495550077560747,0.4014842268659062,0.32610627688186106,0.3468286404627465,0.439848615459458,926.0956971645355,926.1,4408,490,7,40,6,17,0.0,3.4701418036072065,0.2962646609021953,4.746919954946938
42,wine-quality,CBM_KE,7,OK,0.6469387755102041,0.7248736206237477,0.4600492763582425,0.35680653955230907,0.3891643191482698,0.4588604051705311,947.0664012432098,947.1,4408,490,7,40,6,17,0.0,3.4701418036072065,0.2962646609021953,4.746919954946938
42,wine-quality,CBM_KE,8,PARTIAL,0.6400817995910021,nan,0.4444142734764327,0.3504009387067405,0.37857017557868883,0.44809594640760636,929.1234998703003,929.1,4409,489,7,40,6,17,0.0,3.4701418036072065,0.2962646609021953,4.746919954946938
43,balance-scale,CBM_KE,1,OK,0.9523809523809523,0.9884381338742393,0.8944444444444445,0.8551724137931035,0.871939736346516,0.9160160785863015,227.94645500183105,228.0,562,63,3,40,3,4,0.0,1.4963778441662408,0.617428886123806,4.259407545002471
43,balance-scale,CBM_KE,3,OK,0.9206349206349206,0.9883705206220418,0.8395061728395062,0.9425287356321839,0.8690476190476191,0.8714027567750622,172.6792345046997,172.7,562,63,3,40,2,3,0.0,1.2334843840862177,0.6880838421048368,3.9500281025310424
43,balance-scale,CBM_KE,4,OK,1.0,1.0,1.0,1.0,1.0,1.0,223.17812156677246,223.2,562,63,3,40,3,4,0.0,1.4963778441662408,0.617428886123806,4.259407545002471
43,balance-scale,CBM_KE,5,OK,0.9838709677419355,0.9946447230929989,0.9333333333333332,0.9885057471264368,0.9571150097465887,0.9719488478899142,226.32123732566833,226.3,563,62,3,40,4,12,0.0,0.526806370021128,0.8030800767828521,2.8683526840622
43,balance-scale,CBM_KE,6,OK,1.0,1.0,1.0,1.0,1.0,1.0,208.36298513412476,208.4,563,62,3,40,4,15,0.0,2.4229666899543845,0.4075119282961159,1.3437688470002476
43,balance-scale,CBM_KE,7,OK,0.967741935483871,0.9897138545238257,0.9777777777777779,0.9218390804597701,0.9456207568730255,0.9442766490335694,228.26768851280212,228.3,563,62,3,40,4,3,0.0,2.887837290916244,0.645909110342358,1.5993001856688394
43,balance-scale,CBM_KE,8,OK,0.8870967741935484,0.9844726759427305,0.5913978494623656,0.6436781609195402,0.6163841807909605,0.8000968491968982,225.15233254432678,225.2,563,62,3,40,4,3,0.0,0.26955096332413014,0.3523237882554702,4.297009650093849
43,balance-scale,CBM_KE,9,OK,0.9516129032258065,0.9947423571529476,0.9118279569892472,0.9095238095238095,0.9098765432098764,0.9168224599768274,216.0542435646057,216.1,563,62,3,40,3,4,0.0,1.4963778441662408,0.617428886123806,4.259407545002471
43,balance-scale,CBM,2,OK,0.9841269841269841,1.0,0.9888888888888889,0.9885057471264368,0.9885023292695014,0.972578600211013,154.72671151161194,154.7,562,63,3,40,4,14,0.0,0.2301727551264564,,
43,balance-scale,CBM,3,OK,0.9365079365079365,0.9851250845165653,0.8456486042692939,0.8988505747126437,0.8654898741105638,0.8926169696243248,162.66591262817383,162.7,562,63,3,40,4,13,0.0,0.0751622592611095,,
43,balance-scale,CBM,6,OK,0.9838709677419355,1.0,0.9444444444444445,0.9885057471264368,0.9638490164805954,0.9725376779825632,149.10150861740112,149.1,563,62,3,40,3,6,0.0,0.42921468568916116,,
43,balance-scale,CBM,7,OK,0.9838709677419355,0.9969605386014054,0.9444444444444445,0.9880952380952381,0.9636363636363635,0.972520851765122,150.9612832069397,151.0,563,62,3,40,4,14,0.0,0.2301727551264564,,
43,balance-scale,CBM,9,OK,0.9193548387096774,0.9706795878996157,0.8341543513957307,0.8865353037766832,0.8535547041294168,0.8633007883818391,196.81136226654053,196.8,563,62,3,40,2,4,0.0,3.7197670128624556,,
43,bank,CBM_KE,1,OK,0.908,0.8886458333333334,0.8118279569892473,0.6922348484848485,0.7324803722012213,0.48967009328799244,2454.808091878891,2454.8,9000,1000,2,40,9,5,0.0,1.4963778441662408,0.617428886123806,4.259407545002471
43,bank,CBM_KE,2,OK,0.898,0.9021874999999999,0.7947368421052632,0.6325757575757576,0.6721311475409837,0.3953477463074335,2368.0218076705933,2368.0,9000,1000,2,40,8,7,0.0,3.625808874163238,0.236418090648513,1.2619668917959084
43,bank,CBM_KE,4,OK,0.899,0.9011837268120235,0.7678714010614813,0.7144905461691065,0.7368249625431568,0.4793991369068614,2702.1567389965057,2702.2,9000,1000,2,40,10,2,0.0,0.26955096332413014,0.3523237882554702,4.297009650093849
43,bank,CBM_KE,5,OK,0.91,0.9244163634483213,0.8143546594250819,0.7100574469485422,0.7477550196751084,0.5139359384017086,2877.200155735016,2877.2,9000,1000,2,40,4,4,0.0,4.721030019512241,0.3390059191054198,4.598694477469651
43,bank,CBM_KE,6,OK,0.902,0.9103789994264707,0.7693819469551595,0.773211481868013,0.7712759998506292,0.5425799145420316,2505.9964587688446,2506.0,9000,1000,2,40,4,15,0.0,3.1696101816190074,0.5804694117311245,3.9323391645298216
43,bank,CBM_KE,7,OK,0.903,0.9171767316353107,0.78613369467028,0.7025122462603071,0.7340943170198826,0.48143775189920146,2687.286664247513,2687.3,9000,1000,2,40,12,17,0.0,2.4229666899543845,0.4075119282961159,1.3437688470002476
43,bank,CBM_KE,8,OK,0.904,0.912146597843154,0.8139555827734649,0.6638836393723145,0.7069597069597069,0.4536614751383299,2720.2561044692993,2720.3,9000,1000,2,40,11,18,0.0,4.555257725111775,0.32664021668053067,1.4160757994190516
43,bank,CBM_KE,9,OK,0.899,0.9050762041764213,0.7666523372098285,0.721617352551265,0.7410515358720537,0.48618837922784364,3216.0134978294373,3216.0,9000,1000,2,40,12,17,0.0,2.4229666899543845,0.4075119282961159,1.3437688470002476
43,bank,CBM,0,OK,0.895,0.7810511363636363,0.7517252910953698,0.7352272727272727,0.7430494886684824,0.4866730060352338,2572.983625650406,2573.0,9000,1000,2,40,3,6,0.0,3.7197670128624556,,
43,bank,CBM,1,OK,0.887,0.8362594696969697,0.7304958575768787,0.6946969696969697,0.7102853817182384,0.4236831127053453,2546.3140313625336,2546.3,9000,1000,2,40,5,15,0.0,2.862366953762175,,
43,bank,CBM,3,OK,0.883,0.868342803030303,0.7252303692056326,0.7428030303030303,0.7334845865252541,0.4677033938700804,3100.0346059799194,3100.0,9000,1000,2,40,6,17,0.0,3.1490530717687086,,
43,bank,CBM,4,OK,0.89,0.8291822976898993,0.7419307095548786,0.6844272699066369,0.7073689811119979,0.4224624019710241,2395.294735431671,2395.3,9000,1000,2,40,3,6,0.0,3.7197670128624556,,
43,bank,CBM,5,OK,0.892,0.836158670164255,0.74675442932591,0.7675231997292189,0.7564737397516033,0.5138580912299615,2193.9545962810516,2194.0,9000,1000,2,40,4,15,0.0,0.08618199393342754,,
43,bank,CBM,6,OK,0.899,0.8715388448556305,0.7621129587155964,0.7750684004174541,0.7683480925414966,0.5370251103350207,2343.1675968170166,2343.2,9000,1000,2,40,2,4,0.0,1.6676090398726733,,
43,bank,CBM,7,OK,0.895,0.8350022094980208,0.7534850104946339,0.740722458842223,0.7468507021879331,0.49404265000469333,2403.1923866271973,2403.2,9000,1000,2,40,3,6,0.0,3.7197670128624556,,
43,bank,CBM,8,OK,0.887,0.909965306180013,0.7382787717294759,0.7824960746152183,0.7573227328466903,0.5188942770072247,2292.1994757652283,2292.2,9000,1000,2,40,2,4,0.0,1.6676090398726733,,
43,bank,CBM,9,OK,0.886,0.8229957032315085,0.7325714285714287,0.7391664081083876,0.7357955335539672,0.47169173492892585,2119.4770605564117,2119.5,9000,1000,2,40,5,11,0.0,3.576195778751566,,
43,blood,CBM_KE,0,OK,0.7333333333333333,0.6812865497076023,0.6345029239766082,0.6345029239766082,0.6345029239766082,0.26900584795321636,198.66952347755432,198.7,673,75,2,40,4,16,0.0,4.555257725111775,0.32664021668053067,1.4160757994190516
43,blood,CBM_KE,1,OK,0.7733333333333333,0.7490253411306043,0.6827731092436975,0.5847953216374269,0.592,0.24898437368631707,188.63349103927612,188.6,673,75,2,40,4,15,0.0,0.5791069655709132,0.2719600984904924,4.179311573858014
43,blood,CBM_KE,2,OK,0.68,0.6720272904483431,0.435634328358209,0.46637426900584794,0.4416873449131513,-0.09304499470438561,200.07063221931458,200.1,673,75,2,40,4,8,0.0,3.36721856527679,0.5780241249271592,3.438239485036183
43,blood,CBM_KE,3,OK,0.84,0.7573099415204678,0.823076923076923,0.7046783625730995,0.7365339578454333,0.5143028508594515,210.12616801261902,210.1,673,75,2,40,2,3,0.0,0.6555273421797599,0.35039885289992756,2.887100784118844
43,blood,CBM_KE,4,OK,0.8133333333333334,0.719298245614035,0.7854477611940298,0.6491228070175439,0.674317617866005,0.41263432434118835,205.64774012565613,205.7,673,75,2,40,3,3,0.0,3.238469256942929,0.4702338509545298,3.298119517418415
43,blood,CBM_KE,8,OK,0.7432432432432432,0.6805985552115583,0.6115591397849462,0.5856553147574819,0.592581860330339,0.1955058386069684,221.6723895072937,221.7,674,74,2,40,4,2,0.0,0.26955096332413014,0.3523237882554702,4.297009650093849
43,blood,CBM,0,OK,0.76,0.6949317738791423,0.6772727272727272,0.6900584795321638,0.6828007518796992,0.36710862157118823,185.58740234375,185.6,673,75,2,40,4,12,0.0,0.0751622592611095,,
43,blood,CBM,1,OK,0.76,0.47027290448343084,0.38,0.5,0.4318181818181818,0.0,180.40009474754333,180.4,673,75,2,40,4,12,0.0,0.0751622592611095,,
43,blood,CBM,2,OK,0.68,0.7227095516569201,0.5614035087719298,0.5614035087719298,0.5614035087719298,0.12280701754385964,168.69976592063904,168.7,673,75,2,40,2,4,0.0,0.08618199393342754,,
43,blood,CBM,3,OK,0.76,0.38011695906432746,0.38,0.5,0.4318181818181818,0.0,153.2010476589203,153.2,673,75,2,40,4,12,0.0,0.0751622592611095,,
43,blood,CBM,4,OK,0.8,0.7641325536062378,0.725,0.6973684210526316,0.7086247086247086,0.4214636152117623,173.29226064682007,173.3,673,75,2,40,4,12,0.0,0.0751622592611095,,
43,blood,CBM,5,OK,0.8133333333333334,0.7826510721247564,0.7447033898305084,0.7251461988304093,0.7337728194726166,0.4694423843721605,154.90451884269714,154.9,673,75,2,40,4,12,0.0,0.0751622592611095,,
43,blood,CBM,6,OK,0.68,0.6744639376218323,0.5281030444964872,0.5233918128654971,0.5233050847457628,0.05127889069832007,189.93229007720947,189.9,673,75,2,40,4,12,0.0,0.0751622592611095,,
43,blood,CBM,8,OK,0.5945945945945946,0.6413828689370485,0.5521380345086272,0.5717234262125903,0.5375,0.1223032047159682,158.89916968345642,158.9,674,74,2,40,4,8,0.0,4.896633088089549,,
43,blood,CBM,9,OK,0.8378378378378378,0.8513931888544891,0.7922077922077921,0.7089783281733746,0.7357142857142858,0.4942270567049815,145.57310032844543,145.6,674,74,2,40,4,12,0.0,0.0751622592611095,,
43,car,CBM_KE,1,OK,0.9884393063583815,0.9999521622655951,0.9915405632618748,0.9578754578754578,0.9733301677746122,0.9746056628086116,498.47882986068726,498.5,1555,173,4,40,12,11,0.0,3.36721856527679,0.5780241249271592,3.438239485036183
43,car,CBM_KE,2,OK,0.9884393063583815,0.9992469879518072,0.9667008196721312,0.951923076923077,0.9563305007749453,0.9747193476121138,500.7686264514923,500.8,1555,173,4,40,12,11,0.0,3.36721856527679,0.5780241249271592,3.438239485036183
43,car,CBM_KE,3,OK,0.9942196531791907,1.0,0.9979508196721312,0.9935897435897436,0.9957244401688846,0.9873704017981242,496.46262860298157,496.5,1555,173,4,40,12,6,0.0,2.262952561312196,0.6694548391478754,3.5042853105201686
43,car,CBM_KE,4,OK,0.9884393063583815,0.9999115340622518,0.9913549369290997,0.9913549369290997,0.9913549369290997,0.9748290411756148,483.95741391181946,484.0,1555,173,4,40,12,19,0.0,2.4229666899543845,0.4075119282961159,1.3437688470002476
43,car,CBM_KE,5,OK,1.0,1.0,1.0,1.0,1.0,1.0,499.9030566215515,499.9,1555,173,4,40,12,11,0.0,3.36721856527679,0.5780241249271592,3.438239485036183
43,car,CBM_KE,6,OK,0.9942196531791907,0.9996821360457724,0.96875,0.9979338842975207,0.9822959889349931,0.9876221214194032,465.00138568878174,465.0,1555,173,4,40,6,12,0.0,0.21318434176926843,0.3673614280525964,4.965756744050969
43,car,CBM_KE,7,OK,0.9942196531791907,0.9999115340622518,0.9935897435897436,0.9979338842975207,0.9957159023549065,0.9875788336733873,467.6307671070099,467.6,1555,173,4,40,3,7,0.0,2.054697767833935,0.7902572859607933,1.306650799985789
43,car,CBM_KE,8,OK,1.0,1.0,1.0,1.0,1.0,1.0,524.935788154602,524.9,1556,172,4,40,12,11,0.0,3.36721856527679,0.5780241249271592,3.438239485036183
43,car,CBM_KE,9,OK,1.0,1.0,1.0,1.0,1.0,1.0,503.469881772995,503.5,1556,172,4,40,12,11,0.0,3.36721856527679,0.5780241249271592,3.438239485036183
43,car,CBM,0,OK,0.9942196531791907,1.0,0.9642857142857143,0.9642857142857143,0.9615384615384617,0.9874287384885251,395.2666094303131,395.3,1555,173,4,40,5,5,0.0,0.2785318856574255,,
43,car,CBM,1,OK,0.9942196531791907,0.9998086490623804,0.9642857142857143,0.9935897435897436,0.9775224775224776,0.9874607602464589,407.36559772491455,407.4,1555,173,4,40,5,20,0.0,0.4339111372001061,,
43,car,CBM,2,OK,1.0,1.0,1.0,1.0,1.0,1.0,405.77689576148987,405.8,1555,173,4,40,5,20,0.0,0.4339111372001061,,
43,car,CBM,4,OK,0.9942196531791907,0.9986730109337765,0.9935897435897436,0.9979338842975207,0.9957159023549065,0.9875788336733873,428.7662208080292,428.8,1555,173,4,40,5,20,0.0,0.4339111372001061,,
43,car,CBM,5,OK,0.9884393063583815,0.9999801335028607,0.9667008196721312,0.9868421052631579,0.9755477699922145,0.9749549125437694,408.5593786239624,408.6,1555,173,4,40,5,20,0.0,0.4339111372001061,,
43,car,CBM,6,OK,1.0,1.0,1.0,1.0,1.0,1.0,428.65547251701355,428.7,1555,173,4,40,5,20,0.0,0.4339111372001061,,
43,car,CBM,7,OK,0.9942196531791907,0.9999115340622518,0.9935897435897436,0.9979338842975207,0.9957159023549065,0.9875788336733873,418.7994132041931,418.8,1555,173,4,40,5,20,0.0,0.4339111372001061,,
43,car,CBM,8,OK,0.9941860465116279,1.0,0.96875,0.9979338842975207,0.9822959889349931,0.9873930686662565,358.78389406204224,358.8,1556,172,4,40,6,16,0.0,1.2548201805907633,,
43,credit-g,CBM_KE,1,OK,0.77,0.7738095238095238,0.7286843591191418,0.6928571428571428,0.7047875754075215,0.42001624785636316,297.8520407676697,297.9,900,100,2,40,10,9,0.0,1.2402181591946362,0.4826320520270444,3.752154947047655
43,credit-g,CBM_KE,3,OK,0.77,0.6761904761904761,0.7445074415308293,0.6642857142857144,0.6801557502433597,0.4008445069104218,289.16847467422485,289.2,900,100,2,40,12,17,0.0,2.4229666899543845,0.4075119282961159,1.3437688470002476
43,credit-g,CBM_KE,5,OK,0.79,0.8085714285714285,0.8138815207780725,0.669047619047619,0.6889349725966524,0.46069913718425354,268.4174575805664,268.4,900,100,2,40,10,13,0.0,2.8735145421968076,0.2098433391427085,3.3010618618984053
43,credit-g,CBM_KE,7,OK,0.79,0.8423809523809523,0.7501214181641573,0.7452380952380953,0.7475658131987017,0.49533544257938605,282.2691533565521,282.3,900,100,2,40,11,18,0.0,4.555257725111775,0.32664021668053067,1.4160757994190516
43,credit-g,CBM_KE,8,OK,0.79,0.8266666666666667,0.7569169960474309,0.7166666666666667,0.7304582210242587,0.471870105616408,309.8331060409546,309.8,900,100,2,40,6,12,0.0,1.011185404194125,0.5321785712127697,3.0464526148629814
43,credit-g,CBM_KE,9,OK,0.73,0.7038095238095238,0.6772705196697426,0.6738095238095239,0.6754417598269022,0.3510629835756814,264.16457748413086,264.2,900,100,2,40,3,5,0.0,2.1808578275087016,0.7548553161372049,3.5577265311931447
43,credit-g,CBM,3,OK,0.72,0.6942857142857143,0.6573426573426573,0.6285714285714286,0.6361746361746362,0.2844627935584563,195.57676458358765,195.6,900,100,2,40,12,10,0.0,2.825282688746488,,
43,credit-g,CBM,4,OK,0.65,0.7,0.5989010989010989,0.6071428571428572,0.6011396011396011,0.2058790548922549,241.28962802886963,241.3,900,100,2,40,12,15,0.0,0.31455507728880766,,
43,credit-g,CBM,5,OK,0.8,0.7914285714285715,0.8503787878787878,0.6761904761904762,0.6986136226642556,0.4969241611489845,216.86578822135925,216.9,900,100,2,40,12,2,0.0,2.887837290916244,,
43,credit-g,CBM,6,OK,0.72,0.7766666666666667,0.6666666666666667,0.6666666666666667,0.6666666666666667,0.3333333333333333,223.38904643058777,223.4,900,100,2,40,12,15,0.0,0.31455507728880766,,
43,credit-g,CBM,8,OK,0.77,0.790952380952381,0.7284034373586612,0.7404761904761905,0.7335187116209014,0.46872417692147295,239.07783198356628,239.1,900,100,2,40,4,10,0.0,1.6867840445711366,,
43,credit-g,CBM,9,OK,0.65,0.7109523809523809,0.6244390044879641,0.6452380952380952,0.6224786970121885,0.2688738290362726,197.18914079666138,197.2,900,100,2,40,7,12,0.0,2.3081357327090637,,
43,diabetes,CBM_KE,0,OK,0.6883116883116883,0.7807407407407407,0.655,0.6492592592592592,0.6515837104072397,0.30420509650684807,219.05644989013672,219.1,691,77,2,40,2,3,0.0,2.191855493839821,0.2897822391032513,2.938745958414506
43,diabetes,CBM_KE,1,OK,0.8051948051948052,0.8325925925925927,0.7869532428355958,0.7818518518518518,0.7842331402951616,0.5687822180346598,216.58907294273376,216.6,691,77,2,40,2,3,0.0,2.054697767833935,0.7902572859607933,1.306650799985789
43,diabetes,CBM_KE,2,OK,0.6883116883116883,0.7711111111111111,0.6827702702702703,0.7003703703703703,0.6791666666666667,0.38273618458017133,196.36238598823547,196.4,691,77,2,40,5,5,0.0,2.946441354621569,0.2832209133634554,2.041316260023299
43,diabetes,CBM_KE,4,OK,0.7402597402597403,0.7874074074074073,0.7172619047619048,0.6892592592592592,0.6973270440251573,0.40555555555555556,185.31120538711548,185.3,691,77,2,40,5,11,0.0,2.110008077087159,0.38722959034623067,3.9950709642618114
43,diabetes,CBM_KE,5,OK,0.7662337662337663,0.8266666666666667,0.7563520871143375,0.7092592592592593,0.7210144927536233,0.46322369481325704,218.12344598770142,218.1,691,77,2,40,8,9,0.0,3.36721856527679,0.5780241249271592,3.438239485036183
43,diabetes,CBM_KE,6,OK,0.7142857142857143,0.7903703703703704,0.6846153846153846,0.6777777777777778,0.6806184012066365,0.36232865092627065,234.52188730239868,234.5,691,77,2,40,5,17,0.0,2.7736947001552528,0.32780633729838127,3.0381010168746094
43,diabetes,CBM_KE,7,OK,0.7662337662337663,0.8503703703703704,0.7656862745098039,0.7007407407407408,0.7136363636363636,0.4618833599503053,210.7273986339569,210.7,691,77,2,40,7,16,0.0,0.5791069655709132,0.2719600984904924,4.179311573858014
43,diabetes,CBM_KE,8,OK,0.7368421052631579,0.8061538461538462,0.7173295454545454,0.7353846153846153,0.7212032281731475,0.4523539829316482,212.81678247451782,212.8,692,76,2,40,7,18,0.0,4.555257725111775,0.32664021668053067,1.4160757994190516
43,diabetes,CBM_KE,9,OK,0.8026315789473685,0.8053846153846155,0.7868217054263565,0.813076923076923,0.7922361946418808,0.5993238089932998,198.26929807662964,198.3,692,76,2,40,4,13,0.0,1.8404501556686923,0.5646678559210012,2.601076732740329
43,diabetes,CBM,3,OK,0.8441558441558441,0.8903703703703704,0.8326923076923077,0.8203703703703704,0.8257918552036199,0.6529464230233836,146.45348572731018,146.5,691,77,2,40,2,3,0.0,2.054697767833935,,
43,diabetes,CBM,4,OK,0.7402597402597403,0.777037037037037,0.7194950911640954,0.7318518518518519,0.7234195402298851,0.4511777625672017,161.2643759250641,161.3,691,77,2,40,2,4,0.0,4.89211046370593,,
43,diabetes,CBM,5,OK,0.7402597402597403,0.7762962962962963,0.7194950911640954,0.7318518518518519,0.7234195402298851,0.4511777625672017,171.4150562286377,171.4,691,77,2,40,2,4,0.0,4.89211046370593,,
43,diabetes,CBM,6,OK,0.7402597402597403,0.8244444444444444,0.7142307692307692,0.7062962962962962,0.7096530920060332,0.4204522053456932,162.3352243900299,162.3,691,77,2,40,2,3,0.0,2.054697767833935,,
43,diabetes,CBM,7,OK,0.7922077922077922,0.8044444444444445,0.7719109195402298,0.7803703703703704,0.7755102040816326,0.5522164981933888,163.92519879341125,163.9,691,77,2,40,5,10,0.0,0.721470391620405,,
43,diabetes,CBM,8,OK,0.6842105263157895,0.7592307692307693,0.6492307692307693,0.6492307692307693,0.6492307692307693,0.29846153846153844,150.8683898448944,150.9,692,76,2,40,2,4,0.0,4.89211046370593,,
43,diabetes,CBM,9,OK,0.7631578947368421,0.8400000000000001,0.7555555555555555,0.783076923076923,0.7548387096774194,0.5379289185083113,166.37899374961853,166.4,692,76,2,40,4,13,0.0,2.862366953762175,,
43,kr-vs-kp,CBM_KE,0,OK,0.99375,0.9999217251770969,0.9940828402366864,0.9934640522875817,0.993734335839599,0.9875466986607835,977.1574580669403,977.2,2876,320,2,40,5,10,0.0,4.21375694731329,0.450664013614568,3.7039518620764977
43,kr-vs-kp,CBM_KE,2,OK,0.99375,0.9999608625885484,0.9940828402366864,0.9934640522875817,0.993734335839599,0.9875466986607835,892.6177220344543,892.6,2876,320,2,40,12,13,0.0,4.846881957591879,0.8744423866457065,1.3534952784468235
43,kr-vs-kp,CBM_KE,3,OK,1.0,1.0,1.0,1.0,1.0,1.0,891.4988722801208,891.5,2876,320,2,40,12,2,0.0,2.887837290916244,0.645909110342358,1.5993001856688394
43,kr-vs-kp,CBM_KE,4,OK,1.0,1.0,1.0,1.0,1.0,1.0,792.9746870994568,793.0,2876,320,2,40,12,2,0.0,2.887837290916244,0.645909110342358,1.5993001856688394
43,kr-vs-kp,CBM_KE,5,OK,0.99375,0.9998825877656452,0.9940828402366864,0.9934640522875817,0.993734335839599,0.9875466986607835,914.0557932853699,914.1,2876,320,2,40,12,4,0.0,2.262952561312196,0.6694548391478754,3.5042853105201686
43,kr-vs-kp,CBM_KE,7,OK,0.9937304075235109,0.9968484084462653,0.9940828402366864,0.993421052631579,0.9937125512456638,0.9875036711157809,819.7541570663452,819.8,2877,319,2,40,12,4,0.0,2.262952561312196,0.6694548391478754,3.5042853105201686
43,kr-vs-kp,CBM_KE,9,OK,0.9843260188087775,0.9952752185211434,0.9848323471400394,0.9839160563823923,0.9842864883503275,0.9687479701854903,1058.9877624511719,1059.0,2877,319,2,40,8,18,0.0,4.435202502961974,0.6318558830746266,2.773250778915936
43,kr-vs-kp,CBM,1,OK,0.9875,0.9996086258854839,0.9872922776148583,0.9877499902156471,0.9874823971209513,0.9750421603988364,750.9594869613647,751.0,2876,320,2,40,3,6,0.0,2.054697767833935,,
43,kr-vs-kp,CBM,2,OK,0.99375,0.9934640522875817,0.9940828402366864,0.9934640522875817,0.993734335839599,0.9875466986607835,670.3669641017914,670.4,2876,320,2,40,2,4,0.0,4.89211046370593,,
43,kr-vs-kp,CBM,3,OK,0.996875,1.0,0.9967532467532467,0.9970059880239521,0.9968698340033845,0.9937592026375474,796.9434680938721,797.0,2876,320,2,40,2,4,0.0,4.89211046370593,,
43,kr-vs-kp,CBM,6,OK,0.9937304075235109,1.0,0.9935064935064934,0.9940119760479043,0.9937199779510197,0.9875183401833406,692.0569190979004,692.1,2877,319,2,40,2,4,0.0,1.6676090398726733,,
43,kr-vs-kp,CBM,8,OK,0.9905956112852664,0.9998030255278916,0.9907363607694734,0.990427040655531,0.9905718930101965,0.9811633526671037,706.4165802001953,706.4,2877,319,2,40,3,6,0.0,2.054697767833935,,
43,kr-vs-kp,CBM,9,OK,0.987460815047022,0.9967320261437909,0.9877601702932828,0.9871840302386015,0.9874330286794831,0.9749440302978384,730.514885187149,730.5,2877,319,2,40,3,6,0.0,2.054697767833935,,
43,magic,CBM_KE,1,OK,0.876,0.9297099636082687,0.8826892405839775,0.8423302999574186,0.8570611778158947,0.7238953585141701,2844.8272116184235,2844.8,9000,1000,2,40,3,6,0.0,0.6555273421797599,0.35039885289992756,2.887100784118844
43,magic,CBM_KE,2,OK,0.899,0.9475326932954052,0.897420645899039,0.8783642597201919,0.886572802853424,0.7755508196968409,2941.1988615989685,2941.2,9000,1000,2,40,3,6,0.0,0.6555273421797599,0.35039885289992756,2.887100784118844
43,magic,CBM_KE,3,OK,0.888,0.9422605015825355,0.8869697917201406,0.8640029148503725,0.8735543422793637,0.7506214282717293,3548.7792024612427,3548.8,9000,1000,2,40,8,2,0.0,0.26955096332413014,0.3523237882554702,4.297009650093849
43,magic,CBM_KE,4,OK,0.869,0.9238714831935171,0.8676492912578986,0.8402078147840859,0.8510671437065636,0.7073249945697314,3141.0255777835846,3141.0,9000,1000,2,40,9,16,0.0,0.5791069655709132,0.2719600984904924,4.179311573858014
43,magic,CBM_KE,5,OK,0.874,0.9304825745503711,0.8769158729622353,0.8427517241076563,0.8557137360523278,0.7188562173379277,3277.0225808620453,3277.0,9000,1000,2,40,2,3,0.0,1.2334843840862177,0.6880838421048368,3.9500281025310424
43,magic,CBM_KE,6,OK,0.89,0.9369926997045642,0.8886346619789705,0.8668519176993754,0.8760010100281366,0.7551724863405281,3348.0016644001007,3348.0,9000,1000,2,40,3,6,0.0,0.6555273421797599,0.35039885289992756,2.887100784118844
43,magic,CBM_KE,7,OK,0.887,0.9471990658431336,0.8824227266897524,0.8665029258249597,0.8734703063922129,0.7487564309807381,2732.5475199222565,2732.6,9000,1000,2,40,3,6,0.0,0.6555273421797599,0.35039885289992756,2.887100784118844
43,magic,CBM_KE,8,OK,0.886,0.936923076923077,0.8921806702282662,0.854945054945055,0.8690257352941176,0.7461972649174222,3374.335319042206,3374.3,9000,1000,2,40,3,6,0.0,0.6555273421797599,0.35039885289992756,2.887100784118844
43,magic,CBM_KE,9,OK,0.878,0.9294285714285715,0.8745527728085868,0.8534065934065934,0.8622645514114496,0.7276521682487489,2884.727039575577,2884.7,9000,1000,2,40,3,6,0.0,0.6555273421797599,0.35039885289992756,2.887100784118844
43,magic,CBM,0,OK,0.864,0.9184895456081897,0.8573328837795771,0.83962616166006,0.8471525417633201,0.6967340834291891,2815.5720636844635,2815.6,9000,1000,2,40,5,17,0.0,3.1490530717687086,,
43,magic,CBM,1,OK,0.859,0.915728339457153,0.8622334566055552,0.8233464589396793,0.8373280263044043,0.6844761661384163,2350.050014257431,2350.1,9000,1000,2,40,3,8,0.0,0.08618199393342754,,
43,magic,CBM,2,OK,0.877,0.9318390335339488,0.8732196245195075,0.8529119969797936,0.8614513812621442,0.7258475955770003,2242.670030117035,2242.7,9000,1000,2,40,2,3,0.0,1.2334843840862177,,
43,magic,CBM,3,OK,0.879,0.9163692553523063,0.876788218793829,0.8537987436292521,0.863289039735436,0.7302251664344648,2577.0081350803375,2577.0,9000,1000,2,40,2,4,0.0,1.6676090398726733,,
43,magic,CBM,4,OK,0.858,0.9126027770095566,0.8455626805032062,0.8408904341107731,0.8431174983648866,0.6864372139364834,2465.644408226013,2465.7,9000,1000,2,40,4,13,0.0,3.42154465520259,,
43,magic,CBM,5,OK,0.872,0.9205176493312086,0.8660277390339672,0.849059916856527,0.8563573111884188,0.7148863186671827,2631.8371868133545,2631.8,9000,1000,2,40,4,13,0.0,3.42154465520259,,
43,magic,CBM,7,OK,0.83,0.8994069333052384,0.813118652916292,0.8317464080175945,0.8194247936131611,0.6445959614775375,2181.2598700523376,2181.3,9000,1000,2,40,5,17,0.0,3.1490530717687086,,
43,magic,CBM,8,OK,0.842,0.9174461538461538,0.8251538501318716,0.8316483516483517,0.828138324718495,0.6567700919754199,2359.203221321106,2359.2,9000,1000,2,40,3,6,0.0,2.054697767833935,,
43,magic,CBM,9,OK,0.866,0.9079912087912088,0.8557643748647283,0.8468131868131867,0.8509249329162198,0.7025205380668601,2579.661199569702,2579.7,9000,1000,2,40,2,3,0.0,1.2334843840862177,,
43,mfeat-factors,CBM_KE,1,OK,0.995,0.9998333333333334,0.9952380952380953,0.9949999999999999,0.9949968730456534,0.9944720690522652,621.7457911968231,621.8,1800,200,10,40,9,24,0.0,2.439336021545846,0.6346088693116749,2.7904806167151133
43,mfeat-factors,CBM_KE,2,OK,0.985,0.9999722222222222,0.9854761904761904,0.985,0.9848587933247753,0.9834152880222562,576.679440498352,576.7,1800,200,10,40,9,18,0.0,0.2753414223704525,0.5904915681182499,3.8095001513715454
43,mfeat-factors,CBM_KE,3,OK,0.98,0.9976944444444446,0.9807142857142856,0.9800000000000001,0.979855666370429,0.9778864378634362,681.2459146976471,681.3,1800,200,10,40,12,17,0.0,3.36721856527679,0.5780241249271592,3.438239485036183
43,mfeat-factors,CBM_KE,6,OK,0.98,0.9985555555555553,0.9804761904761904,0.9799999999999999,0.9799937460913071,0.9778321032926003,680.069329738617,680.1,1800,200,10,40,12,17,0.0,3.36721856527679,0.5780241249271592,3.438239485036183
43,mfeat-factors,CBM_KE,7,OK,0.98,0.9963055555555554,0.980952380952381,0.9800000000000001,0.9798525394160823,0.9779136085456454,593.988703250885,594.0,1800,200,10,40,12,12,0.0,2.262952561312196,0.6694548391478754,3.5042853105201686
43,mfeat-factors,CBM_KE,8,OK,0.96,0.9980833333333333,0.9624594501832353,0.96,0.9593434729685738,0.9559805302510397,539.7917056083679,539.8,1800,200,10,40,11,24,0.0,0.5791069655709132,0.2719600984904924,4.179311573858014
43,mfeat-factors,CBM_KE,9,OK,0.985,0.9995555555555555,0.9861471861471861,0.985,0.9851067631555438,0.983442610805842,651.3720700740814,651.4,1800,200,10,40,12,17,0.0,3.36721856527679,0.5780241249271592,3.438239485036183
43,mfeat-factors,CBM,1,OK,0.975,0.9992777777777778,0.9766233766233766,0.975,0.9749655564803191,0.9724113205875764,546.2232720851898,546.2,1800,200,10,40,11,25,0.0,4.710693506603669,,
43,mfeat-factors,CBM,2,OK,0.98,0.9999166666666668,0.9804511278195488,0.9800000000000001,0.9797274612422239,0.9778864378634362,464.90513467788696,464.9,1800,200,10,40,12,22,0.0,4.2474639310790705,,
43,mfeat-factors,CBM,3,OK,0.96,0.9954444444444445,0.9605415052783473,0.96,0.9594459883291719,0.9557414122346465,557.2944333553314,557.3,1800,200,10,40,11,25,0.0,4.710693506603669,,
43,mfeat-factors,CBM,5,OK,0.98,0.9985277777777778,0.9804761904761904,0.9800000000000001,0.9798587933247754,0.9778592694458592,476.18514490127563,476.2,1800,200,10,40,10,16,0.0,2.9611150111589617,,
43,mfeat-factors,CBM,8,OK,0.97,0.9943055555555557,0.9711221234905445,0.97,0.9695596306571914,0.9668815531129505,460.7328155040741,460.7,1800,200,10,40,8,19,0.0,0.42921468568916116,,
43,mfeat-factors,CBM,9,OK,0.985,0.9995277777777778,0.9857142857142858,0.985,0.9849906191369605,0.9834152880222562,435.2076561450958,435.2,1800,200,10,40,12,18,0.0,2.825282688746488,,
43,optdigits,CBM_KE,0,OK,0.99644128113879,0.9991179108582816,0.9965809468147283,0.9964598997493734,0.9964898772747945,0.996052715000505,1784.4959263801575,1784.5,5058,562,10,40,8,13,0.0,2.946441354621569,0.2832209133634554,2.041316260023299
43,optdigits,CBM_KE,2,OK,0.9822064056939501,0.9988510512307375,0.9824106341010891,0.9822032353611301,0.9822621413910813,0.9802390872128339,1815.997885465622,1816.0,5058,562,10,40,8,13,0.0,3.238469256942929,0.4702338509545298,3.298119517418415
43,optdigits,CBM_KE,4,OK,0.9875444839857651,0.9990170540522003,0.9879489083209592,0.9874014581909318,0.9875050585554627,0.9861980908895515,1915.1933934688568,1915.2,5058,562,10,40,9,26,0.0,4.435202502961974,0.6318558830746266,2.773250778915936
43,optdigits,CBM_KE,5,OK,0.9911032028469751,0.9996035730302093,0.9911654135338347,0.9911654135338346,0.991118552180499,0.9901250290233383,1816.6337900161743,1816.6,5058,562,10,40,12,17,0.0,3.36721856527679,0.5780241249271592,3.438239485036183
43,optdigits,CBM_KE,6,OK,0.9822064056939501,0.9970620507988773,0.9832994797405409,0.982075643654591,0.982290948190357,0.9803182778242578,1726.5446074008942,1726.6,5058,562,10,40,12,17,0.0,3.36721856527679,0.5780241249271592,3.438239485036183
43,optdigits,CBM_KE,7,OK,0.9893238434163701,0.9993208693621896,0.9896520963425515,0.9893483709273182,0.9894233881972989,0.9881547519434407,1859.4096567630768,1859.4,5058,562,10,40,10,10,0.0,0.26955096332413014,0.3523237882554702,4.297009650093849
43,optdigits,CBM_KE,9,OK,0.9875444839857651,0.999067042750591,0.9876208742860285,0.9875615174299386,0.9875604080718903,0.9861673011002084,1817.720273733139,1817.7,5058,562,10,40,12,17,0.0,3.36721856527679,0.5780241249271592,3.438239485036183
43,optdigits,CBM,1,OK,0.9822064056939501,0.9989170672074609,0.9824104653166605,0.9823230882849756,0.9822145451755139,0.9802629500722089,1357.7442405223846,1357.8,5058,562,10,40,6,26,0.0,1.8613936719630808,,
43,optdigits,CBM,2,OK,0.9911032028469751,0.9991350025799646,0.9911956615677123,0.9910702893597632,0.9910697272528747,0.9901284428750464,1333.4987144470215,1333.5,5058,562,10,40,10,16,0.0,2.9611150111589617,,
43,optdigits,CBM,4,OK,0.9822064056939501,0.9996998962127556,0.9824117816724479,0.9821383002961952,0.9821208472131124,0.9802634362464412,1097.9546332359314,1098.0,5058,562,10,40,5,20,0.0,2.054697767833935,,
43,optdigits,CBM,6,OK,0.9715302491103203,0.9991301504004543,0.9722135338767114,0.9713288904078377,0.9714624028649762,0.9684337972882304,1271.97527718544,1272.0,5058,562,10,40,8,21,0.0,2.6062739400079438,,
43,optdigits,CBM,7,OK,0.9839857651245552,0.9996022599154326,0.9844765515483624,0.9839912280701755,0.9840119265789408,0.9822543721985849,1256.586660861969,1256.6,5058,562,10,40,10,22,0.0,0.0751622592611095,,
43,page-blocks,CBM_KE,1,OK,0.9708029197080292,0.9957942155360702,0.8194661172963971,0.9114855273714744,0.8546442452261171,0.8525961141064138,1789.8273899555206,1789.8,4925,548,5,40,6,7,0.0,3.30425399850491,0.2955354402515126,2.500824182605997
43,page-blocks,CBM_KE,2,OK,0.968978102189781,0.9873644313624663,0.8493279569892472,0.8344246950153265,0.8159004559270515,0.8335149606799794,1757.7120740413666,1757.7,4925,548,5,40,8,5,0.0,0.26955096332413014,0.3523237882554702,4.297009650093849
43,page-blocks,CBM_KE,4,OK,0.9670932358318098,0.9951413594379452,0.877984693877551,0.8771420930280401,0.8752309814069126,0.8283689217643804,1862.1286199092865,1862.1,4926,547,5,40,8,5,0.0,0.26955096332413014,0.3523237882554702,4.297009650093849
43,page-blocks,CBM_KE,5,OK,0.9689213893967094,0.9965946292387402,0.8055468561210188,0.9163241375054003,0.8467945106536655,0.8470984342470198,1781.2816166877747,1781.3,4926,547,5,40,8,5,0.0,0.26955096332413014,0.3523237882554702,4.297009650093849
43,page-blocks,CBM_KE,6,OK,0.9561243144424132,0.9800272564702819,0.7792315586140287,0.6807916229504823,0.7221349672871938,0.7515363879488268,1614.992182970047,1615.0,4926,547,5,40,8,5,0.0,0.26955096332413014,0.3523237882554702,4.297009650093849
43,page-blocks,CBM_KE,7,OK,0.9744058500914077,0.9959844368202374,0.877912047302291,0.9005863111769425,0.8813832880545949,0.8642415082076137,1673.2871935367584,1673.3,4926,547,5,40,5,19,0.0,2.2954970660621052,0.4375164567053479,2.349958428363492
43,page-blocks,CBM_KE,8,OK,0.9780621572212066,0.9983901357038378,0.8459523714441648,0.9131189948263119,0.8674320785743326,0.8836099255786883,1671.6890287399292,1671.7,4926,547,5,40,6,7,0.0,3.30425399850491,0.2955354402515126,2.500824182605997
43,page-blocks,CBM_KE,9,OK,0.9634369287020109,0.9767016299739121,0.8421703017185564,0.7534552845528455,0.7751661073009387,0.8128918695383756,1714.0116472244263,1714.0,4926,547,5,40,10,20,0.0,2.4229666899543845,0.4075119282961159,1.3437688470002476
43,page-blocks,CBM,0,OK,0.3978102189781022,0.7267226093532342,0.32253283759485574,0.44517276422764224,0.2561546817356536,0.24472660888379114,952.8847448825836,952.9,4925,548,5,40,8,11,0.0,2.9611150111589617,,
43,page-blocks,CBM,1,OK,0.3613138686131387,0.7648916156385914,0.3188017547792116,0.4264148614454113,0.24089505488159624,0.23614409423432456,923.499119758606,923.5,4925,548,5,40,8,11,0.0,2.9611150111589617,,
43,page-blocks,CBM,2,OK,0.3248175182481752,0.7624706627518529,0.3110143662484088,0.4182682219342097,0.22636954969724213,0.22664828925493086,947.120664358139,947.1,4925,548,5,40,8,11,0.0,2.9611150111589617,,
43,page-blocks,CBM,3,OK,0.37842778793418647,0.7962394457707951,0.3026619311244274,0.43573412331049804,0.2351727472472867,0.2390077027299778,930.3317477703094,930.3,4926,547,5,40,8,11,0.0,2.9611150111589617,,
43,page-blocks,CBM,4,OK,0.5959780621572212,0.6191335792163299,0.22083313996727655,0.3630438807628217,0.2001933636240208,0.1552773723763724,948.7419376373291,948.8,4926,547,5,40,8,18,0.0,1.3242214666788812,,
43,page-blocks,CBM,5,OK,0.3382084095063985,0.7512037617249218,0.2850000801783166,0.3815466271678084,0.20049694375229957,0.1929736471838322,939.0971832275391,939.1,4926,547,5,40,8,11,0.0,2.9611150111589617,,
43,page-blocks,CBM,6,OK,0.35283363802559414,0.7182726163112277,0.32320363499543603,0.29185953218539773,0.2407515412978694,0.22538199392072394,926.0774321556091,926.1,4926,547,5,40,8,11,0.0,2.9611150111589617,,
43,page-blocks,CBM,7,OK,0.35648994515539306,0.7534722855856116,0.30747855917667233,0.43649941368882306,0.2339888334988637,0.24495911838154208,895.2372660636902,895.2,4926,547,5,40,8,11,0.0,2.9611150111589617,,
43,page-blocks,CBM,8,OK,0.39853747714808047,0.7694197172346364,0.3042598657278533,0.4065410199556541,0.2308401428845988,0.21382809241213319,1210.4801275730133,1210.5,4926,547,5,40,8,11,0.0,2.9611150111589617,,
43,page-blocks,CBM,9,OK,0.5411334552102377,0.577148710537594,0.20994983207852197,0.3094419807834442,0.1733143863409275,0.12266073345148044,983.3180615901947,983.3,4926,547,5,40,8,18,0.0,1.3242214666788812,,
43,pendigits,CBM_KE,0,OK,0.987,0.9993681327385359,0.9875006170828273,0.9870971476748585,0.9872479257157263,0.9855632185426609,2902.9083263874054,2902.9,9000,1000,10,40,5,21,0.0,4.1694741715966614,0.7427129953787077,1.793666714942919
43,pendigits,CBM_KE,2,OK,0.996,0.9999526162918375,0.995975662367415,0.9958111774281063,0.9958605762623367,0.9955613593751054,3061.6264712810516,3061.6,9000,1000,10,40,9,26,0.0,4.435202502961974,0.6318558830746266,2.773250778915936
43,pendigits,CBM_KE,3,OK,0.993,0.9986475664978224,0.9931113728078541,0.9930990520921421,0.9930720965354347,0.9922285234200624,3110.468818426132,3110.5,9000,1000,10,40,12,12,0.0,2.262952561312196,0.6694548391478754,3.5042853105201686
43,pendigits,CBM_KE,5,OK,0.998,0.9999931070631419,0.9979486640016832,0.9979164405860012,0.9979271511230273,0.997778501366338,3305.1484184265137,3305.2,9000,1000,10,40,10,10,0.0,0.26955096332413014,0.3523237882554702,4.297009650093849
43,pendigits,CBM_KE,6,OK,0.994,0.9987575344585047,0.99392957607146,0.9939903846153847,0.993939685239347,0.9933366005925478,3133.38480424881,3133.4,9000,1000,10,40,10,10,0.0,0.26955096332413014,0.3523237882554702,4.297009650093849
43,pendigits,CBM_KE,7,OK,0.991,0.9966853621697501,0.991081417940283,0.9908852809561571,0.990927731349165,0.9900101468760881,2917.8161721229553,2917.8,9000,1000,10,40,9,13,0.0,0.7187132273224744,0.4865868912810847,2.455800061819402
43,pendigits,CBM_KE,8,OK,0.975,0.9998936593910506,0.9770869097564703,0.975780981814132,0.9747247586263648,0.9726023614883625,2822.029348373413,2822.0,9000,1000,10,40,8,13,0.0,2.946441354621569,0.2832209133634554,2.041316260023299
43,pendigits,CBM_KE,9,OK,0.997,0.999997763725579,0.9970424337330991,0.9969441632928475,0.9969883361008011,0.9966671334851195,2877.966711997986,2878.0,9000,1000,10,40,6,26,0.0,3.70128127874223,0.4598512604603893,1.82969450931073
43,pendigits,CBM,0,OK,0.987,0.9984768355399452,0.987552341081367,0.9870736365278393,0.9872054368821374,0.9855765070981493,2029.602942943573,2029.6,9000,1000,10,40,7,25,0.0,3.1490530717687086,,
43,pendigits,CBM,2,OK,0.996,0.9999208040387192,0.995975662367415,0.9958111774281063,0.9958605762623367,0.9955613593751054,1944.9960222244263,1945.0,9000,1000,10,40,10,24,0.0,0.2301727551264564,,
43,pendigits,CBM,3,OK,0.995,0.9991122293276604,0.9949895164123246,0.9950409827105432,0.9949911077490421,0.9944489761543142,2278.9313476085663,2278.9,9000,1000,10,40,10,22,0.0,0.0751622592611095,,
43,pendigits,CBM,4,OK,0.992,0.9989490040653684,0.9919531119347026,0.991898484257011,0.9918791008952933,0.9911195915745583,2237.0510137081146,2237.1,9000,1000,10,40,4,16,0.0,1.6676090398726733,,
43,pendigits,CBM,6,OK,0.993,0.9986796306461496,0.9931133993708062,0.993019510828977,0.9930219528357878,0.992230720222726,2016.3618364334106,2016.4,9000,1000,10,40,8,21,0.0,2.6062739400079438,,
43,pendigits,CBM,7,OK,0.992,0.9981189318847452,0.9920901826547672,0.9918376619085381,0.9919245920075429,0.991118095839632,2079.8421819210052,2079.9,9000,1000,10,40,5,25,0.0,0.08618199393342754,,
43,pendigits,CBM,8,OK,0.956,0.9992461369932345,0.9671392691129533,0.9546084650105474,0.9543567946294823,0.9525117492647112,2089.257923603058,2089.3,9000,1000,10,40,5,20,0.0,2.054697767833935,,
43,pendigits,CBM,9,OK,0.998,0.9998588780265514,0.9979381443298969,0.9979967948717949,0.9979516813364697,0.9977807240009274,2013.4708211421967,2013.5,9000,1000,10,40,8,21,0.0,2.6062739400079438,,
43,phoneme,CBM_KE,8,OK,0.8833333333333333,0.9437924033080771,0.8701785714285715,0.8421977913138217,0.8543159229013485,0.7118266348895997,1887.6046051979065,1887.6,4864,540,2,40,2,3,0.0,1.2334843840862177,0.6880838421048368,3.9500281025310424
43,phoneme,CBM,2,OK,0.9001848428835489,0.9539662155487503,0.8788329519450802,0.881589779051006,0.8801919291338582,0.7604177336963243,1200.4678843021393,1200.5,4863,541,2,40,2,3,0.0,2.054697767833935,,
43,phoneme,CBM,4,OK,0.8888888888888888,0.9256577639339916,0.8666866987179487,0.8639406189939691,0.8652941078644959,0.7306221570915169,1303.88538813591,1303.9,4864,540,2,40,3,5,0.0,3.576195778751566,,
43,phoneme,CBM,6,OK,0.9,0.945937437868646,0.8774250440917107,0.882927960766121,0.8800986842105263,0.7603330914174448,1407.6368227005005,1407.6,4864,540,2,40,3,7,0.0,2.862366953762175,,
43,phoneme,CBM,8,OK,0.8870370370370371,0.9209627098499481,0.8721590909090909,0.8503194176199673,0.86008639473986,0.7221483393022494,1148.332597732544,1148.3,4864,540,2,40,2,3,0.0,2.054697767833935,,
43,satimage,CBM_KE,0,OK,0.926905132192846,0.9916839751834564,0.9086645221731842,0.9139091117520843,0.9107448312110029,0.910158366527199,2444.6707792282104,2444.7,5787,643,6,40,7,8,0.0,3.30425399850491,0.2955354402515126,2.500824182605997
43,satimage,CBM_KE,1,OK,0.9253499222395023,0.9942266398211171,0.9193390019892062,0.9034154563551698,0.910178411997301,0.9078759900572965,2419.9511024951935,2420.0,5787,643,6,40,4,9,0.0,1.831520438849735,0.5532364479630066,3.5911210014168304
43,satimage,CBM_KE,2,OK,0.9346811819595645,0.9952664521474924,0.9272346054843589,0.9161040714209402,0.9204535296691642,0.9195258449576923,2325.2900636196136,2325.3,5787,643,6,40,4,9,0.0,1.831520438849735,0.5532364479630066,3.5911210014168304
43,satimage,CBM_KE,4,OK,0.9237947122861586,0.9909775295819611,0.9068827079810508,0.9077501888729017,0.9071543532722464,0.9060544273547512,1993.6250042915344,1993.6,5787,643,6,40,5,21,0.0,3.1696101816190074,0.5804694117311245,3.9323391645298216
43,satimage,CBM_KE,5,OK,0.9253499222395023,0.9923899916149653,0.9156188659670347,0.9074315782069142,0.9110931899272776,0.9078090715824785,2463.471743583679,2463.5,5787,643,6,40,11,16,0.0,1.8233711472104301,0.6349152859577598,3.042291689677306
43,satimage,CBM_KE,7,OK,0.9191290824261276,0.9910710649867989,0.9056422334394618,0.9059859922059591,0.9049920818983773,0.9007681490879715,2002.8002684116364,2002.8,5787,643,6,40,4,12,0.0,0.6555273421797599,0.35039885289992756,2.887100784118844
43,satimage,CBM,0,OK,0.8087091757387247,0.969451927697596,0.7847008157399521,0.741767686633636,0.7167713261985101,0.7717656145402795,1516.2265927791595,1516.2,5787,643,6,40,6,19,0.0,2.862366953762175,,
43,satimage,CBM,1,OK,0.9129082426127527,0.9855828429697272,0.9036777105189587,0.8927600277295121,0.8970422438251372,0.8926752996421822,1556.8340611457825,1556.8,5787,643,6,40,3,8,0.0,1.6676090398726733,,
43,satimage,CBM,2,OK,0.9253499222395023,0.9891067285749339,0.9129258174679805,0.9101871509711414,0.91132078214454,0.9078634322033727,1574.187283039093,1574.2,5787,643,6,40,6,21,0.0,3.1490530717687086,,
43,satimage,CBM,3,OK,0.9409020217729394,0.9917132807067092,0.935123443952095,0.9303656723352515,0.9323215995856605,0.9272790804814443,1318.7405972480774,1318.8,5787,643,6,40,12,17,0.0,4.846881957591879,,
43,satimage,CBM,5,OK,0.9222395023328149,0.9764247847446704,0.9094649247388746,0.9049326351335351,0.9069601938895745,0.9040337521252977,1354.2754209041595,1354.3,5787,643,6,40,5,21,0.0,0.08618199393342754,,
43,satimage,CBM,6,OK,0.9222395023328149,0.9842157465472239,0.9103450245002757,0.902079692228347,0.905536030021692,0.9039639796367155,1691.8400976657867,1691.9,5787,643,6,40,4,14,0.0,3.12547237927273,,
43,satimage,CBM,7,OK,0.9097978227060654,0.9792018800704952,0.8937057209853316,0.8874098951004502,0.8894324489239085,0.8887947462819937,1583.9968390464783,1584.0,5787,643,6,40,3,7,0.0,1.2334843840862177,,
43,satimage,CBM,8,OK,0.9082426127527217,0.9834571645504093,0.8913806414290564,0.8856319507458696,0.8877178653389498,0.886984575505883,1304.0510773658752,1304.1,5787,643,6,40,12,17,0.0,4.846881957591879,,
43,satimage,CBM,9,OK,0.9206842923794712,0.9881764013063439,0.925990733167934,0.9038649993813124,0.9116210261802253,0.9027693544040593,1379.6937794685364,1379.7,5787,643,6,40,5,21,0.0,0.08618199393342754,,
43,segment,CBM_KE,0,OK,0.9653679653679653,0.9968297695570423,0.9672090457804743,0.9653679653679654,0.9648421285285868,0.9600788702804308,830.8156490325928,830.8,2079,231,7,40,10,17,0.0,2.5600331945325863,0.5316143413862742,1.0521506284621953
43,segment,CBM_KE,2,OK,0.974025974025974,0.9970265424810879,0.975030012004802,0.974025974025974,0.9740046190692121,0.9698666231942564,774.3048765659332,774.3,2079,231,7,40,12,18,0.0,0.526806370021128,0.8030800767828521,2.8683526840622
43,segment,CBM_KE,3,OK,0.974025974025974,0.9965236783418602,0.9748954127105388,0.974025974025974,0.9741443459233187,0.969802992698314,802.1928379535675,802.2,2079,231,7,40,12,14,0.0,3.36721856527679,0.5780241249271592,3.438239485036183
43,segment,CBM_KE,4,OK,0.974025974025974,0.9993878175696357,0.9740100585688821,0.974025974025974,0.9739563918668397,0.9697181715154257,708.0179705619812,708.0,2079,231,7,40,4,13,0.0,2.054697767833935,0.7902572859607933,1.306650799985789
43,segment,CBM_KE,5,OK,0.9653679653679653,0.9947964493419039,0.9656066972243442,0.9653679653679654,0.9653620011828968,0.9596379229045877,750.8877151012421,750.9,2079,231,7,40,4,13,0.0,2.054697767833935,0.7902572859607933,1.306650799985789
43,segment,CBM_KE,6,OK,0.961038961038961,0.9981415890506798,0.9616596638655462,0.961038961038961,0.9610925455141873,0.9546289449203668,740.6877501010895,740.7,2079,231,7,40,12,7,0.0,2.887837290916244,0.645909110342358,1.5993001856688394
43,segment,CBM_KE,7,OK,0.9783549783549783,0.9994971358607722,0.9792852624920936,0.9783549783549784,0.9782637665708724,0.9749393352895842,821.1003663539886,821.1,2079,231,7,40,12,14,0.0,3.36721856527679,0.5780241249271592,3.438239485036183
43,segment,CBM_KE,9,OK,0.9696969696969697,0.9942061305697669,0.9695203594634335,0.9696969696969697,0.9694203495509466,0.9647097429741031,854.8242013454437,854.8,2079,231,7,40,5,10,0.0,4.721030019512241,0.3390059191054198,4.598694477469651
43,segment,CBM,1,OK,0.9567099567099567,0.9973326336962701,0.957936507936508,0.9567099567099567,0.9562259686483289,0.9498688400191847,505.67243790626526,505.7,2079,231,7,40,4,13,0.0,2.054697767833935,,
43,segment,CBM,3,OK,0.974025974025974,0.9967204512659057,0.9743999872676344,0.974025974025974,0.9740866099075054,0.969739374724636,476.85090589523315,476.9,2079,231,7,40,4,13,0.0,2.054697767833935,,
43,segment,CBM,4,OK,0.9826839826839827,0.9977043158861341,0.9831932773109244,0.9826839826839827,0.9826769312776775,0.979883678912969,502.7175886631012,502.7,2079,231,7,40,7,18,0.0,2.6062739400079438,,
43,segment,CBM,5,OK,0.961038961038961,0.9939000393545848,0.9645890788747932,0.961038961038961,0.9613627039718787,0.9550258235947443,529.8172755241394,529.8,2079,231,7,40,3,8,0.0,4.89211046370593,,
43,segment,CBM,6,OK,0.9783549783549783,0.998513271240544,0.9789770453636001,0.9783549783549784,0.9782053934192402,0.9748966898229371,482.80641317367554,482.8,2079,231,7,40,4,13,0.0,2.054697767833935,,
43,segment,CBM,8,OK,0.9956709956709957,0.9999781363417727,0.9957983193277311,0.9956709956709957,0.9956700016401508,0.9949712488986399,589.4090123176575,589.4,2079,231,7,40,4,13,0.0,3.7197670128624556,,
43,segment,CBM,9,OK,0.9523809523809523,0.9963269054178144,0.9550820328131253,0.9523809523809524,0.952035402090752,0.9449610933405627,505.7210133075714,505.7,2079,231,7,40,3,7,0.0,1.2334843840862177,,
43,spambase,CBM_KE,0,OK,0.9414316702819957,0.9766828153924928,0.9417082917082917,0.9353755563432983,0.9382910686398453,0.8770609858931028,1500.5066380500793,1500.5,4140,461,2,40,12,4,0.0,2.262952561312196,0.6694548391478754,3.5042853105201686
43,spambase,CBM_KE,1,OK,0.9478260869565217,0.9794451375274759,0.9434095316448258,0.9482564011168538,0.9456521739130435,0.8916527594888479,1319.8774800300598,1319.9,4141,460,2,40,11,18,0.0,4.555257725111775,0.32664021668053067,1.4160757994190516
43,spambase,CBM_KE,2,OK,0.9586956521739131,0.987306679340185,0.9580245437883497,0.9552763421057843,0.9566035581110135,0.9132967510960069,1434.7189292907715,1434.7,4141,460,2,40,12,13,0.0,0.526806370021128,0.8030800767828521,2.8683526840622
43,spambase,CBM_KE,3,OK,0.9304347826086956,0.9817620150894076,0.9240445089501693,0.9339194835541298,0.928035043804756,0.8579071612421056,1462.460435628891,1462.5,4141,460,2,40,10,9,0.0,1.2402181591946362,0.4826320520270444,3.752154947047655
43,spambase,CBM_KE,4,OK,0.9347826086956522,0.9782569951880236,0.9304176904176904,0.9336224479692667,0.9319405811682547,0.8640341950830347,1218.5107898712158,1218.5,4141,460,2,40,6,2,0.0,2.63993405934837,0.43146441034339306,3.577123262453676
43,spambase,CBM_KE,5,OK,0.9717391304347827,0.9898215806253589,0.969977863862756,0.9708806114972574,0.9704240050249516,0.9408580422696493,1563.6497013568878,1563.7,4141,460,2,40,2,2,0.0,2.5152955607051566,0.4548226263467427,3.7108645187544234
43,spambase,CBM_KE,7,OK,0.9521739130434783,0.9815045842491931,0.946073227692961,0.9576625279708509,0.9506042679474414,0.9036614433427543,1311.314391374588,1311.3,4141,460,2,40,9,5,0.0,1.4963778441662408,0.617428886123806,4.259407545002471
43,spambase,CBM_KE,8,OK,0.9608695652173913,0.9864416159380187,0.959087674915013,0.959087674915013,0.959087674915013,0.9181753498300261,1383.7434237003326,1383.8,4141,460,2,40,4,4,0.0,4.721030019512241,0.3390059191054198,4.598694477469651
43,spambase,CBM_KE,9,OK,0.9282608695652174,0.976579176219464,0.9231047072375486,0.9283144912641316,0.9254709616602596,0.851403259171375,1328.611029624939,1328.6,4141,460,2,40,12,4,0.0,2.262952561312196,0.6694548391478754,3.5042853105201686
43,spambase,CBM,0,OK,0.93058568329718,0.9734333766591832,0.928872037162028,0.9254598448146836,0.9270858046658759,0.8543250678197699,1170.9113392829895,1170.9,4140,461,2,40,4,7,0.0,2.93619913125386,,
43,spambase,CBM,1,OK,0.9391304347826087,0.9790688924533159,0.9339307678791073,0.9401176260916058,0.9367076167076167,0.8740264971888675,894.0612599849701,894.1,4141,460,2,40,10,13,0.0,2.952570121611599,,
43,spambase,CBM,3,OK,0.95,0.9792471138042337,0.9465579710144927,0.9490781995683083,0.9477724299642107,0.8956326247431259,1061.9245386123657,1061.9,4141,460,2,40,7,13,0.0,2.6062739400079438,,
43,spambase,CBM,5,OK,0.967391304347826,0.9880591694885048,0.9671886206072198,0.9643854333749183,0.9657396511402738,0.9315698364556766,1211.9633338451385,1212.0,4141,460,2,40,2,4,0.0,1.6676090398726733,,
43,spambase,CBM,6,OK,0.9456521739130435,0.9707320937048257,0.9451824583866837,0.9406423889581972,0.9427835077192511,0.8858132127842563,1172.5611820220947,1172.6,4141,460,2,40,6,18,0.0,0.9537733851814102,,
43,spambase,CBM,7,OK,0.95,0.9846333590764174,0.9439548546691403,0.9549000970316244,0.9483173840194226,0.8987883098186195,1019.9971067905426,1020.0,4141,460,2,40,12,13,0.0,4.846881957591879,,
43,spambase,CBM,9,OK,0.9369565217391305,0.9764408253616885,0.9320857494289229,0.9374061190607953,0.934504784489319,0.8694755908228371,1081.1066620349884,1081.1,4141,460,2,40,12,10,0.0,2.825282688746488,,
43,tic-tac-toe,CBM_KE,0,OK,1.0,1.0,1.0,1.0,1.0,1.0,278.91795229911804,278.9,862,96,2,40,12,9,0.0,3.36721856527679,0.5780241249271592,3.438239485036183
43,tic-tac-toe,CBM_KE,1,OK,0.9583333333333334,0.9919354838709677,0.9544592030360531,0.9544592030360531,0.9544592030360531,0.9089184060721063,292.3225841522217,292.3,862,96,2,40,10,2,0.0,0.26955096332413014,0.3523237882554702,4.297009650093849
43,tic-tac-toe,CBM_KE,3,OK,0.9791666666666666,0.9971139971139972,0.9846153846153847,0.9696969696969697,0.9765625,0.9541957401338105,257.28473711013794,257.3,862,96,2,40,6,18,0.0,1.8989910650938235,0.4586743914175978,3.3890575049507006
43,tic-tac-toe,CBM_KE,4,OK,0.9791666666666666,0.9947089947089948,0.9846153846153847,0.9696969696969697,0.9765625,0.9541957401338105,283.3341987133026,283.4,862,96,2,40,12,9,0.0,3.36721856527679,0.5780241249271592,3.438239485036183
43,tic-tac-toe,CBM_KE,5,OK,0.9895833333333334,0.9985569985569985,0.9921875,0.9848484848484849,0.9883706844336766,0.9770084209183943,246.72044110298157,246.7,862,96,2,40,3,6,0.0,2.054697767833935,0.7902572859607933,1.306650799985789
43,tic-tac-toe,CBM_KE,6,OK,0.9791666666666666,0.9985569985569986,0.9846153846153847,0.9696969696969697,0.9765625,0.9541957401338105,274.28389525413513,274.3,862,96,2,40,3,6,0.0,2.054697767833935,0.7902572859607933,1.306650799985789
43,tic-tac-toe,CBM_KE,7,OK,1.0,1.0,1.0,1.0,1.0,1.0,266.17982053756714,266.2,862,96,2,40,3,6,0.0,2.054697767833935,0.7902572859607933,1.306650799985789
43,tic-tac-toe,CBM_KE,8,OK,0.9789473684210527,0.9995112414467253,0.984375,0.9696969696969697,0.9764384920634921,0.9539590550898287,262.3640329837799,262.4,863,95,2,40,3,6,0.0,2.054697767833935,0.7902572859607933,1.306650799985789
43,tic-tac-toe,CBM_KE,9,OK,0.9894736842105263,0.998533724340176,0.9920634920634921,0.9848484848484849,0.9883076923076923,0.9768853332428297,260.52016854286194,260.5,863,95,2,40,8,5,0.0,0.7187132273224744,0.4865868912810847,2.455800061819402
43,tic-tac-toe,CBM,0,OK,0.9895833333333334,1.0,0.9857142857142858,0.9919354838709677,0.9886885825379993,0.9776299753299275,202.09443378448486,202.1,862,96,2,40,12,10,0.0,2.825282688746488,,
43,tic-tac-toe,CBM,4,OK,0.9791666666666666,0.9990379990379991,0.9846153846153847,0.9696969696969697,0.9765625,0.9541957401338105,190.258305311203,190.3,862,96,2,40,4,15,0.0,0.08618199393342754,,
43,tic-tac-toe,CBM,9,OK,0.9578947368421052,0.990713587487781,0.9488095238095238,0.9606549364613881,0.9541947926711668,0.9093873161062717,195.4580454826355,195.5,863,95,2,40,3,6,0.0,2.054697767833935,,
43,vehicle,CBM_KE,0,OK,0.8117647058823529,0.9463702269952271,0.8185526315789473,0.8143398268398268,0.8141356753557425,0.7508795310356227,274.8843140602112,274.9,761,85,4,40,3,8,0.0,1.6207461330379358,0.7697039904843663,2.36124624415959
43,vehicle,CBM_KE,1,OK,0.7411764705882353,0.920606077949828,0.7341257155035927,0.7456709956709957,0.7370648321867834,0.6572293686335384,309.9957480430603,310.0,761,85,4,40,6,11,0.0,0.35984881792492696,0.8252122621450926,1.561922514329519
43,vehicle,CBM_KE,3,OK,0.8470588235294118,0.9786686577311577,0.8624458874458876,0.8500541125541126,0.8456895903324475,0.8035228654717819,313.8121750354767,313.8,761,85,4,40,9,16,0.0,3.5397335505379965,0.23186646376955894,3.8324191718133704
43,vehicle,CBM_KE,4,OK,0.8941176470588236,0.9728873556998557,0.8955627705627706,0.8955627705627706,0.8953488372093024,0.8589364844903988,292.8111159801483,292.8,761,85,4,40,12,11,0.0,3.36721856527679,0.5780241249271592,3.438239485036183
43,vehicle,CBM_KE,5,OK,0.8352941176470589,0.9614560786435786,0.8351158645276292,0.8365800865800865,0.8330609131524462,0.782015251510913,281.36014103889465,281.4,761,85,4,40,12,11,0.0,3.36721856527679,0.5780241249271592,3.438239485036183
43,vehicle,CBM_KE,6,OK,0.9166666666666666,0.9784517018612999,0.9163249031670084,0.9166666666666667,0.9157047646057856,0.8893722269995791,312.78108167648315,312.8,762,84,4,40,9,7,0.0,1.4963778441662408,0.617428886123806,4.259407545002471
43,vehicle,CBM_KE,7,OK,0.8333333333333334,0.9783868418661046,0.8535980148883374,0.8331624515835042,0.8289813120556739,0.7880689165185074,294.77462935447693,294.8,762,84,4,40,6,11,0.0,0.35984881792492696,0.8252122621450926,1.561922514329519
43,vehicle,CBM_KE,8,OK,0.8452380952380952,0.9612747510212948,0.8524844720496895,0.8484848484848484,0.8502516453735967,0.7936838691722802,302.36460876464844,302.4,762,84,4,40,12,6,0.0,2.262952561312196,0.6694548391478754,3.5042853105201686
43,vehicle,CBM,0,OK,0.8352941176470589,0.9489787816350316,0.8454059829059828,0.8376082251082251,0.8375371103414151,0.7835219578542771,206.9235770702362,206.9,761,85,4,40,4,4,0.0,1.5242654347593771,,
43,vehicle,CBM,1,OK,0.7411764705882353,0.9026756576756576,0.7342986913925129,0.7451298701298701,0.7387218755908489,0.6556439211265103,211.39395403862,211.4,761,85,4,40,9,10,0.0,0.5483512526519421,,
43,vehicle,CBM,2,OK,0.8352941176470589,0.9477780899655899,0.8366919191919193,0.835443722943723,0.8342923920051579,0.781460105804682,190.80585312843323,190.8,761,85,4,40,9,10,0.0,0.5483512526519421,,
43,vehicle,CBM,4,OK,0.8352941176470589,0.9712069527694528,0.8400076277650648,0.8370670995670995,0.836543673129039,0.7817654624846249,214.3386332988739,214.4,761,85,4,40,10,19,0.0,1.0767469552720283,,
43,vehicle,CBM,5,OK,0.7647058823529411,0.9405375353812854,0.7610370950888192,0.770021645021645,0.7510364145658264,0.6976681147608016,202.40201330184937,202.4,761,85,4,40,10,19,0.0,1.0767469552720283,,
43,vehicle,CBM,6,OK,0.8333333333333334,0.960877337708055,0.8347727272727273,0.8338744588744589,0.8292260554646804,0.7812200470448527,206.92549562454224,206.9,762,84,4,40,7,7,0.0,0.8377306079422078,,
43,vehicle,CBM,7,OK,0.8095238095238095,0.9668473278951086,0.8484375,0.8098940533151059,0.8018564470177374,0.7615722361963108,207.05203127861023,207.1,762,84,4,40,12,5,0.0,1.0158311610743629,,
43,vehicle,CBM,8,OK,0.8214285714285714,0.9461318251640832,0.8286507936507936,0.8262987012987013,0.8242179215270413,0.7644961024840222,217.1864790916443,217.2,762,84,4,40,5,5,0.0,0.2785318856574255,,
43,vehicle,CBM,9,OK,0.7857142857142857,0.9336416058766289,0.7842085450781102,0.79004329004329,0.7858622879609833,0.7149891059081153,206.74667501449585,206.8,762,84,4,40,6,16,0.0,1.2548201805907633,,
43,wdbc,CBM_KE,0,OK,0.9824561403508771,0.9973544973544973,0.9864864864864865,0.9761904761904762,0.9809555629802873,0.962621902223779,158.42418456077576,158.4,512,57,2,40,11,18,0.0,4.555257725111775,0.32664021668053067,1.4160757994190516
43,wdbc,CBM_KE,2,OK,0.9298245614035088,0.9794973544973544,0.920076726342711,0.9345238095238095,0.9259740259740259,0.8544784126535336,162.2941255569458,162.3,512,57,2,40,6,3,0.0,3.385969592487728,0.31139624758778695,2.9180200857626715
43,wdbc,CBM_KE,3,OK,0.9824561403508771,1.0,0.9772727272727273,0.9861111111111112,0.981329839502129,0.9633432944855655,153.22131657600403,153.2,512,57,2,40,6,5,0.0,2.946441354621569,0.2832209133634554,2.041316260023299
43,wdbc,CBM_KE,4,OK,1.0,1.0,1.0,1.0,1.0,1.0,154.69383120536804,154.7,512,57,2,40,11,18,0.0,4.555257725111775,0.32664021668053067,1.4160757994190516
43,wdbc,CBM_KE,5,OK,0.9824561403508771,1.0,0.9864864864864865,0.9761904761904762,0.9809555629802873,0.962621902223779,151.2522430419922,151.3,512,57,2,40,3,6,0.0,2.054697767833935,0.7902572859607933,1.306650799985789
43,wdbc,CBM_KE,6,OK,0.9824561403508771,1.0,0.9772727272727273,0.9861111111111112,0.981329839502129,0.9633432944855655,162.1629297733307,162.2,512,57,2,40,12,9,0.0,3.36721856527679,0.5780241249271592,3.438239485036183
43,wdbc,CBM_KE,7,OK,0.9473684210526315,0.9753246753246754,0.9484126984126984,0.9402597402597402,0.9439895185063871,0.8886350389948482,148.3040795326233,148.3,512,57,2,40,11,18,0.0,4.555257725111775,0.32664021668053067,1.4160757994190516
43,wdbc,CBM_KE,8,OK,0.9649122807017544,0.9766233766233766,0.972972972972973,0.9545454545454546,0.9623015873015872,0.9273353546322172,145.7167191505432,145.7,512,57,2,40,11,18,0.0,4.555257725111775,0.32664021668053067,1.4160757994190516
43,wdbc,CBM_KE,9,OK,0.9642857142857143,0.9619047619047619,0.9565217391304348,0.9714285714285714,0.9625668449197862,0.9278305692406299,124.38020491600037,124.4,513,56,2,40,3,6,0.0,2.054697767833935,0.7902572859607933,1.306650799985789
43,wdbc,CBM,2,OK,0.9298245614035088,0.992063492063492,0.9199999999999999,0.9444444444444444,0.9271099744245523,0.8640987597877147,130.93654823303223,130.9,512,57,2,40,9,8,0.0,2.9611150111589617,,
43,wdbc,CBM,4,OK,1.0,1.0,1.0,1.0,1.0,1.0,143.42528700828552,143.4,512,57,2,40,12,10,0.0,2.825282688746488,,
43,wdbc,CBM,5,OK,1.0,1.0,1.0,1.0,1.0,1.0,122.70627045631409,122.7,512,57,2,40,3,6,0.0,2.054697767833935,,
43,wdbc,CBM,6,OK,0.9824561403508771,1.0,0.9772727272727273,0.9861111111111112,0.981329839502129,0.9633432944855655,143.70826125144958,143.7,512,57,2,40,12,13,0.0,2.460185572348827,,
43,wdbc,CBM,8,OK,0.9298245614035088,0.9779220779220779,0.9344594594594595,0.9175324675324675,0.9246031746031746,0.851823761469308,116.33926701545715,116.3,512,57,2,40,3,6,0.0,2.054697767833935,,
43,wdbc,CBM,9,OK,0.9464285714285714,0.9659863945578231,0.9398395721925134,0.9476190476190476,0.9433771486349849,0.8874245216579992,129.18693780899048,129.2,513,56,2,40,3,6,0.0,2.054697767833935,,
43,wine-quality,CBM_KE,9,PARTIAL,0.5787321063394683,nan,0.3610814671086318,0.28926975522463033,0.3050790869417964,0.3490035691304702,1540.358987569809,1540.4,4409,489,7,40,6,9,0.0,3.30425399850491,0.2955354402515126,2.500824182605997
44,balance-scale,CBM_KE,0,OK,0.9841269841269841,0.9789722785665992,0.9888888888888889,0.9333333333333332,0.9573132454488387,0.9723450321743318,223.86402821540833,223.9,562,63,3,40,2,4,0.0,1.0896755526798811,0.21276320246654662,1.335537418426334
44,balance-scale,CBM_KE,2,OK,0.9365079365079365,0.9815077755240026,0.8988505747126436,0.8988505747126436,0.8988505747126436,0.8885941644562334,215.7087802886963,215.7,562,63,3,40,2,4,0.0,1.0896755526798811,0.21276320246654662,1.335537418426334
44,balance-scale,CBM_KE,3,OK,0.9365079365079365,0.9846517917511832,0.9568452380952381,0.8436781609195402,0.882729364394593,0.8892657570271356,226.81502389907837,226.8,562,63,3,40,2,4,0.0,1.0896755526798811,0.21276320246654662,1.335537418426334
44,balance-scale,CBM_KE,4,OK,0.9841269841269841,0.9942528735632185,0.9444444444444445,0.9885057471264368,0.9638490164805954,0.9729158085985287,213.1449112892151,213.2,562,63,3,40,3,4,0.0,0.43414741475765783,0.22610855518472492,1.5305113169181603
44,balance-scale,CBM_KE,5,OK,1.0,1.0,1.0,1.0,1.0,1.0,214.295583486557,214.3,563,62,3,40,3,4,0.0,0.43414741475765783,0.22610855518472492,1.5305113169181603
44,balance-scale,CBM_KE,6,OK,0.9193548387096774,0.9846963280720087,0.7929292929292929,0.7214285714285715,0.7343387795000699,0.8598239995846175,211.87789678573608,211.9,563,62,3,40,3,4,0.0,0.43414741475765783,0.22610855518472492,1.5305113169181603
44,balance-scale,CBM_KE,7,OK,0.9193548387096774,0.8800051329996883,0.6129032258064516,0.6666666666666666,0.6386064030131827,0.860481517060815,236.58514976501465,236.6,563,62,3,40,2,4,0.0,1.0896755526798811,0.21276320246654662,1.335537418426334
44,balance-scale,CBM_KE,8,OK,1.0,1.0,1.0,1.0,1.0,1.0,240.2536656856537,240.3,563,62,3,40,3,7,0.0,3.323962353060542,0.3287496780469381,3.96071380573242
44,balance-scale,CBM,0,OK,0.9682539682539683,0.9801217038539555,0.9773946360153257,0.9218390804597701,0.9458189925752755,0.9441805553803166,164.16254687309265,164.2,562,63,3,40,4,8,0.0,0.5894188444823693,,
44,balance-scale,CBM,1,OK,0.9841269841269841,1.0,0.9444444444444445,0.9885057471264368,0.9638490164805954,0.9729158085985287,142.8477942943573,142.9,562,63,3,40,4,8,0.0,0.5894188444823693,,
44,balance-scale,CBM,2,OK,0.9523809523809523,0.997971602434077,0.9210454296661194,0.9655172413793104,0.9406588571742837,0.9177707830099481,150.70689177513123,150.7,562,63,3,40,4,8,0.0,0.5894188444823693,,
44,balance-scale,CBM,5,OK,1.0,1.0,1.0,1.0,1.0,1.0,152.659654378891,152.7,563,62,3,40,2,4,0.0,1.6302135737726753,,
44,balance-scale,CBM,6,OK,0.9032258064516129,0.9500724312163408,0.8086080586080587,0.8754515599343184,0.8295870795870797,0.8394941432174503,154.55531334877014,154.6,563,62,3,40,4,8,0.0,0.5894188444823693,,
44,bank,CBM_KE,0,OK,0.899,0.9133617424242424,0.7613608450012281,0.7518939393939394,0.7564944849617263,0.5131674691587071,3077.438289642334,3077.5,9000,1000,2,40,3,4,0.0,0.05180068709382614,0.24489775328985336,4.169180711585749
44,bank,CBM_KE,1,OK,0.89,0.9249715909090909,0.7937924498499447,0.5704545454545454,0.5936220833148615,0.2877430347525736,2968.0628023147583,2968.1,9000,1000,2,40,12,18,0.0,1.8955027929433053,0.3684979656589718,2.0189076314114156
44,bank,CBM_KE,2,OK,0.901,0.9132102272727273,0.7659929726747394,0.7602272727272728,0.7630620992698005,0.5261886575887679,3290.5762968063354,3290.6,9000,1000,2,40,2,4,0.0,1.0896755526798811,0.21276320246654662,1.335537418426334
44,bank,CBM_KE,3,OK,0.9,0.926221590909091,0.7684232774411723,0.7164772727272728,0.7383596194702305,0.48211010790889275,3250.7906444072723,3250.8,9000,1000,2,40,2,4,0.0,1.0896755526798811,0.21276320246654662,1.335537418426334
44,bank,CBM_KE,4,OK,0.906,0.9275660733929427,0.7879034603082291,0.7327259564305795,0.7560621159275868,0.5176972403245202,3139.8834030628204,3139.9,9000,1000,2,40,6,15,0.0,3.056157892621368,0.7171667893277034,3.9475045759904672
44,bank,CBM_KE,5,OK,0.915,0.9252625541797121,0.8048518896833503,0.7806062486484453,0.7919924432078191,0.5849558792163205,2580.5799379348755,2580.6,9000,1000,2,40,7,14,0.0,4.040228836202934,0.2130817617486669,2.3233185366269224
44,bank,CBM_KE,6,OK,0.903,0.9118927406237366,0.7732862064868717,0.7595266973175754,0.7661382677355193,0.5326352094707476,2829.4097652435303,2829.4,9000,1000,2,40,3,4,0.0,0.05180068709382614,0.24489775328985336,4.169180711585749
44,bank,CBM_KE,7,OK,0.893,0.9158510328227982,0.7490556318681318,0.7182043832679886,0.7320813771517998,0.4662404124535106,2663.794334411621,2663.8,9000,1000,2,40,3,4,0.0,0.05180068709382614,0.24489775328985336,4.169180711585749
44,bank,CBM_KE,8,OK,0.897,0.8631709587340988,0.7691672362724995,0.677718857830555,0.7100151749340495,0.4374292802076959,2596.3053028583527,2596.3,9000,1000,2,40,10,6,0.0,2.894438002362208,0.5405508450051104,1.5710214278742023
44,bank,CBM,0,OK,0.886,0.8018276515151516,0.7301136363636364,0.7301136363636364,0.7301136363636364,0.4602272727272727,2703.117885828018,2703.1,9000,1000,2,40,7,16,0.0,4.084071434829101,,
44,bank,CBM,1,OK,0.891,0.8137215909090909,0.7422857142857143,0.7509469696969697,0.7464968893540322,0.49315663151118955,2823.599864721298,2823.6,9000,1000,2,40,11,3,0.0,4.719586066001756,,
44,bank,CBM,3,OK,0.896,0.7019791666666667,0.7558939318521201,0.7142045454545454,0.7322871940608944,0.468246274334179,2654.5602192878723,2654.6,9000,1000,2,40,6,13,0.0,3.772251445561888,,
44,bank,CBM,4,OK,0.88,0.8105943079570135,0.7287606604971875,0.7963312930734587,0.7552039559040726,0.5207261941921879,2769.033100128174,2769.0,9000,1000,2,40,9,12,0.0,4.255531654463596,,
44,bank,CBM,5,OK,0.885,0.8839684464878383,0.7417380907600957,0.8383728692447278,0.7763476995902301,0.5720056341548952,2875.5717356204987,2875.6,9000,1000,2,40,7,17,0.0,2.1932303376120674,,
44,bank,CBM,6,OK,0.877,0.7833093579292773,0.7150735294117647,0.7376103573745523,0.72541639598974,0.45212254173104743,2253.008146047592,2253.0,9000,1000,2,40,10,8,0.0,0.5894188444823693,,
44,bank,CBM,9,OK,0.871,0.8552167658590245,0.6940814225179202,0.684309743416166,0.6889880055451751,0.3782649716065306,2711.917601585388,2711.9,9000,1000,2,40,7,16,0.0,4.084071434829101,,
44,blood,CBM_KE,0,OK,0.8266666666666667,0.7694931773879142,0.9071428571428571,0.6388888888888888,0.6662102019856213,0.47559486560567094,224.47074699401855,224.5,673,75,2,40,3,4,0.0,0.43414741475765783,0.22610855518472492,1.5305113169181603
44,blood,CBM_KE,1,OK,0.7733333333333333,0.6345029239766082,0.6928571428571428,0.5657894736842105,0.563505648750428,0.2252817784447915,221.16681027412415,221.2,673,75,2,40,3,4,0.0,0.43414741475765783,0.22610855518472492,1.5305113169181603
44,blood,CBM_KE,2,OK,0.8133333333333334,0.7607212475633528,0.7854477611940298,0.6491228070175439,0.674317617866005,0.41263432434118835,228.8996102809906,228.9,673,75,2,40,3,7,0.0,3.323962353060542,0.3287496780469381,3.96071380573242
44,blood,CBM_KE,3,OK,0.76,0.7149122807017543,0.6652542372881356,0.652046783625731,0.657707910750507,0.31702602580977074,232.58083152770996,232.6,673,75,2,40,2,3,0.0,0.05180068709382614,0.24489775328985336,4.169180711585749
44,blood,CBM_KE,5,OK,0.7733333333333333,0.7251461988304093,0.6789772727272727,0.6228070175438596,0.6366486178398404,0.29651080973057514,229.49368476867676,229.5,673,75,2,40,3,8,0.0,1.595082877925835,0.4726733466452347,3.318221990194221
44,blood,CBM_KE,6,OK,0.8,0.7792397660818713,0.7251521298174441,0.7163742690058479,0.7204968944099379,0.4414391351222013,204.0613625049591,204.1,673,75,2,40,3,4,0.0,0.43414741475765783,0.22610855518472492,1.5305113169181603
44,blood,CBM_KE,7,OK,0.8,0.7763157894736842,0.7322443181818181,0.6593567251461988,0.6793958392704474,0.38475807453134153,229.5491030216217,229.6,673,75,2,40,3,8,0.0,0.3795228981304207,0.35673296722585707,3.4172364006664604
44,blood,CBM_KE,8,OK,0.7702702702702703,0.7693498452012383,0.38513513513513514,0.5,0.4351145038167939,0.0,181.8307387828827,181.8,674,74,2,40,3,7,0.0,3.044810558102716,0.29034131202317537,3.4487842922102887
44,blood,CBM_KE,9,OK,0.7972972972972973,0.7863777089783281,0.7152777777777778,0.7239422084623324,0.7193426042983565,0.43913451692354477,223.64699959754944,223.7,674,74,2,40,3,8,0.0,0.3795228981304207,0.35673296722585707,3.4172364006664604
44,blood,CBM,0,OK,0.37333333333333335,0.37183235867446396,0.47684391080617494,0.47368421052631576,0.3715457300766625,-0.04937087271898498,153.0660092830658,153.1,673,75,2,40,3,3,0.0,3.983145835329674,,
44,blood,CBM,1,OK,0.7333333333333333,0.6072124756335283,0.6159250585480094,0.5964912280701754,0.6027542372881356,0.2115254241305703,154.37215089797974,154.4,673,75,2,40,2,3,0.0,0.07912117845817557,,
44,blood,CBM,2,OK,0.3466666666666667,0.33966861598440545,0.4751461988304093,0.4751461988304093,0.3466666666666667,-0.049707602339181284,146.11816382408142,146.1,673,75,2,40,3,3,0.0,3.983145835329674,,
44,blood,CBM,3,OK,0.38666666666666666,0.4108187134502924,0.5410750507099391,0.5394736842105263,0.3865576102418208,0.0805328151912124,150.84108901023865,150.9,673,75,2,40,3,3,0.0,3.983145835329674,,
44,blood,CBM,5,OK,0.37333333333333335,0.45029239766081874,0.49318181818181817,0.4926900584795322,0.3728873865860167,-0.014119562368122625,156.22238278388977,156.2,673,75,2,40,3,3,0.0,3.983145835329674,,
44,blood,CBM,6,OK,0.8266666666666667,0.787037037037037,0.763184584178499,0.7529239766081872,0.7577639751552795,0.5160065565955461,153.35008358955383,153.4,673,75,2,40,2,3,0.0,0.07912117845817557,,
44,blood,CBM,7,OK,0.52,0.6525341130604289,0.551948051948052,0.5701754385964912,0.5,0.12075557676046031,152.99279618263245,153.0,673,75,2,40,3,3,0.0,3.983145835329674,,
44,blood,CBM,8,OK,0.33783783783783783,0.6805985552115583,0.4870689655172414,0.4876160990712074,0.33771689497716895,-0.025309022102110796,142.85227370262146,142.9,674,74,2,40,3,3,0.0,3.983145835329674,,
44,car,CBM_KE,6,OK,1.0,1.0,1.0,1.0,1.0,1.0,522.2338445186615,522.2,1555,173,4,40,6,9,0.0,2.0543341467500014,0.8144598860480703,2.4528402208642532
44,car,CBM_KE,8,OK,0.9883720930232558,0.9974508263635383,0.9959349593495935,0.9868421052631579,0.9911940629153744,0.9744082740702663,504.20744705200195,504.2,1556,172,4,40,9,6,0.0,4.034835142873239,0.2412292449604542,3.0629497024873578
44,car,CBM,0,OK,0.9826589595375722,0.9955802849126483,0.938034188034188,0.989457512184785,0.9602564102564103,0.9630905822871019,354.02923464775085,354.0,1555,173,4,40,10,18,0.0,0.14250674379414435,,
44,car,CBM,1,OK,1.0,1.0,1.0,1.0,1.0,1.0,368.728253364563,368.7,1555,173,4,40,10,18,0.0,0.14250674379414435,,
44,car,CBM,2,OK,0.9826589595375722,0.9912937793489852,0.9017857142857143,0.9514652014652014,0.9219924812030075,0.9625388973267098,350.90302419662476,350.9,1555,173,4,40,10,10,0.0,0.5894188444823693,,
44,car,CBM,3,OK,0.9884393063583815,0.9997608113279755,0.9330357142857143,0.9915236278872643,0.9598184664574707,0.9751747619802327,352.9744174480438,353.0,1555,173,4,40,10,10,0.0,0.5894188444823693,,
44,car,CBM,4,OK,1.0,1.0,1.0,1.0,1.0,1.0,353.1044418811798,353.1,1555,173,4,40,10,18,0.0,0.14250674379414435,,
44,car,CBM,5,OK,0.9826589595375722,0.9301850258175559,0.938034188034188,0.9265053128689493,0.9227992356882398,0.9628336136595003,360.93054580688477,360.9,1555,173,4,40,10,18,0.0,0.14250674379414435,,
44,car,CBM,6,OK,1.0,1.0,1.0,1.0,1.0,1.0,368.2321391105652,368.2,1555,173,4,40,10,18,0.0,0.14250674379414435,,
44,car,CBM,7,OK,0.9942196531791907,1.0,0.9979508196721312,0.993421052631579,0.9956378600823046,0.9874289994629426,395.50406193733215,395.5,1555,173,4,40,10,18,0.0,0.14250674379414435,,
44,car,CBM,8,OK,0.9941860465116279,1.0,0.9642857142857143,0.9979338842975207,0.9797318863708906,0.987394610486629,408.686101436615,408.7,1556,172,4,40,10,10,0.0,0.5894188444823693,,
44,car,CBM,9,OK,0.9883720930232558,0.9999189758548047,0.9623397435897436,0.9958677685950413,0.9780032467532468,0.9750403009769487,351.80473589897156,351.8,1556,172,4,40,10,10,0.0,0.5894188444823693,,
44,credit-g,CBM_KE,0,OK,0.76,0.84,0.7138157894736843,0.6857142857142857,0.69558599695586,0.3985405706652278,291.6942231655121,291.7,900,100,2,40,12,12,0.0,1.9810784553569543,0.4158803570290569,2.7934602375930506
44,credit-g,CBM_KE,3,OK,0.79,0.7838095238095237,0.7533333333333334,0.7261904761904762,0.7366771159874608,0.4787549991450212,287.3494863510132,287.4,900,100,2,40,7,18,0.0,1.9070294310090286,0.5142723794813557,3.3379872602118508
44,credit-g,CBM_KE,4,OK,0.74,0.7938095238095237,0.7222222222222222,0.5952380952380952,0.59375,0.29095718698132317,313.92469120025635,313.9,900,100,2,40,3,4,0.0,0.05180068709382614,0.24489775328985336,4.169180711585749
44,credit-g,CBM_KE,5,OK,0.68,0.7509523809523808,0.6292335115864527,0.638095238095238,0.6323529411764706,0.2671818298643447,316.8357892036438,316.9,900,100,2,40,3,4,0.0,0.05180068709382614,0.24489775328985336,4.169180711585749
44,credit-g,CBM_KE,6,OK,0.73,0.7676190476190476,0.6733333333333333,0.6547619047619048,0.6614420062695925,0.32756920994133026,324.78633213043213,324.8,900,100,2,40,2,4,0.0,1.0896755526798811,0.21276320246654662,1.335537418426334
44,credit-g,CBM_KE,7,OK,0.67,0.6685714285714286,0.6044196211753279,0.6023809523809525,0.6033177064551027,0.2067905245719767,322.22601985931396,322.2,900,100,2,40,6,7,0.0,2.0543341467500014,0.8144598860480703,2.4528402208642532
44,credit-g,CBM_KE,8,OK,0.77,0.7085714285714286,0.7445074415308293,0.6642857142857144,0.6801557502433597,0.4008445069104218,287.18945813179016,287.2,900,100,2,40,6,10,0.0,3.8218774567862597,0.4998824701419221,3.293437143195249
44,credit-g,CBM_KE,9,OK,0.75,0.7195238095238096,0.7019288728149488,0.6595238095238095,0.6710093433346493,0.35895661600973144,329.55425095558167,329.6,900,100,2,40,7,16,0.0,0.3795228981304207,0.35673296722585707,3.4172364006664604
44,credit-g,CBM,2,OK,0.73,0.7723809523809524,0.7227342549923195,0.569047619047619,0.5523130492455646,0.24802636946554632,212.85114860534668,212.9,900,100,2,40,3,4,0.0,2.118151731024704,,
44,credit-g,CBM,4,OK,0.67,0.7157142857142857,0.6044196211753279,0.6023809523809525,0.6033177064551027,0.2067905245719767,220.74339056015015,220.8,900,100,2,40,5,7,0.0,3.002444519110561,,
44,credit-g,CBM,5,OK,0.69,0.7847619047619048,0.3484848484848485,0.4928571428571429,0.40828402366863903,-0.0657951694959769,231.32436513900757,231.3,900,100,2,40,9,5,0.0,1.9486618160563824,,
44,credit-g,CBM,6,OK,0.78,0.8361904761904762,0.7430555555555556,0.7666666666666666,0.7512437810945274,0.5091750772173156,226.96426439285278,227.0,900,100,2,40,5,14,0.0,3.0242059119749007,,
44,credit-g,CBM,7,OK,0.64,0.6761904761904761,0.5846702317290553,0.5904761904761905,0.5863970588235294,0.175050164393881,209.76228284835815,209.8,900,100,2,40,11,12,0.0,0.4708020494697665,,
44,credit-g,CBM,8,OK,0.76,0.6757142857142857,0.7306547619047619,0.6476190476190476,0.6612083568605307,0.36904761904761907,231.80177664756775,231.8,900,100,2,40,4,6,0.0,2.4434520052499322,,
44,credit-g,CBM,9,OK,0.71,0.7085714285714286,0.6397011046133854,0.6023809523809524,0.6080551425868361,0.23918806106484033,239.27624654769897,239.3,900,100,2,40,6,6,0.0,1.8499835281071166,,
44,diabetes,CBM_KE,0,OK,0.7402597402597403,0.8637037037037036,0.7149758454106281,0.6977777777777778,0.7038461538461538,0.4123951744684367,236.29058861732483,236.3,691,77,2,40,2,3,0.0,0.05180068709382614,0.24489775328985336,4.169180711585749
44,diabetes,CBM_KE,1,OK,0.7792207792207793,0.8414814814814815,0.7787193973634652,0.7192592592592593,0.7331294597349644,0.4944160539751941,261.3894159793854,261.4,691,77,2,40,5,16,0.0,0.3795228981304207,0.35673296722585707,3.4172364006664604
44,diabetes,CBM_KE,2,OK,0.7142857142857143,0.7733333333333333,0.6862962962962963,0.6862962962962963,0.6862962962962963,0.3725925925925926,239.4142985343933,239.4,691,77,2,40,5,17,0.0,1.595082877925835,0.4726733466452347,3.318221990194221
44,diabetes,CBM_KE,3,OK,0.7662337662337663,0.8111111111111111,0.7438461538461538,0.7348148148148148,0.7386877828054299,0.4785757597651158,241.22825241088867,241.2,691,77,2,40,6,14,0.0,3.398073136094174,0.7772454699632001,3.4609333663721396
44,diabetes,CBM_KE,4,OK,0.6883116883116883,0.7659259259259259,0.6654978962131837,0.6748148148148148,0.6681034482758621,0.3401851500506696,233.45144605636597,233.5,691,77,2,40,5,15,0.0,3.323962353060542,0.3287496780469381,3.96071380573242
44,diabetes,CBM_KE,5,OK,0.7532467532467533,0.8362962962962963,0.7318181818181818,0.7077777777777778,0.7156462585034014,0.43893811257017395,245.47239017486572,245.5,691,77,2,40,2,4,0.0,1.0896755526798811,0.21276320246654662,1.335537418426334
44,diabetes,CBM_KE,6,OK,0.7662337662337663,0.8266666666666667,0.7438461538461538,0.7348148148148148,0.7386877828054299,0.4785757597651158,236.80968570709229,236.8,691,77,2,40,7,14,0.0,0.18923289372889518,0.7935356087923038,1.4315289044475468
44,diabetes,CBM_KE,7,OK,0.7012987012987013,0.782962962962963,0.68125,0.6933333333333334,0.6840321141837645,0.37438839013338365,241.04321789741516,241.1,691,77,2,40,7,3,0.0,1.6217795943285902,0.7176751035771236,2.7281169550877404
44,diabetes,CBM_KE,8,OK,0.75,0.7830769230769231,0.7229780801209373,0.726923076923077,0.7247951210215361,0.4498838606904829,268.51421189308167,268.5,692,76,2,40,5,7,0.0,2.0543341467500014,0.8144598860480703,2.4528402208642532
44,diabetes,CBM_KE,9,OK,0.7894736842105263,0.8707692307692307,0.7713068181818181,0.7938461538461539,0.776962582538518,0.5647033381695739,257.49610137939453,257.5,692,76,2,40,2,4,0.0,1.0896755526798811,0.21276320246654662,1.335537418426334
44,diabetes,CBM,0,OK,0.7532467532467533,0.8177777777777778,0.7318181818181818,0.7077777777777778,0.7156462585034014,0.43893811257017395,184.57602763175964,184.6,691,77,2,40,4,12,0.0,3.0242059119749007,,
44,diabetes,CBM,1,OK,0.7792207792207793,0.8355555555555555,0.7579185520361991,0.7533333333333333,0.7554642256678498,0.5112313234371975,174.7831757068634,174.8,691,77,2,40,7,8,0.0,0.5894188444823693,,
44,diabetes,CBM,2,OK,0.7532467532467533,0.78,0.729559748427673,0.7162962962962962,0.7214924804873406,0.44565871858907996,167.79778456687927,167.8,691,77,2,40,6,5,0.0,1.9486618160563824,,
44,diabetes,CBM,4,OK,0.7272727272727273,0.7481481481481482,0.7,0.6792592592592592,0.6857142857142857,0.378691704962503,189.75786709785461,189.8,691,77,2,40,5,4,0.0,2.479862224501453,,
44,diabetes,CBM,5,OK,0.7792207792207793,0.8229629629629629,0.7588652482269503,0.7703703703703704,0.7632483270030747,0.5291105481433476,186.26694178581238,186.3,691,77,2,40,7,8,0.0,0.5894188444823693,,
44,diabetes,CBM,6,OK,0.7662337662337663,0.7807407407407407,0.7442528735632183,0.7518518518518519,0.7474489795918368,0.49604652413672967,175.29939317703247,175.3,691,77,2,40,7,8,0.0,0.5894188444823693,,
44,diabetes,CBM,8,OK,0.6973684210526315,0.816923076923077,0.6741935483870968,0.686923076923077,0.6771929824561403,0.3608921946768315,159.28390955924988,159.3,692,76,2,40,7,5,0.0,0.6748498132185163,,
44,kr-vs-kp,CBM_KE,0,OK,0.99375,0.996712457438065,0.993738014167743,0.993738014167743,0.993738014167743,0.9874760283354859,1053.4874279499054,1053.5,2876,320,2,40,3,5,0.0,0.815039001958304,0.6391752781875104,2.957279521904435
44,kr-vs-kp,CBM_KE,1,OK,0.996875,1.0,0.9970238095238095,0.9967320261437909,0.996868118424272,0.9937557928313525,1052.482496023178,1052.5,2876,320,2,40,7,16,0.0,0.3795228981304207,0.35673296722585707,3.4172364006664604
44,kr-vs-kp,CBM_KE,2,OK,0.9875,0.9992563891824194,0.987476028335486,0.987476028335486,0.987476028335486,0.9749520566709717,1099.9116275310516,1099.9,2876,320,2,40,10,3,0.0,0.33489853500772976,0.7188358228078107,3.5721766040012404
44,kr-vs-kp,CBM_KE,3,OK,0.99375,0.9999217251770969,0.993738014167743,0.993738014167743,0.993738014167743,0.9874760283354859,997.8686985969543,997.9,2876,320,2,40,11,3,0.0,4.719586066001756,0.349677368491426,3.585642249613574
44,kr-vs-kp,CBM_KE,5,OK,0.990625,0.9998434503541936,0.9907581453634086,0.9904700403115339,0.9906043552728163,0.9812281433787039,988.3000326156616,988.3,2876,320,2,40,10,6,0.0,2.894438002362208,0.5405508450051104,1.5710214278742023
44,kr-vs-kp,CBM_KE,6,OK,1.0,1.0,1.0,1.0,1.0,1.0,1102.8802654743195,1102.9,2877,319,2,40,11,7,0.0,3.5777474981592143,0.7206024503838122,4.814990223545893
44,kr-vs-kp,CBM_KE,7,OK,0.9968652037617555,0.9965726441853137,0.9970238095238095,0.9967105263157895,0.9968572976700655,0.9937342864569987,1133.894082069397,1133.9,2877,319,2,40,9,14,0.0,0.18923289372889518,0.7935356087923038,1.4315289044475468
44,kr-vs-kp,CBM,0,OK,0.996875,0.9974560682556456,0.9970238095238095,0.9967320261437909,0.996868118424272,0.9937557928313525,751.397218465805,751.4,2876,320,2,40,10,8,0.0,0.5894188444823693,,
44,kr-vs-kp,CBM,1,OK,0.996875,1.0,0.9970238095238095,0.9967320261437909,0.996868118424272,0.9937557928313525,729.4499213695526,729.5,2876,320,2,40,3,6,0.0,0.07912117845817557,,
44,kr-vs-kp,CBM,2,OK,0.990625,0.9914289068920982,0.9907581453634086,0.9904700403115339,0.9906043552728163,0.9812281433787039,793.2621622085571,793.3,2876,320,2,40,10,3,0.0,1.6628017040130205,,
44,kr-vs-kp,CBM,3,OK,0.99375,0.9999608625885484,0.993738014167743,0.993738014167743,0.993738014167743,0.9874760283354859,717.0906348228455,717.1,2876,320,2,40,10,8,0.0,0.5894188444823693,,
44,kr-vs-kp,CBM,4,OK,0.99375,0.9969864193182263,0.9940828402366864,0.9934640522875817,0.993734335839599,0.9875466986607835,768.7540864944458,768.8,2876,320,2,40,3,4,0.0,2.118151731024704,,
44,kr-vs-kp,CBM,5,OK,0.98125,0.9992955265938711,0.9810361681329424,0.9814880043833901,0.981223595681427,0.9625240664639265,673.0099637508392,673.0,2876,320,2,40,10,8,0.0,0.5894188444823693,,
44,kr-vs-kp,CBM,7,OK,0.9843260188087775,0.9985029940119761,0.9844489120151372,0.9841435549952726,0.9842864883503275,0.9685924188772087,828.5207242965698,828.5,2877,319,2,40,11,3,0.0,4.719586066001756,,
44,kr-vs-kp,CBM,8,OK,0.9905956112852664,0.9998818153167349,0.9904520040948106,0.9907225023636936,0.9905774627086102,0.9811744691719083,687.972386598587,688.0,2877,319,2,40,10,8,0.0,0.5894188444823693,,
44,kr-vs-kp,CBM,9,OK,0.9937304075235109,0.994566501299315,0.9937199779510197,0.9937199779510197,0.9937199779510197,0.9874399559020395,858.6489322185516,858.7,2877,319,2,40,7,8,0.0,2.3254132439024535,,
44,magic,CBM_KE,0,OK,0.881,0.9408733137546696,0.8892812180344638,0.8474905508803814,0.8627094690086816,0.7355856031820679,3751.3208708763123,3751.3,9000,1000,2,40,2,4,0.0,1.0896755526798811,0.21276320246654662,1.335537418426334
44,magic,CBM_KE,3,OK,0.884,0.9287178609212506,0.8889843640629299,0.8537263113534299,0.8671650268418256,0.7418733160699067,3362.9556477069855,3363.0,9000,1000,2,40,6,16,0.0,0.3795228981304207,0.35673296722585707,3.4172364006664604
44,magic,CBM_KE,4,OK,0.891,0.941544958494111,0.8848258706467662,0.8735091023226615,0.8786514502264987,0.7582505271895572,3657.0285358428955,3657.0,9000,1000,2,40,3,7,0.0,3.3450633361512345,0.5087799406049521,4.4853136637968785
44,magic,CBM_KE,5,OK,0.886,0.9413913142726702,0.8881886320752475,0.8585375704019771,0.8702918206477217,0.746137276918735,3262.5555667877197,3262.6,9000,1000,2,40,3,7,0.0,3.3450633361512345,0.5087799406049521,4.4853136637968785
44,magic,CBM_KE,6,OK,0.883,0.9330242889564925,0.877301117685733,0.8627671763264984,0.869182389937107,0.7399255667638069,3141.687711238861,3141.7,9000,1000,2,40,2,4,0.0,1.8796980520748328,0.30385876297954895,1.8131012993095141
44,magic,CBM_KE,7,OK,0.873,0.9368171063086317,0.8669117647058824,0.8504844182810285,0.8575848407473319,0.7172080769578847,3350.404037475586,3350.4,9000,1000,2,40,2,3,0.0,0.8492224338911412,0.573717434829053,4.0325525395943
44,magic,CBM_KE,8,OK,0.898,0.9501846153846154,0.904935345242913,0.8694505494505494,0.8831968339471226,0.7735724550213565,3202.999373435974,3203.0,9000,1000,2,40,2,4,0.0,1.8796980520748328,0.30385876297954895,1.8131012993095141
44,magic,CBM,0,OK,0.862,0.9038143275431412,0.8485506960083231,0.8485506960083231,0.8485506960083231,0.6971013920166462,2722.0424649715424,2722.1,9000,1000,2,40,5,17,0.0,2.046032743200477,,
44,magic,CBM,1,OK,0.865,0.9125632684954716,0.8598501788908766,0.8390884068850171,0.8477038821972607,0.6986301564558911,2538.058933496475,2538.1,9000,1000,2,40,4,12,0.0,3.0242059119749007,,
44,magic,CBM,2,OK,0.848,0.8955746074390141,0.8350318442830225,0.8286076760653032,0.8316080544526376,0.6636084259794071,2462.9509909152985,2463.0,9000,1000,2,40,9,8,0.0,0.5894188444823693,,
44,magic,CBM,4,OK,0.885,0.9348372907694941,0.8838008415147265,0.8603834959767163,0.8700680956163235,0.743815807909143,2487.489389181137,2487.5,9000,1000,2,40,2,4,0.0,1.6302135737726753,,
44,magic,CBM,5,OK,0.867,0.9165097300690522,0.8680936964020736,0.8353965557355387,0.8478217340312938,0.70272998501905,2453.5938651561737,2453.6,9000,1000,2,40,5,17,0.0,2.046032743200477,,
44,magic,CBM,6,OK,0.879,0.9222252951066511,0.8795090988443803,0.8511824020298597,0.8624360640343068,0.7301422242942999,2538.06383228302,2538.1,9000,1000,2,40,4,12,0.0,3.0242059119749007,,
44,magic,CBM,7,OK,0.857,0.9217204640933454,0.8439981565513329,0.8407741034859679,0.8423330301276221,0.684764670232354,2665.0593831539154,2665.1,9000,1000,2,40,5,17,0.0,2.046032743200477,,
44,magic,CBM,8,OK,0.884,0.9368395604395604,0.888901787787323,0.8534065934065934,0.8669474534201387,0.7414592530723498,2520.170692920685,2520.2,9000,1000,2,40,2,4,0.0,1.6302135737726753,,
44,magic,CBM,9,OK,0.851,0.8957802197802198,0.8383458646616542,0.8313186813186813,0.8345868835169714,0.6696276747845127,2714.865247488022,2714.9,9000,1000,2,40,4,14,0.0,1.8196039245834217,,
44,mfeat-factors,CBM_KE,0,OK,0.985,0.9999166666666668,0.9857142857142858,0.985,0.9851156973108195,0.9833879675158538,653.2267427444458,653.2,1800,200,10,40,10,13,0.0,2.50840055632271,0.4740941202911712,3.566817584388415
44,mfeat-factors,CBM_KE,1,OK,0.97,0.9973055555555556,0.9713385737069947,0.9700000000000001,0.970081700498902,0.9668009539030812,594.8979589939117,594.9,1800,200,10,40,6,17,0.0,3.4200263685794217,0.7159837149186867,4.75480995816827
44,mfeat-factors,CBM_KE,2,OK,0.99,0.9999722222222222,0.9904761904761905,0.99,0.9899937460913071,0.9889438317391072,656.9171795845032,656.9,1800,200,10,40,9,24,0.0,1.9920947852128394,0.545974136432005,2.475865669784074
44,mfeat-factors,CBM_KE,3,OK,0.97,0.997013888888889,0.9702130325814536,0.97,0.969865540963102,0.9667203748460935,670.9430723190308,671.0,1800,200,10,40,8,15,0.0,1.558269848325327,0.5475113669574412,2.9334840324215534
44,mfeat-factors,CBM_KE,4,OK,0.97,0.99975,0.9718614718614719,0.97,0.9698274767594409,0.9669084239961102,644.6777114868164,644.7,1800,200,10,40,11,11,0.0,4.719586066001756,0.349677368491426,3.585642249613574
44,mfeat-factors,CBM_KE,5,OK,0.97,0.9968611111111111,0.9711221234905445,0.97,0.9699754310729919,0.9668009539030812,731.4370229244232,731.5,1800,200,10,40,12,20,0.0,1.9810784553569543,0.4158803570290569,2.7934602375930506
44,mfeat-factors,CBM_KE,6,OK,0.985,0.999,0.9852380952380952,0.985,0.9849968730456535,0.9833606492863181,675.6955354213715,675.7,1800,200,10,40,11,15,0.0,3.5777474981592143,0.7206024503838122,4.814990223545893
44,mfeat-factors,CBM_KE,7,OK,0.955,0.9929722222222223,0.9572476646160857,0.9549999999999998,0.9550566378422605,0.9502375890996255,615.9268052577972,616.0,1800,200,10,40,8,22,0.0,4.040228836202934,0.2130817617486669,2.3233185366269224
44,mfeat-factors,CBM,0,OK,0.985,0.9998611111111112,0.9854761904761904,0.985,0.984993746091307,0.9833879675158538,512.4949569702148,512.5,1800,200,10,40,6,25,0.0,2.8837290633618196,,
44,mfeat-factors,CBM,2,OK,0.99,0.9999444444444444,0.9904761904761905,0.99,0.9899937460913069,0.9889438317391072,547.6192281246185,547.6,1800,200,10,40,12,14,0.0,4.275727117612186,,
44,mfeat-factors,CBM,3,OK,0.97,0.9971944444444445,0.9702380952380952,0.97,0.9699968730456534,0.9666935196373974,455.780193567276,455.8,1800,200,10,40,6,13,0.0,1.3309621556961058,,
44,mfeat-factors,CBM,5,OK,0.975,0.9968888888888889,0.9778656126482212,0.9749999999999999,0.9753058854650043,0.972492396528458,479.16142416000366,479.2,1800,200,10,40,11,20,0.0,0.4708020494697665,,
44,mfeat-factors,CBM,6,OK,0.97,0.9987777777777778,0.9705916305916306,0.97,0.9697086524942751,0.9668009539030812,475.1673095226288,475.2,1800,200,10,40,6,13,0.0,1.3309621556961058,,
44,mfeat-factors,CBM,7,OK,0.945,0.9975000000000002,0.9476695526695528,0.945,0.9451624605604068,0.9391498000760538,459.9990043640137,460.0,1800,200,10,40,9,20,0.0,2.3138800398722372,,
44,mfeat-factors,CBM,8,OK,0.975,0.9954722222222223,0.9748319327731092,0.975,0.9741694133157548,0.9723842997797743,531.2654218673706,531.3,1800,200,10,40,6,15,0.0,0.6703313726912365,,
44,mfeat-factors,CBM,9,OK,0.97,0.9948888888888888,0.9716233766233767,0.97,0.9696847088310502,0.9669084239961102,478.5343372821808,478.5,1800,200,10,40,5,15,0.0,3.2316416147987552,,
44,optdigits,CBM_KE,0,OK,0.9839857651245552,0.997890453325007,0.9846058283989316,0.9839252127183162,0.9840565975744717,0.9822537487800882,2187.1758210659027,2187.2,5058,562,10,40,12,20,0.0,1.9810784553569543,0.4158803570290569,2.7934602375930506
44,optdigits,CBM_KE,2,OK,0.994661921708185,0.9999333878713141,0.9947973381730186,0.9946741854636592,0.9946891562589908,0.9940791557712492,2034.4437892436981,2034.5,5058,562,10,40,12,20,0.0,1.9810784553569543,0.4158803570290569,2.7934602375930506
44,optdigits,CBM_KE,3,OK,0.9875444839857651,0.9991430800206338,0.9876847290640394,0.9875928457507406,0.9875461493860271,0.9861812272097981,1908.8870570659637,1908.9,5058,562,10,40,10,13,0.0,2.50840055632271,0.4740941202911712,3.566817584388415
44,optdigits,CBM_KE,4,OK,0.9857651245551602,0.9996805626769041,0.9862935392250352,0.9856784005468218,0.9857753178669869,0.9842278971029694,1790.7774090766907,1790.8,5058,562,10,40,5,23,0.0,3.3450633361512345,0.5087799406049521,4.4853136637968785
44,optdigits,CBM_KE,6,OK,0.9786476868327402,0.9924401168321605,0.9794311836943714,0.9786956026429712,0.9787169989570333,0.9763539100265278,1890.861293554306,1890.9,5058,562,10,40,7,17,0.0,2.9935933188745256,0.6039656223044116,2.4798224666304076
44,optdigits,CBM_KE,7,OK,0.9875444839857651,0.9989334475269505,0.9876868896378876,0.9875301891091365,0.9875126850092929,0.9861811787597167,2123.9674487113953,2124.0,5058,562,10,40,11,15,0.0,3.5777474981592143,0.7206024503838122,4.814990223545893
44,optdigits,CBM_KE,8,OK,0.9822064056939501,0.9997324505252093,0.9825932575211237,0.9821417179311915,0.9821492053461857,0.9802770245341341,1977.0072846412659,1977.0,5058,562,10,40,9,15,0.0,0.43414741475765783,0.22610855518472492,1.5305113169181603
44,optdigits,CBM_KE,9,OK,0.9822064056939501,0.9953562075079312,0.98257497191254,0.9822983595352017,0.982298763743376,0.9802603344312208,1990.859340429306,1990.9,5058,562,10,40,8,23,0.0,3.323962353060542,0.3287496780469381,3.96071380573242
44,optdigits,CBM,0,OK,0.994661921708185,0.9999402788567252,0.9948568088836938,0.9946103896103896,0.9946705556996742,0.9940824868391315,1315.4549803733826,1315.5,5058,562,10,40,11,16,0.0,0.5894188444823693,,
44,optdigits,CBM,1,OK,0.9839857651245552,0.9993057473068472,0.9848973775720973,0.9838277511961723,0.984002174786348,0.9822880004839734,1429.4466695785522,1429.5,5058,562,10,40,11,16,0.0,0.5894188444823693,,
44,optdigits,CBM,2,OK,0.9857651245551602,0.999838708249707,0.9859724728807135,0.9857456140350879,0.9856534345439893,0.9842280629665573,1596.0520792007446,1596.1,5058,562,10,40,8,16,0.0,2.3254132439024535,,
44,optdigits,CBM,3,OK,0.9839857651245552,0.9998914732104988,0.9845391532601229,0.9840538847117795,0.9839357483888783,0.9822858489419101,1324.0335416793823,1324.0,5058,562,10,40,11,16,0.0,0.5894188444823693,,
44,optdigits,CBM,4,OK,0.9786476868327402,0.9996358546975921,0.9788370129567951,0.9786608566871726,0.9786056917347036,0.9763054858265736,1263.8933553695679,1263.9,5058,562,10,40,11,20,0.0,0.4708020494697665,,
44,optdigits,CBM,5,OK,0.9928825622775801,0.9997000694760185,0.9930127041742287,0.9928235361130098,0.9928538041696948,0.9921054855718424,1451.0310282707214,1451.0,5058,562,10,40,8,11,0.0,1.9688145654869562,,
44,optdigits,CBM,7,OK,0.9857651245551602,0.9995235316257427,0.9860243280615333,0.9857444748234222,0.985756145951628,0.9842108047968616,1212.9477379322052,1213.0,5058,562,10,40,11,16,0.0,0.5894188444823693,,
44,optdigits,CBM,8,OK,0.9822064056939501,0.9993240640941636,0.9822286686136291,0.9822043745727956,0.9821055083587129,0.9802532983714127,1253.5428338050842,1253.6,5058,562,10,40,11,16,0.0,0.5894188444823693,,
44,optdigits,CBM,9,OK,0.9857651245551602,0.9998635769510262,0.9860545760954109,0.9858395989974937,0.9857389294277976,0.9842283399097553,1344.206916809082,1344.2,5058,562,10,40,11,16,0.0,0.5894188444823693,,
44,page-blocks,CBM_KE,0,OK,0.9598540145985401,0.9954617418526286,0.9065636118267697,0.7917682926829268,0.8355375253549695,0.7848916664824738,1568.1522643566132,1568.2,4925,548,5,40,7,10,0.0,0.43414741475765783,0.22610855518472492,1.5305113169181603
44,page-blocks,CBM_KE,1,OK,0.968978102189781,0.9847654467423104,0.6881272401433691,0.6791787529058404,0.6834768659236744,0.8332682881802415,1785.9513156414032,1786.0,4925,548,5,40,3,8,0.0,1.0896755526798811,0.21276320246654662,1.335537418426334
44,page-blocks,CBM_KE,3,OK,0.9744058500914077,0.9888614416597962,0.8195339134969524,0.8771420930280401,0.845466491033152,0.8701727150746383,1493.1472008228302,1493.2,4926,547,5,40,6,19,0.0,0.3795228981304207,0.35673296722585707,3.4172364006664604
44,page-blocks,CBM_KE,4,OK,0.9634369287020109,0.9885590126133991,0.6861971830985916,0.6355325145549179,0.6554285411870552,0.7986636323222861,1880.8185098171234,1880.8,4926,547,5,40,3,8,0.0,1.0896755526798811,0.21276320246654662,1.335537418426334
44,page-blocks,CBM_KE,6,OK,0.9725776965265083,0.99626551837468,0.8363092098566657,0.8411857886399637,0.8371194447928426,0.8581422683644427,1470.5932955741882,1470.6,4926,547,5,40,7,10,0.0,0.43414741475765783,0.22610855518472492,1.5305113169181603
44,page-blocks,CBM_KE,8,OK,0.9780621572212066,0.9762340174650195,0.926819216215501,0.8885254988913525,0.9044570324269697,0.8806117057296642,1673.8621933460236,1673.9,4926,547,5,40,3,8,0.0,1.0896755526798811,0.21276320246654662,1.335537418426334
44,pendigits,CBM_KE,0,OK,0.99,0.9984077963791927,0.9900260828621448,0.9898230879716751,0.9898562163929613,0.9889008916858093,3240.793307542801,3240.8,9000,1000,10,40,8,24,0.0,0.3795228981304207,0.35673296722585707,3.4172364006664604
44,pendigits,CBM_KE,1,OK,0.993,0.9967978262162855,0.9931736312351618,0.992918856306033,0.9930161750078135,0.992227231051047,3593.540516614914,3593.6,9000,1000,10,40,8,23,0.0,3.323962353060542,0.3287496780469381,3.96071380573242
44,pendigits,CBM_KE,2,OK,0.995,0.9999921311281554,0.9950020548587345,0.9950022326744463,0.9949921115835014,0.9944456977501104,3388.1612939834595,3388.2,9000,1000,10,40,6,17,0.0,3.4200263685794217,0.7159837149186867,4.75480995816827
44,pendigits,CBM_KE,3,OK,0.999,0.9997041766427242,0.999056603773585,0.9990476190476191,0.9990475974511893,0.9988897890605382,3674.76606297493,3674.8,9000,1000,10,40,11,11,0.0,4.719586066001756,0.349677368491426,3.585642249613574
44,pendigits,CBM_KE,4,OK,0.998,0.9999989268543956,0.9980272108843538,0.9979858299595141,0.9979965182711178,0.9977796102080928,3506.518001317978,3506.5,9000,1000,10,40,10,11,0.0,1.6217795943285902,0.7176751035771236,2.7281169550877404
44,pendigits,CBM_KE,5,OK,0.993,0.9998923563881199,0.9932152483634964,0.9931432803097449,0.993135869708472,0.9922308238097143,3359.2580637931824,3359.3,9000,1000,10,40,11,11,0.0,4.719586066001756,0.349677368491426,3.585642249613574
44,pendigits,CBM_KE,6,OK,0.997,0.9999966222821243,0.9969072164948454,0.9970352564102564,0.9969565873534887,0.9966694413102553,3047.4497611522675,3047.5,9000,1000,10,40,10,13,0.0,2.50840055632271,0.4740941202911712,3.566817584388415
44,pendigits,CBM_KE,7,OK,0.994,0.9990886342233386,0.9941555746982708,0.9939717139656461,0.9940246968304809,0.9933408684202015,458.54641366004944,458.6,9000,1000,10,40,12,20,0.0,1.9810784553569543,0.4158803570290569,2.7934602375930506
44,pendigits,CBM_KE,8,OK,0.998,1.0,0.9980180533751962,0.9980860805860805,0.9980425270127787,0.9977796126959553,3253.3790798187256,3253.4,9000,1000,10,40,8,24,0.0,3.421103937949532,0.5374507075461628,3.5457466333851886
44,pendigits,CBM,0,OK,0.992,0.998112196612753,0.9918575705542791,0.9918248895931343,0.9918047131091564,0.9911170728262255,2101.625347852707,2101.6,9000,1000,10,40,11,16,0.0,0.5894188444823693,,
44,pendigits,CBM,1,OK,0.994,0.9997663098351068,0.9940137602902073,0.9939808232098498,0.9939672815034161,0.9933387491657344,2452.783194065094,2452.8,9000,1000,10,40,11,16,0.0,0.5894188444823693,,
44,pendigits,CBM,4,OK,0.996,0.9999870322695351,0.9961312609223661,0.9960627530364373,0.9960732857577519,0.9955603169312579,2479.1405334472656,2479.2,9000,1000,10,40,11,16,0.0,0.5894188444823693,,
44,pendigits,CBM,5,OK,0.993,0.9998779013798759,0.9931500684453752,0.993190145209551,0.9931416962162138,0.9922275762153223,2190.597190618515,2190.6,9000,1000,10,40,11,16,0.0,0.5894188444823693,,
44,pendigits,CBM,6,OK,0.996,0.99999777456826,0.9960332096419433,0.9961445108289769,0.9960695797946642,0.9955592401981209,2337.3039734363556,2337.3,9000,1000,10,40,6,24,0.0,2.8372966344706034,,
44,pendigits,CBM,7,OK,0.993,0.999930082255281,0.9929956879531059,0.9930101755041075,0.9929692176256234,0.9922285752394064,2334.299707174301,2334.3,9000,1000,10,40,5,20,0.0,0.07912117845817557,,
44,pendigits,CBM,8,OK,0.999,1.0,0.9989690721649485,0.9989583333333334,0.99895830507555,0.9988897964633017,2384.37832736969,2384.4,9000,1000,10,40,11,16,0.0,0.5894188444823693,,
44,phoneme,CBM_KE,1,OK,0.866913123844732,0.9321512068227468,0.8492608897956262,0.8213144983371201,0.8332762635255444,0.6699927987477412,2069.88397026062,2069.9,4863,541,2,40,2,4,0.0,1.0896755526798811,0.21276320246654662,1.335537418426334
44,phoneme,CBM_KE,3,OK,0.8706099815157117,0.9397247192861142,0.8428522738338688,0.847797095722612,0.8452517162471396,0.6906316676820236,2017.1968626976013,2017.2,4863,541,2,40,4,14,0.0,4.084071434829101,0.6403640185318906,3.768508517143484
44,phoneme,CBM_KE,5,OK,0.9037037037037037,0.9414308436609451,0.8788553259141494,0.894824044005567,0.8861572392319668,0.7735145554428089,2014.9587621688843,2015.0,4864,540,2,40,4,13,0.0,0.18923289372889518,0.7935356087923038,1.4315289044475468
44,phoneme,CBM,6,OK,0.8925925925925926,0.9520014580157731,0.8649896363293763,0.8851149844257407,0.8738805489337027,0.7498345900544853,1246.9836263656616,1247.0,4864,540,2,40,2,4,0.0,1.6302135737726753,,
44,satimage,CBM_KE,1,OK,0.9315707620528771,0.9933182799343819,0.9262148951970675,0.9138676417341527,0.9176565040536011,0.915837058785982,2813.5985958576202,2813.6,5787,643,6,40,3,8,0.0,1.0896755526798811,0.21276320246654662,1.335537418426334
44,satimage,CBM_KE,3,OK,0.937791601866252,0.992512398630566,0.9346234082849328,0.9183300033120106,0.9245059355009099,0.9233694064674078,2379.0270462036133,2379.0,5787,643,6,40,7,20,0.0,0.3795228981304207,0.35673296722585707,3.4172364006664604
44,satimage,CBM_KE,4,OK,0.9129082426127527,0.9915916618039402,0.8931450348191919,0.8989926587228659,0.8948484247114187,0.8931826437416567,2258.810103416443,2258.8,5787,643,6,40,5,19,0.0,3.3450633361512345,0.5087799406049521,4.4853136637968785
44,satimage,CBM_KE,5,OK,0.9222395023328149,0.9903275096827079,0.9110717128459371,0.9076070595544602,0.9091712743461464,0.9040485681159474,2483.044845342636,2483.1,5787,643,6,40,3,8,0.0,1.0896755526798811,0.21276320246654662,1.335537418426334
44,satimage,CBM_KE,7,OK,0.937791601866252,0.9931016146216879,0.9289011121980181,0.917129706342631,0.9215309311912305,0.9233334295506286,2648.815087080002,2648.8,5787,643,6,40,3,8,0.0,1.0896755526798811,0.21276320246654662,1.335537418426334
44,satimage,CBM,0,OK,0.9082426127527217,0.9871722168123087,0.8937638713050745,0.8962388929081566,0.8947040915306631,0.8869684843946325,1589.4717302322388,1589.5,5787,643,6,40,6,14,0.0,2.4362585747907217,,
44,satimage,CBM,2,OK,0.9082426127527217,0.9838941252958008,0.8990611247455598,0.8921073541533538,0.8950419110649896,0.8868923574005676,1313.7835657596588,1313.8,5787,643,6,40,11,7,0.0,4.719586066001756,,
44,satimage,CBM,3,OK,0.9331259720062208,0.9903032819925585,0.9252323752323753,0.9119860720439493,0.9169062177351007,0.9176645902490943,1924.3442027568817,1924.4,5787,643,6,40,9,16,0.0,4.255531654463596,,
44,satimage,CBM,4,OK,0.9144634525660964,0.9670275767480735,0.897869822308806,0.9018898175650064,0.8996390298895885,0.8945572588606178,1494.062063217163,1494.1,5787,643,6,40,4,12,0.0,0.07912117845817557,,
44,satimage,CBM,5,OK,0.9144634525660964,0.9855522114888619,0.9058894896509321,0.9065613051789675,0.9041414869105283,0.89518738928627,1741.7798268795013,1741.8,5787,643,6,40,9,18,0.0,2.488889267371767,,
44,satimage,CBM,6,OK,0.911353032659409,0.9898098310685519,0.9022618002871649,0.8850544618365673,0.8920623259233255,0.8906651219073631,1923.206218957901,1923.2,5787,643,6,40,9,16,0.0,4.255531654463596,,
44,satimage,CBM,8,OK,0.9175738724727839,0.9854221177181604,0.9100861320028133,0.9040357833274156,0.906573238422807,0.8983107205420079,1646.5525181293488,1646.6,5787,643,6,40,11,12,0.0,0.5894188444823693,,
44,satimage,CBM,9,OK,0.9284603421461898,0.9861233343808515,0.9155921434703416,0.9123806941065903,0.9136556758789101,0.9117535155762273,1331.4292776584625,1331.4,5787,643,6,40,11,12,0.0,0.5894188444823693,,
44,segment,CBM_KE,0,OK,0.9783549783549783,0.9986663168481351,0.9803543038837157,0.9783549783549784,0.9779949366582944,0.9751953256669221,700.3445129394531,700.4,2079,231,7,40,5,20,0.0,3.3450633361512345,0.5087799406049521,4.4853136637968785
44,segment,CBM_KE,1,OK,0.9826839826839827,0.9989286807468625,0.983178726035869,0.9826839826839827,0.9826760249554367,0.979883678912969,809.6775720119476,809.7,2079,231,7,40,8,12,0.0,0.43414741475765783,0.22610855518472492,1.5305113169181603
44,segment,CBM_KE,2,OK,0.9826839826839827,0.9989286807468626,0.9826593393955824,0.9826839826839827,0.9824780319183304,0.9798622520260523,896.6897003650665,896.7,2079,231,7,40,8,21,0.0,4.084071434829101,0.6403640185318906,3.768508517143484
44,segment,CBM_KE,3,OK,0.974025974025974,0.9988412261139533,0.9745352686529156,0.974025974025974,0.9740845286554242,0.9697605793247528,826.1488616466522,826.2,2079,231,7,40,11,8,0.0,4.719586066001756,0.349677368491426,3.585642249613574
44,segment,CBM_KE,4,OK,0.948051948051948,0.9959989505444051,0.9478506945300114,0.9480519480519481,0.9477692705304646,0.9394555612208543,882.898238658905,882.9,2079,231,7,40,10,19,0.0,0.18923289372889518,0.7935356087923038,1.4315289044475468
44,segment,CBM_KE,5,OK,0.9653679653679653,0.9990379990379992,0.9654714158390628,0.9653679653679654,0.9653610071520519,0.95961694056214,881.5629649162292,881.6,2079,231,7,40,4,9,0.0,4.053354771741543,0.6490966204250074,3.094199672352516
44,segment,CBM_KE,6,OK,0.9783549783549783,0.9996283178101361,0.9799319727891156,0.9783549783549784,0.9785294468958152,0.9749606601216634,878.9862756729126,879.0,2079,231,7,40,8,21,0.0,4.084071434829101,0.6403640185318906,3.768508517143484
44,segment,CBM_KE,7,OK,0.9696969696969697,0.9955616773798592,0.9711219971859711,0.9696969696969697,0.9695258483266516,0.9649418700934892,809.493577003479,809.5,2079,231,7,40,4,9,0.0,4.053354771741543,0.6490966204250074,3.094199672352516
44,segment,CBM_KE,8,OK,0.9567099567099567,0.9956272683545411,0.9594010926079237,0.9567099567099567,0.9571932006633499,0.9498064942582288,836.9780881404877,837.0,2079,231,7,40,9,9,0.0,4.034835142873239,0.2412292449604542,3.0629497024873578
44,segment,CBM_KE,9,OK,0.974025974025974,0.9969828151646334,0.9751427843864818,0.974025974025974,0.9741310364037067,0.969845411637326,819.5625376701355,819.6,2079,231,7,40,5,20,0.0,3.3450633361512345,0.5087799406049521,4.4853136637968785
44,segment,CBM,0,OK,0.9783549783549783,0.9988412261139535,0.9793650793650794,0.9783549783549784,0.9783101646455685,0.9749393352895842,559.4490919113159,559.5,2079,231,7,40,11,10,0.0,0.6748498132185163,,
44,segment,CBM,1,OK,0.987012987012987,0.9958677685950413,0.9872676343264579,0.987012987012987,0.9870766049870527,0.9848700179453542,554.4602847099304,554.5,2079,231,7,40,6,19,0.0,3.0242059119749007,,
44,segment,CBM,2,OK,0.9826839826839827,0.9977699068608159,0.9838935574229692,0.9826839826839827,0.9827967336038393,0.9799694005191966,527.1477842330933,527.2,2079,231,7,40,6,19,0.0,3.0242059119749007,,
44,segment,CBM,3,OK,0.9783549783549783,0.9978136341772705,0.9783549783549784,0.9783549783549784,0.9783549783549784,0.9747474747474747,537.9942390918732,538.0,2079,231,7,40,3,8,0.0,1.6302135737726753,,
44,segment,CBM,5,OK,0.974025974025974,0.9991254536709082,0.9741373822256174,0.974025974025974,0.9740210038717502,0.9697181715154257,566.9133288860321,566.9,2079,231,7,40,8,17,0.0,2.3138800398722372,,
44,segment,CBM,6,OK,0.9913419913419913,0.9992129083038174,0.9918367346938776,0.9913419913419913,0.9913340336134454,0.98998557251001,546.5302438735962,546.5,2079,231,7,40,6,19,0.0,3.0242059119749007,,
44,segment,CBM,7,OK,0.9653679653679653,0.9890463072281255,0.9675827436467176,0.9653679653679654,0.965159894371437,0.9600368491021514,493.97886323928833,494.0,2079,231,7,40,5,22,0.0,4.977602102207946,,
44,segment,CBM,9,OK,0.9826839826839827,0.9995408631772268,0.9829306722689076,0.9826839826839827,0.9826800065606036,0.9798408265446843,572.2427358627319,572.3,2079,231,7,40,3,8,0.0,1.6302135737726753,,
44,spambase,CBM_KE,0,OK,0.9501084598698482,0.9869234707944385,0.948184688239937,0.9473197053842215,0.9477471084236412,0.8955039758732681,1685.5531151294708,1685.6,4140,461,2,40,7,16,0.0,4.084071434829101,0.6403640185318906,3.768508517143484
44,spambase,CBM_KE,2,OK,0.9434782608695652,0.9805342680053071,0.9394594594594594,0.9427315392384008,0.9410151703458207,0.8821849305431647,1487.4577069282532,1487.5,4141,460,2,40,6,14,0.0,2.832602590833992,0.6218266268623289,2.3658210639722173
44,spambase,CBM_KE,3,OK,0.9543478260869566,0.9759599199984157,0.9534425053789146,0.9507217964712172,0.9520355115963832,0.9041602084161722,1659.452642440796,1659.5,4141,460,2,40,2,4,0.0,1.0896755526798811,0.21276320246654662,1.335537418426334
44,spambase,CBM_KE,4,OK,0.9521739130434783,0.9730885760114062,0.9498999980197628,0.9498999980197628,0.9498999980197628,0.8997999960395255,1769.4419825077057,1769.5,4141,460,2,40,2,4,0.0,1.0896755526798811,0.21276320246654662,1.335537418426334
44,spambase,CBM_KE,5,OK,0.9347826086956522,0.9793065209212064,0.9304176904176904,0.9336224479692667,0.9319405811682547,0.8640341950830347,1429.4900598526,1429.5,4141,460,2,40,12,12,0.0,1.9810784553569543,0.4158803570290569,2.7934602375930506
44,spambase,CBM_KE,6,OK,0.9434782608695652,0.9859403156498149,0.9466438927184367,0.9349690092873126,0.9400501253132831,0.8815355954695583,1693.240245103836,1693.3,4141,460,2,40,7,16,0.0,4.084071434829101,0.6403640185318906,3.768508517143484
44,spambase,CBM_KE,7,OK,0.9478260869565217,0.9873660864571575,0.9446252786490699,0.9463157686290817,0.9454502332200174,0.8909394434913729,1511.8914666175842,1511.9,4141,460,2,40,9,5,0.0,2.50840055632271,0.4740941202911712,3.566817584388415
44,spambase,CBM_KE,8,OK,0.9326086956521739,0.9731994624080954,0.9298897007861542,0.929065538777769,0.9294726273671925,0.8589548441747683,1678.7994265556335,1678.8,4141,460,2,40,12,12,0.0,1.9810784553569543,0.4158803570290569,2.7934602375930506
44,spambase,CBM_KE,9,OK,0.9434782608695652,0.9796624239070283,0.9416666666666667,0.939955727725512,0.9407909067506287,0.8816207342058928,1770.9689209461212,1771.0,4141,460,2,40,3,4,0.0,0.05180068709382614,0.24489775328985336,4.169180711585749
44,spambase,CBM,0,OK,0.9479392624728851,0.9723502304147464,0.9463127718465797,0.9445724526369688,0.9454222573007103,0.8908835246496318,1130.5089144706726,1130.5,4140,461,2,40,10,8,0.0,0.5894188444823693,,
44,spambase,CBM,2,OK,0.9434782608695652,0.9818016198340561,0.9384212889747945,0.9446721717261728,0.9412285012285013,0.8830713373208527,1094.5590870380402,1094.6,4141,460,2,40,5,7,0.0,0.6703313726912365,,
44,spambase,CBM,3,OK,0.9434782608695652,0.9808313035901701,0.9424247868878641,0.9388502742628566,0.9405554782401241,0.8812678118856381,1093.1719753742218,1093.2,4141,460,2,40,10,8,0.0,0.5894188444823693,,
44,spambase,CBM,7,OK,0.9478260869565217,0.9855244658310066,0.9434095316448258,0.9482564011168538,0.9456521739130435,0.8916527594888479,1374.2252886295319,1374.2,4141,460,2,40,7,16,0.0,4.084071434829101,,
44,spambase,CBM,8,OK,0.9326086956521739,0.9706300893351253,0.9298897007861542,0.929065538777769,0.9294726273671925,0.8589548441747683,1045.512583732605,1045.5,4141,460,2,40,10,8,0.0,0.5894188444823693,,
44,spambase,CBM,9,OK,0.9434782608695652,0.9711241995414657,0.9416666666666667,0.939955727725512,0.9407909067506287,0.8816207342058928,1251.8942062854767,1251.9,4141,460,2,40,5,7,0.0,0.6703313726912365,,
44,tic-tac-toe,CBM_KE,0,OK,1.0,1.0,1.0,1.0,1.0,1.0,353.0060226917267,353.0,862,96,2,40,9,14,0.0,0.18923289372889518,0.7935356087923038,1.4315289044475468
44,tic-tac-toe,CBM_KE,1,OK,1.0,1.0,1.0,1.0,1.0,1.0,336.75690388679504,336.8,862,96,2,40,9,14,0.0,0.18923289372889518,0.7935356087923038,1.4315289044475468
44,tic-tac-toe,CBM_KE,2,OK,0.9895833333333334,1.0,0.9921875,0.9848484848484849,0.9883706844336766,0.9770084209183943,322.35243582725525,322.4,862,96,2,40,4,13,0.0,3.3450633361512345,0.5087799406049521,4.4853136637968785
44,tic-tac-toe,CBM_KE,3,OK,0.96875,0.9985569985569985,0.9625237191650854,0.968975468975469,0.9656119402985075,0.9314768448173557,320.9494481086731,321.0,862,96,2,40,6,15,0.0,3.056157892621368,0.7171667893277034,3.9475045759904672
44,tic-tac-toe,CBM_KE,4,OK,0.9479166666666666,0.9259259259259259,0.9632352941176471,0.9242424242424243,0.9399324239769742,0.886620694933573,298.8393805027008,298.9,862,96,2,40,3,3,0.0,4.053354771741543,0.6490966204250074,3.094199672352516
44,tic-tac-toe,CBM_KE,5,OK,1.0,1.0,1.0,1.0,1.0,1.0,326.86093282699585,326.9,862,96,2,40,7,16,0.0,0.3795228981304207,0.35673296722585707,3.4172364006664604
44,tic-tac-toe,CBM_KE,7,OK,0.96875,0.9696969696969697,0.9772727272727273,0.9545454545454546,0.964562569213732,0.9315409787235999,308.90141892433167,308.9,862,96,2,40,9,14,0.0,0.18923289372889518,0.7935356087923038,1.4315289044475468
44,tic-tac-toe,CBM_KE,8,OK,1.0,1.0,1.0,1.0,1.0,1.0,337.77569460868835,337.8,863,95,2,40,9,14,0.0,0.18923289372889518,0.7935356087923038,1.4315289044475468
44,tic-tac-toe,CBM_KE,9,OK,0.9789473684210527,0.9990224828934506,0.9714285714285714,0.9838709677419355,0.9770973963355833,0.95521850710367,330.61124062538147,330.6,863,95,2,40,9,14,0.0,0.18923289372889518,0.7935356087923038,1.4315289044475468
44,tic-tac-toe,CBM,0,OK,1.0,1.0,1.0,1.0,1.0,1.0,239.00134682655334,239.0,862,96,2,40,7,8,0.0,2.3254132439024535,,
44,tic-tac-toe,CBM,1,OK,0.9791666666666666,0.9990512333965844,0.9722222222222222,0.9838709677419355,0.9775175644028102,0.9560222249632359,221.89965438842773,221.9,862,96,2,40,9,5,0.0,1.9486618160563824,,
44,tic-tac-toe,CBM,2,OK,1.0,1.0,1.0,1.0,1.0,1.0,210.37053728103638,210.4,862,96,2,40,10,8,0.0,0.5894188444823693,,
44,tic-tac-toe,CBM,3,OK,1.0,1.0,1.0,1.0,1.0,1.0,209.97748517990112,210.0,862,96,2,40,2,4,0.0,1.6302135737726753,,
44,tic-tac-toe,CBM,4,OK,0.9583333333333334,0.9658489658489658,0.9701492537313433,0.9393939393939394,0.9523573200992556,0.9090230639541237,209.36426448822021,209.4,862,96,2,40,4,13,0.0,3.3450633361512345,,
44,tic-tac-toe,CBM,5,OK,1.0,1.0,1.0,1.0,1.0,1.0,201.48266577720642,201.5,862,96,2,40,10,8,0.0,0.5894188444823693,,
44,tic-tac-toe,CBM,6,OK,0.9791666666666666,0.9951899951899952,0.9714285714285714,0.9841269841269842,0.9772296015180266,0.9554711769949041,233.03822565078735,233.1,862,96,2,40,2,4,0.0,1.6302135737726753,,
44,tic-tac-toe,CBM,7,OK,0.96875,0.9473304473304474,0.9772727272727273,0.9545454545454546,0.964562569213732,0.9315409787235999,216.22193956375122,216.2,862,96,2,40,2,4,0.0,1.6302135737726753,,
44,tic-tac-toe,CBM,8,OK,1.0,1.0,1.0,1.0,1.0,1.0,213.12935090065002,213.1,863,95,2,40,10,8,0.0,0.5894188444823693,,
44,tic-tac-toe,CBM,9,OK,0.9894736842105263,0.9819159335288368,0.9920634920634921,0.9848484848484849,0.9883076923076923,0.9768853332428297,227.30660247802734,227.3,863,95,2,40,2,4,0.0,1.6302135737726753,,
44,vehicle,CBM_KE,0,OK,0.7529411764705882,0.9243044282106783,0.7613636363636364,0.7559523809523809,0.7584566596194503,0.670605612998523,271.7911946773529,271.8,761,85,4,40,7,19,0.0,1.595082877925835,0.4726733466452347,3.318221990194221
44,vehicle,CBM_KE,1,OK,0.7647058823529411,0.9530478375790875,0.7886247947454843,0.7699675324675326,0.7336898217557888,0.708120314557687,300.3797175884247,300.4,761,85,4,40,6,9,0.0,2.0543341467500014,0.8144598860480703,2.4528402208642532
44,vehicle,CBM_KE,2,OK,0.8588235294117647,0.9657287157287158,0.8603896103896105,0.8603896103896105,0.8603896103896105,0.8116691285081241,280.3071265220642,280.3,761,85,4,40,10,12,0.0,3.067476467332603,0.4559306954576915,2.2639872757593675
44,vehicle,CBM_KE,5,OK,0.7764705882352941,0.9376207126207127,0.761656010230179,0.7786796536796536,0.766099439593541,0.7043931936614239,285.52190804481506,285.5,761,85,4,40,10,7,0.0,3.495539969953888,0.8285670184381249,1.6458363102150635
44,vehicle,CBM_KE,7,OK,0.7976190476190477,0.9472669610372739,0.8046474882859321,0.8006949191159717,0.8024567232033571,0.7299905523297056,272.92865538597107,272.9,762,84,4,40,8,9,0.0,0.43414741475765783,0.22610855518472492,1.5305113169181603
44,vehicle,CBM_KE,8,OK,0.6785714285714286,0.9202361561529548,0.6802059496567506,0.6833874458874458,0.6792496305514506,0.5727563117247086,272.52038502693176,272.5,762,84,4,40,10,7,0.0,3.495539969953888,0.8285670184381249,1.6458363102150635
44,vehicle,CBM,0,OK,0.788235294117647,0.93684613997114,0.7905844155844156,0.7905844155844156,0.7905844155844156,0.7175036927621861,212.42115879058838,212.4,761,85,4,40,10,20,0.0,1.811133777297655,,
44,vehicle,CBM,1,OK,0.8,0.9615860875235875,0.7969251336898395,0.8035714285714286,0.7946730272311667,0.7372737191362466,199.4209578037262,199.4,761,85,4,40,11,15,0.0,0.3832088971671572,,
44,vehicle,CBM,2,OK,0.8588235294117647,0.967030799062049,0.8603896103896105,0.8603896103896105,0.8603896103896105,0.8116691285081241,198.9087255001068,198.9,761,85,4,40,10,10,0.0,0.5894188444823693,,
44,vehicle,CBM,3,OK,0.8117647058823529,0.949382215007215,0.8144051600573339,0.8127705627705628,0.8077913279132791,0.7524730070987279,240.3039894104004,240.3,761,85,4,40,5,12,0.0,1.9781900941341597,,
44,vehicle,CBM,4,OK,0.8352941176470589,0.9589590097402597,0.8458241758241758,0.836038961038961,0.8314463019250253,0.7853949228424059,239.06139302253723,239.1,761,85,4,40,10,20,0.0,1.811133777297655,,
44,vehicle,CBM,5,OK,0.7411764705882353,0.9096996753246753,0.7391304347826086,0.7390692640692641,0.7230479133439659,0.6679937006120191,213.44956946372986,213.5,761,85,4,40,5,12,0.0,1.9781900941341597,,
44,vehicle,CBM,7,OK,0.8452380952380952,0.9538426563196148,0.8571428571428571,0.8477728411938937,0.851253579160556,0.7943186946790749,193.61425924301147,193.6,762,84,4,40,12,4,0.0,1.8494529361150098,,
44,vehicle,CBM,9,OK,0.8809523809523809,0.9744753880698581,0.8875,0.8825216450216451,0.8843638687222993,0.8415978173566407,197.3958249092102,197.4,762,84,4,40,10,18,0.0,0.14250674379414435,,
44,wdbc,CBM_KE,0,OK,0.9824561403508771,1.0,0.9864864864864865,0.9761904761904762,0.9809555629802873,0.962621902223779,157.23686289787292,157.2,512,57,2,40,3,3,0.0,4.053354771741543,0.6490966204250074,3.094199672352516
44,wdbc,CBM_KE,1,OK,0.9824561403508771,1.0,0.9772727272727273,0.9861111111111112,0.981329839502129,0.9633432944855655,175.16636657714844,175.2,512,57,2,40,11,3,0.0,4.719586066001756,0.349677368491426,3.585642249613574
44,wdbc,CBM_KE,2,OK,0.9473684210526315,0.9907407407407408,0.9479729729729729,0.9384920634920635,0.942866688940862,0.8864143349643965,163.32045650482178,163.3,512,57,2,40,6,17,0.0,2.843287812302074,0.8842048976680403,4.249445236697399
44,wdbc,CBM_KE,4,OK,1.0,1.0,1.0,1.0,1.0,1.0,191.88663458824158,191.9,512,57,2,40,12,12,0.0,1.9810784553569543,0.4158803570290569,2.7934602375930506
44,wdbc,CBM_KE,5,OK,0.9298245614035088,0.9722222222222222,0.9199999999999999,0.9444444444444444,0.9271099744245523,0.8640987597877147,168.93897891044617,168.9,512,57,2,40,4,13,0.0,3.3450633361512345,0.5087799406049521,4.4853136637968785
44,wdbc,CBM_KE,6,OK,0.9649122807017544,0.9986772486772486,0.9623015873015872,0.9623015873015872,0.9623015873015872,0.9246031746031746,192.86274409294128,192.9,512,57,2,40,9,4,0.0,4.034835142873239,0.2412292449604542,3.0629497024873578
44,wdbc,CBM_KE,7,OK,0.9473684210526315,0.996103896103896,0.9418158567774936,0.9487012987012987,0.9449275362318841,0.8904905361044291,157.70761799812317,157.7,512,57,2,40,9,4,0.0,4.034835142873239,0.2412292449604542,3.0629497024873578
44,wdbc,CBM_KE,8,OK,0.9649122807017544,0.987012987012987,0.972972972972973,0.9545454545454546,0.9623015873015872,0.9273353546322172,152.43544101715088,152.4,512,57,2,40,9,4,0.0,4.034835142873239,0.2412292449604542,3.0629497024873578
44,wdbc,CBM_KE,9,OK,0.9642857142857143,0.9972789115646259,0.9565217391304348,0.9714285714285714,0.9625668449197862,0.9278305692406299,184.7124171257019,184.7,513,56,2,40,9,4,0.0,4.034835142873239,0.2412292449604542,3.0629497024873578
44,wdbc,CBM,0,OK,0.9824561403508771,1.0,0.9864864864864865,0.9761904761904762,0.9809555629802873,0.962621902223779,138.0938720703125,138.1,512,57,2,40,2,4,0.0,1.6302135737726753,,
44,wdbc,CBM,1,OK,0.9824561403508771,1.0,0.9772727272727273,0.9861111111111112,0.981329839502129,0.9633432944855655,147.8301339149475,147.8,512,57,2,40,12,6,0.0,4.275727117612186,,
44,wdbc,CBM,2,OK,0.9824561403508771,1.0,0.9864864864864865,0.9761904761904762,0.9809555629802873,0.962621902223779,111.80738854408264,111.8,512,57,2,40,3,6,0.0,0.07912117845817557,,
44,wdbc,CBM,3,OK,0.9298245614035088,0.9537037037037037,0.95,0.9047619047619048,0.9210526315789473,0.8535639569308375,146.36781668663025,146.4,512,57,2,40,12,6,0.0,4.275727117612186,,
44,wdbc,CBM,4,OK,0.9824561403508771,1.0,0.9772727272727273,0.9861111111111112,0.981329839502129,0.9633432944855655,142.2482898235321,142.3,512,57,2,40,12,6,0.0,4.275727117612186,,
44,wdbc,CBM,6,OK,0.9649122807017544,0.996031746031746,0.9623015873015872,0.9623015873015872,0.9623015873015872,0.9246031746031746,124.63430571556091,124.6,512,57,2,40,12,6,0.0,4.275727117612186,,
44,wdbc,CBM,7,OK,0.9649122807017544,0.9987012987012986,0.9629870129870131,0.9629870129870131,0.9629870129870131,0.925974025974026,127.67391085624695,127.7,512,57,2,40,4,11,0.0,2.8558780658485836,,
44,wdbc,CBM,8,OK,0.9473684210526315,0.974025974025974,0.9484126984126984,0.9402597402597402,0.9439895185063871,0.8886350389948482,149.95186829566956,150.0,512,57,2,40,12,6,0.0,4.275727117612186,,
44,wdbc,CBM,9,OK,0.9821428571428571,1.0,0.9772727272727273,0.9857142857142858,0.9811257162116616,0.9629500128629354,138.06744861602783,138.1,513,56,2,40,7,8,0.0,2.3254132439024535,,
44,wine-quality,CBM_KE,0,PARTIAL,0.6428571428571429,nan,0.3563731612781566,0.329295167631187,0.3369447173700997,0.4655444893048465,1232.5399060249329,1232.6,4408,490,7,40,3,8,0.0,1.8796980520748328,0.30385876297954895,1.8131012993095141
44,wine-quality,CBM_KE,1,PARTIAL,0.6346938775510204,nan,0.4166215187483922,0.37772001702299857,0.36518122093374206,0.44304220120927384,1251.8497262001038,1251.9,4408,490,7,40,3,8,0.0,1.8796980520748328,0.30385876297954895,1.8131012993095141
44,wine-quality,CBM_KE,2,PARTIAL,0.6428571428571429,nan,0.3659001022380498,0.33433655593899,0.34137647854161246,0.4613481569725777,1200.713739156723,1200.7,4408,490,7,40,3,8,0.0,1.8796980520748328,0.30385876297954895,1.8131012993095141
44,wine-quality,CBM_KE,3,OK,0.6224489795918368,0.7199185666521712,0.34968918934561916,0.35375615763546797,0.3317749209351214,0.4212489196529645,1246.0981209278107,1246.1,4408,490,7,40,3,8,0.0,1.8796980520748328,0.30385876297954895,1.8131012993095141
44,wine-quality,CBM_KE,4,OK,0.6306122448979592,0.8011755117406965,0.32753138278636157,0.3015618002686968,0.3101736449099426,0.43812669107960467,1232.7915878295898,1232.8,4408,490,7,40,3,8,0.0,1.8796980520748328,0.30385876297954895,1.8131012993095141
44,wine-quality,CBM_KE,5,OK,0.6346938775510204,0.6397353435514133,0.3497936172354777,0.29929060665362034,0.3130424387328153,0.4475199344559209,1200.4660806655884,1200.5,4408,490,7,40,3,8,0.0,1.8796980520748328,0.30385876297954895,1.8131012993095141
44,wine-quality,CBM_KE,6,OK,0.6,0.7284645011906064,0.311125298956685,0.32589619284824767,0.3175934241299267,0.40052280621239794,1388.1028258800507,1388.1,4408,490,7,40,3,8,0.0,1.0896755526798811,0.21276320246654662,1.335537418426334
44,wine-quality,CBM_KE,7,OK,0.6020408163265306,0.6728703794113728,0.3645154455224713,0.3453411314712685,0.3527064513574996,0.39255310305682484,1465.392189025879,1465.4,4408,490,7,40,3,8,0.0,1.0896755526798811,0.21276320246654662,1.335537418426334
44,wine-quality,CBM_KE,8,PARTIAL,0.6319018404907976,nan,0.34755116609043296,0.31143035047144635,0.3221310094220083,0.4363063172882271,1281.5205390453339,1281.5,4409,489,7,40,3,8,0.0,1.8796980520748328,0.30385876297954895,1.8131012993095141
44,wine-quality,CBM_KE,9,PARTIAL,0.6094069529652352,nan,0.4115037376096185,0.33279628476546286,0.3483935989528262,0.39271788653295925,1519.5099766254425,1519.5,4409,489,7,40,3,8,0.0,1.0896755526798811,0.21276320246654662,1.335537418426334
44,wine-quality,CBM,0,PARTIAL,0.2510204081632653,nan,0.07347670250896057,0.09360730593607307,0.0823293172690763,-0.009059763195249428,910.4098064899445,910.4,4408,490,7,40,7,18,0.0,2.8019950979885353,,
44,wine-quality,CBM,1,PARTIAL,0.42244897959183675,nan,0.13321640994357176,0.17770167427701675,0.15127797943133695,0.04330791974642737,851.8846333026886,851.9,4408,490,7,40,8,10,0.0,3.983145835329674,,
44,wine-quality,CBM,2,PARTIAL,0.4142857142857143,nan,0.12886694497966175,0.17181295715778475,0.145518236394537,0.019421584993928938,809.3260188102722,809.3,4408,490,7,40,8,10,0.0,3.983145835329674,,
44,wine-quality,CBM,3,OK,0.44285714285714284,0.48336644594710015,0.1209218381230043,0.1593819973130318,0.1360286833534358,0.07467739671406959,862.4840357303619,862.5,4408,490,7,40,8,10,0.0,3.983145835329674,,
44,wine-quality,CBM,4,OK,0.2816326530612245,0.41835550200848576,0.06442577030812326,0.08961038961038961,0.07495926127104835,-0.0005029253117709016,860.9713146686554,861.0,4408,490,7,40,7,18,0.0,2.8019950979885353,,
44,wine-quality,CBM,5,OK,0.29591836734693877,0.4426825642980175,0.06092436974789916,0.09415584415584415,0.0739795918367347,-0.03149755378498036,896.0665531158447,896.1,4408,490,7,40,7,18,0.0,2.8019950979885353,,
44,wine-quality,CBM,6,OK,0.27346938775510204,0.41297354147601284,0.06296992481203008,0.08701298701298701,0.07306434023991275,-0.011758629067635747,919.022479057312,919.0,4408,490,7,40,7,18,0.0,2.8019950979885353,,
44,wine-quality,CBM,7,OK,0.3020408163265306,0.5509704333993428,0.06825044416423634,0.23766233766233766,0.08145553860228884,0.024668965540296718,948.820859670639,948.8,4408,490,7,40,7,18,0.0,2.8019950979885353,,
44,wine-quality,CBM,8,PARTIAL,0.4376278118609407,nan,0.12142661537458434,0.16068315246397438,0.13808029217192655,0.07670684252467572,837.7605257034302,837.8,4409,489,7,40,8,10,0.0,3.983145835329674,,
44,wine-quality,CBM,9,PARTIAL,0.10224948875255624,nan,0.1475121974214533,0.10682262942536916,0.0846022194859404,0.03824121182834903,873.3964829444885,873.4,4409,489,7,40,10,14,0.0,4.475318243505513,,
